# Blender 4.1.1
# www.blender.org
mtllib Tree2_leaves.mtl
o Tree2.
v -0.427804 14.666095 4.525675
v -0.333570 14.634378 5.030696
v -0.545480 14.027022 4.812461
v -0.739512 14.029288 4.562874
v -0.684887 14.062307 5.024906
v -0.829151 14.710534 4.413280
v -0.702716 14.708614 5.268007
v -1.131639 14.651735 5.067949
v -0.684887 14.062307 5.024906
v -0.905226 14.043352 4.819338
v -0.333570 14.634378 5.030696
v -1.112661 14.676313 4.695043
v -0.829151 14.710534 4.413280
v -0.739512 14.029288 4.562874
v -0.905226 14.043352 4.819338
v -0.739512 14.029288 4.562874
v -0.545480 14.027022 4.812461
v -0.905226 14.043352 4.819338
v -0.684887 14.062307 5.024906
v -6.003011 10.575907 -0.988600
v -5.971481 10.626211 -0.516403
v -5.903402 10.554848 -0.185250
v 6.692684 21.199436 -2.964662
v 6.490546 21.472260 -2.508810
v 7.517666 20.260014 -2.057734
v 6.154352 21.980690 -2.866285
v 7.487388 20.459164 -2.568145
v 7.804525 20.063684 -2.443325
v 8.252153 19.982658 -2.987212
v 7.517141 21.023996 -3.742309
v 8.379638 20.331970 -3.590670
v 7.039990 21.418818 -3.687775
v 7.321415 21.326784 -4.372755
v 8.232455 20.570215 -4.251330
v 6.714201 22.074247 -3.937427
v 5.945024 22.615671 -3.158947
v 5.948428 22.855659 -3.756350
v 6.606716 22.426432 -4.525545
v 5.649699 23.302727 -3.448574
v 8.510477 19.497171 -3.072869
v 8.638176 20.006124 -4.176345
v 8.697186 19.652308 -3.681897
v 8.104172 19.096415 -2.292939
v 5.642986 23.065851 -4.218690
v 5.934110 22.972122 -5.050503
v 6.573103 22.457790 -5.153144
v 7.155152 21.436977 -5.046541
v 7.979611 20.642330 -4.925580
v 7.761066 19.815960 -1.803398
v 8.466830 20.084393 -4.717445
v 8.116947 19.296646 -1.627754
v 8.356049 18.665464 -2.637287
v 5.348703 23.521492 -3.797801
v 8.760243 18.984686 -3.623414
v 5.986948 22.733965 -5.752300
v 7.374230 20.644617 -1.984279
v 8.770863 19.145107 -4.297625
v 8.727877 18.804726 -5.478615
v 7.837656 20.060490 -6.193305
v 8.451347 19.554840 -5.464806
v 7.353035 20.852146 -5.726120
v 7.242975 20.513546 -6.750661
v 7.645028 20.109407 -6.751061
v 6.859058 21.418221 -5.756883
v 8.022882 19.365381 -6.350992
v 8.384963 19.573313 -0.872690
v 8.792148 18.202051 -5.207470
v 6.347430 22.836857 -1.823850
v 6.562844 22.654949 -1.513114
v 6.453856 23.269497 -0.991420
v 6.641862 23.004128 -0.863187
v 6.513093 23.428507 0.007108
v 6.922824 22.954247 0.264904
v 6.536206 23.344809 0.946644
v 6.325849 23.836353 0.909907
v 7.962573 22.029472 0.814439
v 7.783657 22.224964 1.689438
v 8.562023 21.307484 1.840051
v 8.607406 20.957415 0.865924
v 8.194421 21.341990 -0.051728
v 7.648046 22.235643 0.097792
v 7.609415 21.912504 -0.787973
v 8.825451 20.655573 1.642454
v 8.383045 21.466873 2.357218
v 8.462435 20.518454 -0.129116
v 8.043670 20.999874 -0.777954
v 7.256446 21.892223 -1.372493
v 8.769670 20.583067 2.396259
v 8.846828 19.783695 0.700351
v 7.679081 21.212429 -1.271817
v 8.650430 19.706909 -0.096166
v 9.220712 19.348785 0.660400
v 8.923318 19.199215 -0.878802
v 6.230996 24.602695 -0.911537
v 6.232613 24.669456 0.039897
v 6.029096 25.160194 0.048478
v 5.968281 25.261189 -0.873499
v 5.946650 25.005655 -1.586396
v 5.334136 25.869873 -1.585863
v 5.523676 25.889267 -0.484710
v 6.167948 24.224243 -1.653845
v 5.913190 24.136990 -2.458454
v 5.542038 25.057182 -2.398756
v 5.702172 25.378582 0.773142
v 4.865614 26.386284 -0.885551
v 5.948403 24.846565 1.006051
v 5.081337 26.178215 0.347815
v 8.917982 20.041775 1.849035
v 9.058313 19.260592 1.516942
v 9.269486 18.937483 1.528618
v 7.540728 19.398821 -7.339471
v 5.788776 24.131439 2.389170
v 5.816129 24.484735 1.733799
v 6.358959 23.368858 2.094530
v 5.483406 24.818703 3.785539
v 5.093628 25.142847 2.515091
v 6.337230 23.221470 3.754710
v 4.856630 25.562271 3.377385
v 5.796511 24.061760 5.030103
v 5.131884 25.229858 4.200758
v 6.011769 23.481983 5.513261
v 6.920158 22.569256 3.354457
v 6.587554 22.451708 4.239490
v 5.590387 24.167366 5.834470
v 5.059660 24.977184 5.114744
v 4.799026 25.596512 3.963330
v 5.714154 23.557985 6.614426
v 4.748055 25.504868 2.648690
v 5.115583 24.569843 6.373392
v 6.654496 21.822563 4.962512
v 8.394785 21.099615 2.884714
v 6.853011 21.056326 4.645912
v 6.832647 21.290634 5.844174
v 6.240498 22.423542 5.944927
v 6.938298 20.760723 5.772670
v 6.914698 21.032206 4.241899
v 7.358836 22.478096 2.322754
v 9.050012 18.860571 2.208058
v 8.906556 19.435909 2.250561
v 4.449924 26.747032 0.007425
v 7.511954 22.088303 2.989443
v 6.610094 22.749575 3.800503
v 6.948701 21.974823 3.787736
v 10.170417 17.760273 1.842642
v 4.352943 26.715952 0.663809
v 6.000989 22.372398 6.542315
v 6.775992 21.014910 6.260014
v 10.116848 18.623978 0.371077
v 10.356232 17.675976 1.515050
v 10.483171 18.014851 0.039049
v 10.150956 18.367981 -0.636356
v 10.493130 17.680475 -0.834364
v 10.593284 17.435394 0.711097
v 10.872935 16.620979 1.601886
v 10.940310 16.555515 0.854013
v 11.638269 15.696395 1.581944
v 11.790253 15.429868 0.527434
v 11.937537 15.169636 1.305945
v 12.092409 14.607437 0.228110
v 10.898771 16.381769 -0.099978
v 10.805945 16.381315 -0.957074
v 11.872181 15.319264 -0.251428
v 9.808667 18.852591 -0.059636
v 12.118695 14.880052 -1.084931
v 11.836793 15.505347 -1.053777
v 11.975779 15.167386 -1.728354
v 11.635568 15.651153 -1.726083
v 10.181996 17.686655 -1.709435
v 9.638250 18.371120 -1.747127
v 9.375561 18.807697 -1.286313
v 11.074363 16.088543 2.155685
v 4.275091 25.879217 2.813207
v 4.227180 25.996655 3.834207
v 4.602073 26.325571 -1.829072
v 5.322302 23.729996 7.131522
v 10.561805 16.368128 -1.616798
v 11.615702 15.018078 -2.448010
v 4.267641 25.140701 6.484159
v 10.515020 16.625380 2.122347
v 11.544698 15.099478 2.421506
v 4.326248 25.455273 5.119186
v 3.372927 26.879688 2.017346
v 4.013128 26.733992 -1.480291
v 11.137503 15.132400 3.041891
v 11.324065 15.457447 -2.349316
v 11.459788 15.394580 -3.124214
v 11.068702 15.693688 -2.912443
v 10.767333 15.773286 -2.337602
v 10.749326 15.700861 -3.491865
v 10.956599 15.423405 -3.781813
v 3.338870 27.207340 -0.710368
v 3.408045 27.256813 0.025131
v 2.601972 27.718586 -0.769264
v 1.886661 28.100351 -0.166501
v 2.428480 27.761635 0.439875
v 3.172627 27.270573 0.800224
v 1.764384 28.139709 -0.833471
v 10.275657 15.918202 -2.694527
v 9.880746 16.436838 -2.541165
v 11.019373 15.041759 -3.979122
v 11.557514 14.983575 -3.331202
v 5.979892 21.830406 6.972393
v 9.590552 17.713219 -2.386189
v 8.462963 18.395344 -2.855888
v 5.492019 22.547686 7.188392
v 8.440357 20.540026 3.063871
v 4.422515 24.593609 7.193089
v 11.429269 14.170572 3.176182
v 9.084454 16.566135 -3.248261
v 9.725775 15.737556 -3.479949
v 8.671383 18.386734 -5.678706
v 8.424842 16.346502 -4.125347
v 8.942912 15.527113 -4.533686
v 9.589508 15.113065 -4.299911
v 8.131218 16.577145 -4.271265
v 3.470061 26.174265 3.118655
v 8.671299 18.233458 -4.193479
v 8.661751 17.780506 -4.601269
v 8.509378 17.707458 -3.300724
v 7.933393 18.769680 -6.535786
v 7.736841 18.101078 -7.165854
v 7.881244 17.748425 -6.323977
v 3.638642 25.405329 6.372691
v 2.037768 27.452736 1.597098
v 2.338389 27.232521 2.208129
v 2.562550 26.832050 2.850902
v 3.590238 25.686577 5.171151
v 1.732096 27.923922 0.735017
v 3.663082 25.043453 7.123750
v 1.732632 27.084026 2.969458
v 3.459725 26.171074 3.990748
v 0.866987 28.345287 -0.851245
v 7.388844 18.494980 -7.602543
v 7.625074 17.191555 -6.879035
v 7.834177 16.145237 -4.684557
v 7.873695 15.919982 -4.746244
v 2.779916 25.844625 5.229703
v 8.357634 17.131302 -3.896823
v 8.607353 15.052094 -4.992236
v 8.596762 17.516792 -5.168227
v 2.336338 26.225208 4.534183
v 1.603930 26.197424 5.647044
v 2.306654 25.639513 6.377853
v 1.618748 26.309160 4.900846
v 0.934269 27.491417 2.383222
v 0.594157 27.387447 3.081149
v -0.086548 27.998066 2.436635
v 0.591796 27.816063 1.132998
v -0.135098 28.076239 1.662622
v 0.930387 27.596518 1.687869
v 0.041792 27.995777 0.388706
v -0.681779 28.158325 1.835497
v -0.057331 27.604206 3.101601
v -0.947617 28.162491 0.814571
v 1.031025 28.191479 0.020327
v 10.472885 15.425436 -3.981609
v -0.850768 28.016148 -0.161771
v 1.769824 26.260180 3.857867
v 0.957226 26.953815 3.520467
v 0.926353 26.286438 5.454936
v 0.808682 26.222580 4.349730
v -0.010416 27.062916 3.692415
v 8.475098 17.626009 -5.665339
v 9.422446 14.343525 -4.628960
v 7.386614 15.771280 -5.091248
v 7.665715 16.953541 -5.975137
v 0.284568 28.341671 -0.841365
v 10.133959 14.881321 -4.420183
v 7.483595 17.702248 -7.350981
v 7.180643 15.240258 -5.224848
v 7.295555 16.552446 -6.652065
v 7.160600 15.949127 -5.809070
v 6.981304 15.965075 -6.834268
v 6.897282 16.609768 -7.465150
v 7.141626 16.879173 -7.154670
v 6.768738 15.158666 -5.397147
v 6.559304 15.890945 -7.351444
v 7.928455 16.462248 -5.118551
v -9.262337 10.213875 0.479983
v -8.707863 10.210976 1.323646
v -9.423115 10.362825 1.351102
v -10.052988 10.443451 0.567426
v -10.139636 10.431787 -0.058690
v -9.215188 10.185598 -0.963645
v -10.122974 10.422113 -0.956480
v -9.601480 10.297469 -1.653767
v -7.658341 10.177828 0.277672
v -8.092670 10.125774 1.347253
v -8.112185 10.178176 2.301046
v -7.311352 10.065271 2.217685
v -8.163591 10.208265 -1.593212
v -7.243259 10.267648 -0.743750
v -7.649583 10.232668 -1.805791
v -6.533606 10.194815 1.197649
v -6.564953 10.304949 0.166192
v -6.666187 10.138336 2.522903
v -7.022672 10.197118 3.071531
v -8.071732 10.339310 2.970377
v -7.191232 10.344536 -2.227905
v -6.003011 10.575907 -0.988600
v -5.903402 10.554848 -0.185250
v -6.403962 10.527538 -1.770837
v -6.753339 10.512902 -2.586497
v -5.812780 10.496325 -2.669430
v -5.800025 10.535698 -1.785101
v -5.885947 10.644356 -3.312729
v -5.757639 10.451502 0.801025
v -7.206169 10.772435 -3.306954
v -5.646348 10.707140 -1.177547
v -7.487116 10.235510 -2.475660
v -6.042044 10.381462 3.179973
v -5.760661 10.535891 0.289481
v -6.567601 10.486938 3.748926
v -5.287140 10.881268 -3.309683
v -5.126856 10.816774 -2.610925
v -9.270084 10.467161 1.693779
v -8.875915 10.451141 2.294029
v -7.231678 10.504597 3.723578
v -5.857474 10.681152 3.723563
v -8.296789 10.733215 3.627144
v -7.987213 9.875199 -2.507070
v -8.405590 9.785213 -2.179884
v -8.422507 9.691694 -2.543263
v -8.861262 9.690310 -2.803920
v -8.517559 9.942509 -3.352471
v -9.195819 9.937051 -3.393486
v -9.458652 9.890314 -2.724738
v -7.900782 10.311775 -3.442407
v -10.236562 10.410017 -2.051567
v -10.391392 10.696783 -1.460555
v -10.218051 10.310611 -2.702549
v -9.790866 10.284873 -3.412974
v -10.421786 10.901173 1.438431
v -7.198163 11.048807 -3.708046
v -5.876609 11.004517 -3.813759
v -5.330643 11.151112 -3.715379
v -7.872204 10.855566 -4.064717
v -10.620171 10.761848 -0.024220
v -10.861894 10.985110 0.621319
v -11.374146 11.137012 0.046658
v -10.953925 11.010803 -0.872178
v -11.297786 11.215858 0.651989
v -10.951088 11.315305 1.298008
v -9.596649 10.925309 2.202322
v -9.855565 10.961934 1.776889
v -10.203589 11.218931 2.072104
v -9.467571 11.126096 3.111268
v -8.912262 10.871119 2.896119
v -8.737259 11.099993 3.564207
v -10.408335 11.338892 1.711326
v -10.326598 11.609804 2.855550
v -10.592409 10.668818 -2.476232
v -10.769690 11.877146 2.335283
v -11.797903 11.720913 0.578086
v -11.807466 12.145523 1.210801
v -11.048296 12.178427 1.802392
v -11.550296 12.215112 1.515956
v -0.950594 23.492203 6.855955
v -1.623334 22.504362 7.088503
v -0.587790 22.723101 7.382245
v -0.089906 23.508095 7.204247
v -1.777067 23.091179 6.683211
v 0.289313 24.127045 6.935112
v -0.586827 24.338400 6.475355
v 0.172216 25.387831 6.310435
v 1.179945 25.332909 6.686834
v 1.102036 24.311470 7.233268
v 1.687654 25.181328 6.890191
v 2.343261 24.563980 7.487165
v -0.319093 25.265558 6.088862
v 0.921389 25.948071 6.145831
v -1.372226 23.882936 6.227275
v 0.095868 22.731430 7.861567
v -1.822472 23.425159 6.269612
v 1.019587 23.485945 8.083685
v 1.302019 23.921356 7.888752
v 2.026399 23.672188 8.279545
v 2.487309 24.197887 8.047340
v 0.213129 26.021395 5.633264
v -0.284885 25.703993 5.605234
v 0.226634 21.851601 8.171695
v -0.191436 21.287445 8.097479
v 1.022402 20.479668 9.184638
v 0.317634 20.212807 8.929703
v 0.858517 22.034670 8.322029
v 1.456222 22.852854 8.308555
v 1.846247 21.369276 8.843417
v 1.709234 22.331902 8.372116
v -0.865085 20.536743 7.814266
v -0.929609 21.257690 7.494724
v 0.585605 19.423676 9.149012
v 1.733258 20.465389 9.249571
v 2.535761 23.593113 8.352787
v -0.949571 25.082367 5.584053
v -1.414602 21.781929 7.301769
v 2.754643 25.153599 7.059952
v 1.565680 19.168528 9.460139
v -0.673002 19.739426 8.140984
v 0.111884 19.461792 8.841786
v 1.809915 19.729721 9.402574
v -1.453241 21.189423 7.516958
v 2.630488 21.525068 8.727009
v 2.580643 22.541243 8.310157
v 3.663082 25.043453 7.123750
v 3.074733 24.360630 7.636836
v -1.176414 21.109360 7.617293
v 1.752349 25.921104 6.153322
v -1.899486 23.839926 5.532095
v 2.630294 20.388145 9.139635
v 3.381238 22.833538 8.057178
v 2.306654 25.639513 6.377853
v -1.498348 20.469959 7.987966
v 3.424146 24.128498 7.690987
v -1.717337 19.930958 8.289876
v 4.422515 24.593609 7.193089
v 2.657383 18.794920 9.414412
v 3.564543 21.192230 8.640379
v 3.062052 23.715275 8.155342
v -0.529283 19.024611 8.249516
v -1.039852 18.393263 8.504901
v 0.984318 18.697735 9.168502
v 4.550465 23.870010 7.483280
v 3.840941 23.389107 7.759550
v -2.248385 19.044283 8.652184
v -1.935751 17.719862 8.736400
v -2.935790 18.631794 8.818212
v -3.388919 17.689686 8.974510
v -4.069343 18.452984 8.912130
v -4.249751 16.987246 9.230878
v -5.187979 18.807823 8.833486
v -4.788141 17.135517 9.186641
v -5.989125 17.998537 8.831533
v -5.825052 19.482758 8.689429
v -6.686433 18.558077 8.582204
v -6.127891 20.290924 8.456405
v -7.007843 19.421265 8.267990
v -7.430291 20.166733 7.797379
v -6.702820 21.149742 7.810381
v -5.984733 22.179783 7.770795
v -5.029795 21.259312 8.517305
v -5.037566 22.595116 7.800974
v -4.172344 21.783243 8.329247
v -4.063725 20.920269 8.902650
v -4.845673 20.808256 8.821361
v -4.069146 20.237873 9.170195
v -4.619926 20.044018 9.114943
v -4.139556 22.744144 7.755617
v -5.792445 22.682945 7.513779
v -3.168993 22.568031 7.780796
v -3.435840 21.660889 8.285010
v -3.322229 20.217522 9.056512
v -3.392784 21.018562 8.726739
v -5.135163 23.402544 7.088760
v -2.564021 22.002668 7.851748
v 4.468118 21.996025 8.041152
v 4.607616 22.837383 7.680224
v -5.985871 22.901510 7.245818
v -3.994873 19.587730 9.174866
v -3.386645 19.600365 9.101961
v -2.723584 20.448917 8.736960
v -2.658111 21.331976 8.126825
v 3.286814 18.892412 9.205782
v -3.732589 23.227825 7.198545
v -6.059324 17.208937 8.773740
v -1.772326 22.792889 6.964316
v 4.921321 21.050110 8.066259
v -7.595829 19.306414 7.905058
v 5.161626 21.730923 7.773742
v -7.506133 18.542349 8.070503
v 5.322302 23.729996 7.131522
v -7.910231 20.886131 7.013449
v 4.433124 20.025101 8.401406
v 4.205013 19.026159 8.704926
v 1.868170 18.480206 9.334980
v -7.194569 21.709007 7.017024
v -1.255913 17.469435 8.506863
v -4.370720 23.820732 6.434827
v -7.997309 21.874796 6.177749
v -8.217999 20.090286 7.136702
v -6.810143 22.594057 6.477349
v -7.851128 22.683050 5.498164
v -6.994295 17.728247 8.338129
v -3.360667 16.100658 8.858630
v -6.048012 16.574125 8.633495
v -5.000264 16.569370 8.976058
v -4.125486 16.208366 9.040766
v -0.538432 17.604013 8.223273
v -0.036697 18.370892 8.422501
v 0.053384 17.357861 8.585032
v 1.011555 17.873369 8.838752
v 0.982224 16.892380 8.756840
v 1.970242 17.427601 8.941115
v 1.884464 16.591686 8.751807
v 2.553648 16.437134 8.615719
v 0.034824 16.850403 8.443879
v 5.492019 22.547686 7.188392
v -1.534804 16.777359 8.387252
v 0.942448 16.257143 8.491202
v 3.464961 17.520416 8.733910
v -7.623292 17.832087 7.879098
v -8.384499 19.389713 7.119321
v -5.692351 23.539814 6.522309
v -6.605235 23.034744 6.067810
v -7.278945 23.287590 5.185907
v -8.382524 18.597364 7.186552
v -8.445669 21.067087 6.264894
v -6.104910 23.536858 5.639925
v -7.341429 17.017740 7.881786
v 0.060096 16.060410 8.078793
v -4.007829 15.475729 8.661974
v 1.603930 26.197424 5.647044
v -8.394761 22.018917 5.503633
v -2.982405 23.958271 5.577769
v 0.926353 26.286438 5.454936
v -3.174731 15.473827 8.506130
v -0.633792 16.455639 7.752855
v -5.925279 15.597510 8.117208
v -8.749228 20.092505 6.382761
v 1.811548 15.518409 8.094815
v -8.475911 17.602436 6.895249
v -4.863457 15.170521 8.167251
v 0.104964 15.674345 7.849470
v -6.647874 15.802238 7.793485
v -5.029158 15.957930 8.556107
v 0.988833 15.286848 7.830542
v -1.608470 15.630503 7.837873
v -9.267121 18.407438 5.950556
v -4.949554 23.984926 5.785208
v -8.691406 17.142809 6.415781
v -7.396340 15.792295 7.050154
v -1.720050 24.309540 5.183280
v -2.640419 24.133102 4.794833
v -2.437533 24.733997 4.416848
v -3.631236 24.379244 4.153006
v -1.568691 26.021961 4.387257
v -3.997336 25.256512 3.606273
v -3.407835 26.054642 3.509960
v -2.679345 26.236916 3.751607
v -1.070607 25.222357 4.949946
v -0.359705 25.802055 4.794105
v -1.620768 26.814171 3.794981
v -0.736362 26.916534 3.818979
v 0.156327 26.071434 4.637436
v -0.010416 27.062916 3.692415
v -2.572777 27.079756 3.038526
v -0.057331 27.604206 3.101601
v -0.628918 27.765396 2.925608
v -1.646646 27.578907 2.942034
v 0.957226 26.953815 3.520467
v 0.808682 26.222580 4.349730
v -0.086548 27.998066 2.436635
v -4.292609 24.109549 5.498375
v -8.267006 16.279562 6.312134
v -9.234728 17.571825 5.612632
v -8.597466 16.470722 5.832759
v -5.330163 11.146116 0.161969
v -4.714487 11.311430 -0.216225
v -5.334747 11.516735 -0.358872
v 3.498232 14.561913 -6.026650
v 4.457555 14.565780 -6.149903
v 3.825450 14.148264 -5.467304
v 4.332911 14.832557 -6.620087
v 2.856755 14.722022 -6.336653
v 3.038816 14.208652 -5.181623
v 1.911721 14.715525 -5.945928
v 4.840362 13.994506 -5.570816
v 4.986425 14.994297 -6.512619
v 5.161404 14.319379 -5.680764
v 4.141496 13.861873 -5.365383
v 3.371251 13.684794 -4.963731
v 6.111676 14.760829 -5.582382
v 6.128211 14.925412 -5.824729
v 5.853766 14.301388 -5.566963
v 6.768738 15.158666 -5.397147
v 2.955581 13.908878 -4.730215
v 2.259162 14.107827 -4.266960
v 7.180643 15.240258 -5.224848
v 2.530920 13.614347 -4.241505
v 2.222975 13.884150 -3.650986
v 10.894507 11.830693 -2.436357
v 11.160378 11.459021 -1.688369
v 10.080630 11.272173 -2.576143
v 10.612117 11.125994 -1.807629
v 10.908187 10.900570 -0.925768
v 10.212850 10.532947 -0.815421
v 9.045835 10.790174 -2.380292
v 9.378741 11.212591 -3.659103
v 10.104962 11.530364 -3.265073
v 8.623062 10.427759 -1.564098
v 8.555558 10.725529 -2.569766
v 8.598413 10.994268 -3.351269
v 8.677757 10.244775 -0.876303
v 10.311709 11.327002 -2.611548
v 10.605764 11.768353 -3.427456
v 8.489394 11.291563 -4.212315
v 9.337470 10.137590 0.032384
v 8.503670 9.947493 -0.234057
v 9.958274 10.291569 0.230455
v 7.802097 11.191076 -4.099361
v 7.683262 11.274938 -4.544582
v 9.416232 11.617636 -4.181133
v 10.384948 10.562004 -0.085075
v 10.369276 10.492952 0.551437
v 10.959249 11.840773 -2.734055
v 6.672565 11.238891 -4.485014
v 10.038067 11.873979 -3.730645
v 6.675624 11.507228 -4.979581
v 5.899765 11.384413 -5.011164
v 4.205249 10.948454 -4.427722
v 5.998359 11.116135 -3.983241
v 4.516074 10.886965 -3.863040
v 5.962492 10.905331 -3.647477
v 6.894419 11.199093 -3.663904
v 7.023502 10.593061 -2.556744
v 7.463847 11.121887 -3.296869
v 7.717500 10.733146 -2.494161
v 7.587586 10.455347 -1.770195
v 6.749151 10.087334 -1.566889
v 7.300572 10.084009 -0.953920
v 7.839746 10.173300 -0.495234
v 5.099696 11.393719 -5.103356
v 6.483089 10.326527 -2.548973
v 4.141592 10.460297 -3.290757
v 3.296679 10.692778 -4.138872
v 3.381576 10.345873 -3.295306
v 3.686687 10.286670 -2.918386
v 4.020291 11.146420 -4.723625
v 7.831845 9.929946 -0.031020
v 5.807583 10.462843 -3.183878
v 7.651919 11.673328 -5.032903
v 4.753327 10.557009 -3.450262
v 8.492403 11.764769 -4.629880
v 8.622535 9.646165 0.108884
v 5.691804 9.686399 -2.546807
v 5.954931 9.379333 -1.812351
v 5.579828 9.047560 -1.710070
v 5.045594 9.324360 -2.390335
v 5.026196 8.916739 -1.717364
v 5.070498 8.530178 -0.810240
v 5.693569 8.689938 -0.870090
v 4.993601 9.851484 -2.921440
v 6.174820 9.370373 -1.392348
v 6.832011 9.232731 -0.562014
v 6.813158 8.856049 0.069795
v 7.475828 9.283379 0.324353
v 7.164427 8.836845 0.919427
v 7.841364 9.339830 0.487321
v 7.741343 8.917166 1.045954
v 4.509751 9.204541 -1.986142
v 10.720785 12.494701 -3.949949
v 10.149034 12.532151 -4.210919
v 4.295191 9.604706 -2.489342
v 8.429981 9.209032 0.457049
v 9.368263 9.252486 0.552083
v 9.370688 8.897577 0.940495
v 8.535069 8.767045 1.014215
v 9.201681 8.599700 1.611140
v 9.749740 8.851429 1.672718
v 10.280601 9.310360 1.510797
v 10.288968 9.711677 0.887902
v 5.089157 11.818551 -5.402013
v 9.896288 12.323956 -4.063675
v 4.392004 8.732235 -0.718523
v 11.172346 11.098500 -0.515293
v 10.347247 9.317764 2.313211
v 4.075070 11.656678 -5.110089
v 2.963720 10.578044 -3.425841
v 3.229830 11.393357 -4.658096
v 9.291860 13.177373 -4.432710
v 10.069444 13.473292 -4.558187
v 9.327315 12.266650 -4.427304
v 6.677436 12.463346 -5.450192
v 5.247912 12.468947 -5.601279
v 7.584413 12.392018 -5.241510
v 8.400096 12.300842 -4.794906
v 2.762674 11.048634 -4.064020
v 4.429557 12.524978 -5.458881
v 3.886117 12.473598 -5.275978
v 9.422446 14.343525 -4.628960
v 8.879023 14.240696 -4.925437
v 8.877029 13.226780 -4.603599
v 7.931495 13.376263 -5.108837
v 8.321480 14.348732 -5.149221
v 7.549352 14.204199 -5.306710
v 6.195709 13.379081 -5.583081
v 10.097157 14.159703 -4.603320
v 8.607353 15.052094 -4.992236
v 3.219963 12.575399 -4.945786
v 2.746446 12.436637 -4.585395
v 2.480749 11.587201 -4.143168
v 10.133959 14.881321 -4.420183
v 8.682223 8.666091 2.083235
v 8.771633 8.917862 2.665010
v 7.918783 9.086159 2.337634
v 7.681466 8.760701 1.575001
v 9.392396 8.665609 2.404084
v 9.369052 8.818932 2.891527
v 8.634511 9.648873 3.957281
v 9.400461 9.452859 3.777227
v 6.689680 8.853801 1.775472
v 6.821529 8.708885 1.413972
v 6.523734 9.150978 2.043905
v 8.580244 8.595968 1.571296
v 8.105799 9.516029 2.883113
v 4.199879 8.648355 0.609530
v 3.497707 8.777317 0.572247
v 4.501269 8.520437 0.007939
v 5.151340 8.355339 0.020689
v 10.005289 9.202505 3.087267
v 7.053313 9.595963 2.522887
v 5.882887 8.507032 -0.003545
v 10.176821 9.660185 3.490671
v 3.703784 9.086298 0.076586
v 3.786880 9.301555 -0.425050
v 4.077196 9.198395 -1.132779
v 7.985280 13.774325 4.843860
v 7.276965 13.061382 5.198232
v 8.632153 12.968738 4.879758
v 9.687319 13.670493 4.555255
v 9.483108 14.253542 4.430145
v 6.354565 12.663785 5.422058
v 6.423416 11.710649 5.561983
v 8.299369 14.400174 4.560406
v 10.202285 14.053742 4.264876
v 10.258005 13.435199 4.422053
v 9.811056 12.531168 4.585994
v 6.954199 14.304627 5.258712
v 6.626295 13.540001 5.443360
v 6.166153 14.174206 5.426929
v 6.035142 13.160928 5.551033
v 8.759912 12.234660 4.805010
v 10.283745 12.465181 4.376932
v 7.264402 11.654575 5.282208
v 6.623946 10.616598 5.638877
v 6.102211 11.056873 5.675129
v 7.271938 10.842055 5.344522
v 5.586715 11.874109 5.484730
v 5.342803 12.025135 5.535046
v 7.210065 10.039896 5.287585
v 5.008749 12.770347 5.535338
v 8.897367 11.236748 4.541176
v 8.182996 10.267069 4.692832
v 7.623852 15.329617 4.580712
v 5.065645 13.486728 5.458119
v 6.806456 9.832359 5.342271
v 6.816793 15.107390 4.948252
v 10.972546 13.230693 3.918918
v 11.059280 14.344704 3.632934
v 9.607149 11.083017 4.194912
v 8.819231 10.157696 4.289614
v 10.191417 10.015559 3.690686
v 10.270803 11.313135 3.837837
v 9.400461 9.452859 3.777227
v 8.530408 9.747424 4.280059
v 11.032480 12.386486 3.696207
v 10.383542 14.857109 3.756962
v 9.590188 14.708425 4.133545
v 10.176821 9.660185 3.490671
v 6.324597 10.071320 5.413943
v 8.610758 15.239857 3.903256
v 6.925752 15.839364 4.493833
v 5.230661 14.336663 5.256734
v 6.035994 15.155153 4.955436
v 11.137503 15.132400 3.041891
v 7.692997 15.740482 4.246514
v 5.433530 16.122677 4.392404
v 6.109804 16.581474 4.076270
v 5.156073 16.323492 4.467588
v 5.526112 16.852190 4.358334
v 6.164969 17.179905 4.053203
v 4.711991 15.769283 4.485261
v 7.143771 17.552494 3.417922
v 7.125793 16.786161 3.572712
v 7.484451 17.235331 3.259364
v 8.601836 16.553806 2.834801
v 8.545769 17.348145 2.768399
v 9.309350 17.955900 2.321593
v 10.053817 16.675205 2.338763
v 9.050012 18.860571 2.208058
v 8.299912 18.719534 2.894949
v 7.393055 18.549999 3.400304
v 10.170417 17.760273 1.842642
v 10.515020 16.625380 2.122347
v 11.074363 16.088543 2.155685
v 8.846209 18.839096 2.435446
v 10.331959 15.887296 2.830946
v 8.653624 15.884390 3.247747
v 7.797917 16.544270 3.378231
v 10.057364 15.174856 3.630315
v 5.063659 15.464121 4.651049
v 8.906556 19.435909 2.250561
v 7.943254 20.146076 3.565659
v 8.536514 19.368114 2.841529
v 8.440357 20.540026 3.063871
v 7.851521 21.133532 3.487209
v 6.914698 21.032206 4.241899
v 6.948701 21.974823 3.787736
v 8.394785 21.099615 2.884714
v 7.511954 22.088303 2.989443
v 6.920158 22.569256 3.354457
v 11.429269 14.170572 3.176182
v 4.113349 15.143444 4.430034
v 8.634511 9.648873 3.957281
v 6.039929 19.062717 6.259067
v 5.458311 18.456202 7.334827
v 5.592320 17.937494 6.485085
v 6.431795 19.197992 5.156159
v 5.127843 17.525789 7.178339
v 6.749384 20.340359 6.107800
v 4.986372 16.833336 6.515493
v 5.092248 16.563856 5.613379
v 5.884302 17.537783 4.425207
v 6.356486 18.516685 4.341280
v 6.777803 19.598343 4.266668
v 6.837945 20.267048 4.847892
v 6.938298 20.760723 5.772670
v 4.213444 15.592265 6.131743
v 4.281273 16.302385 7.165879
v 6.010795 19.953665 7.103774
v 5.704307 19.326004 7.084249
v 5.153513 18.444656 7.852468
v 6.890011 20.232588 4.320005
v 6.135001 20.398224 7.153058
v 6.775992 21.014910 6.260014
v 4.192589 16.983595 7.898899
v 3.224862 15.255505 7.145501
v 3.523113 15.086561 6.350670
v 3.503695 14.905159 5.772074
v 4.020007 15.190595 4.561959
v 3.393488 16.199640 8.006849
v 5.165464 19.698158 7.822787
v 3.936275 17.890810 8.582438
v 6.853011 21.056326 4.645912
v 2.564249 15.416828 7.854799
v 3.464961 17.520416 8.733910
v 2.599177 14.717024 6.726546
v 4.205013 19.026159 8.704926
v 2.553648 16.437134 8.615719
v 3.286814 18.892412 9.205782
v 5.822711 21.272141 7.340139
v 4.921321 21.050110 8.066259
v 4.433124 20.025101 8.401406
v 5.979892 21.830406 6.972393
v 5.161626 21.730923 7.773742
v 5.492019 22.547686 7.188392
v 1.811548 15.518409 8.094815
v -3.333719 13.622046 -1.066496
v -3.743844 13.423519 -0.414115
v -3.314969 13.815685 -0.178544
v -4.049570 12.979486 -1.871043
v -4.626468 12.612751 -1.185653
v -4.023538 12.986535 -2.659503
v -2.837614 14.025412 -2.559095
v -4.447113 12.547544 -1.966327
v -4.312727 12.614835 -2.603873
v -3.369090 13.685840 -3.288929
v -2.656480 14.369537 -3.180519
v -2.913640 14.140552 -1.587281
v -2.620883 14.383957 -2.195573
v -4.118912 13.113050 -3.287689
v -4.424776 12.774783 -3.239598
v -4.803989 12.247406 -1.317080
v -2.544443 14.178696 -2.557672
v -2.919403 14.781003 -4.249253
v -3.591737 14.036036 -3.965663
v -2.543729 14.647325 -3.588580
v -3.641271 14.692689 -4.781271
v -2.694594 15.075628 -1.101829
v -2.348185 14.840715 -2.077787
v -2.205730 15.144872 -1.756635
v -2.694626 15.312013 -0.351428
v -2.992507 15.117151 -0.357330
v -4.586841 11.517301 -2.673031
v -4.711908 11.522707 -1.967022
v -4.892748 11.127930 -2.004269
v -5.126856 10.816774 -2.610925
v -4.664019 11.508939 -3.283568
v -5.287140 10.881268 -3.309683
v -4.898220 11.553974 -1.344052
v -5.185722 11.090879 -1.284783
v -4.909572 11.440776 -0.936759
v -5.646348 10.707140 -1.177547
v -3.103083 14.378751 -0.408609
v -5.330643 11.151112 -3.715379
v -3.564713 15.114011 0.155551
v -4.930069 11.868922 -1.270745
v -3.160513 14.834405 -0.301546
v -3.813189 14.902040 0.276512
v -4.903985 12.956696 -0.573116
v -5.520916 12.383395 -0.806671
v -3.873073 14.307847 0.251641
v -4.172614 14.870882 0.894583
v -6.029521 12.543797 -0.441626
v -4.857214 13.660728 0.121838
v -4.065130 13.989266 0.247368
v -1.800512 14.765183 -2.331590
v -5.662551 21.447720 -3.892191
v -6.496614 20.120691 -4.302206
v -6.387684 20.738104 -3.484295
v -6.148373 21.286114 -3.088551
v -5.975395 20.594326 -4.837017
v -5.466291 21.353716 -4.804053
v -5.007308 21.892916 -4.605336
v -5.046745 21.676220 -5.222766
v -5.710373 20.832712 -5.612473
v -5.512318 20.893372 -6.270845
v -6.474274 21.573872 -2.313234
v -4.738697 21.610924 -5.835152
v -4.796234 21.228344 -6.544112
v -5.470432 20.801447 -6.675531
v -4.844966 21.045692 -7.521237
v -5.520473 20.417633 -7.383936
v -4.867351 20.791702 -7.845782
v -4.597701 21.997999 -4.947202
v -5.295499 19.766148 -8.157433
v -4.673097 20.161488 -8.508462
v -4.912935 19.118422 -8.938725
v -5.260736 19.007973 -8.765532
v -6.016109 21.992134 -3.247661
v -6.308116 22.389641 -2.488979
v -5.810560 22.461086 -3.426176
v -6.016173 23.221945 -2.502124
v -6.391342 22.810497 -1.773620
v -5.904816 24.244129 -1.693001
v -5.600431 24.402042 -2.448918
v -5.312319 25.265163 -1.786911
v -5.090319 25.275440 -2.499721
v -6.651037 21.955528 -1.326943
v -4.976175 24.821049 -3.155645
v -5.951845 24.329124 -0.848735
v -5.365776 23.414024 -3.322445
v -6.578979 22.296301 -0.925349
v -4.373458 25.713024 -3.133177
v -4.076024 26.286476 -2.634604
v -6.336904 22.925102 -0.303948
v -5.190003 25.426313 -1.138673
v -4.455810 26.130276 -1.803436
v -5.898695 24.250603 -0.263318
v -5.736080 24.507504 -0.036417
v -5.074380 25.467514 -0.567992
v -5.525782 25.069370 0.080743
v -5.004495 25.968346 0.142966
v -5.285868 25.648014 0.716540
v -5.746129 24.585238 0.617789
v -5.440918 25.216705 1.370008
v -5.887285 23.604141 0.505504
v -4.191246 26.172832 -0.812466
v -4.653706 26.345673 0.720299
v -3.989278 26.755165 0.083554
v -4.767648 26.166653 1.347419
v -5.715608 24.032755 1.534744
v -3.140963 27.049614 -0.607213
v -3.148299 26.700687 -1.162332
v -7.555020 21.679386 -0.822890
v -6.916154 22.765499 0.107025
v -7.885472 22.300697 0.723609
v -7.944931 21.549076 -0.455078
v -8.462961 21.893394 1.353591
v -8.499180 21.161295 0.198764
v -8.851672 20.747742 0.838246
v -8.974017 21.432755 2.258090
v -8.402469 22.798573 3.390442
v -8.942520 21.921732 3.452608
v -8.088375 22.951855 2.776401
v -7.460337 22.937065 1.246721
v -9.328945 20.603815 2.480327
v -9.061832 20.389055 1.309358
v -9.322357 20.942894 3.321133
v -9.592039 20.020809 3.449809
v -8.485909 22.627493 4.326361
v -9.228271 21.197502 4.189495
v -6.696762 23.580982 1.805603
v -7.583922 23.474976 3.366992
v -9.404190 19.466919 2.215519
v -9.600354 19.454473 3.156161
v -7.895782 23.283558 4.056065
v -7.009038 21.680466 -1.392643
v -6.975543 21.556316 -1.826668
v -8.110102 21.384100 -0.898286
v -9.697020 19.478069 4.246104
v -8.837059 21.788872 4.802894
v -2.402355 27.744621 0.156782
v -3.075022 27.435240 0.759842
v -1.934295 27.386917 -1.090847
v -2.364218 26.905197 -1.454235
v -1.208834 27.818420 -1.722124
v -2.052975 26.710678 -2.349658
v -1.142817 27.497169 -2.442075
v -1.570763 27.738604 -0.716309
v -0.791836 28.125149 -1.450921
v -0.567925 27.987778 -2.206862
v -7.348480 21.064533 -2.543834
v -3.593432 26.607502 -1.957360
v -6.765390 23.857416 3.351511
v -2.838982 27.537903 1.551162
v -5.574361 24.146023 2.091769
v -7.050241 20.098499 -3.988443
v -7.101823 19.445997 -4.853977
v -7.938301 19.563267 -4.155317
v -8.035612 18.933992 -4.662835
v -8.458274 19.081747 -4.193390
v -8.712433 18.253117 -4.563272
v -9.381594 17.516136 -4.042237
v -9.065620 17.471077 -4.549016
v -8.492050 17.855640 -4.988787
v -6.678532 20.132301 -5.112877
v -7.168254 19.390387 -5.185390
v -7.313752 18.730164 -5.273301
v -8.762827 16.873652 -5.031502
v -9.245751 16.533808 -4.419066
v -9.573715 16.456955 -3.858422
v -1.796748 28.081699 0.722851
v -3.212471 26.657303 -2.625351
v -3.397979 26.351044 -3.218058
v -4.202902 21.798986 -5.868920
v -9.190683 21.050026 4.667788
v -7.951477 21.184727 -1.956337
v -6.798405 23.859486 3.983034
v -7.629725 23.368332 4.575453
v -5.220807 25.148563 2.197759
v -3.805743 26.661957 2.281495
v -9.434274 20.129251 1.027296
v -4.178028 20.849665 -8.130439
v -7.346526 17.898426 -5.684064
v -9.604193 19.484985 4.755139
v -5.004326 18.484386 -9.155676
v -7.314187 17.374626 -5.924362
v -8.238555 16.880569 -5.440085
v -7.244105 19.842659 -6.142134
v -6.594855 20.539982 -6.061673
v -7.224263 19.885509 -6.727178
v -6.660874 20.441177 -6.721807
v -6.884108 19.822819 -7.427405
v -7.281282 19.339735 -7.363362
v -7.572717 19.233646 -6.767324
v -7.467485 18.594835 -7.520706
v -6.857788 18.748018 -8.312823
v -7.161725 18.160854 -8.365717
v -6.656228 18.391178 -8.744249
v -7.301268 17.414034 -8.413723
v -7.723156 17.918968 -7.137945
v -6.268523 20.422190 -7.088967
v -7.610938 17.118263 -7.781066
v -6.420821 19.390778 -8.138824
v -6.136680 20.084780 -7.652361
v -6.159351 20.761978 -6.102699
v -7.561996 19.038700 -6.149055
v -7.029449 17.473417 -8.707733
v -7.682349 18.386423 -6.734698
v -7.529337 17.953896 -6.303179
v -7.774792 16.895195 -7.090318
v -7.666107 16.374794 -7.645081
v -5.953200 19.137392 -8.565166
v -9.742510 19.425743 1.491350
v -1.776263 28.028715 1.504903
v -7.597398 16.660984 -6.558232
v -4.350317 25.945076 2.687899
v -0.850768 28.016148 -0.161771
v -0.448264 28.242062 -1.015681
v -2.442102 27.614489 2.189489
v -8.394761 22.018917 5.503633
v -4.205141 20.077259 -8.786400
v -7.851128 22.683050 5.498164
v -5.201952 24.313869 2.814752
v -4.190383 21.375118 -6.646041
v -4.135843 21.257719 -7.457860
v -8.965028 20.825911 5.537670
v -9.927675 18.528360 2.201172
v -9.490719 18.752090 2.953441
v -9.127803 20.688148 0.511285
v -4.735245 25.242046 2.973378
v -5.423865 18.394463 -9.010413
v -9.654736 18.689657 4.176282
v -9.478539 20.851536 -0.561284
v -10.254096 19.974062 0.132857
v -10.107447 20.343594 -0.896263
v -9.405926 20.960274 -0.911653
v -10.106989 20.218315 -1.549116
v -9.137054 21.026737 -1.657168
v -9.218019 20.826385 -2.125529
v -9.979744 20.135342 -1.993585
v -9.350624 20.657171 -2.571610
v -10.053320 19.882309 -2.689502
v -9.644219 20.025982 -3.254113
v -9.086932 20.503819 -3.219387
v -10.425397 19.866240 -0.186517
v -10.566934 19.665848 -0.918764
v -11.093483 19.217106 -0.112778
v -9.260145 19.968536 -3.595975
v -10.907200 19.265055 0.424628
v -8.523567 20.939703 -2.705408
v -11.346472 18.561398 0.507083
v -11.571988 18.306570 -0.051220
v -8.470795 20.688450 -3.244280
v -11.649259 17.608917 0.536855
v -8.476361 20.133448 -3.768287
v 0.380873 28.330326 -1.568161
v -4.801202 24.387772 3.329030
v -3.306710 26.727978 2.909424
v -6.949941 20.817482 -3.158632
v -7.249846 20.506397 -3.570767
v -6.735747 23.732624 4.608431
v -6.289044 18.228930 -8.969873
v -1.540408 27.962261 2.130216
v -7.292473 16.561295 -6.093632
v -7.278945 23.287590 5.185907
v -9.596398 18.666454 5.079112
v -9.441609 19.012070 5.494695
v -8.445669 21.067087 6.264894
v -10.882432 18.626131 1.153015
v -7.689475 16.105904 -7.120312
v -10.453965 19.238550 1.032433
v -9.706094 18.003355 3.033769
v -9.447384 18.164001 3.494387
v -10.724438 17.693769 1.680112
v -7.253733 15.981584 -8.145843
v -9.115275 19.449055 -3.891543
v -9.763032 19.050547 -3.648087
v -9.880562 18.198742 -3.750413
v 0.284568 28.341671 -0.841365
v -2.572777 27.079756 3.038526
v -5.040784 24.200727 4.207114
v -5.663536 23.932961 4.948859
v -4.949554 23.984926 5.785208
v -6.104910 23.536858 5.639925
v -5.692351 23.539814 6.522309
v -8.749228 20.092505 6.382761
v -0.947617 28.162491 0.814571
v -4.215360 24.424448 3.806036
v -0.681779 28.158325 1.835497
v -4.292609 24.109549 5.498375
v -1.646646 27.578907 2.942034
v -3.407835 26.054642 3.509960
v -9.267121 18.407438 5.950556
v -9.450873 17.899712 5.019320
v 0.041792 27.995777 0.388706
v -6.753267 16.479158 -8.745035
v 1.031025 28.191479 0.020327
v -3.997336 25.256512 3.606273
v -3.631236 24.379244 4.153006
v -0.628918 27.765396 2.925608
v -0.086548 27.998066 2.436635
v -9.234728 17.571825 5.612632
v -9.133305 17.355434 4.130611
v -8.774784 16.623123 4.484997
v -8.597466 16.470722 5.832759
v -8.691406 17.142809 6.415781
v -8.041479 15.094386 4.637273
v -8.716134 14.695810 4.287772
v -8.121740 14.344378 4.545182
v -8.762434 15.713557 4.234590
v -9.280865 15.485840 3.819153
v -9.046253 16.283442 4.006249
v -9.262170 14.604296 4.045105
v -8.896748 14.077649 4.335782
v -8.227282 13.544799 4.570375
v -9.543367 15.008048 3.718213
v -7.292830 14.059071 4.735479
v -6.902072 14.664058 4.913989
v -7.432136 12.463768 4.677409
v -6.520837 13.258866 4.775747
v -8.794049 12.767599 4.639021
v -9.850696 13.525757 4.417900
v -9.551658 12.944885 4.458532
v -10.048733 13.546871 4.332856
v -5.722086 14.320492 4.904172
v -6.689475 11.759535 4.591686
v -7.385011 11.639730 4.536293
v -7.887227 12.303518 4.560842
v -5.957473 12.993909 4.705647
v -4.927597 13.002159 4.671371
v -4.389607 13.573861 4.732386
v -7.906005 11.259965 4.253538
v -4.987617 14.417926 4.985045
v -4.032051 14.360325 4.864444
v -5.638374 12.500179 4.526608
v -8.598639 11.471696 3.979686
v -4.886221 12.456193 4.454144
v -9.641665 12.599119 4.281484
v -6.622951 11.013966 4.263494
v -7.304439 11.026400 4.236456
v -8.425404 11.938738 4.266068
v -9.212543 11.596993 3.785396
v -9.662666 12.204195 3.798486
v -3.273582 13.584677 4.393188
v -3.139962 14.437989 4.696576
v -4.161743 13.046680 4.477138
v -6.050697 11.216467 4.214497
v -6.017260 14.653529 5.093423
v -6.660217 14.849338 5.109067
v -7.302711 15.168157 5.013602
v -7.952681 15.660477 4.874132
v -9.810758 11.728708 3.464129
v -10.582205 12.425545 3.213000
v -10.493539 12.852981 3.690879
v -8.395097 16.134712 4.710348
v -4.971402 12.276625 4.303965
v -8.296789 10.733215 3.627144
v -8.737259 11.099993 3.564207
v -5.251516 12.024882 4.062788
v -7.231678 10.504597 3.723578
v -6.567601 10.486938 3.748926
v -5.857474 10.681152 3.723563
v -10.326598 11.609804 2.855550
v -9.467571 11.126096 3.111268
v -8.774784 16.623123 4.484997
v -5.488700 11.114519 3.781729
v -10.643587 13.525302 3.553553
v -9.909051 15.919240 2.952896
v -9.681194 16.551365 3.155575
v -10.323114 16.074753 2.875956
v -10.323635 15.047326 2.763018
v -11.361453 14.296485 2.570173
v -10.877604 14.000642 2.611819
v -11.128808 13.236208 2.327257
v -11.511808 13.284491 2.278892
v -11.697577 13.735963 2.300919
v -10.286005 16.696926 2.838483
v -9.529533 17.406780 3.362555
v -11.398988 15.530008 2.340521
v -10.887042 16.260946 2.446426
v -11.195322 12.751907 2.071782
v -11.995420 13.370847 1.947621
v -11.743470 12.780872 1.938505
v -11.808486 14.753168 2.111692
v -11.728848 16.015038 1.925967
v -10.723051 17.051651 2.223176
v -9.706094 18.003355 3.033769
v -12.242791 13.797342 1.580784
v -10.063682 14.273138 3.791039
v -11.769814 16.802330 1.334064
v -12.177952 15.784377 1.312684
v -10.724438 17.693769 1.680112
v -11.255290 17.675024 1.140612
v -10.170895 18.561659 1.841930
v -10.882432 18.626131 1.153015
v -10.453965 19.238550 1.032433
v -9.742510 19.425743 1.491350
v -9.927675 18.528360 2.201172
v -11.346472 18.561398 0.507083
v -11.649259 17.608917 0.536855
v -9.447384 18.164001 3.494387
v -9.133305 17.355434 4.130611
v -10.986254 12.594915 2.713798
v -12.178953 14.657587 1.359745
v -11.550296 12.215112 1.515956
v -11.048296 12.178427 1.802392
v -12.228789 13.042196 1.348596
v -12.316363 16.158970 0.658359
v -11.807466 12.145523 1.210801
v -10.769690 11.877146 2.335283
v -5.000751 14.092620 -5.946504
v -4.515683 13.849379 -6.002882
v -4.519277 14.236280 -5.439193
v -5.413805 14.661201 -5.571096
v -4.755963 14.518278 -5.149393
v -4.844588 13.852073 -6.337732
v -4.475820 14.536871 -5.013684
v -6.026649 14.174251 -6.353158
v -5.847151 14.379633 -5.939116
v -5.358908 13.784171 -6.831975
v -5.503205 14.610549 -5.219167
v -5.934984 14.015409 -6.878275
v -6.466555 15.059427 -5.838713
v -6.846931 15.020615 -6.380595
v -6.846457 15.392825 -6.001075
v -6.590109 14.530356 -6.914316
v -7.340484 15.740479 -6.502369
v -7.373825 15.440771 -6.982127
v -7.165701 15.994639 -6.076794
v -6.344903 14.388361 -7.586082
v -7.689475 16.105904 -7.120312
v -7.341146 15.464869 -7.592613
v -5.728534 14.000299 -7.548804
v -4.007775 13.799562 -6.293653
v -4.638477 13.818089 -6.991122
v -3.727828 13.329873 -6.992072
v -2.954397 13.378222 -6.219625
v -2.951104 13.146893 -6.937038
v -2.468354 13.196835 -6.280383
v -3.457290 13.190216 -7.526497
v -4.857306 13.985180 -7.686482
v -4.171494 13.839855 -8.469913
v -4.744999 14.105923 -8.396379
v -5.372920 14.575089 -8.428575
v -5.930688 14.576949 -8.319731
v -4.933777 14.687029 -9.228116
v -4.386173 14.338106 -9.126760
v -3.262016 13.434267 -8.103533
v -2.770564 13.273900 -7.569551
v -6.450690 15.031107 -8.341748
v -5.705096 15.254816 -8.852424
v -6.794091 14.497688 -4.990183
v -2.474340 13.461452 -6.007645
v -7.253733 15.981584 -8.145843
v -3.379366 14.341008 -9.094876
v -7.666107 16.374794 -7.645081
v -5.462333 15.521075 -9.281496
v -6.254900 15.410067 -8.714114
v -3.132178 14.169767 -9.022326
v -4.584584 15.136654 -9.655686
v -6.753267 16.479158 -8.745035
v -3.442647 14.970886 -9.474537
v -2.511384 14.900289 -9.545318
v -2.430653 14.380662 -9.207263
v -7.597398 16.660984 -6.558232
v -7.292473 16.561295 -6.093632
v -5.581643 11.247785 0.256991
v -6.605639 11.454998 0.581682
v -5.629242 11.215137 0.808041
v -5.967788 11.474272 -0.316785
v -6.899305 11.771021 0.107276
v -5.824466 11.405494 1.784835
v -7.006100 11.713017 1.256749
v -6.441761 11.699430 1.951444
v -5.463828 11.162212 1.766595
v -5.425596 11.438862 2.450921
v -5.623982 11.780913 2.446456
v -5.193624 11.422636 2.801374
v -6.149265 11.860872 2.380771
v -5.334747 11.516735 -0.358872
v 3.786880 9.301555 -0.425050
v 3.815039 9.568361 -0.545230
v 4.077196 9.198395 -1.132779
v -4.627260 11.168468 -0.884699
v -4.909572 11.440776 -0.936759
v -4.436213 11.194508 -0.676775
v -5.129920 12.171532 -3.998836
v -4.424776 12.774783 -3.239598
v -5.140469 11.654663 -3.957560
v -4.778904 13.066467 -3.671197
v -4.664019 11.508939 -3.283568
v -5.748637 13.347969 -4.320310
v -5.894712 12.359929 -4.378302
v -6.640859 14.102370 -4.662677
v -5.749743 11.538753 -4.175618
v -6.715393 12.608490 -4.590656
v -5.551324 13.811842 -4.398473
v -7.516314 13.382090 -4.708003
v -7.596101 14.446451 -4.777597
v -8.298634 12.690097 -4.697340
v -9.014737 13.869509 -4.735892
v -8.306861 14.257565 -4.708419
v -9.160049 13.084300 -4.701931
v -8.204601 12.009326 -4.501379
v -6.617761 11.571141 -4.259186
v -4.345832 13.965604 -4.276323
v -8.111923 14.729241 -4.736309
v -7.473801 11.478733 -4.203074
v -8.398620 11.136452 -4.330022
v -7.872204 10.855566 -4.064717
v -8.445501 10.483120 -3.970157
v -8.943050 12.032462 -4.367325
v -9.462652 11.064770 -4.079710
v -8.983377 10.594191 -3.998261
v -8.773624 15.246696 -4.505798
v -5.876609 11.004517 -3.813759
v -9.782866 11.563078 -4.034836
v -5.330643 11.151112 -3.715379
v -9.673732 14.100170 -4.501291
v -9.622840 12.205499 -4.110795
v -9.623379 13.221558 -4.506759
v -4.118912 13.113050 -3.287689
v -7.198163 11.048807 -3.708046
v -9.195819 9.937051 -3.393486
v -6.794091 14.497688 -4.990183
v -4.475820 14.536871 -5.013684
v -9.790866 10.284873 -3.412974
v -3.591737 14.036036 -3.965663
v -10.268067 11.207785 -3.646048
v -8.517559 9.942509 -3.352471
v -3.641271 14.692689 -4.781271
v -6.846457 15.392825 -6.001075
v -7.900782 10.311775 -3.442407
v -7.566437 15.209223 -5.464519
v -7.616355 15.799062 -5.790027
v -7.165701 15.994639 -6.076794
v -7.292473 16.561295 -6.093632
v -8.490685 15.626156 -5.022247
v -8.559164 16.175976 -5.183275
v -1.476692 13.949422 1.480672
v -2.610964 14.181491 1.477830
v -2.853106 13.940447 1.415325
v -1.351525 14.722767 1.644281
v -2.901803 14.920896 1.736357
v -1.252730 14.909609 1.735611
v -3.063934 14.355236 1.624198
v -3.229722 14.881956 1.914903
v -3.497378 14.357111 1.890844
v -3.834371 14.819372 1.898894
v -3.901189 14.330745 1.825875
v -3.711588 14.078225 1.545859
v -1.128814 13.466717 1.346381
v -1.185253 14.217958 1.699652
v -3.319583 14.102704 1.171718
v -3.268052 13.937388 1.148823
v -3.713942 14.044922 0.970526
v -3.774491 13.901872 0.981519
v -4.197675 14.815986 1.611906
v -2.189053 14.986279 1.704760
v -5.405392 12.222326 2.515169
v -5.167541 12.163278 2.815650
v -5.623982 11.780913 2.446456
v -5.193624 11.422636 2.801374
v -4.561241 11.903020 2.823429
v -4.796491 11.406912 2.937443
v -4.543415 12.585092 2.747719
v -4.014076 12.386014 3.004289
v -4.084258 12.895696 2.776449
v -4.283382 11.866135 3.035805
v -5.084003 11.240156 2.966830
v -5.788856 12.078916 2.526445
v -6.149265 11.860872 2.380771
v -5.348199 11.048255 2.625572
v -5.425596 11.438862 2.450921
v -3.749592 12.861226 3.490804
v 3.786843 9.816910 0.601901
v 4.412004 9.849936 0.657921
v 5.244248 9.853311 0.911806
v 5.257401 10.159763 0.361071
v 5.692819 9.639462 1.540319
v 4.073067 9.953323 -0.239921
v 4.497190 10.421112 -0.620356
v 3.174144 9.786101 0.051072
v 3.969579 9.790041 0.102252
v 3.923319 9.913788 -0.476891
v 4.074537 10.180851 -0.843346
v 5.792753 10.239998 0.859126
v 3.832510 10.364286 -1.413419
v 6.043318 10.358912 1.336814
v 6.100662 10.072783 2.007576
v 4.741806 10.502625 -0.361998
v 3.850242 9.670019 -1.139497
v 5.801597 10.566307 0.877506
v 3.815039 9.568361 -0.545230
v 3.507107 10.415838 -2.054944
v 4.245449 10.809863 -0.944740
v 3.882080 10.852402 -1.381488
v 4.927718 10.564947 4.618885
v 4.188367 11.374365 4.738308
v 4.493551 10.614285 3.930971
v 4.809330 10.383599 4.001978
v 4.678538 11.025169 4.899583
v 3.942407 11.617889 4.787669
v 4.850175 11.414558 5.293902
v 3.886393 11.015203 4.264009
v 3.226592 11.444781 4.348726
v 3.278445 11.090153 3.970205
v 2.811485 11.272788 3.793867
v 4.111922 10.601970 3.795090
v 5.056801 10.674248 4.701956
v 5.180069 11.257709 5.225606
v 3.071881 11.699591 4.344389
v 2.501034 11.616695 3.708590
v 2.922920 11.041573 3.184660
v 2.464189 11.314142 3.027187
v 4.513159 12.089027 5.341869
v 5.369856 10.282854 4.931195
v 5.631939 10.486591 5.356990
v 6.126574 9.658394 4.886927
v 6.324597 10.071320 5.413943
v 6.806456 9.832359 5.342271
v 6.885782 9.306257 4.653359
v 5.599524 10.039780 4.665210
v 5.643860 10.996909 5.514089
v 4.263000 12.588585 5.295771
v 6.102211 11.056873 5.675129
v 3.503925 12.611336 4.605736
v 2.434444 12.388053 3.795519
v 5.342803 12.025135 5.535046
v 2.845713 12.552515 4.176067
v 5.586715 11.874109 5.484730
v 5.008749 12.770347 5.535338
v 5.065645 13.486728 5.458119
v 2.606658 13.274990 3.772095
v 3.904049 13.335408 4.779294
v 4.316288 14.703288 4.646070
v 3.754529 14.578984 4.250253
v 4.113349 15.143444 4.430034
v 3.375158 14.764221 4.150315
v 3.049105 14.384238 3.666395
v 3.453573 13.177303 4.313822
v 5.230661 14.336663 5.256734
v 5.063659 15.464121 4.651049
v 2.847285 14.531548 3.684679
v 2.371541 13.477014 3.284007
v 2.763492 14.297674 3.310502
v 2.169531 12.637573 3.141124
v 2.179028 11.961302 3.068944
v 2.619915 14.465071 2.744542
v 2.620955 14.141665 2.766973
v 2.080384 12.114115 2.396644
v 2.248113 13.277554 2.598197
v -5.971481 10.626211 -0.516403
v -5.178944 10.384266 -0.775595
v -5.760661 10.535891 0.289481
v -6.003011 10.575907 -0.988600
v -5.358752 10.719788 0.373113
v -5.478598 10.864527 0.555816
v -2.047671 13.649948 -2.304581
v -2.185087 13.754576 -2.689732
v -2.087813 13.772598 -3.517778
v -2.251392 13.950674 -2.342057
v -2.358507 14.412152 -3.241156
v -2.544443 14.178696 -2.557672
v -2.425689 14.284928 -2.286157
v -2.620883 14.383957 -2.195573
v 5.692819 9.639462 1.540319
v 6.075102 9.502466 1.952682
v 6.523734 9.150978 2.043905
v 6.657375 9.837022 2.393522
v 6.100662 10.072783 2.007576
v 7.053313 9.595963 2.522887
v -4.796491 11.406912 2.937443
v -4.283382 11.866135 3.035805
v -5.063456 11.561823 3.221344
v -5.084003 11.240156 2.966830
v -4.240808 12.258477 3.300487
v -4.996390 11.987972 3.334015
v -4.403750 12.457519 3.554691
v -3.749592 12.861226 3.490804
v -4.014076 12.386014 3.004289
v -1.444850 13.459694 -2.766346
v -2.047671 13.649948 -2.304581
v -1.551016 13.936882 -3.086380
v -1.893240 13.962530 -2.521180
v -1.208336 14.306860 -3.549875
v -1.472289 14.396071 -3.327106
v -2.251392 13.950674 -2.342057
v -2.075793 14.358240 -2.276441
v -1.334373 14.519509 -3.862119
v -1.535558 14.369779 -3.544984
v -1.452863 14.702963 -3.092811
v -2.425689 14.284928 -2.286157
v -0.230561 14.985362 -0.049913
v -0.179687 13.931711 0.026305
v -0.238153 14.188431 0.131103
v 0.150843 14.841908 -0.557437
v -0.207149 14.963319 0.237624
v 0.043619 14.044153 -0.094797
v -10.563549 12.883938 -3.253524
v -10.992402 12.488644 -2.651568
v -11.222470 13.328708 -3.181873
v -11.686393 13.155308 -2.481728
v -11.419177 12.381169 -1.909224
v -11.103599 11.783104 -1.962371
v -11.879331 12.160699 -0.721310
v -11.600120 11.604758 -0.631555
v -10.957854 11.327265 -1.660987
v -11.848056 12.864082 -1.353145
v -11.860136 13.182399 -1.976192
v -11.950946 11.951010 -0.013383
v -11.864517 13.902367 -2.576746
v -11.502978 14.301377 -3.230814
v -10.953925 11.010803 -0.872178
v -10.391392 10.696783 -1.460555
v -11.374146 11.137012 0.046658
v -12.212994 13.111401 -0.003825
v -12.022575 13.453073 -1.041482
v -12.210111 12.690569 0.779142
v -10.931815 11.347404 -2.617126
v -10.592409 10.668818 -2.476232
v -10.453262 10.872309 -3.244091
v -10.711659 11.644347 -3.233449
v -10.218051 10.310611 -2.702549
v -10.268067 11.207785 -3.646048
v -12.051417 14.600607 -1.764498
v -12.361776 13.594196 0.822455
v -11.797903 11.720913 0.578086
v -9.790866 10.284873 -3.412974
v -11.952106 15.695760 -1.903827
v -11.820086 15.735341 -2.592752
v -12.155893 13.989758 0.040307
v -12.040459 14.002716 -1.103382
v -12.324577 14.696996 -0.978636
v -12.228025 15.141418 -1.503954
v -12.397296 14.640949 0.091716
v -12.376654 15.735204 -0.849795
v -12.450192 15.425346 -0.204838
v -12.252939 14.290957 0.853985
v -12.228789 13.042196 1.348596
v -12.162011 15.754737 -1.534845
v -12.401933 15.093247 0.709863
v -11.843467 16.619541 -1.857857
v -11.486609 16.043718 -3.102003
v -11.833242 16.791876 -1.337855
v -12.234099 16.204725 -0.954836
v -11.579874 16.728447 -2.523909
v -10.270998 11.865467 -3.736927
v -12.316363 16.158970 0.658359
v -12.242791 13.797342 1.580784
v -12.178953 14.657587 1.359745
v -12.177357 16.676105 0.046824
v -11.807466 12.145523 1.210801
v -11.109502 15.471921 -3.517303
v -11.586379 17.321495 -1.691425
v -12.177952 15.784377 1.312684
v -10.123639 12.644727 -3.704549
v -10.063843 13.149473 -4.186656
v -10.597352 13.685383 -3.517716
v -9.622840 12.205499 -4.110795
v -10.102481 14.044441 -4.179033
v -10.208259 15.013737 -3.736805
v -9.673732 14.100170 -4.501291
v -9.782866 11.563078 -4.034836
v -9.623379 13.221558 -4.506759
v -9.931616 15.584861 -3.785954
v -11.161766 17.476187 -2.527073
v -11.059747 16.689184 -3.241704
v -11.671969 17.416664 -0.555845
v -11.754163 17.550249 0.019263
v -11.571988 18.306570 -0.051220
v -11.401007 18.493853 -0.666632
v -11.275794 17.831650 -1.182458
v -10.764208 18.865631 -1.525470
v -10.880413 18.291885 -1.716932
v -10.565857 18.903513 -2.549491
v -10.713281 18.072577 -2.426354
v -10.304543 18.318291 -3.362479
v -10.453101 17.661793 -3.082779
v -9.960033 17.035408 -3.629642
v -10.037860 19.414141 -3.270699
v -9.880562 18.198742 -3.750413
v -10.053320 19.882309 -2.689502
v -11.000475 19.216755 -0.746167
v -9.763032 19.050547 -3.648087
v -10.106989 20.218315 -1.549116
v -10.566934 19.665848 -0.918764
v -9.644219 20.025982 -3.254113
v -9.979744 20.135342 -1.993585
v -11.093483 19.217106 -0.112778
v -9.381594 17.516136 -4.042237
v -9.573715 16.456955 -3.858422
v -9.260145 19.968536 -3.595975
v -10.978775 14.939470 -3.574179
v -11.649259 17.608917 0.536855
v -10.107447 20.343594 -0.896263
v -9.217374 15.685557 -4.210839
v -9.245751 16.533808 -4.419066
v -8.559164 16.175976 -5.183275
v -8.762827 16.873652 -5.031502
v -8.773624 15.246696 -4.505798
v -8.490685 15.626156 -5.022247
v -8.238555 16.880569 -5.440085
v -7.292473 16.561295 -6.093632
v -7.616355 15.799062 -5.790027
v -10.564361 16.048391 -3.678064
v 3.967360 19.511467 -9.159321
v 3.657356 19.908550 -8.602649
v 4.368093 19.876247 -9.016030
v 4.400159 20.320587 -8.385163
v 4.366416 19.185133 -9.439793
v 3.966473 20.307417 -8.376621
v 3.263660 20.847031 -8.001371
v 2.679841 20.349464 -8.282986
v 4.758322 19.400913 -9.282857
v 5.038206 20.501930 -8.043955
v 4.345435 21.316540 -7.375135
v 5.348965 20.799868 -7.667381
v 5.116073 21.435482 -7.057272
v 5.085333 20.174356 -8.324635
v 5.082251 19.743641 -8.890413
v 3.141014 21.766684 -7.384878
v 6.741844 20.507809 -7.303561
v 6.724009 20.020515 -7.716370
v 2.183774 21.522209 -7.986670
v 2.633174 22.523464 -6.984724
v 1.610422 22.279436 -7.397545
v 2.685096 22.954187 -6.551892
v 1.647807 21.503994 -8.079347
v 7.267749 20.081884 -7.347674
v 5.732576 20.034853 -8.016073
v 0.968641 21.451891 -8.071554
v 1.641174 20.755993 -8.440763
v 6.328685 21.218132 -6.504736
v 1.301506 22.571844 -6.980890
v 5.659818 19.631779 -8.266955
v 0.804400 20.681128 -8.450624
v 3.605208 23.085211 -6.655728
v 3.611268 22.704939 -7.076414
v 4.319449 22.639902 -7.007057
v 4.243061 22.979307 -6.636970
v 4.185329 22.139130 -7.269209
v 3.547294 22.240208 -7.298211
v 5.207604 21.972237 -6.769949
v 5.833792 22.244335 -6.396490
v 5.042588 22.568272 -6.395186
v 5.505605 22.875639 -5.866583
v 4.778187 22.938843 -5.914989
v 6.120574 22.214600 -6.194524
v 5.986948 22.733965 -5.752300
v 6.076495 19.026922 -8.143867
v 7.053731 19.150055 -7.819503
v 5.615766 18.785736 -8.903946
v 0.329159 21.110752 -8.108683
v 5.379799 18.281450 -9.234537
v 4.972745 18.277979 -9.436544
v 4.280967 18.411678 -9.556928
v 0.489381 21.848690 -7.504806
v 0.767687 19.943027 -8.593674
v 7.242975 20.513546 -6.750661
v 2.286093 19.793453 -8.374301
v 3.462852 19.468426 -8.764561
v 0.105086 20.129808 -8.441807
v 6.465037 22.252413 -5.741669
v 6.611135 21.004128 -6.500221
v 6.859058 21.418221 -5.756883
v 7.540728 19.398821 -7.339471
v 7.353035 20.852146 -5.726120
v 7.645028 20.109407 -6.751061
v 1.599960 22.967098 -6.270484
v 2.618670 23.318815 -5.863748
v 3.844543 23.264828 -6.066557
v 4.218767 23.244457 -5.513781
v 3.303167 23.543068 -5.411317
v 4.642878 23.791763 -4.357080
v 5.087696 23.249744 -4.803033
v 5.348703 23.521492 -3.797801
v 5.028454 24.777493 -3.340586
v 4.336192 24.998022 -3.873982
v 4.236333 25.513588 -3.519290
v 3.498352 25.275116 -4.336954
v 3.609522 26.001719 -3.600449
v 5.012475 25.823208 -2.243399
v 5.542038 25.057182 -2.398756
v 4.602073 26.325571 -1.829072
v 3.295463 26.356647 -3.315547
v 2.682340 26.063311 -4.094621
v 2.198409 26.751175 -3.332952
v 3.230158 26.722141 -2.594079
v 2.462215 27.157787 -2.139791
v 1.521846 27.103760 -2.925539
v 1.407521 27.714130 -2.287922
v 2.204187 27.716909 -1.526454
v 1.491529 28.090416 -1.528954
v 0.660636 28.042084 -2.225652
v 3.000361 27.134789 -1.568580
v 4.013128 26.733992 -1.480291
v 0.380873 28.330326 -1.568161
v 0.080211 28.053394 -2.308383
v 5.934110 22.972122 -5.050503
v 5.334136 25.869873 -1.585863
v 5.642986 23.065851 -4.218690
v 3.338870 27.207340 -0.710368
v 2.601972 27.718586 -0.769264
v 1.764384 28.139709 -0.833471
v 0.866987 28.345287 -0.851245
v 6.573103 22.457790 -5.153144
v -0.567925 27.987778 -2.206862
v 0.402225 22.074669 -7.025802
v 0.877075 22.603077 -6.475180
v 1.845459 19.130281 -8.388001
v 3.362525 18.598547 -8.917187
v 6.538752 18.162621 -7.981732
v 5.841491 17.869911 -8.792609
v 7.388844 18.494980 -7.602543
v 4.822960 17.686047 -9.446619
v 2.380083 18.117619 -8.712329
v 1.430467 17.749058 -8.576010
v 1.197634 18.764820 -8.433391
v 0.768232 18.128996 -8.453573
v 3.771563 18.868176 -9.269979
v -0.324627 20.558346 -7.981968
v 0.233628 19.233770 -8.517954
v -0.418359 20.954708 -7.577351
v 3.401116 17.559792 -8.974381
v 2.649410 17.456020 -8.723799
v 0.988055 17.023712 -8.463954
v -0.100257 18.401766 -8.314732
v -0.230543 19.465813 -8.349054
v 4.353924 17.633125 -9.462636
v 0.233006 22.122150 -6.560803
v 0.284568 28.341671 -0.841365
v -0.749781 18.932222 -8.030431
v 6.840522 17.544624 -7.682144
v 6.221084 17.346077 -8.435246
v 5.694183 16.734135 -8.807989
v 5.440075 17.375095 -9.023028
v 5.080785 16.077417 -8.920044
v 4.875276 17.051962 -9.083674
v 4.360579 16.764927 -9.011648
v 4.431156 15.903893 -8.935999
v 3.373251 15.941653 -8.744328
v 3.182342 16.805273 -8.676816
v 1.715382 16.028797 -8.003087
v 2.456307 15.733521 -8.299935
v 7.483595 17.702248 -7.350981
v -0.287509 21.636494 -6.452631
v -0.982974 19.800739 -7.468204
v 7.736841 18.101078 -7.165854
v 6.344338 16.788713 -8.174115
v 6.897282 16.609768 -7.465150
v 7.141626 16.879173 -7.154670
v 5.748129 15.977324 -8.420355
v 3.608597 15.223304 -8.399312
v 2.684155 15.311675 -8.161262
v 6.195127 16.162371 -7.937157
v 7.625074 17.191555 -6.879035
v 6.559304 15.890945 -7.351444
v -0.866005 20.686708 -6.478942
v -1.342358 20.532072 -6.529624
v -1.056281 20.245386 -6.794146
v -1.425905 20.979206 -6.204192
v -0.962443 21.207335 -6.261329
v -0.199214 22.436539 -6.318364
v 0.210654 23.083637 -6.221292
v -1.616349 22.093018 -6.141934
v -0.740845 23.041998 -6.286449
v -1.808908 22.643560 -6.006703
v -2.833344 21.855810 -6.020838
v -0.676546 23.865496 -6.149781
v -1.212823 23.692177 -5.998951
v -2.484429 21.642597 -6.162211
v -1.881429 21.271475 -6.246097
v -0.040238 24.394886 -5.976660
v -3.487369 21.944387 -5.783302
v -0.629039 24.873928 -5.610905
v -1.223100 24.324295 -5.690610
v -2.179102 23.186895 -5.570221
v 0.791447 23.648640 -5.950113
v 1.954670 24.796936 -5.231548
v -0.011128 25.389450 -5.327534
v 0.738121 25.226513 -5.378710
v 2.308438 25.520260 -4.699103
v 2.726550 24.719666 -5.013911
v 3.651500 23.850550 -4.965989
v 1.118776 26.022449 -4.644905
v -1.949887 20.866465 -6.679142
v -2.267681 20.779831 -7.052753
v -1.209745 19.902269 -7.443621
v -1.066109 19.461746 -7.822711
v -1.202420 18.851315 -8.320530
v -0.699708 17.595394 -8.486563
v -1.486123 18.016651 -8.735950
v -1.312925 17.318371 -8.826962
v -2.334953 17.528059 -9.279358
v -1.678881 16.686638 -9.420411
v -2.164116 16.604227 -9.630342
v -3.081455 16.894863 -9.646926
v -2.401588 16.138184 -9.768952
v -2.617671 15.714809 -9.784500
v -3.238879 15.919600 -9.700822
v -1.682674 15.970455 -9.535006
v -3.106022 18.138248 -9.493071
v -3.742294 16.583061 -9.830063
v -4.093773 17.629601 -9.667520
v -3.292040 18.567198 -9.302743
v -2.385758 19.139139 -8.912293
v -2.220837 18.497156 -9.146780
v -3.157768 19.104971 -8.910216
v -4.331508 18.101049 -9.387976
v -2.205646 19.670303 -8.469347
v -2.662007 20.021648 -8.143252
v -1.675760 19.009886 -8.670759
v -4.290732 16.717625 -9.839599
v -1.760016 19.869272 -8.124436
v -4.296057 18.337826 -9.225665
v -4.125225 19.359346 -9.077875
v -3.663739 19.916006 -8.832976
v -4.205141 20.077259 -8.786400
v -3.501800 20.439356 -8.412675
v -4.178028 20.849665 -8.130439
v -5.004326 18.484386 -9.155676
v -4.912935 19.118422 -8.938725
v -0.108722 17.594601 -8.101884
v -4.848155 16.812119 -9.711344
v -3.624872 21.056147 -7.717580
v -4.211119 15.874487 -9.858645
v -2.496618 20.517952 -7.545674
v -0.805939 16.570198 -8.622020
v -0.152455 16.925333 -8.223749
v -1.077832 16.044245 -9.097163
v -4.949661 15.850769 -9.722583
v -5.250021 17.510891 -9.064398
v -1.986008 15.176224 -9.472570
v 0.181585 16.821712 -7.943722
v -4.135843 21.257719 -7.457860
v -3.004443 21.045797 -7.122522
v -0.626871 15.836031 -8.392018
v -2.511384 14.900289 -9.545318
v -3.442647 14.970886 -9.474537
v -5.423865 18.394463 -9.010413
v -6.124857 17.636858 -9.065743
v -6.289044 18.228930 -8.969873
v -6.518980 17.245474 -9.012228
v -5.647610 16.881104 -8.994910
v -5.863222 16.090450 -8.924679
v -5.209298 16.829453 -9.485523
v -5.462333 15.521075 -9.281496
v -4.584584 15.136654 -9.655686
v -6.656228 18.391178 -8.744249
v -7.029449 17.473417 -8.707733
v -1.096342 15.303098 -8.906681
v -6.753267 16.479158 -8.745035
v -6.254900 15.410067 -8.714114
v -5.705096 15.254816 -8.852424
v 0.270041 15.893019 -7.506047
v 0.592647 15.863404 -7.498014
v -2.430653 14.380662 -9.207263
v 0.967738 16.641113 -8.341071
v 2.405022 16.832529 -8.493575
v -0.694610 15.228071 -8.128502
v -1.717810 14.294660 -8.703005
v 0.575307 15.181470 -7.059599
v 0.972207 16.151506 -7.982457
v -2.728366 26.401726 -3.221511
v -1.803676 25.893860 -3.626477
v -2.729803 25.965511 -3.674410
v -1.731714 26.269146 -3.172160
v -1.838051 25.451698 -3.998036
v -3.397979 26.351044 -3.218058
v -3.385567 25.739098 -3.767619
v -2.545022 25.040602 -4.191224
v -2.216598 24.555149 -4.457326
v -3.515160 24.919334 -4.028620
v -3.965393 25.850430 -3.384700
v -4.114082 25.125237 -3.769467
v -3.219278 23.949780 -4.360752
v -2.434953 23.863194 -4.766274
v -4.438251 23.472500 -4.012764
v -3.558832 22.957943 -4.897674
v -4.597701 21.997999 -4.947202
v -3.946403 22.041212 -5.428821
v -5.365776 23.414024 -3.322445
v -4.373458 25.713024 -3.133177
v -4.976175 24.821049 -3.155645
v -5.007308 21.892916 -4.605336
v -1.187704 25.767582 -4.231334
v -0.783579 25.358723 -5.088886
v -5.810560 22.461086 -3.426176
v 0.038599 26.291836 -4.303390
v -0.674187 26.589424 -3.548584
v -0.629951 27.519905 -2.781348
v -1.142817 27.497169 -2.442075
v 0.121640 26.833216 -3.509367
v 0.135458 27.683666 -2.782041
v -2.052975 26.710678 -2.349658
v -4.076024 26.286476 -2.634604
v 0.789943 26.985455 -3.310669
v 1.363832 26.411337 -4.138180
v -1.208834 27.818420 -1.722124
v -4.202902 21.798986 -5.868920
v -3.454117 21.247324 -6.916316
v -4.190383 21.375118 -6.646041
v -4.796234 21.228344 -6.544112
v -3.212471 26.657303 -2.625351
v -3.268052 13.937388 1.148823
v -3.201577 13.910325 1.428142
v -3.564775 13.719481 1.987781
v -3.774491 13.901872 0.981519
v -2.853106 13.940447 1.415325
v -2.871510 13.852488 1.659780
v -4.387558 13.419576 1.759781
v -4.939281 13.632632 0.716317
v -4.002195 14.006919 0.458249
v -5.821442 13.102764 1.074138
v -5.535603 13.085597 1.427983
v -3.648240 13.478941 2.502710
v -2.877756 13.988315 2.095464
v -5.882024 13.023699 1.431081
v -5.290687 13.533391 0.222605
v -4.065130 13.989266 0.247368
v -5.752464 12.894304 1.722708
v -3.077203 13.726954 3.202027
v -2.337181 14.277270 2.259530
v -3.493386 13.336641 3.288045
v -5.992599 12.995729 0.124954
v -3.336073 13.075377 3.961879
v -4.960531 12.792850 2.190038
v -5.615180 12.741032 1.944807
v -4.084258 12.895696 2.776449
v -5.586453 12.466585 2.346612
v -5.896862 12.278030 2.209974
v -4.543415 12.585092 2.747719
v -5.167541 12.163278 2.815650
v -5.405392 12.222326 2.515169
v -5.927917 12.592958 1.844853
v -2.962218 13.471318 3.991904
v -5.788856 12.078916 2.526445
v -6.149265 11.860872 2.380771
v -6.157683 12.194667 1.921098
v -3.749592 12.861226 3.490804
v -4.111583 12.784454 4.080577
v -6.423081 12.160213 1.449003
v -6.105461 12.572952 1.169160
v -6.240592 12.457228 0.577356
v -7.006100 11.713017 1.256749
v -6.441761 11.699430 1.951444
v -6.899305 11.771021 0.107276
v -6.520625 12.131492 -0.484429
v -2.461967 14.248823 2.956094
v -2.694980 14.162602 3.486587
v -6.287416 12.676525 -0.344329
v -3.873073 14.307847 0.251641
v -4.403750 12.457519 3.554691
v -4.971402 12.276625 4.303965
v -5.251516 12.024882 4.062788
v -2.030895 14.725734 2.774369
v -4.996390 11.987972 3.334015
v -4.857214 13.660728 0.121838
v -2.344966 14.645306 3.499257
v -2.698566 14.409081 4.259037
v -4.886221 12.456193 4.454144
v -4.161743 13.046680 4.477138
v -6.029521 12.543797 -0.441626
v -3.273582 13.584677 4.393188
v -3.139962 14.437989 4.696576
v 0.528219 14.724245 2.929036
v 0.511200 14.710437 3.281110
v 0.507750 14.876189 2.727829
v 10.959249 11.840773 -2.734055
v 11.232790 12.419059 -2.355084
v 10.894507 11.830693 -2.436357
v 11.477283 12.853617 -2.767131
v 11.552847 13.252968 -2.171696
v 11.712997 13.742838 -2.749643
v 11.069970 12.222995 -3.355583
v 11.534829 13.436905 -3.237683
v 11.611648 14.074488 -3.299404
v 11.758167 14.640489 -2.858026
v 11.756952 14.452737 -2.456626
v 11.485722 11.985201 -1.585494
v 11.160378 11.459021 -1.688369
v 11.756220 12.713293 -1.111153
v 11.572495 11.758758 -0.667448
v 11.371326 11.393798 -0.926541
v 12.030473 13.783834 -1.542842
v 12.065695 13.276369 -0.861269
v 12.195545 14.061900 -0.862325
v 11.935289 14.430039 -2.165081
v 12.122764 14.611014 -1.566055
v 12.125222 13.422391 -0.340266
v 11.690352 12.555803 0.259545
v 11.559911 11.984882 0.239517
v 12.063522 13.398513 1.531670
v 11.675063 11.858885 1.555681
v 11.954258 13.262369 0.742970
v 11.432413 11.519450 0.886529
v 12.065846 14.184708 0.870889
v 11.087086 11.150784 0.319094
v 11.172346 11.098500 -0.515293
v 12.052095 14.145943 1.675783
v 12.092409 14.607437 0.228110
v 12.118695 14.880052 -1.084931
v 11.557514 14.983575 -3.331202
v 11.937537 15.169636 1.305945
v 11.893006 13.334053 2.030386
v 11.585341 12.067232 2.110326
v 11.975779 15.167386 -1.728354
v 10.720785 12.494701 -3.949949
v 10.908187 10.900570 -0.925768
v 10.907223 13.177148 -3.971844
v 10.605764 11.768353 -3.427456
v 11.615702 15.018078 -2.448010
v 11.459788 15.394580 -3.124214
v 11.019373 15.041759 -3.979122
v 10.566551 13.940074 -4.361580
v 10.069444 13.473292 -4.558187
v 10.097157 14.159703 -4.603320
v 10.133959 14.881321 -4.420183
v 10.852478 10.972342 1.629974
v 10.865376 11.136515 2.160792
v 10.646435 9.951569 1.720224
v 10.686412 9.959550 2.519172
v 10.828600 11.375994 2.564756
v 10.580805 10.011753 3.119991
v 10.646097 11.363537 3.207111
v 10.636769 10.802519 0.825300
v 10.347247 9.317764 2.313211
v 10.280601 9.310360 1.510797
v 10.288968 9.711677 0.887902
v 11.032480 12.386486 3.696207
v 11.176589 12.015153 2.690115
v 11.275225 12.729896 3.292103
v 11.617204 13.329037 2.519110
v 11.457886 13.596129 3.132052
v 11.429269 14.170572 3.176182
v 11.726060 14.655499 2.234742
v 10.005289 9.202505 3.087267
v 10.176821 9.660185 3.490671
v 10.270803 11.313135 3.837837
v 10.972546 13.230693 3.918918
v 10.191417 10.015559 3.690686
v 11.544698 15.099478 2.421506
v 11.638269 15.696395 1.581944
v 10.384948 10.562004 -0.085075
v 10.369276 10.492952 0.551437
v -5.520916 12.383395 -0.806671
v -5.834723 12.212391 -0.777673
v -5.612645 12.023500 -0.627089
v -5.938397 11.680766 -0.562704
v -5.334747 11.516735 -0.358872
v -5.967788 11.474272 -0.316785
v -6.373224 12.001193 -0.407124
v -6.899305 11.771021 0.107276
v -6.520625 12.131492 -0.484429
v -5.260940 11.612556 -0.937825
v -4.930069 11.868922 -1.270745
v -4.909572 11.440776 -0.936759
v -4.803989 12.247406 -1.317080
v -6.029521 12.543797 -0.441626
v -6.287416 12.676525 -0.344329
v -4.626468 12.612751 -1.185653
v -4.436213 11.194508 -0.676775
v 8.391513 9.600577 3.711417
v 8.279719 9.510916 4.027276
v 7.905557 9.490242 3.717040
v 7.809957 9.419472 4.053821
v 8.634511 9.648873 3.957281
v 8.105799 9.516029 2.883113
v 8.530408 9.747424 4.280059
v 8.819231 10.157696 4.289614
v 7.458297 9.514381 4.697746
v 6.885782 9.306257 4.653359
v 8.336615 9.914752 4.406527
v 6.806456 9.832359 5.342271
v 7.210065 10.039896 5.287585
v 8.182996 10.267069 4.692832
v 0.596236 14.862990 -0.103577
v 0.064497 14.918930 0.181959
v 0.270567 14.246107 -0.062786
v 0.001664 14.039432 0.145917
v 0.572508 14.843779 -0.502218
v -0.427802 14.666095 4.525675
v -0.333568 14.634378 5.030696
v -0.545478 14.027022 4.812461
v -1.994658 13.576523 -3.506624
v -2.077946 14.103869 -3.711736
v -2.087813 13.772598 -3.517778
v -2.145416 14.686651 -3.872606
v -2.358507 14.412152 -3.241156
v -1.112659 14.676313 4.695043
v -0.905224 14.043352 4.819338
v -1.131636 14.651735 5.067949
v -1.185253 14.217958 1.699652
v -1.183424 14.328062 2.011931
v -1.103652 14.922677 2.101873
v -1.111832 14.757112 2.260363
v -1.252730 14.909609 1.735611
v -0.267803 14.885373 2.978399
v -0.130289 14.584547 2.641820
v -0.075612 14.575616 2.932908
v -0.280544 14.814663 2.629230
v 0.114427 14.808488 3.370955
v -0.274672 14.906274 2.496490
v -3.201577 13.910325 1.428142
v -2.637185 13.985260 1.866699
v -2.877756 13.988315 2.095464
v -2.871510 13.852488 1.659780
v -0.130289 14.584547 2.641820
v 0.229372 14.734089 2.715801
v 0.073405 14.039972 2.577160
v -0.274672 14.906274 2.496490
v 0.507750 14.876189 2.727829
v 0.229079 14.152210 2.846858
v 0.528219 14.724245 2.929036
v -2.871510 13.852488 1.659780
v -2.535359 13.380733 1.298006
v -2.853106 13.940447 1.415325
v -6.287416 12.676525 -0.344329
v -6.520625 12.131492 -0.484429
v -6.373224 12.001193 -0.407124
v -5.330163 11.146116 0.161969
v -5.478598 10.864527 0.555816
v -5.358752 10.719788 0.373113
v -5.581643 11.247785 0.256991
v -5.334747 11.516735 -0.358872
v -5.629242 11.215137 0.808041
v -5.463828 11.162212 1.766595
v -5.482092 10.768845 2.301062
v -5.348199 11.048255 2.625572
v -5.425596 11.438862 2.450921
v -5.437174 10.786882 3.153684
v -5.757639 10.451502 0.801025
v -5.760661 10.535891 0.289481
v -5.084003 11.240156 2.966830
v -5.488700 11.114519 3.781729
v -5.901224 10.362820 2.078823
v -5.063456 11.561823 3.221344
v -6.042044 10.381462 3.179973
v -5.857474 10.681152 3.723563
v -4.996390 11.987972 3.334015
v -5.251516 12.024882 4.062788
v -4.002195 14.006919 0.458249
v -3.713942 14.044922 0.970526
v -3.774491 13.901872 0.981519
v -4.141615 14.316553 1.303163
v -3.711588 14.078225 1.545859
v -3.946265 14.189028 0.681864
v -3.901189 14.330745 1.825875
v -4.246040 14.631946 1.098243
v -3.873073 14.307847 0.251641
v -4.197675 14.815986 1.611906
v -4.172614 14.870882 0.894583
v 5.056801 10.674248 4.701956
v 4.927718 10.564947 4.618885
v 4.809330 10.383599 4.001978
v -1.735673 14.688990 -3.554396
v -1.516388 14.710422 -3.393416
v -1.472289 14.396071 -3.327106
v -1.452863 14.702963 -3.092811
v -2.077946 14.103869 -3.711736
v -2.145416 14.686651 -3.872606
v -1.838051 25.451698 -3.998036
v -1.803676 25.893860 -3.626477
v -1.731714 26.269146 -3.172160
v -2.653297 14.381544 -5.790302
v -3.806430 14.066291 -6.057075
v -2.474340 13.461452 -6.007645
v -2.142181 14.220017 -5.783978
v 2.747391 14.098879 2.294495
v 2.968908 13.506567 1.571441
v 2.385110 12.871246 1.874265
v 3.056020 12.957355 1.022012
v 7.881244 17.748425 -6.323977
v 8.475098 17.626009 -5.665339
v 7.665715 16.953541 -5.975137
v 9.589508 15.113065 -4.299911
v 10.133959 14.881321 -4.420183
v 9.422446 14.343525 -4.628960
v 7.141626 16.879173 -7.154670
v 7.625074 17.191555 -6.879035
v 7.295555 16.552446 -6.652065
v 1.715382 16.028797 -8.003087
v 2.456307 15.733521 -8.299935
v 2.684155 15.311675 -8.161262
v 3.815039 9.568361 -0.545230
v 3.850242 9.670019 -1.139497
v 4.077196 9.198395 -1.132779
v 3.504524 11.644354 0.681512
v 4.296015 11.320190 0.718902
v 4.159812 11.390733 0.976674
v 4.856910 11.219225 0.955374
v 4.907866 11.125269 1.557207
v 5.685315 10.812334 1.366856
v 5.441738 10.938313 0.891557
v 4.162957 11.158113 1.707981
v 5.233173 10.681841 2.202385
v 5.612473 10.406242 2.620516
v 4.676718 10.568827 2.738930
v 4.071783 10.712933 2.562913
v 3.744779 10.977987 2.250719
v 3.317980 11.418645 1.092167
v 3.175717 11.145058 1.684839
v 2.902112 11.059203 2.383872
v 2.615884 11.353305 1.733557
v 5.071700 10.440918 3.320005
v 4.744193 10.426844 3.334039
v 4.124236 10.634893 3.262536
v 5.853385 10.297079 3.154797
v 5.322053 10.348031 4.227801
v 5.877109 10.201040 4.117599
v 5.599524 10.039780 4.665210
v 4.809330 10.383599 4.001978
v 6.556201 10.041447 3.498797
v 6.126574 9.658394 4.886927
v 3.529034 11.018080 2.859227
v 2.922920 11.041573 3.184660
v 6.061697 10.237239 2.153521
v 2.407258 11.352854 2.391866
v 2.464189 11.314142 3.027187
v 4.111922 10.601970 3.795090
v 3.278445 11.090153 3.970205
v 4.493551 10.614285 3.930971
v 6.833558 9.679333 2.948556
v 6.657375 9.837022 2.393522
v 7.053313 9.595963 2.522887
v 7.465331 9.581803 3.346165
v 7.725810 9.551681 2.620032
v 8.105799 9.516029 2.883113
v 7.905557 9.490242 3.717040
v 7.194260 9.683000 3.534863
v 7.809957 9.419472 4.053821
v 7.185155 9.466095 3.903825
v 6.885782 9.306257 4.653359
v 6.565892 9.451740 4.269863
v 3.652837 11.388773 0.138570
v 4.535530 10.901293 -0.180453
v 3.736534 11.061640 -1.220349
v 4.994678 10.859751 0.371549
v 3.273778 11.593154 -0.603308
v 3.229041 11.786877 0.290222
v 5.369856 10.282854 4.931195
v 3.630662 10.965653 -1.624553
v 4.245449 10.809863 -0.944740
v 3.191839 11.350342 -1.577618
v 5.801597 10.566307 0.877506
v 6.043318 10.358912 1.336814
v 5.056801 10.674248 4.701956
v 2.379409 11.652763 1.777930
v 3.176953 12.021629 0.787462
v 3.882080 10.852402 -1.381488
v 3.051574 10.918123 -2.325785
v 2.445827 11.383913 -2.271105
v 2.467248 11.169355 -2.689406
v 3.465227 10.403608 -2.613351
v 2.963720 10.578044 -3.425841
v 3.381576 10.345873 -3.295306
v 3.686687 10.286670 -2.918386
v 2.405828 11.220438 -3.509809
v 3.507107 10.415838 -2.054944
v 2.762674 11.048634 -4.064020
v 3.296679 10.692778 -4.138872
v 3.854271 9.665044 -1.909325
v 4.295191 9.604706 -2.489342
v 4.509751 9.204541 -1.986142
v 4.392004 8.732235 -0.718523
v 4.741806 10.502625 -0.361998
v 2.867436 11.984812 -1.190670
v 6.100662 10.072783 2.007576
v 2.404199 11.850437 -1.808437
v 2.048043 11.865173 -2.744549
v 3.036777 12.009006 -0.643154
v 7.918783 9.086159 2.337634
v 2.179028 11.961302 3.068944
v 2.480749 11.587201 -4.143168
v 2.080384 12.114115 2.396644
v 2.139590 12.515638 -1.981866
v 2.069192 12.367028 -3.493286
v 2.930350 12.641985 -0.477699
v 3.054683 12.617827 0.927406
v 3.229830 11.393357 -4.658096
v 3.832510 10.364286 -1.413419
v 2.830523 12.972089 -0.978224
v 1.972844 12.769607 -2.766926
v 2.329309 12.318197 1.722868
v 2.405588 12.711833 -4.190116
v 2.959280 14.241779 -0.976262
v 2.746446 12.436637 -4.585395
v 3.080048 14.103694 0.212723
v 2.863931 14.922873 -1.078113
v 2.880795 14.689198 0.366211
v 3.071495 14.177800 1.266673
v 3.056020 12.957355 1.022012
v 2.833418 14.441076 1.995461
v 2.756438 14.898614 -1.711230
v 2.815503 14.371019 -1.621695
v 2.747391 14.098879 2.294495
v 2.619915 14.465071 2.744542
v 2.620955 14.141665 2.766973
v 2.968908 13.506567 1.571441
v 2.147269 14.124403 -2.418429
v 2.025058 13.624835 -2.792543
v 1.882228 14.011293 -2.833076
v 1.548398 14.670298 -2.732852
v 1.417342 14.721410 -2.972637
v 2.816040 13.617601 -1.177107
v 2.304328 13.178798 -1.774283
v 2.079197 14.654281 -2.474708
v 1.916098 14.317546 -3.142120
v 2.222975 13.884150 -3.650986
v 2.385110 12.871246 1.874265
v 2.248113 13.277554 2.598197
v 2.530920 13.614347 -4.241505
v 3.219963 12.575399 -4.945786
v 3.371251 13.684794 -4.963731
v -1.800512 14.765183 -2.331590
v -2.620883 14.383957 -2.195573
v -2.075793 14.358240 -2.276441
v -2.425689 14.284928 -2.286157
v -1.131636 14.651735 5.067949
v -0.702713 14.708614 5.268007
v -1.425004 14.665576 6.291265
v -2.630054 14.462734 6.652019
v -2.560360 14.598980 7.290204
v -3.448766 14.437938 7.400652
v -0.683164 15.057585 6.299241
v 0.021893 14.647153 6.295154
v -0.088495 15.117736 7.112302
v -3.345471 14.738265 7.960855
v -3.931496 14.393542 6.945574
v 0.047835 14.542417 5.065682
v 0.950003 14.426870 5.801982
v 0.114427 14.808488 3.370955
v -4.066838 14.640482 7.962551
v 0.896474 14.511505 6.422770
v 1.880738 14.504317 6.454978
v 1.891835 14.748981 7.209836
v -2.661375 14.528926 4.989866
v -1.112659 14.676313 4.695043
v -2.369910 14.625467 4.215716
v -3.139962 14.437989 4.696576
v -2.698566 14.409081 4.259037
v -2.344966 14.645306 3.499257
v -2.498533 14.979019 7.843649
v -3.174731 15.473827 8.506130
v -1.608470 15.630503 7.837873
v 1.948520 14.422077 5.641698
v -1.831641 14.825351 3.147854
v -4.032051 14.360325 4.864444
v -0.427802 14.666095 4.525675
v -0.267803 14.885373 2.978399
v 0.715839 14.725919 3.516786
v -0.829149 14.710534 4.413280
v -4.007829 15.475729 8.661974
v 2.599177 14.717024 6.726546
v 2.564249 15.416828 7.854799
v 1.811548 15.518409 8.094815
v -3.625901 14.457238 5.404177
v -0.652184 15.556845 6.990561
v 0.809645 14.792790 7.197323
v 0.511200 14.710437 3.281110
v -2.030895 14.725734 2.774369
v -1.555328 14.839425 2.715531
v -4.260651 14.426140 7.455653
v 0.104964 15.674345 7.849470
v -0.633792 16.455639 7.752855
v -1.478340 14.700106 2.262908
v -1.111832 14.757112 2.260363
v -2.337181 14.277270 2.259530
v -1.724016 14.866400 7.141578
v 0.507750 14.876189 2.727829
v 1.178178 14.842685 2.100348
v 0.026471 15.117919 0.619908
v -1.132130 15.170205 0.976202
v -0.872504 15.090707 1.677162
v 2.199796 14.866946 0.744975
v 2.390373 14.598303 2.803267
v 2.880795 14.689198 0.366211
v 2.776422 14.875319 -0.098774
v 2.863931 14.922873 -1.078113
v 2.595847 15.053183 -0.961134
v 0.840799 14.917179 0.252415
v 2.833418 14.441076 1.995461
v 2.619915 14.465071 2.744542
v 2.847285 14.531548 3.684679
v -0.274672 14.906274 2.496490
v -0.564174 15.138962 0.492430
v -1.772449 15.280507 0.520309
v -1.722892 15.341469 -0.455690
v -2.790594 15.287210 0.452849
v -0.193020 15.156134 -0.383876
v -0.258218 15.164006 -1.001495
v 0.150843 14.841908 -0.557437
v -1.076290 15.245687 -1.587508
v 0.150567 15.099607 -1.690715
v 0.046983 15.044637 -2.656716
v -1.288291 15.149132 -1.963641
v 0.780429 14.881017 -2.844004
v 0.409526 14.864670 -3.317389
v 0.936371 14.925370 -1.862070
v 0.828008 14.797002 -4.399528
v 1.417342 14.721410 -2.972637
v 1.761581 14.538546 -3.395473
v 2.071997 14.337769 -4.543421
v 2.259162 14.107827 -4.266960
v 3.038816 14.208652 -5.181623
v 2.222975 13.884150 -3.650986
v 1.916098 14.317546 -3.142120
v 1.820855 14.570948 -5.059090
v -0.708674 14.893234 -3.201772
v -2.205730 15.144872 -1.756635
v -1.800512 14.765183 -2.331590
v -2.645839 15.151275 1.372725
v -2.694626 15.312013 -0.351428
v 1.138901 14.863676 -2.512424
v 2.234447 15.061122 -1.658206
v 2.139584 14.923090 -2.250851
v 1.605764 15.059402 -0.907260
v -0.207149 14.963319 0.237624
v 0.064497 14.918930 0.181959
v -2.348185 14.840715 -2.077787
v 0.552201 14.772777 -4.795881
v -0.264574 14.867812 -4.369543
v 0.175033 14.881492 -5.099036
v 0.548292 14.750252 -6.121740
v 0.141062 14.867666 -5.935939
v 0.600402 14.857849 -6.666665
v 0.993769 15.211845 -6.628142
v 0.112321 14.968585 -6.643661
v 0.575307 15.181470 -7.059599
v 0.119792 15.228898 -7.030770
v 0.964746 15.461906 -7.104850
v 0.950125 15.028712 -5.897864
v -1.398310 13.763656 -6.137691
v 0.270041 15.893019 -7.506047
v -0.364192 15.010374 -7.566334
v -0.694610 15.228071 -8.128502
v -0.634645 14.617964 -5.124627
v -0.444247 14.540318 -6.802103
v -0.230561 14.985362 -0.049913
v 0.822146 14.921371 -0.927760
v -1.252730 14.909609 1.735611
v -0.333568 14.634378 5.030696
v 1.548398 14.670298 -2.732852
v -1.103652 14.922677 2.101873
v -2.189053 14.986279 1.704760
v 0.596236 14.862990 -0.103577
v -0.802655 14.879194 -3.607650
v -0.986498 14.807932 -3.983151
v -1.516388 14.710422 -3.393416
v -1.735673 14.688990 -3.554396
v -1.837090 14.805339 -4.131026
v -2.145416 14.686651 -3.872606
v -2.543729 14.647325 -3.588580
v -2.358507 14.412152 -3.241156
v -2.656480 14.369537 -3.180519
v -2.544443 14.178696 -2.557672
v -2.919403 14.781003 -4.249253
v -2.484863 14.651567 -4.834946
v -3.641271 14.692689 -4.781271
v -3.940627 14.471106 -5.637147
v -2.653297 14.381544 -5.790302
v -3.806430 14.066291 -6.057075
v -4.519277 14.236280 -5.439193
v -1.715778 14.608367 -4.907313
v -4.515683 13.849379 -6.002882
v -4.007775 13.799562 -6.293653
v -4.475820 14.536871 -5.013684
v -1.344471 14.758781 -4.680150
v -2.954397 13.378222 -6.219625
v -2.474340 13.461452 -6.007645
v 2.280107 14.546884 3.919241
v 2.566516 14.532770 5.767000
v -1.452863 14.702963 -3.092811
v 3.503695 14.905159 5.772074
v 3.523113 15.086561 6.350670
v 3.375158 14.764221 4.150315
v 4.020007 15.190595 4.561959
v 4.113349 15.143444 4.430034
v 1.823426 14.949030 0.201253
v -3.934048 15.075771 1.093084
v -3.709470 15.063327 1.596818
v -4.197675 14.815986 1.611906
v -3.834371 14.819372 1.898894
v -4.172614 14.870882 0.894583
v -3.229722 14.881956 1.914903
v -3.813189 14.902040 0.276512
v -3.564713 15.114011 0.155551
v -4.863457 15.170521 8.167251
v 1.911721 14.715525 -5.945928
v -4.860830 14.521154 5.365396
v -4.987617 14.417926 4.985045
v -6.017260 14.653529 5.093423
v -5.556176 14.604413 6.557685
v -6.841262 14.998870 6.285605
v -6.660217 14.849338 5.109067
v -7.302711 15.168157 5.013602
v -7.875298 15.649567 5.865383
v -7.952681 15.660477 4.874132
v -7.425343 15.436413 6.406868
v -6.380607 15.178213 7.375278
v -7.396340 15.792295 7.050154
v -6.647874 15.802238 7.793485
v -5.925279 15.597510 8.117208
v -8.395097 16.134712 4.710348
v -8.597466 16.470722 5.832759
v -8.774784 16.623123 4.484997
v -8.267006 16.279562 6.312134
v -5.857554 14.787204 7.196443
v -1.464687 13.807297 -6.939486
v 0.853942 14.846817 -5.038772
v 2.079197 14.654281 -2.474708
v -2.075793 14.358240 -2.276441
v -2.901803 14.920896 1.736357
v 0.988833 15.286848 7.830542
v -1.096616 14.294210 -5.369365
v -2.142181 14.220017 -5.783978
v 2.756438 14.898614 -1.711230
v -5.002173 14.756665 7.740014
v 0.572508 14.843779 -0.502218
v -0.707359 14.792120 -4.688592
v 1.657177 14.867998 -6.749756
v 1.908627 15.148403 -7.514393
v 1.171586 15.632450 -7.494298
v 2.684155 15.311675 -8.161262
v 1.715382 16.028797 -8.003087
v 2.505234 14.909629 -7.488707
v 0.972207 16.151506 -7.982457
v 0.967738 16.641113 -8.341071
v 2.630147 14.771703 -6.965937
v 3.354333 14.915780 -7.650618
v 2.856755 14.722022 -6.336653
v 4.332911 14.832557 -6.620087
v 4.434058 14.945751 -7.807848
v 4.986425 14.994297 -6.512619
v 5.198518 15.178992 -7.801953
v 5.360072 15.192525 -7.137599
v 5.744701 15.494194 -7.523251
v 5.748129 15.977324 -8.420355
v 6.195127 16.162371 -7.937157
v 6.559304 15.890945 -7.351444
v 6.707341 15.558558 -6.712564
v 6.981304 15.965075 -6.834268
v 6.693331 15.274063 -6.012172
v 7.160600 15.949127 -5.809070
v 6.768738 15.158666 -5.397147
v 6.128211 14.925412 -5.824729
v 7.386614 15.771280 -5.091248
v 7.928455 16.462248 -5.118551
v 7.834177 16.145237 -4.684557
v 8.131218 16.577145 -4.271265
v 8.596762 17.516792 -5.168227
v 8.475098 17.626009 -5.665339
v 7.665715 16.953541 -5.975137
v 6.023761 15.216516 -6.733417
v 4.944819 15.336470 -8.420385
v 3.608597 15.223304 -8.399312
v 5.080785 16.077417 -8.920044
v 0.592647 15.863404 -7.498014
v 4.591249 15.310582 -8.537769
v 2.968062 14.617357 4.177033
v 4.431156 15.903893 -8.935999
v -0.827098 14.570393 -7.646230
v -1.065926 14.595567 -8.282258
v -1.096342 15.303098 -8.906681
v -1.717810 14.294660 -8.703005
v -1.521104 14.125189 -8.353923
v -1.831641 14.825351 3.147854
v -0.267803 14.885373 2.978399
v -0.829149 14.710534 4.413280
v -1.555328 14.839425 2.715531
v -1.111832 14.757112 2.260363
v -0.280544 14.814663 2.629230
v -0.274672 14.906274 2.496490
v -1.103652 14.922677 2.101873
v 1.605764 15.059402 -0.907260
v 2.595847 15.053183 -0.961134
v 1.823426 14.949030 0.201253
v 2.234447 15.061122 -1.658206
v 2.756438 14.898614 -1.711230
v -0.634645 14.617964 -5.124627
v -0.707359 14.792120 -4.688592
v -1.344471 14.758781 -4.680150
v -1.096616 14.294210 -5.369365
v 0.950125 15.028712 -5.897864
v 1.911721 14.715525 -5.945928
v 0.853942 14.846817 -5.038772
v 1.657177 14.867998 -6.749756
v 2.630147 14.771703 -6.965937
v 2.856755 14.722022 -6.336653
v 2.847285 14.531548 3.684679
v 3.375158 14.764221 4.150315
v 2.968062 14.617357 4.177033
v 4.986425 14.994297 -6.512619
v 6.023761 15.216516 -6.733417
v 6.128211 14.925412 -5.824729
v -1.445262 13.821766 -5.975245
v -1.398310 13.763656 -6.137691
v -1.096616 14.294210 -5.369365
v -2.474340 13.461452 -6.007645
v -2.142181 14.220017 -5.783978
v -2.468354 13.196835 -6.280383
v -1.464687 13.807297 -6.939486
v -2.380305 13.434241 -7.093175
v -2.951104 13.146893 -6.937038
v -2.770564 13.273900 -7.569551
v -1.873567 13.594592 -7.677984
v -3.262016 13.434267 -8.103533
v -2.456836 13.686450 -8.430513
v -3.132178 14.169767 -9.022326
v -2.430653 14.380662 -9.207263
v -1.717810 14.294660 -8.703005
v -4.171494 13.839855 -8.469913
v -1.521104 14.125189 -8.353923
v -1.270840 14.044788 -7.603416
v -0.827098 14.570393 -7.646230
v -1.065926 14.595567 -8.282258
v -0.652184 15.556845 6.990561
v -1.608470 15.630503 7.837873
v -1.724016 14.866400 7.141578
v -0.633792 16.455639 7.752855
v -4.863457 15.170521 8.167251
v -5.925279 15.597510 8.117208
v -5.002173 14.756665 7.740014
v 0.150843 14.841908 -0.557437
v 0.572508 14.843779 -0.502218
v 0.043619 14.044153 -0.094797
v 0.270567 14.246107 -0.062786
vn 0.7137 -0.4438 0.5420
vn 0.4728 -0.2988 0.8290
vn -0.3609 -0.3370 0.8696
vn 0.7258 -0.3884 -0.5678
vn 0.2472 -0.1767 -0.9527
vn -0.0448 -0.9987 0.0258
vn -0.0423 -0.9897 0.1366
vn -0.6690 -0.2423 -0.7026
vn -0.7934 -0.3568 -0.4931
vn -0.5745 -0.4836 0.6604
vn -0.7003 0.0894 0.7082
vn 0.5681 -0.7650 -0.3034
vn 0.6766 -0.5898 -0.4407
vn 0.7736 -0.6314 -0.0532
vn 0.7220 -0.6707 -0.1698
vn -0.7407 0.6709 0.0352
vn 0.9184 -0.3206 -0.2318
vn -0.9699 -0.0095 0.2432
vn 0.4916 -0.6383 -0.5924
vn 0.6300 -0.7658 -0.1291
vn 0.9231 -0.3609 -0.1328
vn 0.8839 -0.4654 0.0469
vn 0.4799 -0.5549 -0.6796
vn 0.6000 -0.6400 -0.4800
vn 0.6218 -0.5886 -0.5167
vn 0.7086 -0.5034 -0.4945
vn 0.6204 -0.5767 -0.5315
vn 0.2031 -0.9787 0.0298
vn 0.9844 -0.1628 -0.0668
vn 0.8870 -0.4618 0.0002
vn 0.9303 0.1478 -0.3358
vn 0.9574 -0.1143 -0.2651
vn -0.0348 -0.9681 -0.2482
vn 0.9681 0.2220 -0.1159
vn 0.0888 -0.9915 0.0951
vn 0.9813 -0.1374 0.1346
vn 0.9306 0.3619 -0.0551
vn -0.6177 0.7789 0.1086
vn 0.9875 -0.1030 -0.1190
vn 0.9998 0.0119 0.0177
vn 0.9167 0.2225 0.3319
vn 0.9470 -0.0468 0.3177
vn 0.9984 -0.0529 -0.0217
vn 0.8141 -0.2616 -0.5184
vn -0.9074 -0.4197 0.0224
vn 0.8634 -0.2782 -0.4209
vn 0.8119 0.5715 -0.1191
vn -0.9212 0.3890 0.0002
vn -0.5740 0.5768 0.5812
vn 0.8696 0.4938 0.0005
vn 0.8778 0.3054 0.3689
vn 0.5351 -0.6939 -0.4818
vn 0.9306 0.0427 -0.3637
vn 0.9352 0.3092 -0.1724
vn 0.9497 -0.2480 -0.1913
vn 0.9312 0.3643 -0.0119
vn 0.9642 0.2391 0.1148
vn 0.9783 -0.1278 0.1628
vn 0.9652 -0.2568 0.0498
vn 0.9466 -0.1753 -0.2707
vn 0.6458 0.7630 -0.0278
vn 0.6486 0.7473 0.1447
vn 0.9098 -0.3748 -0.1784
vn -0.9937 0.0558 0.0974
vn 0.9034 -0.4122 -0.1185
vn 0.9232 0.2570 0.2856
vn 0.8578 -0.1779 0.4822
vn 0.8987 0.2038 0.3883
vn 0.8012 0.3142 0.5092
vn -0.4387 -0.6503 0.6202
vn 0.7701 0.0236 -0.6375
vn -0.5535 0.7990 -0.2350
vn -0.8829 0.0141 0.4694
vn 0.9042 -0.3186 -0.2844
vn 0.6223 0.7814 0.0456
vn 0.8392 0.5338 0.1037
vn 0.9137 -0.3815 0.1399
vn 0.8730 -0.2420 -0.4234
vn 0.5277 0.8226 -0.2117
vn 0.8412 -0.4668 -0.2729
vn 0.5629 -0.2479 -0.7885
vn 0.7684 0.6228 -0.1469
vn 0.8459 -0.4978 -0.1914
vn -0.5656 -0.7596 0.3211
vn 0.7353 0.6020 0.3113
vn 0.7541 -0.5652 0.3343
vn 0.7154 -0.5286 0.4569
vn 0.8092 -0.1995 0.5526
vn 0.9413 -0.1419 0.3065
vn 0.7928 0.3135 0.5227
vn 0.4568 0.8782 -0.1421
vn 0.8507 0.0020 0.5256
vn 0.5214 0.7712 -0.3652
vn 0.4930 0.8298 -0.2615
vn 0.8819 -0.4551 -0.1228
vn 0.4909 0.8602 0.1383
vn 0.8899 -0.4535 0.0497
vn 0.7053 -0.6626 -0.2520
vn 0.7219 -0.6781 -0.1376
vn 0.6206 -0.2499 0.7432
vn 0.3126 0.7813 -0.5402
vn 0.9053 -0.3398 0.2551
vn 0.7908 0.0937 0.6049
vn 0.5981 0.1553 0.7863
vn 0.2397 0.9634 -0.1202
vn 0.2752 0.9613 0.0112
vn 0.8447 -0.5087 0.1665
vn 0.5396 -0.7543 -0.3740
vn 0.6160 0.6677 0.4180
vn 0.8658 -0.4405 0.2374
vn 0.5007 0.4872 0.7155
vn 0.7663 -0.4888 0.4169
vn 0.4511 0.4020 0.7968
vn 0.5166 0.2543 0.8176
vn 0.6567 -0.1485 0.7394
vn 0.2410 0.7815 -0.5755
vn -0.1849 -0.7772 -0.6014
vn 0.5337 0.7207 -0.4426
vn 0.9689 0.2423 0.0502
vn 0.9262 0.3735 0.0507
vn 0.9543 -0.2113 -0.2112
vn 0.7528 0.4110 0.5142
vn 0.9802 -0.1946 0.0364
vn 0.9853 -0.1643 -0.0477
vn 0.4146 0.4800 0.7731
vn 0.9603 -0.0639 0.2716
vn 0.5712 -0.0230 0.8205
vn -0.7953 0.0357 0.6052
vn 0.0319 0.9690 -0.2452
vn 0.6508 0.6236 -0.4331
vn 0.0743 0.1774 -0.9813
vn 0.8935 0.4212 0.1561
vn 0.8279 -0.2915 -0.4792
vn 0.9037 -0.3054 -0.3001
vn 0.8733 -0.4148 -0.2555
vn 0.8496 0.3543 0.3907
vn 0.8410 -0.5060 0.1918
vn 0.7781 -0.3320 0.5331
vn 0.0165 -0.7651 -0.6437
vn 0.0252 0.8652 -0.5008
vn 0.7972 0.1894 -0.5733
vn 0.8228 0.5568 -0.1136
vn 0.8609 0.4784 -0.1733
vn 0.4295 0.3369 0.8378
vn -0.2821 -0.4924 0.8234
vn 0.5039 -0.1277 0.8543
vn 0.2969 -0.5914 -0.7497
vn 0.5360 -0.3628 0.7623
vn -0.0673 0.7991 -0.5974
vn 0.7448 0.5729 -0.3422
vn 0.7152 0.6828 -0.1493
vn 0.7766 0.5552 0.2976
vn -0.7729 0.3557 0.5255
vn -0.6975 -0.6846 0.2119
vn -0.5308 0.4699 0.7053
vn 0.6226 0.7819 -0.0305
vn 0.2280 0.6210 -0.7499
vn 0.4130 -0.4595 0.7863
vn 0.2600 0.5758 0.7751
vn 0.0427 -0.9988 0.0236
vn 0.4005 -0.0320 0.9157
vn 0.5373 0.0159 -0.8432
vn 0.5403 -0.2327 -0.8087
vn 0.6197 -0.5863 -0.5218
vn 0.5101 -0.8112 -0.2860
vn 0.7350 0.2439 -0.6327
vn 0.6633 0.4961 -0.5602
vn 0.6567 0.6952 0.2924
vn 0.7566 0.4793 0.4447
vn -0.5269 -0.4664 0.7105
vn 0.4272 -0.8565 0.2899
vn 0.3441 -0.3497 0.8714
vn -0.3751 0.6259 0.6838
vn -0.0932 0.8468 -0.5237
vn -0.0239 -0.9676 0.2512
vn 0.4810 0.7567 -0.4427
vn -0.4640 -0.8528 0.2398
vn 0.4196 -0.9073 -0.0255
vn 0.3033 0.1888 0.9340
vn 0.5183 0.3756 -0.7683
vn 0.5523 0.2235 -0.8031
vn 0.5558 0.5581 -0.6161
vn 0.7453 0.6177 0.2508
vn 0.7893 0.5272 0.3146
vn 0.7008 0.2831 0.6548
vn -0.8796 0.1597 0.4481
vn 0.0514 -0.5591 0.8275
vn 0.0888 0.5293 0.8438
vn 0.2200 -0.0608 0.9736
vn 0.5721 0.6066 -0.5520
vn -0.1478 0.4288 -0.8912
vn 0.5913 0.6357 -0.4963
vn -0.7868 0.1593 -0.5963
vn 0.8271 0.5455 0.1352
vn 0.9626 0.2294 0.1443
vn 0.7318 0.1331 0.6684
vn 0.3606 -0.9315 0.0470
vn 0.1594 0.5711 0.8053
vn 0.4921 -0.2313 0.8392
vn 0.2567 -0.2138 0.9425
vn 0.9677 -0.0102 -0.2520
vn 0.9951 0.0795 -0.0591
vn -0.0817 -0.0570 -0.9950
vn 0.4413 -0.8415 0.3115
vn 0.6813 -0.6429 -0.3499
vn 0.6645 -0.3566 0.6568
vn 0.9889 0.1194 -0.0881
vn 0.9692 0.2207 -0.1096
vn 0.9327 0.3459 0.1023
vn 0.9800 0.1779 0.0896
vn 0.8406 0.0809 0.5356
vn 0.6005 0.2156 0.7700
vn 0.4993 0.0096 0.8664
vn -0.0588 0.1643 0.9847
vn 0.9048 0.3383 -0.2585
vn 0.9590 0.2612 -0.1102
vn 0.9618 -0.2733 0.0169
vn 0.9444 0.1839 -0.2725
vn 0.9939 -0.1097 -0.0105
vn 0.9531 -0.2134 0.2148
vn 0.8095 0.5863 0.0311
vn 0.9006 0.3971 0.1767
vn 0.9819 -0.1737 0.0757
vn 0.6554 0.4511 -0.6058
vn -0.1906 -0.9786 -0.0777
vn 0.9408 0.1167 0.3182
vn 0.9530 -0.1165 0.2796
vn 0.6947 0.3205 -0.6439
vn 0.1229 -0.9856 -0.1164
vn 0.9114 0.3989 -0.1009
vn 0.8708 0.2128 0.4432
vn 0.8944 0.0503 0.4444
vn 0.8487 -0.0305 0.5279
vn -0.5532 -0.7489 0.3649
vn 0.7440 -0.5331 0.4027
vn 0.4601 -0.3430 0.8190
vn 0.1449 0.3469 0.9266
vn 0.8150 0.1569 -0.5578
vn 0.7966 -0.5194 -0.3091
vn 0.7008 0.6296 -0.3353
vn -0.9804 -0.1049 -0.1668
vn 0.6342 -0.6626 0.3984
vn 0.7836 -0.5343 0.3170
vn 0.6782 0.2382 0.6952
vn -0.5607 -0.8208 0.1087
vn -0.3793 -0.6590 0.6494
vn 0.7349 -0.0677 0.6748
vn 0.4855 0.4859 0.7268
vn 0.7727 0.0793 -0.6299
vn 0.2956 -0.1624 -0.9414
vn 0.4231 0.8200 -0.3854
vn 0.8882 0.1821 0.4218
vn 0.7693 0.6076 -0.1977
vn -0.9017 0.3227 -0.2879
vn -0.4830 -0.8747 -0.0398
vn -0.4958 -0.5913 0.6360
vn 0.4943 -0.0586 0.8673
vn 0.4206 -0.0083 0.9072
vn 0.7238 0.2632 0.6378
vn 0.5252 0.4820 0.7013
vn 0.5466 0.3809 0.7458
vn 0.9971 -0.0085 0.0752
vn 0.6431 0.7486 -0.1611
vn 0.6160 0.7707 0.1633
vn -0.4928 0.2964 -0.8181
vn 0.7539 0.3225 0.5724
vn 0.8303 0.3273 0.4510
vn 0.8388 0.5167 -0.1717
vn 0.8049 0.4048 -0.4340
vn 0.8432 0.3973 -0.3622
vn -0.2647 0.9231 -0.2789
vn 0.7059 0.5886 0.3941
vn 0.5067 -0.2598 0.8221
vn 0.4638 0.2270 0.8563
vn 0.4239 -0.8450 -0.3261
vn 0.4438 0.1753 0.8788
vn 0.5458 -0.3721 0.7507
vn -0.8406 -0.4831 -0.2451
vn 0.9205 0.0882 -0.3807
vn 0.8797 0.2200 -0.4216
vn 0.8988 0.0010 -0.4384
vn 0.9076 0.3069 -0.2865
vn 0.9742 -0.0924 -0.2058
vn 0.9502 -0.1938 -0.2441
vn 0.9426 -0.3100 -0.1240
vn 0.7512 -0.6000 -0.2751
vn 0.7291 0.6512 0.2108
vn 0.8877 0.4576 -0.0505
vn 0.9030 0.3763 -0.2071
vn 0.1294 -0.9885 0.0785
vn 0.0170 -0.6797 0.7333
vn 0.5305 0.7586 0.3784
vn 0.3631 -0.0743 0.9288
vn 0.4247 0.2899 0.8577
vn 0.6079 0.0663 0.7913
vn 0.5359 -0.1008 0.8382
vn 0.7989 0.0404 -0.6001
vn 0.7130 -0.1332 -0.6884
vn 0.8057 -0.2659 -0.5293
vn 0.7964 0.3121 -0.5180
vn 0.6973 0.6939 -0.1800
vn 0.5502 0.8050 0.2221
vn 0.4850 0.3091 -0.8180
vn 0.6971 0.7149 -0.0551
vn 0.3290 -0.8299 -0.4506
vn -0.1236 -0.0253 0.9920
vn 0.5649 -0.1679 0.8079
vn 0.6719 0.1007 -0.7338
vn -0.0284 -0.9988 -0.0407
vn 0.5911 0.6479 0.4805
vn 0.5831 0.7679 0.2650
vn 0.8248 0.3189 -0.4670
vn 0.3432 0.1069 -0.9331
vn -0.9721 -0.2010 -0.1209
vn 0.2489 0.4838 0.8390
vn 0.2914 0.3880 0.8744
vn 0.4440 0.7571 -0.4792
vn 0.3692 0.0895 -0.9250
vn 0.0625 0.9980 -0.0023
vn 0.8399 0.5291 -0.1207
vn -0.8788 0.4628 -0.1165
vn 0.7819 -0.4885 -0.3872
vn 0.7311 0.6300 -0.2617
vn 0.6002 -0.6947 -0.3963
vn 0.3162 -0.2084 0.9255
vn -0.1909 -0.6049 0.7730
vn 0.7027 0.4408 0.5585
vn 0.5740 -0.1292 0.8086
vn 0.5322 0.1556 0.8322
vn 0.5672 0.3408 0.7498
vn -0.0927 -0.9894 -0.1117
vn 0.2294 -0.7606 0.6073
vn 0.9373 0.3404 0.0748
vn 0.4001 -0.5942 0.6978
vn 0.3910 0.0740 0.9174
vn 0.4395 -0.0973 0.8930
vn 0.2710 -0.2847 0.9195
vn 0.4111 0.5804 -0.7029
vn -0.4936 0.8285 -0.2644
vn 0.7758 -0.5899 -0.2241
vn 0.9326 0.2964 0.2056
vn -0.2966 -0.3840 0.8744
vn 0.8272 0.4345 -0.3563
vn 0.8695 0.4935 -0.0219
vn 0.8125 0.5535 0.1830
vn 0.8182 0.5087 0.2678
vn 0.7697 0.6372 -0.0401
vn 0.6409 0.4711 -0.6061
vn 0.6148 0.0989 0.7824
vn 0.5921 -0.7621 -0.2620
vn 0.6260 0.7538 0.1996
vn 0.8287 0.3551 0.4326
vn 0.2258 0.6544 0.7217
vn 0.5837 -0.1304 -0.8014
vn 0.9954 -0.0410 -0.0861
vn -0.3375 0.2052 -0.9187
vn -0.7612 0.0459 0.6469
vn 0.3207 0.1248 0.9389
vn 0.9586 0.1592 0.2362
vn 0.7295 -0.4275 -0.5340
vn 0.6665 -0.5868 -0.4598
vn 0.8600 0.4117 -0.3016
vn 0.7449 0.6659 0.0410
vn 0.0347 -0.9693 -0.2435
vn 0.7640 0.6417 0.0670
vn 0.5493 -0.0184 0.8355
vn 0.4096 0.1714 0.8960
vn 0.8756 0.3777 0.3012
vn 0.7336 -0.2420 0.6350
vn 0.8569 0.1983 0.4757
vn -0.6564 0.0093 -0.7544
vn 0.9773 -0.1820 0.1083
vn 0.1332 0.3772 0.9165
vn 0.1813 0.1567 0.9709
vn -0.3930 0.8343 -0.3866
vn -0.0409 -0.3618 0.9314
vn 0.9216 -0.1197 0.3693
vn 0.9050 -0.2992 0.3025
vn 0.6275 0.7786 0.0053
vn 0.7593 0.5243 0.3856
vn 0.8248 0.5648 0.0277
vn -0.3089 -0.2187 0.9256
vn -0.6825 0.6579 -0.3183
vn 0.9189 0.3942 0.0125
vn -0.5837 -0.0518 0.8103
vn 0.2841 0.2167 -0.9340
vn 0.7002 0.5786 -0.4182
vn 0.0350 0.4367 0.8989
vn -0.1877 -0.7909 0.5824
vn -0.0701 0.9961 -0.0534
vn 0.1116 0.1066 0.9880
vn -0.7997 0.5924 0.0976
vn 0.1499 0.0966 0.9840
vn -0.1790 -0.2896 0.9403
vn 0.8857 0.4545 0.0952
vn 0.8490 -0.1479 0.5072
vn 0.6909 0.2417 -0.6813
vn -0.6531 0.1211 0.7476
vn 0.5660 0.7393 -0.3647
vn 0.5633 0.3506 -0.7482
vn 0.5525 -0.7066 -0.4422
vn 0.6682 0.6557 -0.3515
vn 0.5902 0.7769 -0.2192
vn 0.5735 0.8119 0.1092
vn 0.5553 0.8316 0.0112
vn 0.8067 0.5694 -0.1583
vn 0.9707 0.2167 0.1035
vn -0.4354 0.8993 0.0426
vn 0.6937 -0.4601 0.5542
vn 0.6434 -0.2482 0.7242
vn -0.1550 -0.0416 -0.9870
vn 0.8587 -0.4472 0.2503
vn 0.8196 -0.2841 0.4975
vn 0.1339 0.8530 -0.5045
vn 0.2308 -0.6556 -0.7190
vn 0.6949 -0.1733 -0.6979
vn 0.6795 -0.2955 -0.6715
vn 0.7465 -0.3835 -0.5437
vn 0.4506 -0.6695 -0.5905
vn 0.3694 0.7811 -0.5035
vn 0.9366 0.1622 -0.3106
vn 0.4817 -0.5977 -0.6409
vn -0.4140 0.5894 -0.6936
vn 0.9049 0.2837 -0.3173
vn 0.9325 0.2834 -0.2237
vn 0.9133 0.3737 -0.1617
vn 0.8188 0.5741 0.0089
vn 0.8403 0.4902 0.2314
vn 0.6935 -0.7204 0.0082
vn 0.8984 0.3057 0.3153
vn -0.7382 -0.0318 0.6738
vn 0.8806 0.4695 0.0640
vn 0.9046 -0.3680 0.2150
vn -0.7729 -0.4383 0.4588
vn -0.6553 -0.4146 0.6314
vn -0.6195 0.2579 -0.7414
vn 0.8271 0.1376 -0.5450
vn 0.6584 -0.6637 -0.3549
vn 0.3132 0.7149 -0.6252
vn 0.3517 0.6577 -0.6661
vn 0.8714 0.4535 0.1871
vn 0.8874 0.2080 -0.4114
vn 0.7641 0.6292 -0.1426
vn 0.7947 0.5634 -0.2260
vn 0.5458 -0.3590 0.7571
vn 0.4331 -0.0052 0.9013
vn 0.4402 0.7732 0.4564
vn 0.8476 -0.3017 -0.4365
vn -0.1306 0.2525 0.9587
vn 0.1413 -0.1000 0.9849
vn -0.3326 0.0099 0.9430
vn 0.9043 0.1957 0.3793
vn 0.6700 -0.2641 0.6938
vn 0.6664 -0.3459 0.6605
vn 0.7326 0.0987 -0.6735
vn 0.3317 0.9007 -0.2807
vn 0.3123 0.9500 0.0022
vn -0.0084 -0.9222 0.3867
vn 0.8423 0.3654 -0.3963
vn 0.7652 0.5425 -0.3467
vn -0.2488 0.8489 0.4664
vn 0.7994 0.4935 0.3427
vn 0.3989 -0.0906 0.9125
vn 0.3460 0.1302 0.9292
vn 0.5400 -0.8127 0.2192
vn -0.6020 -0.2221 0.7670
vn -0.9409 0.1813 -0.2860
vn -0.0129 -0.0062 0.9999
vn 0.7901 0.5376 0.2946
vn 0.8824 -0.4673 -0.0543
vn 0.9016 -0.1368 0.4103
vn 0.7212 0.4250 -0.5470
vn 0.6169 -0.1397 -0.7746
vn 0.4631 0.4066 -0.7875
vn 0.2395 0.9415 -0.2371
vn -0.3300 -0.0397 0.9431
vn -0.7885 0.2915 -0.5415
vn 0.7587 0.1618 0.6311
vn -0.6887 -0.3845 0.6146
vn -0.3591 -0.4473 0.8191
vn 0.2553 0.9268 -0.2755
vn 0.8166 0.5610 0.1358
vn -0.5085 0.1759 0.8429
vn -0.7285 -0.3241 0.6035
vn 0.6075 -0.7852 0.1205
vn -0.6563 -0.7412 0.1413
vn -0.5307 -0.0062 0.8476
vn 0.7491 0.5359 0.3894
vn 0.7946 -0.0504 0.6051
vn 0.1087 0.8150 -0.5691
vn 0.6451 0.7539 -0.1243
vn 0.6148 0.7880 -0.0322
vn -0.5348 -0.8423 -0.0671
vn -0.5581 -0.6540 0.5108
vn -0.3138 0.5134 0.7987
vn -0.9335 -0.2707 -0.2350
vn -0.5167 0.7763 -0.3611
vn 0.8590 -0.3654 0.3585
vn 0.5112 0.1144 0.8518
vn 0.8059 -0.3647 0.4664
vn 0.5394 0.3354 0.7724
vn 0.8617 0.0038 0.5075
vn -0.4982 0.7856 -0.3670
vn 0.2039 0.6537 -0.7287
vn 0.5727 0.5441 -0.6132
vn 0.1021 0.9503 -0.2941
vn 0.5756 0.7462 -0.3345
vn 0.5659 0.7974 -0.2094
vn 0.6845 0.7117 -0.1581
vn 0.1818 -0.1145 0.9767
vn 0.5958 -0.7942 0.1191
vn -0.2364 -0.1859 0.9537
vn -0.4571 -0.6296 0.6282
vn 0.6160 0.6060 0.5033
vn 0.4356 0.1918 0.8795
vn 0.2766 -0.8980 -0.3421
vn 0.5095 0.6840 -0.5221
vn 0.5088 0.7940 -0.3326
vn 0.2618 0.9081 -0.3268
vn 0.4115 0.7562 -0.5087
vn -0.3296 0.6255 -0.7072
vn -0.3914 0.7676 0.5076
vn -0.2705 0.9395 0.2103
vn -0.1493 0.8655 0.4781
vn 0.5811 0.7999 -0.1496
vn 0.6292 0.7350 0.2529
vn -0.8862 0.4492 0.1134
vn -0.3313 0.1271 0.9349
vn 0.4392 0.4002 0.8043
vn 0.4392 0.2917 0.8497
vn 0.7872 0.5120 -0.3439
vn 0.0536 0.5219 -0.8513
vn 0.2462 0.6202 -0.7448
vn 0.5703 0.6485 -0.5043
vn 0.7367 -0.5592 -0.3802
vn -0.7557 -0.5517 0.3528
vn 0.5304 0.8446 -0.0723
vn -0.3303 -0.9313 0.1538
vn 0.5720 0.8202 0.0083
vn -0.2818 0.1865 0.9412
vn -0.3108 0.2994 0.9021
vn -0.6586 -0.6560 0.3686
vn -0.5053 -0.4939 0.7077
vn 0.7811 -0.5672 0.2611
vn 0.8985 0.3206 -0.2998
vn 0.5410 0.7189 0.4366
vn 0.5736 -0.2209 0.7888
vn -0.0358 0.9087 -0.4160
vn 0.4587 0.2792 0.8436
vn 0.3215 -0.6604 0.6786
vn 0.5521 -0.5809 0.5982
vn -0.5151 -0.3141 0.7975
vn -0.0037 -0.4939 -0.8695
vn -0.1139 0.7323 0.6714
vn -0.5863 0.3854 0.7126
vn -0.3577 0.6545 -0.6661
vn -0.2800 0.7915 -0.5433
vn 0.7900 0.3620 0.4949
vn 0.2223 0.8473 -0.4824
vn 0.3423 0.8464 0.4080
vn -0.5895 0.1203 0.7988
vn -0.4244 -0.5711 0.7027
vn 0.3701 -0.7380 -0.5642
vn -0.5809 -0.2186 0.7841
vn -0.1965 0.5991 -0.7762
vn 0.4068 0.7640 0.5007
vn 0.2540 0.3984 0.8814
vn 0.1635 0.9232 -0.3479
vn 0.5651 0.7617 0.3170
vn -0.9316 -0.3521 -0.0901
vn 0.3109 0.9458 -0.0942
vn -0.3024 -0.6090 0.7333
vn -0.6575 0.1885 0.7295
vn 0.2919 0.8653 0.4074
vn -0.6122 0.3385 0.7146
vn 0.4300 0.1653 0.8876
vn -0.0005 0.0189 -0.9998
vn 0.7056 0.6277 0.3289
vn -0.4641 0.5775 -0.6717
vn 0.4435 0.8151 -0.3728
vn 0.4954 -0.4808 -0.7235
vn -0.7234 -0.2899 -0.6266
vn 0.4356 0.8754 0.2095
vn 0.2228 0.9748 0.0062
vn -0.3027 -0.1091 0.9468
vn 0.9919 0.1264 0.0146
vn -0.4563 -0.0386 0.8890
vn -0.4573 -0.2632 0.8495
vn 0.2492 0.9028 0.3505
vn -0.0057 0.9572 -0.2895
vn -0.2646 -0.1429 -0.9537
vn -0.7196 -0.3205 0.6160
vn 0.7507 -0.5517 0.3634
vn -0.6560 0.1741 0.7344
vn -0.2317 -0.9723 -0.0301
vn -0.0719 0.4890 0.8693
vn -0.0277 0.9117 -0.4100
vn 0.3160 0.6036 -0.7320
vn -0.5338 0.3496 0.7699
vn -0.5478 0.0198 0.8364
vn 0.9374 -0.3376 0.0855
vn -0.5718 0.7408 -0.3526
vn 0.1584 0.8915 0.4244
vn 0.5399 0.3742 0.7540
vn 0.4765 0.0750 0.8760
vn 0.4363 -0.4519 0.7781
vn 0.0949 0.9604 0.2621
vn 0.3402 -0.2660 0.9019
vn 0.4002 0.6214 -0.6735
vn 0.5725 0.8127 -0.1085
vn -0.6095 0.5103 -0.6068
vn 0.1430 0.9731 0.1805
vn -0.4768 -0.6731 0.5653
vn 0.0621 0.8317 0.5517
vn 0.3300 0.5626 0.7580
vn 0.1090 -0.3384 -0.9347
vn 0.8024 0.5890 -0.0959
vn -0.6320 0.4769 0.6108
vn 0.6375 0.6155 0.4635
vn -0.5177 0.5331 -0.6692
vn -0.2453 -0.8804 0.4059
vn -0.9245 0.0932 0.3697
vn -0.5752 -0.2115 -0.7902
vn -0.4628 -0.7014 0.5420
vn -0.6286 0.6863 -0.3659
vn 0.1287 0.8450 0.5191
vn 0.4887 -0.6341 0.5993
vn 0.3147 0.6377 0.7031
vn 0.2187 0.4538 0.8638
vn 0.3828 -0.5497 0.7425
vn -0.5982 -0.5311 0.6000
vn -0.8639 0.4254 -0.2697
vn -0.7036 0.1549 0.6935
vn -0.7279 -0.1385 0.6716
vn -0.5447 -0.8273 -0.1377
vn 0.2274 0.7902 -0.5691
vn -0.6056 -0.4245 0.6731
vn 0.1287 -0.0794 -0.9885
vn -0.2604 0.9653 0.0196
vn 0.1053 -0.7411 -0.6631
vn 0.9797 0.0975 0.1750
vn -0.0950 0.9350 0.3416
vn -0.3168 -0.8412 0.4382
vn -0.2380 -0.5440 0.8046
vn -0.8248 0.4843 0.2917
vn -0.0384 0.8043 -0.5930
vn 0.7977 0.3450 -0.4947
vn -0.9714 0.0664 0.2281
vn -0.7184 0.6956 -0.0046
vn 0.1897 0.9705 0.1491
vn 0.1639 -0.9391 0.3020
vn -0.0768 0.7875 0.6115
vn -0.0591 0.4463 0.8929
vn -0.1229 0.1204 0.9851
vn -0.0128 -0.0410 0.9991
vn 0.1727 -0.5877 0.7904
vn -0.0251 0.3784 0.9253
vn 0.0519 -0.5239 0.8502
vn 0.2734 -0.9585 -0.0807
vn 0.1420 -0.2325 0.9622
vn 0.1813 0.3488 0.9195
vn 0.2125 0.7228 -0.6575
vn -0.4360 0.0395 0.8991
vn 0.3136 0.9203 0.2339
vn 0.2846 0.8741 0.3936
vn -0.1059 0.6308 0.7687
vn 0.1092 -0.7452 0.6578
vn 0.0370 0.1387 0.9896
vn 0.0667 0.0731 0.9951
vn -0.0235 -0.1888 0.9817
vn -0.6977 -0.4395 0.5658
vn 0.4180 0.7946 -0.4402
vn -0.1579 -0.3149 -0.9359
vn 0.9171 0.3405 0.2074
vn 0.5619 -0.3975 0.7254
vn 0.3701 0.5050 0.7798
vn -0.0896 -0.5292 -0.8437
vn 0.1458 0.9514 0.2712
vn 0.1969 0.9696 0.1454
vn 0.2117 0.9138 0.3467
vn -0.1018 -0.9946 -0.0182
vn -0.9749 -0.2038 0.0901
vn -0.1204 -0.3766 0.9185
vn -0.4472 0.3141 0.8375
vn -0.3435 0.8746 -0.3423
vn -0.1661 -0.5983 0.7839
vn -0.0948 -0.8290 0.5511
vn 0.3277 0.8315 -0.4485
vn 0.2230 0.9747 0.0166
vn -0.7601 -0.6497 -0.0085
vn -0.7621 -0.6454 0.0516
vn 0.7125 -0.6344 -0.2997
vn -0.1733 -0.8588 -0.4821
vn 0.1509 0.8890 0.4324
vn 0.2726 0.9233 0.2704
vn -0.2535 -0.9673 0.0114
vn -0.4812 -0.5272 -0.7004
vn -0.1215 0.6262 0.7701
vn -0.0862 0.0793 0.9931
vn -0.2448 -0.1174 0.9624
vn -0.2481 0.3753 -0.8931
vn -0.0659 -0.2140 0.9746
vn -0.0744 0.4165 0.9061
vn -0.2431 -0.2759 0.9299
vn 0.2110 0.9251 -0.3158
vn -0.2464 0.4946 0.8334
vn -0.0972 0.6859 -0.7211
vn 0.0871 0.9850 0.1492
vn -0.5319 0.1130 0.8392
vn 0.0015 -0.9933 0.1157
vn 0.3696 -0.2561 0.8932
vn -0.9219 -0.0899 0.3769
vn 0.3133 0.4596 0.8311
vn 0.7813 -0.2391 -0.5766
vn -0.0807 0.9536 0.2899
vn 0.5865 0.1640 -0.7932
vn -0.3959 0.4565 0.7968
vn 0.0323 -0.9723 0.2314
vn -0.3253 0.4323 0.8410
vn -0.2815 0.0842 0.9559
vn -0.3362 -0.1597 0.9281
vn 0.1067 -0.9356 -0.3366
vn 0.4248 -0.6853 -0.5915
vn 0.6372 -0.6659 -0.3881
vn 0.6711 -0.7369 -0.0813
vn 0.6198 -0.7691 -0.1558
vn 0.8809 0.4717 -0.0395
vn -0.0032 0.9847 0.1744
vn 0.4214 0.1050 0.9008
vn 0.0078 0.5903 0.8071
vn -0.8600 0.2645 -0.4364
vn 0.1251 0.7329 0.6687
vn -0.2384 0.9707 -0.0307
vn 0.5185 0.8545 -0.0312
vn -0.4751 0.6849 0.5525
vn -0.4893 0.6005 0.6324
vn -0.7456 0.4117 0.5241
vn -0.4818 -0.3391 0.8080
vn -0.3793 0.1260 0.9167
vn -0.5501 0.7866 -0.2805
vn 0.0288 0.9409 0.3374
vn -0.0065 0.9998 -0.0165
vn 0.4208 0.9015 0.1009
vn 0.4328 0.8367 0.3356
vn 0.2011 0.6934 0.6920
vn -0.3330 0.9406 0.0663
vn -0.2189 0.8769 0.4279
vn 0.4552 0.8823 0.1195
vn -0.2588 0.5743 0.7767
vn -0.3944 0.5588 0.7295
vn 0.8736 0.4489 0.1881
vn 0.1125 -0.4699 -0.8755
vn -0.2942 -0.2461 0.9235
vn -0.2448 0.5455 0.8015
vn 0.7862 -0.1002 -0.6098
vn 0.1016 0.7899 -0.6047
vn 0.0714 0.9243 -0.3748
vn 0.8831 -0.4682 -0.0300
vn 0.3558 -0.9331 0.0525
vn 0.4506 -0.1801 0.8744
vn -0.9595 -0.1632 -0.2296
vn -0.5271 0.2853 0.8005
vn -0.3153 0.1229 0.9410
vn -0.5406 0.0498 0.8398
vn -0.1362 -0.9893 0.0516
vn -0.1271 0.9914 -0.0323
vn 0.6477 -0.0773 0.7580
vn 0.3278 0.9446 -0.0141
vn 0.5672 -0.1812 -0.8034
vn 0.8796 -0.1050 -0.4640
vn 0.2908 0.8288 0.4781
vn 0.2604 0.7221 0.6409
vn 0.3529 -0.9342 -0.0526
vn 0.6877 -0.2549 -0.6798
vn 0.9808 -0.1910 0.0395
vn -0.1420 0.9447 -0.2958
vn -0.1733 0.9692 0.1747
vn -0.2196 -0.9750 -0.0345
vn -0.0013 -0.8328 0.5535
vn 0.4430 0.0961 0.8914
vn 0.2768 -0.6368 -0.7196
vn -0.7485 0.5724 -0.3349
vn -0.0180 -0.9904 -0.1370
vn -0.4448 0.8929 0.0702
vn 0.0105 -0.9988 -0.0473
vn -0.4604 -0.7948 0.3955
vn 0.6677 -0.3574 -0.6530
vn 0.6246 -0.6536 -0.4274
vn -0.2263 0.7363 -0.6377
vn -0.2237 0.8160 -0.5330
vn -0.1900 0.9545 -0.2297
vn -0.1826 0.9761 -0.1181
vn 0.1070 0.9848 -0.1370
vn 0.4862 0.4936 -0.7211
vn -0.9007 -0.4306 -0.0582
vn -0.2987 0.0024 -0.9544
vn 0.1751 0.9806 0.0881
vn 0.0867 0.8588 0.5049
vn 0.3732 -0.1615 0.9136
vn 0.2311 0.7811 0.5800
vn -0.5544 -0.0461 -0.8310
vn -0.3490 -0.0151 0.9370
vn -0.6702 -0.0221 0.7419
vn 0.5419 0.1161 -0.8324
vn 0.6204 -0.5052 -0.5999
vn -0.4954 0.4201 -0.7603
vn -0.9519 0.3017 -0.0535
vn 0.3086 -0.7757 -0.5506
vn 0.8469 0.2295 -0.4797
vn 0.9459 -0.2607 -0.1929
vn -0.5933 0.6168 0.5172
vn -0.7018 0.6837 -0.1998
vn -0.5648 0.1933 0.8022
vn 0.6149 -0.5431 -0.5717
vn -0.4406 0.8512 -0.2852
vn 0.1326 0.6894 -0.7121
vn -0.8323 -0.5365 0.1394
vn -0.6605 0.6967 0.2799
vn -0.6187 0.5293 0.5806
vn 0.4663 -0.0193 0.8844
vn 0.3803 -0.0870 0.9208
vn 0.8472 0.0407 -0.5298
vn 0.8079 -0.1655 -0.5656
vn 0.8378 -0.2930 -0.4607
vn 0.8120 -0.3662 -0.4545
vn 0.8460 -0.4154 -0.3341
vn -0.4498 0.5841 -0.6756
vn 0.2222 -0.7696 0.5986
vn -0.3983 0.7318 -0.5530
vn -0.4998 0.7730 -0.3908
vn -0.6419 0.0905 -0.7615
vn 0.7335 0.6479 -0.2057
vn -0.1101 0.2520 0.9614
vn -0.2978 0.1419 0.9440
vn 0.5268 -0.5560 0.6429
vn 0.1945 0.4120 0.8902
vn -0.6179 0.2638 0.7407
vn 0.3992 -0.3100 0.8629
vn -0.0214 -0.4213 0.9067
vn 0.4971 0.7606 -0.4176
vn 0.2271 0.6767 -0.7004
vn 0.9801 -0.1038 0.1690
vn -0.6354 0.7653 -0.1028
vn -0.5540 -0.8281 0.0854
vn -0.5691 0.3666 -0.7360
vn 0.6967 0.5298 -0.4837
vn -0.9796 0.0705 -0.1883
vn -0.0769 0.9849 -0.1553
vn 0.9533 -0.2477 0.1727
vn -0.7907 0.5610 -0.2449
vn 0.1955 -0.6945 0.6924
vn 0.1978 -0.9646 -0.1743
vn 0.9893 -0.1393 0.0433
vn 0.9193 0.1093 -0.3781
vn 0.9897 -0.1213 -0.0757
vn -0.7740 -0.2549 -0.5796
vn -0.2938 0.1642 0.9417
vn 0.1713 0.5321 0.8292
vn -0.2662 -0.5211 0.8109
vn 0.4744 0.8800 0.0226
vn -0.0303 -0.9457 0.3237
vn 0.7638 -0.6454 -0.0079
vn 0.1701 0.8451 0.5069
vn 0.1836 0.9682 -0.1702
vn 0.6724 0.2499 0.6967
vn -0.4521 -0.8601 -0.2362
vn -0.5335 0.8364 -0.1256
vn -0.9845 -0.1127 -0.1343
vn -0.3994 0.8336 -0.3814
vn 0.7077 0.6731 -0.2148
vn -0.5397 0.4915 -0.6835
vn -0.1652 0.9723 0.1656
vn -0.1585 0.9007 0.4046
vn -0.1614 0.5841 0.7955
vn -0.2012 0.4768 0.8557
vn 0.5210 -0.7029 0.4843
vn -0.0046 0.3416 0.9398
vn 0.3214 -0.7970 0.5114
vn 0.2968 -0.0674 0.9526
vn 0.5713 0.4795 -0.6662
vn 0.6278 0.4029 -0.6660
vn -0.7769 -0.1562 0.6099
vn 0.9417 0.1705 -0.2900
vn 0.9746 0.0938 -0.2036
vn 0.7843 -0.4767 0.3971
vn -0.1714 0.9519 -0.2539
vn -0.4649 0.5149 0.7203
vn 0.5940 0.5567 0.5807
vn 0.4892 -0.6267 0.6066
vn 0.2245 -0.2531 0.9410
vn -0.6707 0.2756 0.6886
vn -0.2176 -0.7050 0.6750
vn -0.4376 -0.8855 0.1560
vn 0.7656 0.4670 0.4424
vn 0.6350 0.2028 0.7454
vn -0.5084 0.4091 -0.7577
vn -0.0205 -0.9997 0.0156
vn -0.3127 0.8741 0.3718
vn -0.4407 0.3166 0.8400
vn 0.4674 -0.6330 0.6171
vn -0.3431 -0.8338 0.4324
vn 0.3673 0.7874 -0.4950
vn 0.5649 0.5562 -0.6095
vn 0.2923 -0.8705 0.3959
vn 0.0802 -0.3140 0.9460
vn -0.2255 -0.6864 0.6914
vn 0.6074 -0.1453 -0.7810
vn 0.4320 -0.3218 0.8425
vn 0.4042 0.3776 0.8331
vn -0.6358 0.7380 -0.2262
vn 0.7518 0.0715 -0.6554
vn -0.2696 0.9263 -0.2632
vn 0.0066 -0.3301 0.9439
vn 0.5290 0.5574 -0.6400
vn -0.3378 0.9140 0.2245
vn -0.3317 0.5508 0.7659
vn 0.5871 -0.7223 -0.3656
vn 0.5005 0.2593 0.8260
vn 0.1819 0.9559 0.2307
vn 0.7454 0.6478 0.1572
vn 0.2743 -0.6872 0.6727
vn 0.1400 0.8942 -0.4253
vn 0.3341 -0.4174 0.8451
vn 0.0952 -0.5632 0.8208
vn 0.1482 0.0337 0.9884
vn 0.0065 -0.1617 0.9868
vn -0.6797 -0.7219 0.1296
vn -0.1148 -0.0952 0.9888
vn -0.4095 0.9005 0.1466
vn 0.0026 0.4380 -0.8989
vn 0.2181 0.9626 -0.1610
vn 0.0947 0.4861 0.8688
vn 0.4578 0.3708 0.8080
vn -0.1173 -0.9907 -0.0695
vn 0.7019 0.4402 -0.5599
vn -0.0040 -0.9963 -0.0853
vn -0.0330 0.6349 -0.7719
vn -0.7301 -0.4645 0.5011
vn 0.2434 -0.7945 0.5564
vn 0.1153 0.8709 0.4777
vn 0.2988 0.6570 0.6921
vn 0.3799 -0.5122 0.7703
vn 0.6732 -0.7233 -0.1537
vn 0.0197 -0.9530 -0.3023
vn 0.2367 0.7132 -0.6598
vn -0.1789 -0.7081 0.6831
vn 0.0436 0.9306 -0.3635
vn 0.0051 0.9776 -0.2106
vn 0.7409 -0.5439 0.3939
vn 0.6119 -0.6917 0.3837
vn -0.4519 0.8908 -0.0470
vn 0.1365 0.0402 0.9898
vn 0.8583 -0.4981 -0.1232
vn -0.3364 0.5802 0.7418
vn 0.2114 -0.9765 -0.0422
vn -0.9436 -0.1746 0.2814
vn 0.3794 0.0285 0.9248
vn 0.3074 -0.1330 0.9423
vn -0.8660 0.4607 -0.1942
vn -0.4304 0.2425 0.8695
vn 0.4009 -0.3973 0.8255
vn 0.8896 -0.3566 0.2855
vn -0.5861 -0.1923 0.7871
vn 0.2833 0.8821 -0.3763
vn -0.4195 0.6385 0.6452
vn 0.9503 -0.2953 0.0986
vn 0.3174 0.3214 0.8922
vn 0.2767 -0.6129 0.7402
vn 0.4982 0.5943 -0.6314
vn 0.4399 0.7800 -0.4451
vn 0.1948 0.7432 -0.6401
vn 0.1069 0.8175 -0.5659
vn 0.5426 0.5819 0.6057
vn -0.0700 0.8950 -0.4405
vn 0.3132 0.6105 0.7275
vn -0.2350 -0.9644 0.1215
vn 0.9289 -0.3170 0.1915
vn -0.5014 0.8238 -0.2646
vn -0.5185 0.8425 -0.1462
vn -0.4115 0.8938 -0.1781
vn 0.1423 0.8279 -0.5425
vn 0.8051 -0.5199 -0.2855
vn 0.2184 0.7439 0.6316
vn 0.2125 -0.8770 0.4310
vn 0.2752 0.4040 0.8724
vn -0.1006 0.0761 -0.9920
vn 0.1666 0.1114 0.9797
vn 0.4251 0.7131 -0.5575
vn 0.7523 0.6587 0.0144
vn 0.5525 0.0911 -0.8285
vn 0.5099 -0.1353 0.8495
vn -0.1037 -0.8984 0.4267
vn 0.7875 -0.0452 0.6147
vn -0.3438 0.8892 -0.3020
vn -0.5446 0.8030 0.2422
vn -0.5244 0.7830 0.3344
vn 0.5779 -0.7063 -0.4088
vn 0.5603 -0.5743 0.5969
vn 0.2030 -0.8941 -0.3992
vn 0.7954 0.3961 -0.4586
vn 0.0688 0.7279 0.6822
vn 0.3144 0.3849 0.8677
vn 0.9740 -0.1369 -0.1803
vn -0.3691 0.8678 -0.3329
vn 0.7797 -0.5815 0.2323
vn 0.6120 0.0027 0.7909
vn -0.2941 0.8243 -0.4838
vn -0.5072 0.7105 -0.4878
vn 0.4336 -0.6127 0.6607
vn 0.8919 0.3926 0.2245
vn 0.3728 0.8574 0.3547
vn -0.9693 0.1159 -0.2168
vn -0.6348 0.1964 -0.7473
vn -0.3439 0.6235 -0.7021
vn -0.3885 0.9085 -0.1538
vn -0.7852 0.0868 0.6131
vn -0.3171 0.8827 0.3468
vn -0.5483 0.6012 -0.5813
vn 0.6542 -0.0973 0.7500
vn 0.4276 -0.2694 0.8629
vn -0.1162 0.9916 -0.0569
vn 0.0547 0.7596 -0.6480
vn 0.6323 -0.7308 -0.2571
vn 0.1371 0.7397 -0.6589
vn -0.0317 0.9829 0.1814
vn 0.0379 0.7035 0.7096
vn 0.8609 -0.4563 0.2252
vn 0.8683 -0.4630 -0.1778
vn -0.8205 0.4523 0.3497
vn -0.5216 0.3298 -0.7869
vn 0.5995 0.3011 -0.7416
vn 0.1916 0.7507 -0.6322
vn 0.0710 0.8508 -0.5206
vn 0.1215 0.9835 -0.1341
vn 0.0982 -0.9127 -0.3967
vn -0.1327 0.8990 -0.4174
vn -0.5079 0.5824 -0.6346
vn -0.4916 0.8686 -0.0614
vn 0.9315 -0.3589 0.0593
vn 0.8081 0.3413 -0.4801
vn 0.8181 -0.3795 -0.4322
vn -0.8746 0.4119 -0.2559
vn 0.5837 0.7588 -0.2891
vn -0.6020 0.6875 0.4061
vn 0.9023 -0.0662 -0.4259
vn 0.4183 -0.5654 0.7109
vn 0.0174 -0.1364 0.9905
vn 0.0607 0.1349 0.9890
vn 0.1301 0.1954 0.9721
vn 0.9155 -0.2592 -0.3078
vn -0.1794 -0.0765 0.9808
vn -0.2483 -0.8009 -0.5448
vn 0.7192 0.6448 0.2589
vn 0.9642 0.2479 -0.0941
vn 0.8389 -0.5029 -0.2083
vn -0.5659 0.8222 -0.0618
vn 0.8618 -0.1076 0.4957
vn 0.9207 0.0473 0.3875
vn -0.2407 0.0623 0.9686
vn -0.5680 0.8206 0.0629
vn 0.8499 0.3428 -0.4002
vn 0.8046 -0.3896 0.4481
vn -0.5696 0.4995 0.6527
vn -0.4654 0.3201 0.8252
vn -0.2815 0.8405 -0.4630
vn 0.4624 -0.5599 0.6875
vn -0.2974 0.8990 -0.3215
vn 0.3640 -0.7116 -0.6010
vn 0.6396 0.5524 -0.5346
vn -0.6118 0.7790 -0.1374
vn 0.9586 -0.2846 0.0117
vn 0.9633 0.2109 -0.1663
vn 0.0553 0.8106 0.5830
vn -0.0707 0.6550 0.7523
vn 0.4803 -0.7405 -0.4701
vn 0.0867 0.6290 -0.7725
vn -0.9149 0.3021 0.2676
vn 0.5074 0.8398 -0.1931
vn -0.0984 -0.0041 0.9951
vn -0.1362 -0.2150 0.9671
vn -0.3013 0.7609 -0.5747
vn -0.9510 0.2626 0.1630
vn -0.3231 0.8435 -0.4290
vn -0.3309 0.8832 -0.3324
vn 0.9613 -0.1743 -0.2133
vn 0.9651 -0.2335 -0.1188
vn -0.1533 -0.7584 0.6335
vn 0.3473 0.2141 0.9130
vn -0.0800 -0.9967 0.0126
vn 0.2695 -0.6667 0.6948
vn -0.9999 0.0132 -0.0110
vn -0.0546 0.9554 0.2901
vn 0.9929 0.1027 0.0604
vn -0.1908 -0.1337 0.9725
vn -0.8919 0.4278 0.1468
vn -0.2647 -0.2941 0.9184
vn 0.9113 0.2449 -0.3308
vn 0.8914 -0.4235 0.1612
vn 0.8938 -0.2312 0.3844
vn 0.6024 0.5065 -0.6169
vn 0.3694 -0.2537 -0.8940
vn 0.4750 -0.6471 -0.5964
vn 0.1402 -0.2736 0.9516
vn -0.2227 0.3803 0.8976
vn 0.2081 -0.9609 0.1824
vn 0.1097 -0.2129 0.9709
vn -0.1245 0.9821 0.1415
vn 0.2825 -0.9030 -0.3239
vn 0.7962 -0.1300 -0.5909
vn 0.7848 -0.6130 -0.0908
vn 0.7923 -0.6101 0.0072
vn 0.9467 -0.1399 0.2902
vn -0.1284 0.8761 -0.4647
vn 0.6289 -0.1154 0.7689
vn 0.9947 0.0884 0.0523
vn 0.4244 -0.6938 0.5818
vn 0.3924 0.8981 0.1987
vn 0.4385 0.8973 0.0515
vn -0.0607 -0.3255 0.9436
vn 0.7616 0.4354 -0.4800
vn -0.4852 0.8405 -0.2411
vn 0.8582 0.1019 0.5031
vn -0.4261 0.2069 0.8807
vn 0.6347 -0.6103 -0.4740
vn 0.6965 -0.6822 -0.2227
vn 0.5665 -0.0884 0.8193
vn 0.2897 0.5973 0.7479
vn 0.1355 0.8078 0.5736
vn -0.2555 -0.9132 0.3176
vn 0.1167 -0.6272 0.7700
vn -0.4414 0.8908 0.1077
vn 0.4867 0.4126 -0.7700
vn -0.2108 -0.6406 0.7383
vn 0.6106 -0.7752 0.1620
vn 0.6666 0.0991 0.7388
vn 0.0821 -0.7575 -0.6477
vn 0.8130 0.5488 0.1945
vn 0.3499 -0.6880 0.6358
vn 0.8792 0.1628 0.4478
vn 0.7328 0.6786 -0.0509
vn 0.7314 -0.6521 -0.1995
vn 0.8594 -0.3499 0.3728
vn 0.8064 -0.4946 0.3242
vn 0.8851 -0.3315 0.3266
vn 0.8572 -0.2534 0.4482
vn 0.3050 0.2798 0.9103
vn -0.2903 -0.6385 0.7128
vn -0.2289 -0.4693 0.8528
vn -0.1774 -0.5515 0.8151
vn -0.3547 0.2421 0.9031
vn -0.3804 0.1218 0.9168
vn -0.2989 -0.0792 0.9510
vn 0.3741 -0.5129 -0.7727
vn 0.7417 0.1385 0.6563
vn -0.1795 0.4755 0.8612
vn 0.4807 0.7165 0.5056
vn 0.4839 0.6153 0.6223
vn 0.9383 0.3308 0.1006
vn 0.8756 0.4664 -0.1254
vn 0.9989 -0.0472 -0.0006
vn 0.9501 -0.2658 -0.1632
vn 0.9831 0.1442 -0.1132
vn 0.9184 -0.3936 -0.0401
vn 0.6775 -0.6279 0.3831
vn -0.0267 -0.5117 0.8588
vn -0.3537 0.7679 0.5340
vn 0.0502 -0.9956 0.0790
vn 0.1573 -0.7695 0.6190
vn -0.0357 0.4412 -0.8967
vn -0.2071 0.8172 -0.5379
vn -0.1758 0.8707 -0.4593
vn -0.0360 0.9210 0.3878
vn 0.3398 -0.9404 0.0145
vn 0.5568 0.8291 -0.0503
vn 0.5125 0.7857 -0.3463
vn -0.1635 0.4465 0.8797
vn 0.4705 -0.4981 0.7283
vn -0.3738 -0.7497 0.5461
vn -0.3748 -0.6895 0.6197
vn -0.2752 -0.4761 0.8352
vn -0.5386 -0.3660 0.7590
vn -0.1906 0.9811 0.0330
vn -0.3790 -0.4636 0.8009
vn 0.6202 -0.3482 0.7029
vn 0.4821 0.2460 0.8409
vn -0.4336 0.8982 -0.0727
vn 0.1894 0.8696 -0.4560
vn -0.5635 0.7838 0.2609
vn -0.3860 0.5427 -0.7460
vn -0.3108 0.6276 -0.7138
vn -0.4332 0.8831 0.1799
vn -0.5819 0.8008 0.1420
vn 0.2931 -0.1254 0.9478
vn 0.2552 0.9456 0.2015
vn 0.2211 0.9722 0.0767
vn 0.2749 -0.5941 0.7560
vn 0.1120 0.7361 -0.6675
vn 0.2083 -0.2117 0.9549
vn -0.9573 -0.0553 0.2838
vn 0.5958 -0.5771 0.5585
vn 0.5479 0.2984 0.7815
vn 0.3491 -0.8932 -0.2836
vn -0.4154 0.5347 0.7359
vn -0.4683 -0.4582 0.7555
vn -0.4589 0.8843 -0.0865
vn 0.3595 0.0016 -0.9332
vn -0.4787 -0.0208 0.8777
vn 0.5511 0.3896 0.7379
vn 0.4773 0.6440 0.5978
vn -0.2461 -0.5821 -0.7750
vn 0.4146 0.8546 0.3127
vn 0.3537 0.8956 -0.2698
vn -0.3005 0.9515 -0.0661
vn 0.2091 -0.6718 0.7106
vn 0.2745 -0.3095 0.9104
vn 0.2109 -0.3780 0.9015
vn 0.9711 0.2368 -0.0298
vn -0.3608 0.7866 0.5011
vn -0.3799 0.1882 0.9057
vn -0.4552 0.0359 -0.8897
vn 0.3025 0.7157 0.6296
vn -0.5948 0.7527 0.2823
vn -0.5012 -0.1952 0.8430
vn -0.5601 0.5286 0.6379
vn -0.1755 0.8430 -0.5085
vn -0.1302 0.8879 -0.4412
vn -0.5556 0.7871 -0.2680
vn 0.7200 -0.6420 -0.2637
vn -0.9479 -0.3181 -0.0172
vn -0.6612 0.5785 0.4777
vn -0.5585 -0.3725 0.7411
vn -0.0340 -0.8904 -0.4539
vn 0.3317 0.9236 -0.1924
vn -0.7770 -0.3460 0.5258
vn 0.6510 0.7527 0.0985
vn 0.9926 -0.0034 0.1214
vn -0.3751 0.9005 0.2202
vn 0.1790 0.8209 0.5424
vn 0.3174 0.1805 0.9310
vn 0.1244 0.6744 -0.7278
vn -0.3042 -0.9491 0.0822
vn -0.1601 -0.4667 0.8698
vn -0.7970 -0.4858 0.3588
vn 0.8410 -0.4515 0.2983
vn 0.5954 -0.7971 -0.1004
vn -0.4236 0.9055 -0.0251
vn -0.5979 -0.1151 0.7933
vn -0.8993 -0.2284 0.3729
vn -0.8405 -0.0620 0.5383
vn 0.8639 0.2954 -0.4080
vn -0.8666 0.2926 0.4043
vn -0.1497 -0.4500 0.8804
vn -0.4098 -0.2966 0.8626
vn 0.4212 0.2453 -0.8732
vn 0.2042 0.1792 0.9624
vn -0.5428 0.2063 0.8141
vn -0.3947 0.8381 -0.3766
vn -0.3043 -0.2641 0.9153
vn -0.3089 0.1651 -0.9367
vn -0.6397 0.2154 0.7378
vn -0.0358 0.8100 -0.5854
vn -0.0659 0.9622 -0.2644
vn -0.8155 0.4017 0.4166
vn 0.3616 -0.8606 -0.3585
vn -0.8122 0.2024 0.5472
vn -0.5468 0.7296 0.4107
vn 0.6604 0.0405 0.7499
vn -0.3479 -0.9338 0.0831
vn -0.3081 -0.8812 -0.3584
vn 0.2456 -0.8315 0.4983
vn -0.1806 0.9613 -0.2082
vn -0.4463 0.8802 -0.1613
vn -0.6192 0.7829 -0.0606
vn -0.6736 0.6827 -0.2831
vn -0.6742 0.7015 0.2309
vn -0.6706 0.6635 0.3318
vn -0.7199 0.5923 0.3619
vn -0.6642 0.5478 0.5087
vn 0.0367 0.4684 -0.8827
vn -0.7299 0.6810 0.0594
vn -0.4210 -0.2492 0.8721
vn -0.6021 -0.3072 0.7369
vn -0.6134 -0.2210 0.7582
vn -0.0073 0.0932 0.9956
vn -0.1078 -0.3663 0.9242
vn -0.7204 0.4563 0.5223
vn -0.2556 0.9595 -0.1186
vn -0.4464 -0.5877 0.6747
vn -0.5030 -0.4808 0.7182
vn -0.4713 0.0246 0.8816
vn -0.4286 -0.0648 0.9012
vn -0.2752 0.8607 -0.4283
vn -0.2106 0.9114 -0.3535
vn -0.0747 -0.7940 0.6033
vn -0.3106 0.9470 0.0822
vn -0.8506 0.5254 0.0202
vn -0.3093 0.1631 0.9369
vn -0.6996 0.3042 -0.6465
vn -0.3530 0.8680 -0.3492
vn -0.3484 0.9061 -0.2401
vn -0.3105 0.9502 -0.0273
vn -0.4251 0.8857 0.1868
vn 0.3305 0.4654 -0.8211
vn -0.3494 -0.3922 0.8510
vn -0.8709 -0.4884 0.0557
vn 0.6536 -0.7486 0.1110
vn -0.0927 0.3014 0.9490
vn -0.6701 0.7035 0.2367
vn -0.6233 0.1817 0.7606
vn -0.3936 -0.3104 0.8653
vn -0.3773 -0.7088 0.5960
vn -0.0942 0.1555 0.9833
vn -0.2548 -0.4888 0.8344
vn -0.5809 0.7068 -0.4038
vn -0.7460 0.5867 0.3152
vn -0.5272 -0.7115 0.4645
vn -0.8018 -0.0025 0.5977
vn -0.1768 0.3787 0.9085
vn -0.2442 -0.0580 0.9680
vn -0.2967 -0.3729 0.8791
vn -0.2089 0.9638 0.1654
vn -0.9106 0.1640 -0.3794
vn -0.3108 0.4579 0.8329
vn -0.2688 0.5791 0.7697
vn -0.2798 -0.9598 0.0210
vn -0.0763 -0.5396 0.8384
vn -0.6396 0.5985 0.4824
vn -0.5832 0.4780 0.6568
vn -0.3152 -0.6903 0.6512
vn -0.6734 0.5391 0.5059
vn -0.4144 -0.4723 0.7780
vn -0.6747 0.1930 0.7125
vn -0.4476 0.0803 0.8906
vn -0.2546 -0.2108 0.9438
vn -0.6525 0.5169 0.5542
vn -0.4034 -0.1445 0.9035
vn -0.5321 -0.2720 0.8018
vn 0.1568 -0.4405 0.8840
vn -0.2202 -0.1065 0.9696
vn -0.7895 0.5216 -0.3234
vn 0.6692 0.2703 -0.6922
vn 0.0574 -0.9901 0.1283
vn -0.6264 -0.4691 0.6226
vn -0.4134 0.3921 -0.8218
vn -0.6990 0.7126 -0.0599
vn -0.6943 0.4054 0.5946
vn -0.7357 0.6686 -0.1084
vn -0.6535 0.5579 0.5116
vn -0.3953 0.9166 0.0594
vn -0.6712 0.3270 0.6653
vn -0.7176 0.5995 -0.3544
vn -0.8122 0.5344 0.2339
vn 0.8531 0.3650 0.3729
vn -0.3234 -0.8263 0.4610
vn -0.4628 -0.4713 0.7508
vn -0.2579 -0.0856 0.9624
vn -0.1525 -0.2524 0.9555
vn -0.2435 -0.2671 0.9324
vn -0.9240 0.3011 0.2358
vn -0.0048 0.8144 -0.5802
vn -0.8489 -0.1950 0.4913
vn -0.3845 -0.2021 0.9007
vn -0.9551 0.2455 0.1658
vn -0.7365 0.5280 0.4228
vn 0.6364 0.7651 0.0980
vn 0.2133 0.2209 0.9517
vn -0.5270 -0.6167 0.5848
vn 0.5815 0.7346 -0.3496
vn 0.6605 0.2552 0.7061
vn 0.9129 -0.3992 0.0851
vn 0.9548 -0.2549 -0.1531
vn 0.7341 -0.6748 0.0761
vn 0.7279 -0.6598 0.1864
vn 0.9380 -0.2898 0.1904
vn 0.6068 -0.5252 -0.5966
vn 0.6930 -0.6626 -0.2841
vn 0.5727 -0.8193 0.0265
vn 0.6003 -0.7920 0.1110
vn 0.9309 0.3502 -0.1043
vn 0.6126 -0.3406 0.7132
vn -0.0379 0.4771 -0.8780
vn 0.5818 -0.7845 -0.2147
vn 0.6305 -0.7682 0.1111
vn 0.2546 -0.5670 0.7834
vn 0.7848 -0.5967 0.1676
vn 0.9692 0.1605 -0.1870
vn 0.4063 0.2052 -0.8904
vn 0.4916 0.0983 -0.8652
vn 0.4280 -0.0765 -0.9005
vn 0.3813 -0.2915 -0.8773
vn 0.2562 0.0539 0.9651
vn 0.1758 -0.7798 -0.6008
vn 0.7768 -0.6279 -0.0490
vn 0.6591 -0.5934 -0.4620
vn 0.0772 0.5961 -0.7992
vn 0.0173 -0.5913 -0.8063
vn 0.2989 -0.8803 -0.3685
vn 0.8214 0.4919 -0.2886
vn 0.6770 -0.3487 -0.6481
vn 0.1673 -0.9251 -0.3408
vn -0.1715 0.3335 0.9270
vn 0.5066 -0.5041 -0.6995
vn 0.5835 -0.6862 -0.4343
vn 0.6451 -0.7627 -0.0465
vn 0.1020 0.2398 -0.9654
vn 0.0198 -0.0664 -0.9976
vn -0.0326 0.3989 -0.9164
vn -0.0190 -0.3475 -0.9375
vn -0.1251 -0.4671 -0.8753
vn 0.6387 -0.3175 -0.7009
vn -0.1136 0.9620 0.2481
vn 0.2828 -0.9474 -0.1498
vn 0.3714 -0.4605 -0.8062
vn 0.5233 -0.6275 -0.5766
vn 0.5554 -0.7609 -0.3355
vn 0.4061 -0.6852 0.6046
vn -0.0999 -0.1542 -0.9830
vn 0.5576 -0.6748 -0.4835
vn 0.1882 -0.9501 -0.2487
vn 0.4266 -0.8616 -0.2752
vn 0.3019 -0.7803 0.5478
vn 0.3965 -0.8547 -0.3350
vn 0.3827 -0.9023 -0.1984
vn 0.1983 -0.9368 -0.2883
vn 0.4651 0.0832 -0.8813
vn 0.4981 -0.1979 -0.8443
vn 0.9652 -0.1033 -0.2403
vn -0.1810 -0.9409 -0.2862
vn -0.9612 0.1619 -0.2232
vn 0.2433 -0.4848 -0.8401
vn 0.1638 0.1195 -0.9792
vn -0.0704 -0.8100 0.5822
vn 0.2889 -0.7663 -0.5738
vn -0.1875 -0.9784 0.0877
vn 0.3628 -0.6341 -0.6829
vn 0.6318 -0.2727 0.7255
vn 0.1099 -0.9183 -0.3802
vn -0.1878 -0.8906 0.4143
vn -0.2588 -0.9249 0.2785
vn -0.3076 -0.8418 0.4436
vn 0.3806 0.0514 -0.9233
vn 0.3358 -0.2856 -0.8976
vn -0.0273 -0.9936 0.1097
vn 0.5672 0.4739 -0.6736
vn 0.5385 0.7802 -0.3183
vn 0.3087 -0.8923 -0.3294
vn 0.1064 -0.6477 -0.7544
vn 0.0247 -0.9551 -0.2953
vn 0.4188 -0.2755 -0.8653
vn 0.3601 0.5884 -0.7239
vn 0.9628 -0.2698 0.0157
vn -0.5789 0.8015 0.1503
vn 0.3333 -0.9314 -0.1464
vn 0.3994 -0.8329 0.3831
vn 0.3376 -0.1738 -0.9251
vn 0.3450 0.5142 -0.7852
vn 0.8021 -0.3968 0.4462
vn -0.0341 -0.9589 -0.2816
vn 0.5063 0.7360 -0.4494
vn -0.1666 -0.7686 -0.6176
vn -0.1038 -0.6573 -0.7464
vn -0.1676 -0.5680 -0.8058
vn 0.4786 -0.2189 0.8503
vn 0.1181 0.4255 -0.8972
vn -0.1770 -0.9697 0.1681
vn 0.6200 -0.4501 -0.6427
vn 0.2213 -0.1289 -0.9667
vn 0.1676 0.6882 0.7059
vn -0.1211 -0.9366 -0.3287
vn -0.0464 -0.9047 -0.4235
vn 0.0449 -0.9354 -0.3509
vn -0.1493 -0.9866 -0.0664
vn 0.1736 -0.6871 0.7056
vn 0.6554 -0.5507 -0.5169
vn 0.1997 0.4198 -0.8854
vn 0.3660 -0.7094 -0.6023
vn 0.0093 -0.0150 -0.9998
vn 0.4851 -0.7871 0.3809
vn 0.3957 -0.5682 0.7215
vn 0.4570 0.3366 -0.8233
vn 0.4725 -0.7838 -0.4029
vn 0.4011 -0.6009 -0.6914
vn 0.2335 -0.7951 -0.5598
vn -0.8661 0.0305 -0.4989
vn -0.1919 -0.9480 -0.2537
vn 0.4773 -0.5467 0.6880
vn 0.7440 -0.4551 -0.4892
vn 0.1976 -0.2561 -0.9462
vn 0.5822 -0.0213 -0.8128
vn 0.2150 -0.9241 -0.3160
vn 0.1887 -0.9473 -0.2588
vn 0.0569 -0.8613 -0.5049
vn 0.3053 -0.9038 0.2999
vn 0.6175 0.2378 -0.7497
vn -0.0034 -0.9995 0.0325
vn 0.4953 -0.3908 -0.7758
vn 0.6387 -0.4193 -0.6452
vn 0.6387 0.6359 -0.4332
vn 0.6517 -0.5290 -0.5435
vn 0.2923 0.9443 -0.1509
vn 0.0961 -0.7682 -0.6329
vn 0.1989 0.4783 0.8554
vn 0.0941 -0.9777 -0.1877
vn -0.1545 -0.5585 0.8150
vn -0.0209 -0.9761 -0.2165
vn 0.4312 -0.0772 -0.8990
vn 0.5259 0.6995 -0.4839
vn 0.4987 0.8056 -0.3198
vn 0.7838 0.6207 -0.0189
vn 0.2976 -0.8811 -0.3677
vn 0.0735 -0.9964 -0.0431
vn -0.1290 -0.9581 -0.2558
vn 0.5144 0.2904 -0.8069
vn 0.4494 0.7909 -0.4155
vn 0.6564 0.5444 -0.5222
vn 0.1532 0.0344 -0.9876
vn -0.6596 0.3877 -0.6440
vn 0.0032 -0.8790 -0.4769
vn 0.4154 -0.8515 -0.3199
vn 0.1121 -0.9883 0.1038
vn 0.1460 -0.9888 -0.0302
vn -0.1762 -0.7122 0.6795
vn 0.0445 -0.9926 -0.1131
vn -0.4122 -0.7809 -0.4693
vn -0.3211 -0.7542 -0.5728
vn 0.3160 -0.0089 -0.9487
vn 0.4939 -0.8293 0.2613
vn 0.5130 0.6657 -0.5419
vn -0.6595 -0.6184 0.4273
vn 0.3579 -0.9184 -0.1687
vn -0.2663 0.7829 0.5623
vn -0.4194 -0.9078 0.0054
vn 0.4591 -0.8613 -0.2179
vn 0.1566 -0.8685 -0.4703
vn -0.0479 0.9100 -0.4118
vn 0.3569 -0.8952 -0.2669
vn -0.5016 -0.7943 0.3428
vn -0.6113 -0.6014 0.5144
vn -0.2558 -0.7120 0.6540
vn 0.4630 -0.7379 -0.4912
vn 0.4147 -0.8026 -0.4287
vn 0.6134 0.5976 -0.5164
vn 0.1043 -0.0889 -0.9906
vn -0.5927 -0.6433 -0.4846
vn 0.6299 -0.0712 -0.7734
vn 0.2751 0.3557 -0.8932
vn 0.1579 -0.1215 -0.9799
vn -0.3752 0.1935 -0.9065
vn 0.6466 0.4102 -0.6431
vn -0.6797 0.7178 0.1507
vn 0.8416 -0.0930 0.5320
vn -0.7851 -0.6150 -0.0739
vn -0.9752 -0.2213 -0.0110
vn -0.3719 -0.9280 -0.0219
vn -0.5083 0.5360 0.6740
vn -0.6843 -0.6817 -0.2589
vn -0.3982 -0.8054 -0.4390
vn 0.6546 0.3107 -0.6891
vn 0.4396 0.3012 -0.8462
vn 0.4588 0.6990 -0.5486
vn 0.6748 -0.6581 -0.3341
vn -0.7743 -0.6198 0.1276
vn -0.7038 -0.6876 0.1784
vn -0.8853 -0.0022 0.4649
vn -0.1861 -0.0102 -0.9825
vn -0.5801 -0.7645 -0.2813
vn -0.6224 -0.7657 0.1624
vn 0.5518 -0.0603 -0.8318
vn 0.5246 -0.3582 -0.7723
vn 0.4433 -0.5557 -0.7034
vn -0.4241 -0.3410 -0.8390
vn 0.2778 -0.8713 -0.4045
vn 0.3352 0.3996 -0.8532
vn 0.1339 -0.9392 -0.3163
vn 0.2697 -0.8051 -0.5283
vn -0.2799 -0.4691 -0.8376
vn 0.3014 -0.7769 -0.5528
vn -0.5627 0.6593 0.4987
vn -0.3120 -0.8984 -0.3091
vn -0.3086 -0.8586 -0.4093
vn 0.3504 -0.1701 -0.9210
vn 0.4426 0.6193 -0.6485
vn 0.5397 -0.8341 -0.1142
vn 0.1621 -0.9644 -0.2090
vn 0.2291 0.5628 -0.7942
vn 0.2850 0.6988 -0.6560
vn 0.3800 -0.6776 -0.6297
vn 0.0410 0.5227 0.8515
vn 0.0887 -0.8478 -0.5228
vn -0.2102 0.7134 -0.6685
vn 0.7574 0.3851 -0.5274
vn 0.7177 0.5756 -0.3919
vn 0.2051 -0.8398 -0.5027
vn 0.5963 -0.0367 0.8019
vn -0.6791 -0.0229 0.7337
vn -0.5741 -0.5772 0.5807
vn -0.4228 -0.8322 -0.3588
vn -0.5811 -0.8026 -0.1348
vn 0.8710 -0.0803 0.4847
vn 0.4339 0.2030 -0.8778
vn 0.5003 -0.1651 -0.8500
vn 0.4431 -0.0970 -0.8912
vn 0.4039 -0.7392 -0.5389
vn 0.1772 -0.1265 -0.9760
vn 0.6297 0.6165 -0.4727
vn 0.2961 -0.5708 -0.7659
vn 0.3715 -0.9257 -0.0715
vn 0.1350 -0.4348 -0.8904
vn -0.3352 0.9109 -0.2407
vn 0.1561 -0.5578 -0.8151
vn -0.4343 -0.9006 -0.0161
vn -0.3940 -0.9126 -0.1091
vn 0.9597 -0.0050 0.2809
vn -0.2561 -0.8573 0.4465
vn -0.7844 -0.3142 0.5348
vn 0.3434 -0.4451 -0.8270
vn -0.1731 -0.0266 -0.9845
vn -0.6539 -0.5666 0.5013
vn -0.5919 -0.0238 -0.8057
vn -0.2059 -0.8924 -0.4015
vn 0.0317 -0.9714 -0.2353
vn -0.0726 -0.5477 0.8335
vn -0.5554 -0.4519 -0.6981
vn 0.2008 0.1704 -0.9647
vn 0.1666 -0.0254 -0.9857
vn -0.0408 -0.1738 -0.9839
vn 0.0468 -0.0836 -0.9954
vn 0.1595 -0.5201 -0.8391
vn -0.8546 0.0787 -0.5132
vn 0.1660 -0.7484 -0.6421
vn 0.3110 -0.5658 -0.7637
vn -0.0239 -0.9991 -0.0359
vn 0.6562 0.5190 0.5478
vn -0.6705 0.1124 0.7334
vn 0.3510 0.1271 -0.9277
vn -0.2325 -0.9624 0.1405
vn -0.2406 -0.9619 -0.1298
vn -0.5907 -0.8069 0.0054
vn -0.3997 0.3872 0.8309
vn 0.3180 0.1075 -0.9420
vn 0.0469 -0.1158 -0.9922
vn 0.1620 0.1853 0.9693
vn 0.1993 -0.8930 -0.4034
vn 0.3499 0.1863 -0.9181
vn 0.2848 -0.7994 -0.5291
vn -0.9233 0.2979 -0.2423
vn -0.0346 -0.7902 -0.6118
vn -0.1050 -0.6191 -0.7782
vn 0.0494 -0.3407 0.9389
vn -0.1272 -0.9357 -0.3290
vn -0.2925 -0.9371 -0.1904
vn -0.6042 -0.7257 0.3293
vn -0.6072 -0.6267 0.4885
vn -0.6169 -0.6971 0.3655
vn -0.1689 0.5155 -0.8401
vn -0.1809 -0.1008 -0.9783
vn -0.1788 -0.7569 -0.6285
vn -0.1610 -0.4838 -0.8602
vn 0.3353 -0.9421 0.0056
vn 0.8989 0.2230 -0.3771
vn -0.1339 -0.2524 0.9583
vn -0.6030 0.2425 -0.7600
vn -0.1027 -0.9480 -0.3011
vn -0.2049 -0.9743 -0.0933
vn 0.0537 -0.9967 -0.0604
vn -0.3568 0.1783 -0.9170
vn -0.3951 0.2712 -0.8777
vn 0.7430 0.4591 0.4870
vn -0.0651 -0.5682 -0.8203
vn -0.7545 0.5887 -0.2900
vn -0.2016 -0.1627 -0.9659
vn -0.0695 -0.8211 -0.5666
vn 0.8166 -0.5645 0.1207
vn 0.4405 -0.8336 -0.3332
vn -0.2899 -0.6815 -0.6720
vn 0.8132 0.5760 0.0829
vn -0.5725 -0.7117 0.4070
vn -0.3956 -0.1604 -0.9043
vn -0.6101 0.6413 0.4654
vn -0.5490 -0.7795 0.3016
vn -0.4221 -0.8870 0.1875
vn 0.7652 0.6191 0.1768
vn 0.8871 0.3919 0.2439
vn -0.6493 0.4427 -0.6184
vn -0.2587 -0.4468 -0.8564
vn -0.1735 -0.4720 -0.8644
vn -0.1354 -0.9671 0.2153
vn -0.5852 -0.7401 -0.3315
vn -0.4506 -0.3341 0.8278
vn 0.7878 -0.3903 -0.4765
vn -0.9615 0.2717 0.0407
vn -0.9011 0.4297 -0.0587
vn -0.8931 -0.4316 -0.1267
vn -0.9539 0.3000 -0.0052
vn -0.9265 -0.0689 -0.3700
vn -0.7210 -0.6638 -0.1990
vn -0.7255 -0.5807 -0.3694
vn -0.1207 -0.8191 -0.5608
vn -0.3806 -0.9233 0.0516
vn -0.1992 -0.9770 0.0764
vn 0.2510 -0.8415 0.4784
vn -0.6665 -0.1609 0.7279
vn 0.6206 -0.7539 0.2155
vn 0.3252 0.9209 0.2151
vn -0.5207 -0.0452 -0.8525
vn -0.6022 0.3098 -0.7358
vn -0.7122 0.2002 -0.6728
vn -0.5619 0.4928 -0.6644
vn -0.2729 0.0149 -0.9619
vn 0.2170 0.5634 -0.7972
vn -0.3878 -0.2687 -0.8817
vn 0.1450 -0.9527 -0.2670
vn -0.7172 -0.6402 -0.2753
vn -0.6896 0.0227 0.7238
vn -0.8872 -0.1438 0.4384
vn -0.6351 -0.6974 0.3320
vn -0.0987 -0.8525 -0.5134
vn -0.0894 -0.8960 -0.4350
vn -0.1208 -0.9785 -0.1674
vn 0.6409 0.2600 -0.7222
vn -0.3053 -0.9285 -0.2112
vn -0.3476 -0.7801 0.5203
vn -0.6594 0.0169 -0.7516
vn 0.7551 -0.0610 -0.6528
vn -0.3124 -0.6053 -0.7322
vn -0.2973 -0.5213 -0.7999
vn -0.4599 -0.2136 -0.8619
vn -0.3296 -0.9365 0.1197
vn -0.4970 -0.8060 0.3216
vn -0.6258 -0.7429 0.2378
vn 0.1371 0.5633 0.8148
vn -0.0045 -0.9980 0.0637
vn -0.3786 -0.7008 0.6047
vn 0.5376 -0.8426 0.0306
vn -0.1648 0.4432 -0.8811
vn -0.2070 0.3451 -0.9154
vn -0.2399 -0.8423 -0.4826
vn 0.4215 0.4038 -0.8119
vn -0.3825 -0.8674 -0.3182
vn -0.5131 -0.8477 0.1347
vn -0.7576 -0.6488 0.0710
vn -0.6969 -0.6739 0.2452
vn -0.4486 -0.5308 0.7190
vn -0.3688 -0.5940 0.7149
vn 0.4465 -0.8580 0.2540
vn 0.4667 -0.8131 0.3480
vn 0.2015 0.4136 0.8879
vn 0.2327 0.7818 -0.5785
vn -0.2251 0.0452 -0.9733
vn -0.3012 -0.1062 -0.9476
vn -0.2231 -0.6854 0.6931
vn -0.6124 -0.6018 -0.5126
vn 0.3726 0.0044 -0.9280
vn 0.7598 0.6495 0.0298
vn -0.2066 -0.4588 0.8642
vn -0.4664 -0.5550 -0.6888
vn -0.6053 -0.7681 0.2087
vn -0.5695 -0.6993 0.4320
vn -0.8159 -0.5413 0.2035
vn -0.8450 -0.4546 0.2815
vn -0.8697 -0.4896 0.0626
vn 0.4778 0.0662 -0.8760
vn -0.9122 -0.3992 0.0929
vn 0.8361 0.4015 0.3739
vn 0.0462 -0.9978 0.0483
vn -0.9764 0.0543 -0.2091
vn -0.4671 -0.6680 -0.5793
vn -0.3444 -0.8182 -0.4604
vn -0.3566 -0.9001 -0.2501
vn -0.4330 -0.8662 0.2495
vn 0.3429 -0.9361 0.0790
vn 0.3635 -0.9171 0.1637
vn -0.1832 0.4097 -0.8936
vn -0.1806 0.2826 -0.9421
vn -0.9374 0.0015 0.3482
vn -0.0399 -0.9685 -0.2460
vn -0.1065 -0.9560 -0.2734
vn 0.3809 0.4580 -0.8032
vn -0.1087 -0.8948 -0.4331
vn 0.3441 0.5826 -0.7363
vn -0.5864 -0.4097 -0.6988
vn -0.5497 -0.7456 -0.3767
vn -0.7129 -0.6526 -0.2567
vn -0.3983 -0.9115 0.1026
vn 0.7778 -0.5643 0.2767
vn -0.9597 0.1423 0.2423
vn -0.9884 -0.1255 0.0858
vn -0.9861 -0.0693 0.1509
vn -0.9260 -0.2333 0.2967
vn -0.4651 -0.8812 -0.0844
vn -0.9618 0.0971 0.2559
vn -0.7425 -0.6625 -0.0985
vn 0.5141 -0.3624 0.7774
vn -0.4671 -0.8282 0.3096
vn -0.8608 -0.4988 -0.1010
vn -0.7400 0.0061 -0.6725
vn -0.0647 -0.9971 0.0396
vn -0.5056 -0.8476 -0.1608
vn -0.5512 -0.8086 0.2061
vn 0.6760 0.7362 -0.0316
vn 0.2622 -0.3199 0.9104
vn -0.4089 -0.0191 -0.9124
vn -0.5249 0.7124 0.4658
vn -0.7336 0.0633 -0.6767
vn -0.7559 -0.6544 0.0158
vn -0.5483 -0.7552 0.3593
vn -0.2631 -0.9295 0.2586
vn -0.2820 -0.9498 0.1354
vn -0.3805 -0.8849 -0.2688
vn -0.3010 -0.9488 -0.0960
vn -0.7536 -0.1104 -0.6479
vn 0.0638 -0.2894 -0.9551
vn -0.0169 -0.9970 -0.0755
vn -0.7319 0.5859 0.3478
vn -0.7434 -0.5955 0.3046
vn 0.0403 -0.9860 0.1620
vn -0.6719 -0.0321 0.7400
vn 0.3458 -0.7926 0.5023
vn -0.2261 -0.3587 -0.9057
vn -0.4105 -0.1214 -0.9038
vn 0.2226 0.3756 -0.8997
vn 0.2401 0.2493 -0.9382
vn -0.1444 -0.9647 -0.2200
vn -0.3871 -0.8206 -0.4204
vn -0.5403 -0.6517 -0.5324
vn -0.7812 -0.0781 -0.6193
vn -0.8002 -0.4731 -0.3686
vn -0.7720 0.3226 0.5476
vn -0.8300 0.0319 0.5569
vn -0.1695 0.7704 -0.6146
vn -0.2122 -0.9649 -0.1546
vn -0.7780 -0.5777 -0.2469
vn -0.8478 0.3777 -0.3724
vn -0.4609 -0.8704 0.1730
vn 0.0898 -0.5994 -0.7954
vn 0.8043 -0.5007 0.3201
vn 0.2173 -0.9599 0.1769
vn 0.3107 -0.8034 0.5079
vn -0.1872 0.7171 -0.6713
vn -0.4862 -0.4985 -0.7177
vn -0.3221 -0.8497 -0.4175
vn -0.0224 -0.9972 -0.0707
vn -0.1293 -0.9809 -0.1451
vn -0.9749 0.0361 -0.2196
vn -0.8488 -0.4790 -0.2238
vn -0.9149 0.1049 -0.3898
vn -0.8785 0.0395 -0.4762
vn -0.8821 -0.0783 -0.4646
vn -0.8572 -0.5139 0.0322
vn -0.8448 -0.4924 0.2093
vn -0.9013 -0.2702 0.3386
vn -0.8606 -0.3953 0.3212
vn -0.9176 0.1082 0.3826
vn -0.0067 -0.9999 -0.0079
vn -0.2276 -0.2656 -0.9368
vn -0.9231 -0.1002 -0.3714
vn -0.9090 -0.3894 -0.1490
vn -0.5549 -0.6160 0.5591
vn -0.9703 0.2144 0.1123
vn -0.9901 0.1391 0.0207
vn -0.9899 -0.0287 0.1387
vn -0.8856 -0.4049 0.2277
vn 0.1658 0.8958 0.4123
vn 0.8149 -0.5778 -0.0459
vn -0.9095 0.0890 -0.4061
vn 0.1396 0.4298 -0.8921
vn -0.0242 -0.5056 -0.8624
vn 0.1893 0.4568 -0.8692
vn -0.7261 -0.6833 -0.0768
vn -0.8354 -0.4991 -0.2303
vn -0.8179 -0.5754 -0.0031
vn -0.9084 -0.2933 -0.2980
vn -0.9928 -0.0846 -0.0848
vn -0.9800 -0.0770 0.1833
vn 0.4429 0.6860 -0.5773
vn -0.7896 -0.2322 0.5680
vn -0.0115 -0.9952 -0.0968
vn 0.1531 -0.9818 0.1120
vn 0.7250 0.3445 -0.5965
vn -0.4393 -0.4180 -0.7952
vn -0.4234 -0.6171 -0.6633
vn -0.8268 -0.3516 -0.4391
vn -0.3814 -0.5395 0.7507
vn -0.1065 0.1727 0.9792
vn -0.0080 0.1372 -0.9905
vn -0.0591 0.6575 -0.7511
vn -0.0154 0.7123 0.7017
vn -0.6817 -0.6409 0.3528
vn -0.6582 -0.7184 -0.2252
vn -0.6211 -0.5216 -0.5849
vn -0.8147 -0.4653 0.3461
vn -0.0015 -0.9739 0.2271
vn 0.8716 -0.3582 -0.3347
vn 0.7911 0.4926 0.3627
vn 0.3237 -0.0080 0.9461
vn -0.1192 -0.5874 -0.8005
vn -0.1359 -0.7059 -0.6951
vn -0.4685 -0.6905 -0.5512
vn -0.4810 -0.8432 -0.2402
vn -0.3123 -0.9465 -0.0806
vn -0.3118 -0.9219 -0.2301
vn -0.2750 -0.9576 -0.0858
vn -0.2551 -0.9646 -0.0662
vn -0.2907 -0.9190 0.2662
vn -0.1183 0.9917 0.0502
vn -0.1185 0.1114 -0.9867
vn -0.9567 -0.0031 -0.2912
vn -0.2342 -0.9711 0.0453
vn 0.1730 -0.9848 0.0169
vn -0.2501 -0.2719 -0.9293
vn -0.0055 0.1905 -0.9817
vn -0.2801 -0.7126 -0.6433
vn -0.3145 -0.7968 -0.5160
vn 0.2846 0.2846 -0.9154
vn 0.9950 0.0981 0.0170
vn 0.0260 -0.1254 -0.9918
vn -0.1987 0.4663 -0.8620
vn 0.0774 -0.0206 -0.9968
vn -0.3017 0.6422 -0.7047
vn 0.2837 -0.5237 -0.8033
vn 0.2484 0.4014 -0.8816
vn 0.5649 -0.8251 0.0124
vn 0.0805 -0.9769 -0.1978
vn 0.1851 -0.9803 -0.0689
vn -0.1049 -0.9926 0.0615
vn -0.2637 -0.9184 0.2949
vn 0.3759 -0.8871 -0.2681
vn -0.1664 0.1956 -0.9665
vn -0.2089 0.0530 -0.9765
vn -0.2031 -0.1546 -0.9669
vn -0.4816 -0.2447 -0.8416
vn -0.4490 -0.3379 -0.8272
vn 0.9204 0.0370 0.3892
vn -0.0286 -0.5400 -0.8411
vn 0.0902 0.6514 -0.7533
vn -0.0216 0.7506 -0.6604
vn 0.0780 0.6472 -0.7583
vn 0.5197 -0.1822 -0.8347
vn 0.0323 -0.8427 -0.5373
vn 0.9772 0.2048 0.0553
vn -0.4809 0.4520 0.7513
vn -0.1903 -0.9294 0.3162
vn -0.3009 0.3676 -0.8800
vn -0.4738 0.3783 -0.7953
vn -0.4104 -0.2285 -0.8828
vn -0.0167 -0.4276 -0.9038
vn -0.1104 -0.5618 -0.8199
vn -0.2019 -0.7623 -0.6149
vn -0.1208 -0.8227 -0.5555
vn -0.1940 0.4178 -0.8876
vn -0.1780 0.2553 -0.9503
vn -0.3594 -0.9084 -0.2137
vn -0.2252 -0.9658 -0.1286
vn 0.0612 0.5443 -0.8367
vn -0.8941 -0.2099 -0.3956
vn -0.0374 -0.9985 0.0390
vn -0.1732 -0.9702 0.1692
vn -0.5171 -0.8529 -0.0718
vn 0.0259 -0.9860 -0.1646
vn -0.7571 -0.0010 0.6532
vn 0.1139 -0.5098 -0.8527
vn 0.6315 -0.6404 -0.4371
vn -0.1307 -0.9628 0.2363
vn 0.1308 -0.8983 0.4195
vn 0.3902 -0.7152 -0.5798
vn -0.1857 -0.9567 0.2241
vn 0.2483 0.2226 0.9428
vn 0.4109 -0.2658 -0.8721
vn -0.4432 0.4081 0.7981
vn -0.3270 0.0334 -0.9444
vn 0.2282 0.2206 -0.9483
vn -0.1795 -0.9756 -0.1265
vn -0.1613 -0.8635 -0.4778
vn -0.7580 -0.4013 -0.5142
vn -0.1495 0.5258 0.8373
vn 0.2449 -0.4051 -0.8809
vn 0.3025 -0.2763 -0.9122
vn 0.1322 0.1655 -0.9773
vn -0.0432 0.5239 -0.8507
vn -0.0965 0.6367 0.7650
vn -0.3426 -0.8334 0.4337
vn -0.3741 -0.0756 -0.9243
vn 0.6565 0.0934 -0.7485
vn -0.5431 0.5992 -0.5882
vn -0.5642 0.5207 -0.6408
vn 0.6822 -0.4509 -0.5756
vn -0.6178 0.6618 -0.4246
vn 0.7350 -0.4966 -0.4616
vn -0.5896 0.2524 0.7673
vn -0.2424 0.6741 -0.6978
vn 0.3094 -0.9509 0.0031
vn -0.0624 -0.3159 -0.9468
vn 0.5892 -0.5909 -0.5511
vn -0.6568 -0.7517 0.0597
vn -0.7212 -0.5805 -0.3779
vn -0.2295 -0.4650 -0.8550
vn -0.8077 -0.0812 -0.5840
vn 0.7904 0.5775 -0.2044
vn -0.0395 -0.9991 0.0181
vn -0.7606 -0.5181 -0.3912
vn -0.6686 -0.4962 0.5538
vn -0.5574 -0.3629 0.7467
vn -0.6046 0.4469 -0.6593
vn -0.4209 0.8000 -0.4276
vn -0.4566 -0.0845 -0.8856
vn -0.5313 -0.2108 -0.8205
vn -0.2299 -0.6315 0.7405
vn -0.8300 0.1362 0.5409
vn -0.9210 0.0801 -0.3811
vn -0.0735 0.5466 -0.8342
vn 0.2729 -0.8769 0.3957
vn -0.9567 0.2173 -0.1937
vn 0.0583 -0.9781 -0.1998
vn -0.7930 -0.5017 -0.3457
vn -0.9345 -0.0704 -0.3490
vn -0.4588 -0.8880 -0.0307
vn -0.9961 0.0284 0.0833
vn 0.1451 0.9887 -0.0385
vn -0.5793 -0.4650 0.6695
vn -0.6189 -0.2532 0.7435
vn -0.4900 0.0955 0.8665
vn -0.5704 -0.2007 0.7965
vn -0.6025 0.6934 0.3952
vn -0.5176 -0.6953 0.4987
vn -0.8316 0.5125 -0.2139
vn -0.1559 0.4712 -0.8681
vn -0.3011 0.7553 -0.5821
vn -0.8452 0.4729 -0.2488
vn 0.1264 -0.9440 -0.3047
vn 0.3101 -0.6654 -0.6791
vn 0.2921 -0.7931 -0.5345
vn -0.4803 -0.8280 0.2893
vn -0.6000 -0.6355 0.4859
vn -0.7415 0.2128 -0.6363
vn -0.7890 0.3375 -0.5134
vn -0.8771 0.4047 -0.2587
vn -0.6352 0.6112 -0.4722
vn -0.4231 0.2816 -0.8612
vn 0.5379 -0.7991 0.2684
vn -0.4282 0.7206 -0.5453
vn -0.1168 0.4331 0.8937
vn 0.8241 0.2407 -0.5128
vn 0.4470 -0.2025 -0.8713
vn 0.7400 0.5819 0.3373
vn 0.3891 0.5284 -0.7545
vn 0.5077 0.5601 -0.6546
vn 0.5836 -0.7578 -0.2917
vn -0.6123 -0.6021 0.5124
vn -0.2728 0.3276 -0.9046
vn 0.2805 -0.7762 0.5646
vn 0.3508 -0.8293 0.4349
vn 0.0534 -0.9242 0.3781
vn 0.3862 -0.8896 -0.2439
vn 0.4092 -0.9025 -0.1344
vn 0.0374 -0.9993 -0.0086
vn 0.0261 -0.9935 -0.1108
vn -0.3511 0.4278 0.8329
vn -0.9782 -0.0958 0.1844
vn -0.0008 -0.9998 0.0221
vn -0.3083 -0.7126 0.6302
vn -0.4205 0.6713 -0.6103
vn 0.2474 -0.9669 0.0624
vn -0.5833 0.7973 0.1553
vn 0.2783 -0.9065 0.3176
vn 0.3946 0.0578 0.9170
vn -0.2149 -0.8213 -0.5284
vn 0.1178 -0.2299 0.9661
vn 0.2578 0.4270 -0.8667
vn 0.1481 -0.9379 0.3139
vn -0.9439 -0.3229 -0.0693
vn -0.2280 0.9735 -0.0189
vn 0.2190 -0.0293 -0.9753
vn 0.5715 0.1267 -0.8108
vn -0.6564 0.2019 -0.7269
vn 0.5965 -0.7523 -0.2795
vn 0.6034 -0.7903 -0.1065
vn 0.2531 -0.3227 0.9121
vn 0.4003 -0.8200 0.4090
vn 0.3853 -0.8888 0.2482
vn -0.3492 -0.8853 0.3071
vn -0.5164 0.7146 -0.4718
vn 0.1308 -0.9903 -0.0463
vn -0.2241 0.6392 0.7356
vn 0.4440 -0.8536 0.2726
vn -0.1988 0.0189 -0.9799
vn -0.8107 -0.4502 -0.3743
vn -0.9111 0.4043 0.0802
vn 0.4816 0.7390 -0.4711
vn 0.2331 -0.8418 -0.4869
vn -0.7484 0.6030 0.2760
vn -0.0599 0.6932 0.7183
vn 0.5897 0.6286 -0.5071
vn 0.1417 0.0794 -0.9867
vn 0.0385 -0.9782 -0.2041
vn 0.5950 -0.0851 -0.7992
vn 0.0769 0.1637 -0.9835
vn -0.5775 0.6037 -0.5496
vn 0.8036 -0.3925 0.4475
vn -0.8029 0.2897 0.5209
vn -0.6006 0.7846 -0.1538
vn 0.6398 0.7623 0.0976
vn -0.5098 -0.8602 -0.0062
vn 0.5086 0.7397 -0.4406
vn -0.6440 -0.3906 -0.6578
vn -0.1935 0.2924 -0.9365
vn -0.7471 0.5560 0.3642
vn -0.6987 0.5134 0.4982
vn -0.6227 0.6524 0.4319
vn -0.4488 0.6705 0.5907
vn 0.3159 0.6963 0.6445
vn 0.4362 0.4689 -0.7681
vn 0.0012 -0.9730 -0.2307
vn 0.4133 -0.8084 -0.4191
vn 0.4754 -0.8755 -0.0870
vn 0.3251 0.8023 -0.5007
vn 0.4293 0.4929 0.7568
vn 0.1801 -0.9576 -0.2249
vn -0.3254 0.3954 0.8590
vn 0.9155 -0.1772 0.3613
vn -0.4607 0.8855 0.0607
vn -0.7303 0.4109 -0.5458
vn -0.4035 0.7659 -0.5006
vn 0.2577 -0.9103 0.3240
vn 0.2453 -0.9613 0.1255
vn 0.0734 -0.9863 -0.1476
vn -0.2720 -0.9412 -0.2005
vn 0.5151 0.0563 -0.8553
vn 0.3596 0.4003 -0.8429
vn -0.1341 0.1919 -0.9722
vn -0.0504 0.1416 -0.9886
vn -0.1589 -0.9024 0.4006
vn -0.1227 -0.8836 -0.4519
vn -0.6753 -0.3575 -0.6450
vn 0.5366 -0.6713 -0.5114
vn -0.6309 -0.6609 0.4065
vn 0.7069 -0.1848 -0.6828
vn 0.0663 -0.9875 0.1432
vn 0.3904 -0.7966 0.4616
vn -0.4643 0.2758 0.8416
vn 0.3401 -0.8814 0.3278
vn 0.3099 0.3872 -0.8683
vn 0.3583 -0.4694 -0.8070
vn -0.1601 0.3500 -0.9230
vn -0.5232 -0.3412 -0.7809
vn 0.0463 -0.9736 -0.2233
vn -0.3747 -0.6124 -0.6962
vn -0.2388 -0.8585 -0.4538
vn -0.9317 -0.3438 -0.1169
vn -0.7597 -0.5237 -0.3855
vn -0.8273 -0.5420 0.1479
vn 0.9124 0.3940 0.1105
vn -0.0032 -0.4066 -0.9136
vn 0.7578 -0.6432 0.1095
vn -0.3630 0.3576 0.8604
vn -0.3121 0.7026 0.6394
vn 0.0850 -0.0655 -0.9942
vn 0.2564 -0.2414 -0.9360
vn 0.1988 0.3809 -0.9030
vn 0.1897 -0.9461 -0.2625
vn 0.2439 -0.8439 -0.4779
vn 0.5324 -0.6747 0.5111
vn -0.0067 -0.9830 0.1834
vn 0.4511 0.8600 -0.2384
vn 0.0889 0.6367 -0.7659
vn 0.0039 -0.8271 -0.5620
vn 0.0739 -0.9497 -0.3043
vn -0.7010 -0.6700 0.2442
vn -0.2345 -0.8661 0.4414
vn 0.3398 -0.8605 -0.3795
vn -0.7477 0.2066 0.6311
vn 0.0934 0.2398 -0.9663
vn 0.1350 0.3736 -0.9177
vn 0.4368 -0.8978 -0.0556
vn -0.3035 0.4624 -0.8331
vn -0.2724 0.3702 -0.8881
vn -0.3629 0.4730 -0.8029
vn 0.4379 -0.8345 -0.3345
vn 0.3953 -0.7608 0.5147
vn -0.2367 -0.9652 0.1113
vn 0.0566 -0.8609 -0.5056
vn 0.5578 0.7777 -0.2900
vn 0.6647 -0.7418 0.0888
vn -0.7372 0.2099 0.6422
vn 0.5495 -0.8355 -0.0040
vn 0.5072 -0.6592 0.5552
vn -0.0945 -0.2918 -0.9518
vn 0.9697 0.2171 0.1120
vn 0.1055 0.4412 -0.8912
vn 0.5676 -0.8171 0.1003
vn -0.2758 0.3118 -0.9092
vn 0.4483 -0.7917 -0.4151
vn -0.2105 0.2478 -0.9457
vn -0.8668 -0.4448 -0.2253
vn 0.0690 -0.9403 -0.3332
vn 0.0670 -0.9942 0.0837
vn 0.6773 -0.7129 0.1816
vn -0.1919 -0.1885 -0.9631
vn -0.4371 -0.1835 -0.8805
vn 0.3261 0.9198 0.2181
vn 0.0904 -0.9279 -0.3618
vn 0.1091 -0.9801 -0.1657
vn 0.6860 0.6931 0.2212
vn 0.6584 0.6916 0.2969
vn -0.0580 0.7191 -0.6925
vn -0.1233 0.6617 -0.7396
vn 0.6643 -0.6281 -0.4052
vn 0.1768 -0.9842 -0.0093
vn 0.0923 -0.9828 -0.1598
vn 0.4068 -0.1762 -0.8964
vn 0.5183 0.2738 -0.8102
vn 0.0813 -0.9900 -0.1153
vn 0.7030 -0.6403 -0.3096
vn 0.7150 -0.0457 -0.6977
vn 0.2102 0.1241 -0.9698
vn -0.5742 -0.8187 -0.0079
vn 0.6736 -0.4051 -0.6181
vn -0.4194 -0.7852 -0.4556
vn 0.4630 -0.7234 0.5122
vn 0.2552 -0.9649 0.0612
vn -0.0494 -0.8276 -0.5591
vn -0.0969 -0.9204 -0.3787
vn 0.3733 -0.9248 -0.0731
vn -0.0957 -0.9875 -0.1255
vn 0.2622 0.0110 -0.9649
vn 0.1629 -0.0681 -0.9843
vn -0.0390 0.3911 -0.9195
vn -0.2063 -0.6189 -0.7579
vn -0.0901 -0.7712 -0.6301
vn -0.2361 -0.9627 0.1320
vn 0.0335 -0.7142 0.6992
vn -0.4333 0.8532 -0.2903
vn -0.2766 0.3310 -0.9022
vn -0.5188 0.7268 -0.4500
vn 0.4108 0.2495 -0.8769
vn 0.3199 -0.2065 -0.9247
vn 0.0705 -0.9959 -0.0561
vn 0.1354 -0.9696 -0.2040
vn 0.2622 -0.9525 -0.1547
vn 0.0229 0.0341 -0.9992
vn -0.6955 -0.1593 -0.7007
vn -0.1264 0.0069 -0.9920
vn 0.2246 0.2303 -0.9468
vn 0.1973 0.1080 -0.9744
vn 0.0216 -0.7931 -0.6087
vn -0.2116 -0.8724 -0.4406
vn -0.4588 -0.7844 -0.4174
vn -0.3898 0.3858 -0.8362
vn -0.4122 0.4915 -0.7671
vn 0.0980 -0.7937 -0.6004
vn 0.1495 0.1261 -0.9807
vn 0.3663 -0.7542 0.5450
vn 0.1209 -0.8840 0.4516
vn -0.1321 0.4554 -0.8804
vn -0.1151 -0.9929 0.0298
vn 0.0334 0.3792 -0.9247
vn 0.0834 -0.9943 -0.0664
vn -0.0235 0.8775 -0.4790
vn 0.9260 0.3767 -0.0240
vn -0.5649 -0.2325 0.7917
vn 0.9626 -0.2472 -0.1107
vn 0.5884 -0.7707 -0.2446
vn 0.6956 -0.6748 0.2465
vn 0.5024 -0.8276 0.2504
vn 0.4360 -0.8737 -0.2159
vn 0.3851 -0.7893 -0.4782
vn 0.3908 -0.8880 -0.2424
vn 0.7115 -0.6533 -0.2587
vn 0.7074 -0.6580 0.2582
vn 0.3631 -0.9261 0.1023
vn 0.0390 -0.9256 0.3765
vn 0.0235 0.0248 -0.9994
vn 0.1232 -0.9703 0.2081
vn -0.4400 0.5142 -0.7362
vn 0.4203 -0.6372 -0.6460
vn 0.7906 -0.6120 0.0206
vn 0.6671 -0.7442 -0.0336
vn 0.6194 0.0325 -0.7844
vn 0.5605 -0.6562 -0.5053
vn -0.1831 0.2203 -0.9581
vn -0.3309 0.3523 -0.8755
vn -0.2073 0.8421 -0.4979
vn 0.4658 -0.7445 0.4783
vn 0.4572 -0.5164 -0.7241
vn 0.7245 -0.6846 0.0805
vn 0.6940 -0.6866 0.2168
vn 0.4174 0.6449 0.6402
vn 0.2960 -0.3556 -0.8865
vn 0.5454 -0.3293 -0.7708
vn 0.3992 -0.1115 -0.9101
vn -0.0434 -0.7018 0.7110
vn 0.8458 -0.5169 -0.1323
vn -0.2145 -0.8675 0.4488
vn -0.1727 -0.1790 -0.9686
vn -0.2215 -0.5762 -0.7868
vn -0.0656 0.1536 -0.9859
vn -0.4038 0.4267 -0.8092
vn -0.2276 -0.7842 0.5772
vn 0.8388 -0.4917 0.2338
vn -0.6595 0.6812 0.3179
vn 0.5164 -0.4168 -0.7481
vn 0.5884 -0.5786 -0.5648
vn -0.5407 -0.2427 0.8054
vn -0.5529 0.2014 -0.8085
vn -0.5619 0.5233 -0.6406
vn -0.3821 -0.8474 0.3685
vn -0.3290 -0.7796 0.5330
vn -0.4395 -0.7962 0.4158
vn -0.1501 -0.8894 0.4318
vn 0.1561 -0.6021 -0.7830
vn -0.6877 0.6455 -0.3323
vn -0.2451 0.1853 0.9516
vn -0.6369 0.6584 -0.4012
vn 0.3298 -0.9018 0.2792
vn 0.4150 -0.7063 -0.5735
vn -0.0342 -0.1094 -0.9934
vn -0.2610 -0.8956 0.3604
vn -0.4878 -0.3253 -0.8101
vn -0.4957 -0.3646 -0.7882
vn -0.1114 -0.0649 -0.9917
vn -0.9863 -0.0293 -0.1623
vn -0.5358 -0.7444 -0.3985
vn -0.5758 -0.7861 -0.2248
vn -0.5115 0.8489 -0.1332
vn 0.5161 0.4085 -0.7528
vn 0.0627 -0.9955 0.0715
vn -0.4157 -0.6918 0.5904
vn 0.5015 -0.8578 -0.1122
vn 0.6434 -0.5153 -0.5662
vn -0.7243 0.5013 -0.4733
vn -0.7104 0.7026 -0.0406
vn 0.4437 -0.4864 0.7527
vn 0.8356 -0.5348 -0.1253
vn -0.5639 0.4603 -0.6856
vn 0.0208 0.0185 -0.9996
vn 0.2922 -0.3437 -0.8925
vn -0.7741 0.2933 0.5610
vn -0.5315 -0.4624 0.7097
vn -0.5268 0.0655 -0.8475
vn -0.5038 0.3438 -0.7925
vn -0.3763 0.4280 -0.8217
vn -0.3260 -0.0064 -0.9454
vn -0.5071 0.5250 -0.6835
vn -0.9130 0.2448 0.3263
vn 0.0573 -0.7843 -0.6177
vn 0.1371 -0.3340 -0.9326
vn 0.4559 -0.3330 -0.8254
vn 0.5698 0.0761 -0.8183
vn 0.9191 -0.3902 0.0545
vn 0.4172 0.6165 0.6677
vn 0.4967 -0.6885 -0.5285
vn 0.2473 -0.5651 -0.7871
vn -0.8174 0.3304 0.4719
vn -0.2423 -0.9570 0.1595
vn 0.6570 -0.1793 0.7323
vn -0.6777 0.3569 -0.6430
vn -0.4778 -0.8416 -0.2519
vn -0.6590 0.6137 -0.4348
vn -0.6802 0.6635 -0.3115
vn -0.1054 -0.9802 -0.1678
vn -0.0732 -0.9366 -0.3427
vn -0.4372 0.5957 -0.6738
vn -0.9802 0.0730 -0.1839
vn 0.4289 -0.8852 -0.1801
vn -0.7872 0.4343 -0.4378
vn 0.6540 -0.7210 0.2292
vn 0.6844 0.7189 -0.1212
vn -0.8504 0.3916 -0.3514
vn -0.8250 0.4970 -0.2690
vn -0.8528 0.5040 -0.1369
vn 0.4623 -0.8733 -0.1535
vn 0.2136 0.5499 0.8075
vn 0.0667 -0.5328 -0.8436
vn -0.8802 0.2691 0.3909
vn 0.7305 -0.2637 -0.6300
vn 0.6326 -0.0073 -0.7745
vn -0.1804 -0.9324 0.3132
vn 0.0106 0.0631 -0.9980
vn -0.7310 0.1400 -0.6678
vn -0.7944 -0.1999 -0.5735
vn -0.6345 -0.4426 -0.6337
vn -0.1094 0.6189 -0.7778
vn -0.6612 -0.6021 -0.4475
vn -0.1143 0.7432 -0.6592
vn -0.3646 -0.9267 -0.0914
vn 0.2621 -0.8070 -0.5293
vn -0.2704 -0.8107 0.5193
vn -0.7922 0.5669 0.2259
vn 0.3598 -0.1632 -0.9186
vn 0.7110 -0.7026 0.0294
vn -0.7592 0.4094 -0.5060
vn 0.3575 -0.9004 -0.2479
vn 0.4206 -0.9066 0.0343
vn -0.2642 0.9510 -0.1604
vn 0.5002 -0.8582 0.1156
vn -0.8198 0.5725 0.0124
vn -0.2540 -0.9598 0.1192
vn 0.4667 -0.7060 0.5327
vn 0.1826 -0.7089 0.6813
vn 0.2301 -0.9723 -0.0422
vn 0.3798 0.8843 -0.2717
vn -0.9296 0.2530 0.2680
vn -0.0252 -0.8300 -0.5572
vn -0.9344 0.3111 0.1737
vn 0.1545 -0.4810 -0.8630
vn -0.1047 0.2034 -0.9735
vn -0.3775 0.8867 0.2671
vn -0.5767 -0.2655 0.7726
vn -0.3749 0.9109 0.1722
vn -0.0730 0.1397 -0.9875
vn -0.3252 -0.9256 0.1938
vn -0.3422 -0.5075 -0.7908
vn -0.1583 -0.5770 -0.8013
vn -0.1843 0.6632 -0.7254
vn -0.3787 -0.9021 0.2068
vn -0.8233 0.5568 -0.1102
vn 0.2931 -0.5829 -0.7578
vn -0.8647 0.4928 -0.0978
vn -0.8877 0.4388 0.1394
vn 0.3675 -0.5468 0.7523
vn -0.0087 0.7663 0.6424
vn -0.9888 0.1460 -0.0325
vn 0.6098 -0.7923 -0.0206
vn -0.9854 0.1291 0.1106
vn -0.9524 0.2460 0.1799
vn 0.1712 -0.9677 -0.1853
vn 0.1525 -0.8765 -0.4567
vn 0.5573 -0.8259 0.0853
vn 0.5460 -0.7981 0.2546
vn -0.0774 -0.8139 -0.5758
vn -0.4550 -0.7662 -0.4538
vn -0.2988 -0.9309 -0.2099
vn -0.0267 -0.8288 -0.5590
vn 0.0116 -0.9214 -0.3885
vn 0.0030 -0.6373 -0.7706
vn 0.1868 -0.2042 -0.9609
vn -0.8589 0.0460 -0.5100
vn -0.4289 0.7361 -0.5236
vn 0.0193 -0.9635 0.2670
vn -0.4048 0.6082 0.6828
vn -0.5895 0.6982 0.4062
vn 0.2420 0.8106 -0.5333
vn 0.1676 0.3410 -0.9250
vn 0.3242 0.5767 -0.7499
vn -0.2968 0.4780 -0.8267
vn -0.4196 -0.5166 -0.7464
vn -0.5620 -0.6672 -0.4888
vn -0.5213 -0.8416 -0.1415
vn -0.6149 -0.7864 -0.0582
vn -0.3330 0.9272 0.1712
vn 0.1699 -0.2336 -0.9574
vn 0.0577 -0.5692 -0.8202
vn -0.1679 0.9087 0.3821
vn -0.4901 -0.0737 0.8686
vn 0.3546 -0.7179 -0.5991
vn -0.0366 -0.9748 -0.2201
vn -0.6274 0.0076 0.7787
vn -0.0450 -0.9704 0.2371
vn 0.9134 0.3937 -0.1029
vn 0.0437 -0.5305 -0.8466
vn -0.1599 -0.7666 0.6219
vn 0.3859 -0.9098 -0.1524
vn 0.7165 0.3954 -0.5747
vn -0.0175 -0.0965 -0.9952
vn -0.4601 -0.6218 0.6338
vn -0.2255 0.0945 -0.9697
vn -0.2898 -0.2349 -0.9278
vn -0.6173 -0.7764 0.1271
vn 0.9796 0.1939 -0.0530
vn -0.6005 0.7525 0.2704
vn 0.2334 -0.0584 -0.9706
vn -0.0811 -0.6794 -0.7293
vn 0.7087 0.3654 -0.6036
vn -0.6136 0.6206 -0.4882
vn -0.8834 0.1523 0.4432
vn 0.9870 -0.1058 0.1209
vn -0.1087 -0.8115 -0.5741
vn 0.8335 -0.5253 -0.1715
vn 0.1587 -0.9655 0.2065
vn 0.1430 -0.9410 0.3066
vn 0.2551 -0.8808 0.3990
vn -0.6582 -0.3265 -0.6783
vn -0.5724 -0.3288 -0.7511
vn -0.0542 0.1213 0.9911
vn -0.6613 -0.6146 -0.4302
vn -0.4178 0.6300 -0.6547
vn -0.3611 -0.7074 -0.6077
vn -0.8026 0.5660 0.1882
vn 0.8029 0.1511 0.5767
vn -0.5519 -0.6143 0.5639
vn -0.5478 -0.1211 -0.8278
vn -0.6909 -0.4706 -0.5487
vn -0.6947 -0.6643 0.2759
vn -0.6793 -0.5235 0.5143
vn -0.0938 -0.9540 -0.2847
vn -0.2966 0.7668 -0.5692
vn -0.6490 0.2351 -0.7236
vn -0.6591 0.3986 -0.6377
vn -0.6622 0.4667 -0.5862
vn -0.7815 0.3098 -0.5416
vn -0.2376 -0.9714 0.0042
vn -0.7478 -0.6276 0.2167
vn -0.7716 -0.4536 0.4459
vn -0.7269 0.6519 0.2160
vn -0.8088 0.5043 0.3025
vn -0.8356 0.5441 0.0762
vn -0.1257 -0.7460 -0.6540
vn -0.1514 -0.6648 -0.7315
vn -0.4488 0.7092 0.5438
vn 0.3330 0.7266 -0.6010
vn 0.0366 -0.7443 -0.6668
vn 0.3524 -0.9358 -0.0090
vn 0.2945 0.4838 -0.8241
vn -0.5074 0.7093 -0.4894
vn -0.0080 -0.3725 0.9280
vn 0.0474 -0.9895 0.1368
vn -0.0400 -0.9086 0.4156
vn -0.4493 -0.8923 0.0443
vn -0.5642 -0.7114 0.4190
vn -0.0173 -0.7680 0.6403
vn -0.7401 0.1799 -0.6479
vn -0.7525 0.4341 -0.4952
vn -0.7320 0.5482 -0.4047
vn -0.6493 0.6619 -0.3747
vn -0.4047 -0.3223 -0.8558
vn -0.4522 -0.4600 -0.7642
vn -0.9680 0.1918 0.1619
vn -0.8351 0.5134 -0.1977
vn 0.2511 -0.8496 -0.4639
vn -0.2657 0.8539 -0.4474
vn 0.0613 0.1353 -0.9889
vn 0.8190 -0.0707 -0.5695
vn -0.5792 0.4716 0.6649
vn -0.8953 -0.0150 -0.4452
vn -0.8138 -0.1328 -0.5658
vn 0.5109 0.8029 0.3071
vn -0.8393 -0.3249 -0.4360
vn -0.8773 0.2987 -0.3758
vn -0.8266 0.4617 -0.3220
vn -0.0169 -0.9858 -0.1668
vn -0.8820 0.4712 0.0046
vn -0.9224 0.3636 0.1306
vn -0.9237 -0.1015 0.3694
vn -0.9036 0.3552 0.2396
vn 0.8391 0.4308 -0.3322
vn -0.9477 -0.1795 0.2638
vn -0.2684 0.2027 0.9417
vn -0.4895 -0.1351 -0.8615
vn -0.9327 0.1627 0.3217
vn -0.1465 0.1426 0.9789
vn 0.4674 0.5924 -0.6562
vn 0.0496 0.4254 0.9036
vn 0.5136 -0.4854 -0.7075
vn 0.4710 -0.7308 -0.4941
vn 0.2948 -0.9532 0.0674
vn 0.3673 0.8847 0.2870
vn -0.1835 -0.6446 0.7421
vn -0.2611 -0.3628 0.8945
vn -0.9158 -0.3394 -0.2147
vn -0.9899 -0.1033 -0.0970
vn -0.8962 -0.4389 -0.0653
vn -0.9376 0.1895 -0.2916
vn -0.9909 0.1264 -0.0463
vn -0.9978 0.0522 0.0405
vn -0.3634 0.1221 -0.9236
vn -0.8871 -0.3613 0.2873
vn -0.9898 0.1303 0.0583
vn 0.5354 -0.6480 -0.5417
vn -0.4933 0.2836 0.8223
vn -0.1601 -0.9116 0.3786
vn -0.1856 -0.1762 0.9667
vn -0.6086 -0.7925 0.0388
vn -0.9497 0.2979 0.0965
vn -0.4978 0.3361 -0.7995
vn 0.8738 0.0354 0.4849
vn 0.2168 -0.2342 -0.9477
vn 0.2574 -0.3634 -0.8954
vn -0.9966 -0.0405 -0.0714
vn 0.5735 -0.8079 0.1357
vn -0.0160 -0.9984 -0.0551
vn 0.3600 0.5242 -0.7717
vn -0.2263 -0.8676 0.4428
vn -0.7047 -0.2417 0.6671
vn -0.5975 -0.2930 -0.7464
vn -0.6455 0.7445 -0.1705
vn 0.1735 -0.4847 -0.8573
vn -0.1228 0.4754 -0.8711
vn -0.5638 0.3095 0.7657
vn -0.3456 0.7622 -0.5474
vn 0.9118 0.4100 0.0218
vn -0.7191 0.6669 -0.1951
vn 0.1588 -0.9804 -0.1168
vn -0.4852 0.8288 0.2788
vn -0.5787 -0.0522 -0.8139
vn 0.4555 -0.0454 -0.8891
vn -0.9006 -0.3689 0.2299
vn -0.5177 0.6008 0.6091
vn -0.1481 0.6386 -0.7552
vn -0.1326 -0.9859 -0.1018
vn -0.0701 -0.9975 0.0062
vn -0.7317 -0.6335 0.2518
vn 0.1356 -0.2877 -0.9481
vn -0.3564 0.0043 -0.9343
vn -0.2852 0.0613 -0.9565
vn -0.0213 0.9979 -0.0615
vn -0.0531 -0.4789 -0.8763
vn -0.4173 -0.8353 0.3580
vn -0.7410 -0.1032 0.6635
vn -0.3881 0.3807 0.8393
vn -0.0574 0.1743 -0.9830
vn 0.2042 -0.9508 -0.2329
vn -0.1916 -0.3536 -0.9156
vn -0.0966 -0.6569 -0.7477
vn -0.2292 0.6695 -0.7066
vn -0.2905 0.6117 -0.7358
vn 0.0457 -0.7543 -0.6549
vn 0.0316 -0.9155 -0.4011
vn 0.1876 -0.9318 -0.3108
vn -0.1472 -0.9562 0.2529
vn 0.3210 -0.7076 -0.6295
vn -0.0091 0.2087 0.9779
vn 0.4753 -0.8764 -0.0774
vn -0.7330 -0.2848 0.6177
vn -0.7900 0.5176 0.3287
vn 0.6568 -0.7538 0.0221
vn -0.0896 -0.6645 0.7419
vn -0.8189 0.3132 0.4809
vn -0.8105 -0.4443 0.3816
vn -0.7772 0.3084 0.5485
vn -0.7693 0.2150 -0.6016
vn -0.8157 0.0469 0.5766
vn -0.8022 -0.0972 0.5891
vn -0.7601 -0.0816 -0.6447
vn -0.6818 0.2184 -0.6982
vn -0.0560 -0.9900 -0.1292
vn 0.2425 -0.1586 0.9571
vn -0.3477 -0.6382 0.6869
vn -0.8405 -0.4173 0.3456
vn -0.8537 0.1332 0.5035
vn -0.8234 -0.1765 0.5393
vn -0.2643 0.2038 -0.9427
vn -0.7827 0.3440 -0.5186
vn -0.8022 0.0720 -0.5926
vn -0.7718 -0.1758 -0.6111
vn 0.0081 0.8900 0.4560
vn -0.7999 0.4315 -0.4170
vn -0.9154 -0.3994 0.0504
vn -0.1806 -0.9155 0.3594
vn -0.2636 -0.8893 0.3737
vn -0.8734 -0.2166 0.4361
vn -0.8481 -0.0635 0.5260
vn -0.8984 0.3948 0.1923
vn 0.9388 -0.2231 0.2624
vn -0.8760 0.3607 0.3202
vn -0.8585 -0.2205 0.4630
vn -0.4160 0.6791 0.6048
vn -0.3398 0.2632 -0.9029
vn -0.3577 -0.0213 -0.9336
vn -0.3099 -0.1141 -0.9439
vn 0.2795 0.3456 0.8958
vn -0.4991 0.3192 -0.8056
vn -0.3173 -0.5846 -0.7467
vn -0.4778 0.6036 -0.6382
vn -0.3346 -0.9218 -0.1959
vn -0.2686 0.1397 0.9531
vn -0.9320 0.3624 -0.0053
vn -0.8635 -0.4327 0.2591
vn -0.8813 0.2217 0.4174
vn -0.5188 0.2963 -0.8019
vn -0.8434 -0.1545 -0.5146
vn -0.5208 0.1438 -0.8415
vn -0.4349 0.1663 -0.8850
vn -0.3683 -0.5097 -0.7775
vn -0.6765 0.6625 -0.3216
vn -0.6772 0.7319 -0.0763
vn -0.9206 0.3675 -0.1323
vn -0.7092 0.5775 0.4045
vn 0.1928 -0.9766 0.0950
vn -0.3234 -0.9133 0.2477
vn -0.9587 0.2664 -0.0999
vn -0.4170 0.7967 0.4376
vn -0.1834 -0.6961 -0.6941
vn -0.1707 -0.2711 0.9473
vn -0.9696 -0.2005 -0.1403
vn -0.9799 -0.1905 0.0584
vn -0.9511 -0.3040 -0.0549
vn -0.9567 0.0993 0.2738
vn -0.6248 0.5033 -0.5969
vn -0.9359 -0.0045 0.3523
vn -0.1437 -0.5805 -0.8015
vn -0.5255 -0.3092 -0.7927
vn -0.5094 0.0252 -0.8602
vn 0.1366 -0.9123 -0.3861
vn -0.7170 0.6761 -0.1700
vn -0.4781 -0.8702 0.1193
vn 0.1657 0.3746 0.9123
vn -0.8326 0.3829 0.4002
vn -0.6668 0.6745 -0.3168
vn -0.3890 -0.8703 0.3022
vn -0.5359 -0.7107 0.4557
vn -0.6942 -0.6734 -0.2542
vn -0.9941 0.0610 -0.0895
vn -0.2531 0.1850 -0.9496
vn -0.9951 -0.0456 -0.0873
vn -0.9821 0.0612 0.1783
vn -0.9963 -0.0590 0.0629
vn -0.7393 -0.6660 -0.0990
vn -0.4618 0.1492 -0.8743
vn -0.5482 0.1379 -0.8249
vn -0.4929 -0.2415 -0.8359
vn -0.4849 -0.4414 -0.7550
vn 0.6130 0.0817 0.7859
vn -0.7573 0.4986 -0.4218
vn -0.4813 -0.8516 -0.2077
vn -0.5809 0.7547 0.3049
vn -0.5666 -0.8226 0.0481
vn -0.5348 -0.7867 0.3085
vn -0.4840 -0.1238 0.8663
vn -0.5255 -0.6325 0.5690
vn -0.5120 -0.6539 0.5570
vn -0.5802 -0.5506 0.6002
vn -0.6023 -0.2988 0.7403
vn -0.2558 0.2030 -0.9452
vn -0.2638 0.3415 -0.9021
vn -0.5685 -0.1151 -0.8146
vn -0.6793 -0.0297 -0.7333
vn -0.5850 -0.4695 -0.6614
vn -0.7857 -0.0833 -0.6130
vn -0.6664 -0.6430 -0.3774
vn -0.4395 -0.8583 0.2649
vn -0.7651 0.4329 0.4766
vn 0.1448 0.7820 -0.6062
vn -0.8294 0.1544 -0.5368
vn -0.7927 -0.0290 -0.6089
vn -0.8382 -0.2023 -0.5064
vn -0.6645 0.1560 -0.7308
vn -0.7807 -0.2534 -0.5712
vn -0.8569 0.2464 -0.4528
vn -0.7476 -0.5959 -0.2934
vn -0.8516 0.3969 -0.3424
vn -0.8878 0.4547 -0.0714
vn 0.2516 -0.9641 -0.0854
vn -0.8212 0.5603 -0.1081
vn -0.5819 -0.8031 -0.1277
vn -0.8278 0.5610 0.0065
vn -0.5896 -0.3543 -0.7258
vn -0.5353 -0.8197 0.2041
vn -0.7503 0.3773 0.5429
vn 0.9498 0.2203 -0.2221
vn -0.7715 0.4099 0.4866
vn -0.7278 0.2263 0.6474
vn -0.7387 0.2344 0.6320
vn -0.3976 0.2862 -0.8718
vn -0.1958 -0.1035 -0.9752
vn -0.7674 0.0814 -0.6359
vn -0.7274 -0.0971 -0.6793
vn -0.7356 0.3893 -0.5543
vn -0.8895 0.4294 -0.1564
vn -0.8684 0.4172 -0.2680
vn -0.5862 0.0835 0.8058
vn 0.5124 -0.6707 -0.5362
vn -0.7931 -0.0530 0.6068
vn -0.4764 0.2126 -0.8531
vn -0.3079 0.0260 -0.9511
vn -0.3069 -0.3096 -0.9000
vn -0.3331 0.4386 -0.8347
vn -0.8384 0.0915 -0.5373
vn -0.8536 -0.2796 -0.4396
vn -0.8350 -0.4752 -0.2773
vn -0.8910 -0.4527 -0.0338
vn -0.9553 0.1302 -0.2653
vn -0.9520 0.2512 -0.1751
vn -0.7592 -0.6289 0.1676
vn 0.5839 -0.7087 -0.3960
vn -0.6368 -0.7227 0.2687
vn -0.7898 -0.6095 0.0684
vn -0.0256 -0.9112 -0.4111
vn -0.8775 -0.1001 0.4689
vn 0.5557 0.2959 -0.7770
vn -0.4541 -0.5612 -0.6920
vn -0.9305 -0.0603 -0.3614
vn -0.9745 -0.0583 -0.2169
vn -0.9455 -0.3239 -0.0326
vn -0.8721 0.3045 -0.3830
vn -0.7218 0.5223 -0.4541
vn -0.4502 -0.8890 -0.0838
vn 0.4740 -0.2017 -0.8571
vn -0.4182 -0.8369 0.3532
vn 0.4372 -0.0355 -0.8987
vn 0.8361 0.5174 -0.1826
vn -0.9280 0.1845 0.3237
vn -0.5688 0.2037 -0.7969
vn -0.5169 -0.0356 -0.8553
vn -0.7251 -0.1032 0.6809
vn -0.6425 -0.5271 -0.5562
vn 0.7772 -0.1527 -0.6104
vn -0.8266 0.2401 -0.5090
vn -0.8102 0.4019 -0.4267
vn -0.7235 0.5066 0.4690
vn -0.6970 0.0594 -0.7146
vn -0.8235 0.4590 -0.3334
vn -0.6691 -0.5772 -0.4682
vn -0.7771 0.5577 -0.2916
vn -0.7821 -0.3680 -0.5029
vn -0.8063 0.5841 -0.0935
vn -0.8805 0.1762 -0.4400
vn -0.8727 0.4680 0.1389
vn -0.7121 -0.6791 0.1783
vn 0.5025 0.2960 -0.8123
vn 0.8897 0.3990 0.2218
vn -0.2147 -0.6304 0.7460
vn 0.3157 -0.0383 0.9481
vn -0.8724 0.2405 -0.4256
vn -0.8768 0.3883 -0.2835
vn -0.8835 0.4623 0.0757
vn -0.8640 -0.3147 -0.3931
vn -0.9148 0.2436 -0.3222
vn -0.9759 0.1237 -0.1799
vn -0.9821 0.0222 -0.1869
vn -0.9180 -0.2573 -0.3017
vn -0.9929 0.1177 -0.0195
vn -0.9260 0.3634 -0.1022
vn -0.7905 0.3465 -0.5051
vn -0.8558 -0.4661 -0.2246
vn -0.8042 -0.5796 -0.1318
vn -0.8153 -0.5788 -0.0142
vn -0.7939 -0.3467 0.4995
vn -0.9622 0.0533 -0.2672
vn 0.3960 -0.8921 -0.2177
vn -0.8625 0.0676 -0.5015
vn -0.8249 0.0029 -0.5652
vn -0.9672 -0.2334 -0.1005
vn -0.8613 0.3440 -0.3740
vn -0.9060 -0.3213 -0.2755
vn -0.3978 -0.8272 0.3968
vn 0.6582 -0.7527 0.0152
vn -0.5941 0.6978 -0.4003
vn 0.2425 -0.1109 0.9638
vn 0.6363 0.7225 -0.2704
vn -0.1063 0.5899 -0.8004
vn 0.7316 -0.5714 -0.3719
vn -0.9115 -0.4038 0.0788
vn -0.8585 0.4197 0.2948
vn -0.2888 -0.9533 -0.0880
vn -0.8628 0.3380 0.3760
vn -0.8180 0.3179 0.4794
vn -0.7802 -0.4356 0.4489
vn -0.8228 0.1332 0.5524
vn -0.8978 0.0192 0.4399
vn -0.8920 0.1735 0.4174
vn -0.9513 0.0875 -0.2956
vn -0.9385 -0.1587 -0.3067
vn -0.9328 0.2192 -0.2860
vn 0.4251 -0.8414 -0.3336
vn 0.8645 -0.4893 0.1152
vn -0.9371 -0.3487 0.0173
vn -0.9715 0.1597 -0.1750
vn -0.9725 0.2305 -0.0342
vn -0.9615 -0.1356 0.2390
vn -0.9628 0.0896 0.2550
vn -0.9877 0.1528 0.0338
vn -0.9823 -0.0715 0.1733
vn -0.9831 -0.1684 0.0718
vn -0.9427 0.0148 0.3333
vn -0.9863 0.1057 0.1264
vn -0.8913 -0.1483 0.4286
vn -0.9929 -0.0943 -0.0724
vn -0.9930 0.0837 0.0828
vn -0.9980 -0.0549 0.0327
vn -0.9805 -0.1621 0.1113
vn -0.2345 0.4730 0.8493
vt 0.437337 0.154785
vt 0.437239 0.164014
vt 0.433896 0.163411
vt 0.236638 0.003095
vt 0.233239 0.007080
vt 0.242364 0.010027
vt 0.232811 0.013705
vt 0.430547 0.154288
vt 0.429755 0.164014
vt 0.425152 0.155614
vt 0.191906 0.554819
vt 0.190421 0.559240
vt 0.187450 0.554849
vt 0.186684 0.559240
vt 0.990759 0.982202
vt 0.985640 0.981874
vt 0.986198 0.991600
vt 0.990291 0.991600
vt 0.242385 0.013705
vt 0.144718 0.412476
vt 0.137968 0.404861
vt 0.125791 0.414375
vt 0.133276 0.420230
vt 0.148805 0.420709
vt 0.931954 0.364045
vt 0.931059 0.356323
vt 0.943782 0.357078
vt 0.944863 0.368142
vt 0.942333 0.271464
vt 0.948244 0.276126
vt 0.949109 0.270919
vt 0.956583 0.283337
vt 0.948918 0.283341
vt 0.958542 0.291248
vt 0.954069 0.274728
vt 0.159937 0.144552
vt 0.157749 0.152956
vt 0.148068 0.155521
vt 0.147534 0.146178
vt 0.960597 0.277717
vt 0.192420 0.014201
vt 0.181115 0.011168
vt 0.179808 0.014843
vt 0.187139 0.016001
vt 0.956874 0.270950
vt 0.941892 0.290619
vt 0.960768 0.306366
vt 0.966645 0.300788
vt 0.963715 0.280671
vt 0.958658 0.274275
vt 0.952164 0.266907
vt 0.941157 0.278662
vt 0.976722 0.317145
vt 0.970933 0.313959
vt 0.978677 0.306366
vt 0.977996 0.321311
vt 0.874910 0.484015
vt 0.879234 0.493478
vt 0.883748 0.488469
vt 0.886806 0.505767
vt 0.892389 0.488920
vt 0.867628 0.467057
vt 0.872878 0.472793
vt 0.878735 0.466774
vt 0.882053 0.477863
vt 0.948610 0.425151
vt 0.948882 0.434373
vt 0.957935 0.437146
vt 0.958371 0.426163
vt 0.866886 0.476675
vt 0.234826 0.283264
vt 0.222815 0.281253
vt 0.228810 0.267719
vt 0.237067 0.265664
vt 0.864326 0.503542
vt 0.875629 0.507048
vt 0.204281 0.459967
vt 0.205310 0.470308
vt 0.193055 0.461690
vt 0.137855 0.182097
vt 0.132122 0.166601
vt 0.137751 0.160950
vt 0.148639 0.172887
vt 0.869790 0.515244
vt 0.860796 0.513130
vt 0.850507 0.503820
vt 0.851576 0.517920
vt 0.868051 0.521645
vt 0.881396 0.456866
vt 0.880702 0.462704
vt 0.890518 0.463645
vt 0.893203 0.473252
vt 0.533694 0.735019
vt 0.543013 0.742368
vt 0.536695 0.744434
vt 0.523176 0.736554
vt 0.520654 0.729636
vt 0.194260 0.433793
vt 0.195622 0.442307
vt 0.188090 0.437024
vt 0.136005 0.148835
vt 0.128179 0.145788
vt 0.133960 0.138604
vt 0.147544 0.135513
vt 0.187594 0.124011
vt 0.188174 0.136452
vt 0.171699 0.129730
vt 0.165667 0.119928
vt 0.213402 0.470079
vt 0.842037 0.505096
vt 0.154135 0.643939
vt 0.149388 0.639826
vt 0.148932 0.653039
vt 0.160030 0.659692
vt 0.880970 0.448758
vt 0.890365 0.455504
vt 0.874798 0.447889
vt 0.896956 0.459892
vt 0.900947 0.468422
vt 0.874133 0.458423
vt 0.903835 0.487758
vt 0.210978 0.434996
vt 0.198391 0.452094
vt 0.900930 0.499488
vt 0.906974 0.498731
vt 0.480123 0.772612
vt 0.502401 0.769499
vt 0.510329 0.787582
vt 0.488315 0.786221
vt 0.893545 0.508957
vt 0.886984 0.524268
vt 0.895257 0.519260
vt 0.844990 0.518336
vt 0.865570 0.528370
vt 0.882078 0.529665
vt 0.852253 0.532290
vt 0.213778 0.482791
vt 0.220372 0.489010
vt 0.211233 0.497347
vt 0.750661 0.726935
vt 0.756642 0.736420
vt 0.761362 0.728519
vt 0.758130 0.720629
vt 0.886239 0.439023
vt 0.109025 0.109344
vt 0.115398 0.087939
vt 0.127400 0.086231
vt 0.828467 0.674879
vt 0.822915 0.670298
vt 0.819052 0.678895
vt 0.825128 0.688706
vt 0.912236 0.464922
vt 0.190188 0.417849
vt 0.190820 0.425731
vt 0.184290 0.419072
vt 0.184863 0.428048
vt 0.904673 0.475834
vt 0.208464 0.425978
vt 0.911639 0.489557
vt 0.321544 0.015407
vt 0.309231 0.012054
vt 0.310598 0.022074
vt 0.318986 0.024244
vt 0.221813 0.455769
vt 0.215157 0.445389
vt 0.904212 0.515499
vt 0.865698 0.343491
vt 0.870493 0.338989
vt 0.874364 0.348410
vt 0.867480 0.354746
vt 0.226955 0.463903
vt 0.223764 0.473336
vt 0.894465 0.538293
vt 0.880362 0.538603
vt 0.859319 0.534560
vt 0.868623 0.541433
vt 0.489438 0.332488
vt 0.483619 0.343819
vt 0.477695 0.338695
vt 0.357109 0.360297
vt 0.371730 0.365394
vt 0.375319 0.375202
vt 0.360816 0.381093
vt 0.349475 0.373133
vt 0.346119 0.360241
vt 0.859389 0.547573
vt 0.183796 0.410018
vt 0.188495 0.410745
vt 0.914172 0.474166
vt 0.197313 0.420977
vt 0.914989 0.502036
vt 0.908972 0.505522
vt 0.577198 0.333000
vt 0.556247 0.360223
vt 0.557208 0.333434
vt 0.569761 0.314582
vt 0.372265 0.177648
vt 0.367258 0.192386
vt 0.382381 0.187333
vt 0.385952 0.180675
vt 0.870606 0.548755
vt 0.474326 0.355346
vt 0.483535 0.361964
vt 0.199360 0.413242
vt 0.913248 0.478082
vt 0.223065 0.670544
vt 0.221631 0.657684
vt 0.214899 0.668335
vt 0.232367 0.469643
vt 0.886045 0.550369
vt 0.889357 0.542084
vt 0.494125 0.345507
vt 0.883593 0.559710
vt 0.489150 0.356488
vt 0.464654 0.361532
vt 0.474566 0.369877
vt 0.185536 0.404687
vt 0.186226 0.623274
vt 0.193909 0.623608
vt 0.196646 0.615116
vt 0.186441 0.613450
vt 0.234586 0.438674
vt 0.231652 0.449094
vt 0.899727 0.532867
vt 0.910831 0.540713
vt 0.907735 0.524970
vt 0.239555 0.456396
vt 0.905895 0.549565
vt 0.508707 0.318097
vt 0.513534 0.322657
vt 0.498781 0.318260
vt 0.902225 0.556216
vt 0.771295 0.671776
vt 0.756554 0.671951
vt 0.755904 0.679635
vt 0.762781 0.681482
vt 0.196134 0.401539
vt 0.207545 0.410970
vt 0.284745 0.025800
vt 0.277944 0.026573
vt 0.278777 0.038338
vt 0.290112 0.046589
vt 0.243724 0.438614
vt 0.914004 0.524048
vt 0.920072 0.533100
vt 0.920366 0.542744
vt 0.243303 0.459409
vt 0.915120 0.551774
vt 0.899502 0.564545
vt 0.904850 0.564048
vt 0.574997 0.746773
vt 0.573167 0.758141
vt 0.562264 0.747915
vt 0.564694 0.738619
vt 0.224438 0.419645
vt 0.236275 0.428980
vt 0.227033 0.430516
vt 0.521535 0.309288
vt 0.075442 0.421829
vt 0.086168 0.417908
vt 0.072881 0.402125
vt 0.067420 0.414731
vt 0.460860 0.378598
vt 0.465786 0.387886
vt 0.448718 0.391087
vt 0.210011 0.703275
vt 0.209231 0.691215
vt 0.201115 0.694213
vt 0.202039 0.705238
vt 0.186811 0.393502
vt 0.233556 0.414530
vt 0.245585 0.432108
vt 0.180917 0.025636
vt 0.185984 0.030213
vt 0.193117 0.017145
vt 0.865403 0.334432
vt 0.854032 0.333032
vt 0.858709 0.324665
vt 0.869127 0.330123
vt 0.105364 0.532675
vt 0.102654 0.519858
vt 0.093309 0.526205
vt 0.089439 0.541343
vt 0.258158 0.436148
vt 0.350725 0.173614
vt 0.366529 0.167064
vt 0.345077 0.159528
vt 0.450009 0.404166
vt 0.444299 0.394243
vt 0.499839 0.344397
vt 0.500130 0.354890
vt 0.909679 0.370602
vt 0.908468 0.344752
vt 0.918695 0.356739
vt 0.922730 0.363091
vt 0.479492 0.374053
vt 0.191185 0.714525
vt 0.198747 0.701817
vt 0.190072 0.702793
vt 0.190930 0.694209
vt 0.203233 0.686502
vt 0.205598 0.676660
vt 0.192082 0.686241
vt 0.223974 0.408559
vt 0.258565 0.448661
vt 0.863539 0.317349
vt 0.871949 0.308134
vt 0.875015 0.323381
vt 0.875390 0.332100
vt 0.221915 0.595856
vt 0.212446 0.596428
vt 0.210451 0.601867
vt 0.463876 0.404108
vt 0.182332 0.555592
vt 0.179900 0.537805
vt 0.172988 0.545055
vt 0.167182 0.559278
vt 0.293055 0.116666
vt 0.283851 0.101574
vt 0.274115 0.117618
vt 0.283672 0.120170
vt 0.231686 0.209673
vt 0.233973 0.198594
vt 0.242333 0.190522
vt 0.250920 0.204314
vt 0.245551 0.219808
vt 0.240660 0.211459
vt 0.235950 0.222648
vt 0.239043 0.394886
vt 0.241544 0.416715
vt 0.853789 0.346418
vt 0.212379 0.611457
vt 0.205651 0.609821
vt 0.531876 0.317139
vt 0.526286 0.337979
vt 0.186825 0.379528
vt 0.192281 0.386101
vt 0.177981 0.389258
vt 0.265329 0.433545
vt 0.263067 0.446524
vt 0.262610 0.456635
vt 0.541959 0.310286
vt 0.544388 0.313408
vt 0.174923 0.034280
vt 0.181623 0.039908
vt 0.458574 0.410770
vt 0.514417 0.356240
vt 0.497267 0.361189
vt 0.493966 0.381421
vt 0.485905 0.386740
vt 0.204372 0.384374
vt 0.208652 0.397363
vt 0.027945 0.220625
vt 0.022799 0.214371
vt 0.032066 0.212326
vt 0.033956 0.218787
vt 0.233964 0.393298
vt 0.078211 0.168434
vt 0.082516 0.173094
vt 0.072638 0.186689
vt 0.070051 0.175179
vt 0.269335 0.454052
vt 0.548204 0.306148
vt 0.184418 0.336688
vt 0.167834 0.349355
vt 0.161321 0.338135
vt 0.179851 0.330062
vt 0.509760 0.369939
vt 0.474454 0.393947
vt 0.472042 0.409871
vt 0.229153 0.362079
vt 0.223905 0.366440
vt 0.224579 0.361099
vt 0.236182 0.373143
vt 0.866490 0.811217
vt 0.866646 0.802930
vt 0.878988 0.795663
vt 0.873382 0.810452
vt 0.130574 0.307737
vt 0.115744 0.299561
vt 0.126632 0.297912
vt 0.142017 0.300386
vt 0.167021 0.648219
vt 0.158596 0.640028
vt 0.977190 0.218854
vt 0.971365 0.213528
vt 0.965307 0.223493
vt 0.969384 0.228218
vt 0.279969 0.440856
vt 0.273951 0.446214
vt 0.288717 0.439815
vt 0.282982 0.449662
vt 0.553957 0.313293
vt 0.549628 0.321526
vt 0.533985 0.331221
vt 0.512405 0.405730
vt 0.512881 0.420162
vt 0.500649 0.423763
vt 0.503370 0.414406
vt 0.236981 0.359198
vt 0.244576 0.365305
vt 0.220821 0.374019
vt 0.216575 0.368306
vt 0.245213 0.371252
vt 0.237066 0.380914
vt 0.226785 0.377456
vt 0.214529 0.384001
vt 0.251622 0.367812
vt 0.251287 0.375473
vt 0.243642 0.377512
vt 0.223268 0.390199
vt 0.206937 0.380504
vt 0.555742 0.795315
vt 0.565437 0.787684
vt 0.571901 0.792146
vt 0.572891 0.808410
vt 0.563986 0.799242
vt 0.245389 0.384726
vt 0.127212 0.682084
vt 0.157805 0.688003
vt 0.162554 0.678546
vt 0.150761 0.679883
vt 0.132131 0.675183
vt 0.280398 0.430133
vt 0.292553 0.452810
vt 0.287051 0.458105
vt 0.566818 0.304320
vt 0.209792 0.576923
vt 0.197088 0.586505
vt 0.204696 0.595623
vt 0.978677 0.329334
vt 0.974843 0.324878
vt 0.462297 0.410591
vt 0.507031 0.379503
vt 0.232786 0.349026
vt 0.338966 0.351058
vt 0.333168 0.355880
vt 0.320661 0.342878
vt 0.250921 0.359940
vt 0.240894 0.348017
vt 0.245335 0.338510
vt 0.252471 0.348350
vt 0.259913 0.344132
vt 0.262016 0.352960
vt 0.066246 0.052997
vt 0.075417 0.039313
vt 0.075642 0.056102
vt 0.068641 0.067225
vt 0.573588 0.400813
vt 0.588496 0.398013
vt 0.583615 0.415573
vt 0.573703 0.411836
vt 0.251764 0.383241
vt 0.095651 0.235198
vt 0.089928 0.227702
vt 0.093086 0.218826
vt 0.107020 0.222070
vt 0.192868 0.595253
vt 0.533770 0.348116
vt 0.520030 0.345811
vt 0.225825 0.348189
vt 0.300091 0.017229
vt 0.301759 0.022577
vt 0.252525 0.403178
vt 0.250531 0.417204
vt 0.246967 0.396342
vt 0.095940 0.165776
vt 0.086047 0.160235
vt 0.094760 0.153722
vt 0.112727 0.162646
vt 0.110393 0.173351
vt 0.950823 0.406527
vt 0.945433 0.411948
vt 0.596899 0.773647
vt 0.591235 0.773436
vt 0.591475 0.766253
vt 0.543074 0.343864
vt 0.571334 0.297947
vt 0.578830 0.305411
vt 0.527188 0.362045
vt 0.524142 0.368027
vt 0.862712 0.493684
vt 0.263347 0.361285
vt 0.269364 0.367797
vt 0.262389 0.369840
vt 0.722179 0.202575
vt 0.716777 0.205790
vt 0.721797 0.210632
vt 0.726120 0.209288
vt 0.257916 0.389140
vt 0.263822 0.392473
vt 0.258894 0.398003
vt 0.257727 0.412833
vt 0.275868 0.408778
vt 0.287421 0.404137
vt 0.282140 0.416778
vt 0.042695 0.194322
vt 0.049970 0.191842
vt 0.054706 0.196407
vt 0.052565 0.200066
vt 0.043600 0.198922
vt 0.293650 0.444708
vt 0.309039 0.447953
vt 0.542442 0.352729
vt 0.314847 0.315250
vt 0.307037 0.309105
vt 0.319656 0.301554
vt 0.324775 0.310873
vt 0.521280 0.385360
vt 0.968886 0.331123
vt 0.953508 0.330852
vt 0.972022 0.326405
vt 0.029729 0.829377
vt 0.037471 0.833208
vt 0.040746 0.838796
vt 0.028342 0.840509
vt 0.230600 0.336934
vt 0.217144 0.342471
vt 0.239758 0.341469
vt 0.215163 0.352520
vt 0.207764 0.347251
vt 0.206750 0.357574
vt 0.312900 0.343747
vt 0.312199 0.333418
vt 0.263344 0.385282
vt 0.269169 0.392034
vt 0.239342 0.232931
vt 0.248457 0.232092
vt 0.258531 0.238319
vt 0.247945 0.238388
vt 0.236470 0.237387
vt 0.798303 0.774252
vt 0.794266 0.764786
vt 0.789457 0.773879
vt 0.795166 0.774723
vt 0.273720 0.376443
vt 0.549456 0.344853
vt 0.494705 0.406788
vt 0.487572 0.414604
vt 0.480673 0.422487
vt 0.220231 0.335544
vt 0.423689 0.063837
vt 0.429775 0.059689
vt 0.426586 0.055210
vt 0.211912 0.340601
vt 0.421835 0.081428
vt 0.428962 0.084382
vt 0.425650 0.074315
vt 0.380810 0.470025
vt 0.367851 0.472516
vt 0.366181 0.455276
vt 0.377152 0.451850
vt 0.201975 0.374900
vt 0.199317 0.374623
vt 0.198608 0.367494
vt 0.178127 0.612936
vt 0.180759 0.623797
vt 0.802676 0.734976
vt 0.790753 0.727783
vt 0.783976 0.743416
vt 0.798434 0.749153
vt 0.582814 0.325964
vt 0.418751 0.070464
vt 0.172203 0.686147
vt 0.301421 0.040803
vt 0.292550 0.030961
vt 0.300921 0.053455
vt 0.023199 0.812494
vt 0.017995 0.827281
vt 0.010976 0.821117
vt 0.013396 0.807070
vt 0.022745 0.800212
vt 0.535041 0.368864
vt 0.529322 0.378273
vt 0.193013 0.363727
vt 0.192910 0.358443
vt 0.403175 0.437200
vt 0.386773 0.432709
vt 0.383748 0.420812
vt 0.409184 0.426404
vt 0.413794 0.440338
vt 0.276666 0.353063
vt 0.088892 0.786491
vt 0.082852 0.780162
vt 0.095859 0.775862
vt 0.099293 0.783708
vt 0.303439 0.394699
vt 0.294840 0.413346
vt 0.168931 0.631541
vt 0.170109 0.622241
vt 0.067011 0.427026
vt 0.054184 0.449908
vt 0.067230 0.455234
vt 0.182643 0.586409
vt 0.174201 0.593671
vt 0.599153 0.295931
vt 0.595234 0.304964
vt 0.588224 0.293988
vt 0.589047 0.317308
vt 0.176759 0.320425
vt 0.149260 0.321385
vt 0.149789 0.306594
vt 0.151582 0.297541
vt 0.149735 0.293875
vt 0.168157 0.287039
vt 0.167143 0.293960
vt 0.170205 0.301216
vt 0.177218 0.293523
vt 0.179357 0.271512
vt 0.185093 0.264007
vt 0.196415 0.274143
vt 0.188224 0.296625
vt 0.209225 0.298680
vt 0.188583 0.314612
vt 0.181331 0.324807
vt 0.959461 0.322196
vt 0.948216 0.327918
vt 0.952863 0.317355
vt 0.188097 0.445865
vt 0.492019 0.423027
vt 0.482452 0.428329
vt 0.415083 0.079756
vt 0.416622 0.086558
vt 0.124963 0.110764
vt 0.135275 0.123150
vt 0.121628 0.132197
vt 0.330755 0.315002
vt 0.355340 0.481542
vt 0.336733 0.480943
vt 0.322525 0.472856
vt 0.325644 0.460255
vt 0.346818 0.469214
vt 0.037783 0.468443
vt 0.030010 0.460281
vt 0.024447 0.471720
vt 0.029952 0.478456
vt 0.274120 0.346067
vt 0.275905 0.361308
vt 0.279374 0.379602
vt 0.296492 0.387840
vt 0.286055 0.395772
vt 0.310430 0.437747
vt 0.325534 0.428364
vt 0.320071 0.448867
vt 0.326274 0.453111
vt 0.316129 0.457584
vt 0.550458 0.366401
vt 0.324479 0.031835
vt 0.333840 0.037698
vt 0.339597 0.036702
vt 0.329216 0.022964
vt 0.592818 0.320268
vt 0.602159 0.331507
vt 0.588746 0.330023
vt 0.276589 0.173909
vt 0.284442 0.169416
vt 0.286957 0.154991
vt 0.268554 0.152155
vt 0.414624 0.940219
vt 0.405224 0.949464
vt 0.401173 0.951761
vt 0.405211 0.942239
vt 0.409627 0.936577
vt 0.320798 0.486738
vt 0.320385 0.493406
vt 0.314045 0.489088
vt 0.197881 0.340802
vt 0.192746 0.349392
vt 0.189333 0.342799
vt 0.334047 0.305814
vt 0.419088 0.114903
vt 0.424038 0.120548
vt 0.424961 0.105724
vt 0.313560 0.402836
vt 0.317838 0.414844
vt 0.307548 0.409538
vt 0.174470 0.283573
vt 0.332735 0.449599
vt 0.570076 0.347328
vt 0.308478 0.469110
vt 0.262940 0.009699
vt 0.255147 0.016715
vt 0.265806 0.026933
vt 0.270975 0.015004
vt 0.527128 0.393420
vt 0.517767 0.395308
vt 0.166243 0.180863
vt 0.183789 0.178709
vt 0.185931 0.196028
vt 0.176653 0.197239
vt 0.489078 0.431034
vt 0.609156 0.333297
vt 0.602413 0.338582
vt 0.595185 0.355829
vt 0.602299 0.371428
vt 0.590109 0.370698
vt 0.584158 0.345190
vt 0.283471 0.343118
vt 0.289867 0.366148
vt 0.284073 0.372855
vt 0.096013 0.408806
vt 0.088606 0.425137
vt 0.100899 0.415070
vt 0.340362 0.109853
vt 0.331702 0.093827
vt 0.327812 0.109670
vt 0.336042 0.114741
vt 0.324042 0.411297
vt 0.757525 0.975907
vt 0.759507 0.983058
vt 0.749741 0.980694
vt 0.403915 0.079175
vt 0.407972 0.068206
vt 0.537076 0.384179
vt 0.225472 0.097182
vt 0.213584 0.095459
vt 0.217958 0.107427
vt 0.423384 0.430957
vt 0.424351 0.446279
vt 0.519896 0.404015
vt 0.119260 0.153337
vt 0.613580 0.348325
vt 0.403155 0.055109
vt 0.413920 0.059277
vt 0.065050 0.504252
vt 0.084622 0.495164
vt 0.074173 0.488662
vt 0.061034 0.495172
vt 0.418931 0.097234
vt 0.415448 0.099848
vt 0.408976 0.111827
vt 0.412967 0.112345
vt 0.157743 0.742590
vt 0.148902 0.737852
vt 0.148050 0.741520
vt 0.413456 0.120734
vt 0.277922 0.336188
vt 0.290650 0.350895
vt 0.289006 0.358061
vt 0.306587 0.391233
vt 0.328678 0.396136
vt 0.195946 0.176854
vt 0.179563 0.166277
vt 0.187984 0.158890
vt 0.201315 0.167500
vt 0.600346 0.395982
vt 0.594994 0.381126
vt 0.607515 0.376191
vt 0.564242 0.361168
vt 0.368757 0.048828
vt 0.350169 0.042714
vt 0.334530 0.058739
vt 0.346167 0.055867
vt 0.354633 0.051689
vt 0.365537 0.056269
vt 0.610175 0.352784
vt 0.347837 0.196500
vt 0.358805 0.201112
vt 0.354576 0.181910
vt 0.141277 0.647568
vt 0.139582 0.657006
vt 0.149694 0.666100
vt 0.408712 0.050018
vt 0.411723 0.044117
vt 0.402289 0.043419
vt 0.405440 0.034904
vt 0.412633 0.036765
vt 0.341557 0.298194
vt 0.329566 0.293182
vt 0.399392 0.100113
vt 0.297844 0.382512
vt 0.310895 0.368320
vt 0.315220 0.378269
vt 0.276608 0.124578
vt 0.282000 0.139275
vt 0.298385 0.150797
vt 0.303348 0.136551
vt 0.324942 0.374988
vt 0.323005 0.385403
vt 0.331225 0.382138
vt 0.342048 0.382448
vt 0.334726 0.393356
vt 0.342742 0.400084
vt 0.337239 0.406130
vt 0.700368 0.015920
vt 0.689698 0.014361
vt 0.704440 0.008764
vt 0.720188 0.013776
vt 0.338523 0.416963
vt 0.766172 0.980157
vt 0.354944 0.440553
vt 0.351528 0.460009
vt 0.757724 0.700256
vt 0.748192 0.704568
vt 0.750830 0.713701
vt 0.760665 0.707901
vt 0.768026 0.708449
vt 0.187901 0.050983
vt 0.178383 0.048400
vt 0.179708 0.053770
vt 0.188088 0.054435
vt 0.072884 0.849590
vt 0.081002 0.848326
vt 0.068504 0.866160
vt 0.064365 0.860435
vt 0.399891 0.063834
vt 0.343372 0.288410
vt 0.400351 0.089281
vt 0.407253 0.122359
vt 0.296913 0.358769
vt 0.337109 0.368594
vt 0.559270 0.370712
vt 0.383346 0.402342
vt 0.396775 0.411165
vt 0.370847 0.420230
vt 0.200204 0.350582
vt 0.202063 0.343984
vt 0.537564 0.399222
vt 0.531790 0.409124
vt 0.516610 0.420867
vt 0.225849 0.075708
vt 0.222295 0.062227
vt 0.219255 0.074090
vt 0.340924 0.488598
vt 0.617646 0.364834
vt 0.606078 0.360435
vt 0.396929 0.058678
vt 0.416315 0.130077
vt 0.407088 0.138389
vt 0.417765 0.141773
vt 0.175454 0.604824
vt 0.187395 0.605634
vt 0.175247 0.599344
vt 0.322659 0.363487
vt 0.395227 0.962545
vt 0.395195 0.970766
vt 0.388601 0.978725
vt 0.354703 0.422020
vt 0.338737 0.426994
vt 0.557395 0.379746
vt 0.552576 0.378506
vt 0.942305 0.237184
vt 0.939513 0.242113
vt 0.945858 0.249538
vt 0.953022 0.242650
vt 0.962007 0.239104
vt 0.954800 0.234126
vt 0.213168 0.068225
vt 0.215907 0.080504
vt 0.519944 0.807999
vt 0.507960 0.812575
vt 0.509973 0.803393
vt 0.516056 0.800574
vt 0.526192 0.416609
vt 0.358006 0.468797
vt 0.179244 0.408657
vt 0.179103 0.418220
vt 0.398715 0.049921
vt 0.402597 0.074081
vt 0.395974 0.079445
vt 0.117256 0.422080
vt 0.106358 0.422933
vt 0.112012 0.186944
vt 0.094243 0.179489
vt 0.624062 0.343623
vt 0.625731 0.335172
vt 0.132769 0.383094
vt 0.122104 0.376091
vt 0.106881 0.381959
vt 0.097173 0.392222
vt 0.113226 0.400203
vt 0.132230 0.392517
vt 0.816210 0.727639
vt 0.809192 0.718987
vt 0.812569 0.735597
vt 0.817120 0.737193
vt 0.280414 0.091008
vt 0.274156 0.095454
vt 0.289751 0.097254
vt 0.363449 0.443017
vt 0.782630 0.670707
vt 0.771365 0.681676
vt 0.797480 0.678877
vt 0.794104 0.669838
vt 0.208737 0.082230
vt 0.972208 0.563883
vt 0.961311 0.570315
vt 0.952800 0.556755
vt 0.954777 0.546624
vt 0.960204 0.550797
vt 0.518650 0.775002
vt 0.516404 0.761855
vt 0.522710 0.750863
vt 0.525595 0.769754
vt 0.525080 0.779208
vt 0.362522 0.486716
vt 0.399813 0.116474
vt 0.398357 0.124854
vt 0.583443 0.782430
vt 0.568012 0.779426
vt 0.577468 0.777746
vt 0.583351 0.776278
vt 0.556669 0.767185
vt 0.544574 0.765520
vt 0.540289 0.755778
vt 0.115604 0.525027
vt 0.108280 0.542575
vt 0.120621 0.537800
vt 0.500877 0.723981
vt 0.495977 0.735900
vt 0.487258 0.729405
vt 0.494302 0.717238
vt 0.065961 0.197837
vt 0.059835 0.202851
vt 0.067653 0.191119
vt 0.042008 0.581036
vt 0.056505 0.588760
vt 0.052998 0.571550
vt 0.036691 0.567272
vt 0.103079 0.126303
vt 0.105884 0.136435
vt 0.388356 0.080987
vt 0.396121 0.084362
vt 0.389113 0.113555
vt 0.400820 0.107547
vt 0.419526 0.197129
vt 0.411400 0.190404
vt 0.407021 0.200693
vt 0.362000 0.421051
vt 0.364861 0.430714
vt 0.555281 0.389219
vt 0.221497 0.861627
vt 0.219756 0.859593
vt 0.221497 0.851017
vt 0.210228 0.054009
vt 0.210593 0.063863
vt 0.220218 0.058811
vt 0.221996 0.090051
vt 0.378382 0.481879
vt 0.064385 0.580085
vt 0.334353 0.275984
vt 0.327698 0.283325
vt 0.321454 0.273574
vt 0.389083 0.119174
vt 0.392843 0.133107
vt 0.402384 0.149205
vt 0.051516 0.212359
vt 0.054590 0.218493
vt 0.046881 0.223911
vt 0.046084 0.218869
vt 0.411527 0.956620
vt 0.406217 0.968020
vt 0.368263 0.437795
vt 0.114043 0.056124
vt 0.120223 0.067574
vt 0.105477 0.071324
vt 0.102274 0.058001
vt 0.222231 0.038615
vt 0.209476 0.047104
vt 0.219571 0.047856
vt 0.073270 0.585919
vt 0.045611 0.561391
vt 0.387619 0.073211
vt 0.390835 0.068272
vt 0.387488 0.066153
vt 0.394319 0.072509
vt 0.395650 0.175866
vt 0.964129 0.249094
vt 0.969248 0.238807
vt 0.964384 0.231535
vt 0.536762 0.760819
vt 0.530706 0.752084
vt 0.376266 0.433302
vt 0.560512 0.810137
vt 0.552761 0.804488
vt 0.560464 0.801545
vt 0.552329 0.399604
vt 0.549495 0.388329
vt 0.224669 0.011052
vt 0.211791 0.012686
vt 0.213726 0.019224
vt 0.202425 0.075859
vt 0.199465 0.061343
vt 0.191791 0.074641
vt 0.198673 0.056692
vt 0.204244 0.068108
vt 0.572340 0.383011
vt 0.583983 0.385291
vt 0.271623 0.419490
vt 0.623227 0.382235
vt 0.614098 0.393457
vt 0.383537 0.081405
vt 0.107505 0.482735
vt 0.096863 0.496400
vt 0.102668 0.502597
vt 0.113621 0.489718
vt 0.975311 0.554485
vt 0.973008 0.541948
vt 0.990762 0.554968
vt 0.984727 0.560712
vt 0.553709 0.400527
vt 0.901792 0.783259
vt 0.899050 0.795578
vt 0.895145 0.774178
vt 0.178310 0.568465
vt 0.160349 0.568286
vt 0.171256 0.579566
vt 0.153587 0.430755
vt 0.139202 0.429220
vt 0.141003 0.444172
vt 0.383815 0.069782
vt 0.379985 0.076405
vt 0.349481 0.495908
vt 0.337735 0.497347
vt 0.380798 0.138494
vt 0.398455 0.400180
vt 0.408812 0.409280
vt 0.204857 0.018145
vt 0.191179 0.064004
vt 0.167106 0.662965
vt 0.150907 0.674656
vt 0.288114 0.061210
vt 0.287193 0.052290
vt 0.274620 0.044706
vt 0.274236 0.048544
vt 0.389558 0.477825
vt 0.076166 0.569853
vt 0.381919 0.120799
vt 0.386084 0.127777
vt 0.364909 0.388874
vt 0.039213 0.801058
vt 0.046406 0.811941
vt 0.039866 0.818444
vt 0.032304 0.806241
vt 0.205417 0.035494
vt 0.197557 0.042636
vt 0.389084 0.466591
vt 0.162334 0.107098
vt 0.172904 0.103801
vt 0.177608 0.114877
vt 0.045585 0.543471
vt 0.026661 0.518870
vt 0.019289 0.530662
vt 0.026468 0.542801
vt 0.032153 0.557611
vt 0.149699 0.719958
vt 0.138337 0.707778
vt 0.131499 0.727613
vt 0.145373 0.731996
vt 0.038618 0.158930
vt 0.039578 0.172195
vt 0.029480 0.174549
vt 0.030273 0.163339
vt 0.030896 0.155840
vt 0.383881 0.198635
vt 0.318615 0.000856
vt 0.307828 0.000442
vt 0.088258 0.856546
vt 0.102580 0.865216
vt 0.095970 0.868788
vt 0.087409 0.865686
vt 0.382068 0.384307
vt 0.201117 0.014165
vt 0.387274 0.450139
vt 0.398291 0.448702
vt 0.370443 0.132740
vt 0.242741 0.021274
vt 0.257096 0.005347
vt 0.249690 0.007213
vt 0.521192 0.745462
vt 0.513863 0.736282
vt 0.197305 0.034612
vt 0.147223 0.302351
vt 0.138513 0.470771
vt 0.125165 0.459053
vt 0.123212 0.470984
vt 0.132966 0.480189
vt 0.188341 0.040238
vt 0.161732 0.165844
vt 0.406824 0.463511
vt 0.074568 0.561007
vt 0.065163 0.567951
vt 0.063295 0.557796
vt 0.614351 0.401189
vt 0.608020 0.417756
vt 0.597946 0.409506
vt 0.147602 0.512376
vt 0.138640 0.523661
vt 0.152740 0.522471
vt 0.167522 0.518313
vt 0.159775 0.500284
vt 0.150848 0.491480
vt 0.032015 0.512143
vt 0.011821 0.506507
vt 0.383402 0.166809
vt 0.383251 0.359791
vt 0.096614 0.811452
vt 0.096625 0.822702
vt 0.082599 0.827141
vt 0.087535 0.814839
vt 0.409410 0.362625
vt 0.402337 0.375717
vt 0.396934 0.363708
vt 0.407971 0.349591
vt 0.183585 0.059247
vt 0.105425 0.576716
vt 0.093556 0.574092
vt 0.084509 0.582017
vt 0.083134 0.559779
vt 0.167894 0.698269
vt 0.137099 0.699350
vt 0.155873 0.708279
vt 0.802877 0.663057
vt 0.807941 0.653054
vt 0.802061 0.644819
vt 0.789718 0.650314
vt 0.783844 0.661635
vt 0.035721 0.198474
vt 0.032910 0.206250
vt 0.022922 0.210081
vt 0.025942 0.205550
vt 0.941279 0.430326
vt 0.936813 0.434715
vt 0.945834 0.444519
vt 0.486144 0.766310
vt 0.495250 0.764832
vt 0.113810 0.688315
vt 0.101584 0.687565
vt 0.104539 0.700578
vt 0.111608 0.704512
vt 0.174937 0.220431
vt 0.160494 0.210632
vt 0.165806 0.197554
vt 0.182471 0.211763
vt 0.090259 0.563812
vt 0.081581 0.568569
vt 0.593207 0.422919
vt 0.077268 0.554976
vt 0.106790 0.316142
vt 0.120919 0.312204
vt 0.126139 0.319676
vt 0.116147 0.325928
vt 0.497497 0.811127
vt 0.498676 0.816370
vt 0.200197 0.314855
vt 0.190792 0.317213
vt 0.217682 0.303982
vt 0.240427 0.288698
vt 0.240677 0.278242
vt 0.244055 0.275662
vt 0.346380 0.077867
vt 0.364040 0.075991
vt 0.358858 0.068277
vt 0.351281 0.063823
vt 0.153278 0.111383
vt 0.137388 0.092762
vt 0.141150 0.085130
vt 0.135622 0.668351
vt 0.217142 0.170660
vt 0.207989 0.161142
vt 0.224298 0.155508
vt 0.228460 0.165774
vt 0.201563 0.602798
vt 0.025787 0.456185
vt 0.014210 0.460677
vt 0.379025 0.980106
vt 0.381371 0.970992
vt 0.387198 0.967232
vt 0.356370 0.108806
vt 0.352395 0.115109
vt 0.370446 0.122070
vt 0.298680 0.352517
vt 0.485676 0.739871
vt 0.492850 0.747632
vt 0.471898 0.752184
vt 0.475207 0.743935
vt 0.036440 0.191879
vt 0.037648 0.186838
vt 0.046027 0.189436
vt 0.415681 0.450518
vt 0.141427 0.341746
vt 0.149372 0.335798
vt 0.151359 0.345673
vt 0.103840 0.564847
vt 0.081919 0.551309
vt 0.079814 0.539208
vt 0.067278 0.546861
vt 0.598926 0.431034
vt 0.073002 0.536682
vt 0.056788 0.537297
vt 0.019230 0.483823
vt 0.009138 0.471173
vt 0.011301 0.487939
vt 0.310225 0.290613
vt 0.306223 0.281560
vt 0.025938 0.492540
vt 0.046095 0.526351
vt 0.054256 0.518772
vt 0.465609 0.754883
vt 0.461241 0.749585
vt 0.391649 0.374937
vt 0.120106 0.577134
vt 0.113310 0.574004
vt 0.138248 0.355880
vt 0.129760 0.350694
vt 0.047267 0.513012
vt 0.044631 0.506118
vt 0.036305 0.502373
vt 0.469692 0.745688
vt 0.371487 0.221852
vt 0.357799 0.213857
vt 0.360557 0.225837
vt 0.891843 0.812938
vt 0.891439 0.800741
vt 0.903421 0.804422
vt 0.123753 0.488014
vt 0.112382 0.507611
vt 0.117445 0.508904
vt 0.975516 0.400157
vt 0.977746 0.404042
vt 0.987834 0.406111
vt 0.989121 0.392662
vt 0.980555 0.390363
vt 0.400641 0.390263
vt 0.416389 0.387508
vt 0.418600 0.397507
vt 0.097610 0.272373
vt 0.100311 0.252146
vt 0.114174 0.238383
vt 0.117719 0.253268
vt 0.124386 0.267797
vt 0.105384 0.272981
vt 0.509871 0.763728
vt 0.518231 0.783358
vt 0.127790 0.426642
vt 0.126681 0.441682
vt 0.142884 0.459275
vt 0.345648 0.120759
vt 0.356009 0.126145
vt 0.816074 0.751951
vt 0.818895 0.746012
vt 0.242497 0.268689
vt 0.347115 0.218176
vt 0.395459 0.354093
vt 0.571581 0.817097
vt 0.580592 0.810995
vt 0.578795 0.816269
vt 0.101556 0.203707
vt 0.103685 0.212013
vt 0.086789 0.206336
vt 0.100251 0.195364
vt 0.591782 0.737335
vt 0.580886 0.735043
vt 0.585817 0.726348
vt 0.595590 0.728637
vt 0.557676 0.785554
vt 0.548016 0.797168
vt 0.541719 0.795749
vt 0.541950 0.786753
vt 0.548710 0.780354
vt 0.425279 0.406635
vt 0.890249 0.347006
vt 0.887647 0.336835
vt 0.895199 0.334566
vt 0.906341 0.332981
vt 0.916350 0.338145
vt 0.351208 0.031857
vt 0.347489 0.025207
vt 0.350328 0.038387
vt 0.119869 0.566206
vt 0.110316 0.561989
vt 0.078396 0.526159
vt 0.800063 0.723316
vt 0.041909 0.149394
vt 0.031976 0.146896
vt 0.036459 0.142158
vt 0.062050 0.528434
vt 0.060373 0.512765
vt 0.045997 0.496403
vt 0.344335 0.229075
vt 0.100624 0.551045
vt 0.049909 0.164153
vt 0.048754 0.144156
vt 0.054186 0.158107
vt 0.062250 0.165138
vt 0.142547 0.325458
vt 0.158227 0.330346
vt 0.171291 0.041897
vt 0.906394 0.451695
vt 0.914466 0.455719
vt 0.424739 0.365016
vt 0.419519 0.377894
vt 0.308125 0.062528
vt 0.316503 0.063179
vt 0.312932 0.049846
vt 0.231362 0.252782
vt 0.212615 0.247565
vt 0.207449 0.234051
vt 0.215420 0.242752
vt 0.232740 0.240927
vt 0.240989 0.252519
vt 0.083337 0.518711
vt 0.055641 0.499740
vt 0.179872 0.689920
vt 0.183953 0.679164
vt 0.288133 0.233059
vt 0.278062 0.232704
vt 0.282724 0.228340
vt 0.281947 0.238127
vt 0.271985 0.236103
vt 0.273132 0.242777
vt 0.416020 0.347270
vt 0.149256 0.587173
vt 0.141294 0.567459
vt 0.139963 0.576833
vt 0.127331 0.571834
vt 0.631757 0.106375
vt 0.633211 0.099469
vt 0.639081 0.104351
vt 0.639661 0.109899
vt 0.091421 0.547822
vt 0.778682 0.710835
vt 0.783797 0.702431
vt 0.786725 0.686536
vt 0.772873 0.702190
vt 0.053806 0.481101
vt 0.038728 0.487626
vt 0.345180 0.240053
vt 0.353579 0.238088
vt 0.432418 0.382251
vt 0.434506 0.393404
vt 0.156371 0.576939
vt 0.129648 0.562431
vt 0.121485 0.554718
vt 0.393210 0.046097
vt 0.387959 0.042580
vt 0.387640 0.052418
vt 0.391735 0.053054
vt 0.042419 0.473308
vt 0.421328 0.042407
vt 0.418943 0.052690
vt 0.425498 0.045346
vt 0.339197 0.209402
vt 0.338943 0.217909
vt 0.204961 0.333775
vt 0.206719 0.328568
vt 0.215048 0.332018
vt 0.582438 0.757211
vt 0.586956 0.745902
vt 0.597862 0.745329
vt 0.590201 0.755394
vt 0.211855 0.322281
vt 0.033780 0.821575
vt 0.082949 0.509266
vt 0.880537 0.355545
vt 0.881381 0.363581
vt 0.871810 0.375140
vt 0.869296 0.365065
vt 0.204523 0.224138
vt 0.198949 0.209973
vt 0.209754 0.214143
vt 0.219990 0.330744
vt 0.557257 0.816839
vt 0.558122 0.812113
vt 0.564918 0.816704
vt 0.565713 0.820870
vt 0.434826 0.404534
vt 0.434459 0.415994
vt 0.976827 0.284742
vt 0.990163 0.274568
vt 0.989186 0.271753
vt 0.976895 0.276880
vt 0.344314 0.024779
vt 0.329574 0.219203
vt 0.200088 0.195120
vt 0.218522 0.272425
vt 0.211731 0.260303
vt 0.221722 0.260215
vt 0.253732 0.223710
vt 0.244532 0.225435
vt 0.099436 0.472130
vt 0.102196 0.464120
vt 0.082221 0.465148
vt 0.085837 0.479398
vt 0.169572 0.691079
vt 0.178889 0.697698
vt 0.070707 0.163868
vt 0.052035 0.171281
vt 0.205670 0.280794
vt 0.212314 0.290831
vt 0.230034 0.291350
vt 0.142563 0.559196
vt 0.196376 0.247986
vt 0.185731 0.253989
vt 0.179760 0.242603
vt 0.189045 0.238039
vt 0.137215 0.315535
vt 0.331877 0.015238
vt 0.279166 0.223805
vt 0.274597 0.227439
vt 0.268833 0.221560
vt 0.335551 0.161963
vt 0.325364 0.163962
vt 0.336648 0.180155
vt 0.338099 0.193501
vt 0.326446 0.191168
vt 0.186634 0.223510
vt 0.191017 0.212340
vt 0.434954 0.353391
vt 0.440575 0.366970
vt 0.372366 0.155460
vt 0.386625 0.145399
vt 0.073852 0.024113
vt 0.064240 0.042190
vt 0.060204 0.028332
vt 0.054669 0.017742
vt 0.128099 0.707200
vt 0.121219 0.705263
vt 0.121642 0.724178
vt 0.440818 0.382544
vt 0.171861 0.589302
vt 0.164344 0.583114
vt 0.420554 0.415687
vt 0.105907 0.839945
vt 0.092762 0.845163
vt 0.095415 0.835737
vt 0.109149 0.828641
vt 0.065472 0.482604
vt 0.051049 0.467879
vt 0.334445 0.047146
vt 0.324752 0.045749
vt 0.269106 0.206567
vt 0.262942 0.206115
vt 0.262738 0.201965
vt 0.273576 0.198781
vt 0.019781 0.177516
vt 0.017303 0.163644
vt 0.086527 0.143000
vt 0.093387 0.139877
vt 0.945915 0.393305
vt 0.944688 0.385266
vt 0.952385 0.385436
vt 0.952197 0.392919
vt 0.132403 0.555760
vt 0.135345 0.544362
vt 0.126446 0.550143
vt 0.135182 0.194559
vt 0.121038 0.181248
vt 0.125015 0.172192
vt 0.092903 0.501711
vt 0.276137 0.206761
vt 0.274821 0.215352
vt 0.271078 0.212742
vt 0.375773 0.089583
vt 0.389486 0.097593
vt 0.378628 0.986451
vt 0.376225 0.989355
vt 0.372982 0.986014
vt 0.376641 0.983717
vt 0.143935 0.546364
vt 0.127277 0.526751
vt 0.064593 0.470572
vt 0.057992 0.459288
vt 0.319272 0.148538
vt 0.327459 0.154753
vt 0.987846 0.107187
vt 0.996084 0.114500
vt 0.984769 0.114500
vt 0.328341 0.208440
vt 0.320419 0.212117
vt 0.318451 0.223624
vt 0.477027 0.706177
vt 0.481633 0.713429
vt 0.468366 0.724139
vt 0.461944 0.709846
vt 0.000435 0.579576
vt 0.016734 0.581687
vt 0.005722 0.594607
vt 0.093286 0.497801
vt 0.780254 0.755890
vt 0.775049 0.748866
vt 0.767947 0.753414
vt 0.771583 0.761071
vt 0.318236 0.074846
vt 0.315800 0.083328
vt 0.319651 0.082330
vt 0.116147 0.078878
vt 0.127931 0.076243
vt 0.884609 0.324794
vt 0.893477 0.327314
vt 0.131854 0.817648
vt 0.118684 0.822208
vt 0.119047 0.814350
vt 0.128213 0.811666
vt 0.468282 0.733751
vt 0.206923 0.182030
vt 0.968382 0.573878
vt 0.981279 0.578993
vt 0.977710 0.587505
vt 0.963975 0.581689
vt 0.065243 0.184466
vt 0.056277 0.180255
vt 0.962066 0.539411
vt 0.973264 0.319275
vt 0.967552 0.316525
vt 0.183203 0.932293
vt 0.175606 0.933938
vt 0.172899 0.930585
vt 0.181276 0.927477
vt 0.181931 0.935013
vt 0.047554 0.846636
vt 0.048469 0.834111
vt 0.056848 0.839154
vt 0.089566 0.487594
vt 0.249567 0.188986
vt 0.252658 0.184916
vt 0.261245 0.196215
vt 0.261398 0.202888
vt 0.132958 0.330614
vt 0.035248 0.990302
vt 0.038215 0.985939
vt 0.040279 0.989737
vt 0.041057 0.985151
vt 0.047668 0.985205
vt 0.966112 0.414506
vt 0.967230 0.422969
vt 0.050291 0.821242
vt 0.064887 0.147925
vt 0.076786 0.144562
vt 0.076779 0.154056
vt 0.261539 0.423200
vt 0.266378 0.128183
vt 0.253437 0.156353
vt 0.211105 0.148707
vt 0.157571 0.551084
vt 0.102644 0.295999
vt 0.096978 0.286356
vt 0.109206 0.290695
vt 0.306405 0.076115
vt 0.501771 0.746589
vt 0.506304 0.756179
vt 0.992602 0.025199
vt 0.991732 0.017781
vt 0.992602 0.010168
vt 0.221243 0.566754
vt 0.221497 0.562776
vt 0.217178 0.565443
vt 0.217375 0.233627
vt 0.215599 0.228019
vt 0.227197 0.233253
vt 0.157167 0.530846
vt 0.142614 0.530906
vt 0.122083 0.512916
vt 0.022193 0.594607
vt 0.821683 0.651816
vt 0.814887 0.640407
vt 0.619234 0.748835
vt 0.612517 0.760704
vt 0.608873 0.750921
vt 0.883179 0.318649
vt 0.890751 0.316757
vt 0.051777 0.977536
vt 0.054992 0.986583
vt 0.056975 0.976572
vt 0.262190 0.036556
vt 0.270978 0.026963
vt 0.895774 0.367185
vt 0.196845 0.153950
vt 0.105200 0.309705
vt 0.536694 0.774418
vt 0.551354 0.770315
vt 0.544572 0.774233
vt 0.300135 0.095093
vt 0.305000 0.099374
vt 0.306472 0.107313
vt 0.602946 0.763415
vt 0.606980 0.749709
vt 0.253982 0.210027
vt 0.221497 0.576923
vt 0.220660 0.570246
vt 0.213533 0.575936
vt 0.048971 0.971583
vt 0.054311 0.972929
vt 0.396821 0.167165
vt 0.153120 0.629055
vt 0.352433 0.389675
vt 0.598284 0.762449
vt 0.309690 0.192412
vt 0.295533 0.192558
vt 0.304606 0.205714
vt 0.929760 0.561203
vt 0.935379 0.565237
vt 0.923847 0.566182
vt 0.523499 0.171972
vt 0.525443 0.169483
vt 0.530032 0.168435
vt 0.535683 0.171972
vt 0.052266 0.968612
vt 0.920039 0.329149
vt 0.911906 0.327289
vt 0.923799 0.322454
vt 0.928171 0.328029
vt 0.771672 0.689004
vt 0.745379 0.202823
vt 0.747171 0.205198
vt 0.366922 0.234908
vt 0.116461 0.477038
vt 0.205608 0.265087
vt 0.193918 0.266930
vt 0.294276 0.077426
vt 0.296451 0.087912
vt 0.565322 0.808676
vt 0.300374 0.071092
vt 0.298174 0.062023
vt 0.568654 0.423448
vt 0.570902 0.426565
vt 0.565876 0.427175
vt 0.128586 0.517490
vt 0.089388 0.295252
vt 0.943130 0.583951
vt 0.931280 0.578555
vt 0.938565 0.572034
vt 0.957609 0.580234
vt 0.532052 0.793580
vt 0.536354 0.778459
vt 0.927410 0.401271
vt 0.932816 0.405759
vt 0.931795 0.398850
vt 0.288618 0.201409
vt 0.145480 0.202799
vt 0.934935 0.548605
vt 0.927312 0.555805
vt 0.102234 0.453616
vt 0.097475 0.458717
vt 0.107915 0.458049
vt 0.968247 0.292397
vt 0.144696 0.275558
vt 0.134385 0.276484
vt 0.134944 0.269314
vt 0.086574 0.017874
vt 0.082110 0.029810
vt 0.074943 0.014704
vt 0.084713 0.454682
vt 0.061916 0.802910
vt 0.061726 0.788977
vt 0.073168 0.783876
vt 0.075286 0.791535
vt 0.084994 0.796915
vt 0.071666 0.804115
vt 0.058598 0.422188
vt 0.042254 0.437873
vt 0.039799 0.454886
vt 0.942644 0.559677
vt 0.971035 0.616626
vt 0.963011 0.620900
vt 0.967750 0.619457
vt 0.374421 0.209402
vt 0.198957 0.139993
vt 0.980208 0.228716
vt 0.281743 0.079095
vt 0.298088 0.112704
vt 0.286375 0.191937
vt 0.878888 0.346177
vt 0.142321 0.117461
vt 0.727737 0.198398
vt 0.717791 0.196450
vt 0.975950 0.235937
vt 0.136589 0.489914
vt 0.103048 0.281047
vt 0.292175 0.018364
vt 0.080695 0.441797
vt 0.082848 0.428063
vt 0.747048 0.196185
vt 0.742130 0.192812
vt 0.940176 0.539372
vt 0.944575 0.540075
vt 0.947637 0.545104
vt 0.199429 0.268993
vt 0.201846 0.271555
vt 0.713148 0.201335
vt 0.178476 0.141155
vt 0.142697 0.637815
vt 0.145961 0.625943
vt 0.277481 0.400780
vt 0.149250 0.477977
vt 0.109694 0.470689
vt 0.136815 0.207142
vt 0.986317 0.233101
vt 0.994343 0.230553
vt 0.986457 0.224436
vt 0.957362 0.536840
vt 0.278619 0.184829
vt 0.271895 0.185204
vt 0.274884 0.196187
vt 0.953357 0.228189
vt 0.630749 0.111119
vt 0.642772 0.115385
vt 0.083943 0.057081
vt 0.083706 0.072542
vt 0.073058 0.085794
vt 0.333474 0.073095
vt 0.324018 0.066595
vt 0.333407 0.087649
vt 0.338883 0.080670
vt 0.286978 0.180794
vt 0.147251 0.192053
vt 0.798968 0.684556
vt 0.802078 0.699457
vt 0.813049 0.696535
vt 0.807878 0.682837
vt 0.145383 0.077714
vt 0.134183 0.072105
vt 0.141287 0.066093
vt 0.158530 0.067813
vt 0.160608 0.080136
vt 0.307979 0.175332
vt 0.318691 0.176198
vt 0.951696 0.531479
vt 0.712737 0.194229
vt 0.712026 0.206492
vt 0.974138 0.248100
vt 0.381338 0.114314
vt 0.181832 0.101542
vt 0.180556 0.081240
vt 0.194730 0.360758
vt 0.060599 0.074650
vt 0.056012 0.059670
vt 0.318766 0.139399
vt 0.308594 0.126720
vt 0.273142 0.085387
vt 0.274355 0.106048
vt 0.147476 0.693096
vt 0.643603 0.110430
vt 0.640845 0.103449
vt 0.074543 0.095070
vt 0.092124 0.081670
vt 0.093002 0.097230
vt 0.076351 0.107516
vt 0.627595 0.100253
vt 0.555685 0.839523
vt 0.547868 0.833096
vt 0.557165 0.832431
vt 0.010879 0.354255
vt 0.005866 0.355179
vt 0.007228 0.344386
vt 0.798590 0.757603
vt 0.804971 0.770059
vt 0.815178 0.773156
vt 0.093259 0.443021
vt 0.216355 0.362350
vt 0.302959 0.252202
vt 0.299233 0.243724
vt 0.313379 0.247053
vt 0.323245 0.257698
vt 0.994343 0.271865
vt 0.958511 0.524757
vt 0.630691 0.115385
vt 0.791614 0.716618
vt 0.624456 0.107764
vt 0.001889 0.352443
vt 0.001305 0.359908
vt 0.266221 0.106237
vt 0.239378 0.182860
vt 0.574755 0.734108
vt 0.420168 0.180058
vt 0.409108 0.168939
vt 0.279942 0.070640
vt 0.272942 0.072257
vt 0.122904 0.146225
vt 0.110724 0.452256
vt 0.105954 0.436704
vt 0.054243 0.210084
vt 0.083998 0.044594
vt 0.087944 0.039351
vt 0.104352 0.051918
vt 0.070150 0.201590
vt 0.073776 0.192064
vt 0.960002 0.589612
vt 0.975737 0.595183
vt 0.187198 0.071880
vt 0.592885 0.783039
vt 0.010879 0.364773
vt 0.506113 0.790127
vt 0.492634 0.798936
vt 0.162130 0.490852
vt 0.052099 0.785114
vt 0.071196 0.777046
vt 0.986262 0.581361
vt 0.976549 0.567179
vt 0.116184 0.766057
vt 0.119753 0.769673
vt 0.112820 0.767398
vt 0.177907 0.704718
vt 0.958204 0.253186
vt 0.960442 0.262519
vt 0.007782 0.369743
vt 0.979556 0.360246
vt 0.978980 0.364120
vt 0.985185 0.361723
vt 0.984273 0.353695
vt 0.115945 0.286019
vt 0.827215 0.772721
vt 0.822176 0.760199
vt 0.164311 0.093696
vt 0.174097 0.073937
vt 0.986697 0.264555
vt 0.972768 0.261918
vt 0.870382 0.749663
vt 0.885889 0.747569
vt 0.886524 0.757740
vt 0.988646 0.590324
vt 0.984835 0.571186
vt 0.981568 0.568448
vt 0.988135 0.566714
vt 0.977013 0.353099
vt 0.979912 0.341531
vt 0.976413 0.348372
vt 0.022810 0.732415
vt 0.018227 0.723357
vt 0.018006 0.733661
vt 0.025674 0.736958
vt 0.793657 0.707964
vt 0.799174 0.713581
vt 0.982357 0.604332
vt 0.986333 0.599396
vt 0.966665 0.355440
vt 0.974973 0.362839
vt 0.970604 0.352332
vt 0.769546 0.454907
vt 0.767410 0.462860
vt 0.776383 0.460014
vt 0.926672 0.351997
vt 0.930540 0.338404
vt 0.932755 0.345542
vt 0.081916 0.287091
vt 0.092731 0.278227
vt 0.159093 0.186860
vt 0.932361 0.444270
vt 0.940263 0.445484
vt 0.999565 0.573861
vt 0.205840 0.618344
vt 0.205282 0.624377
vt 0.982388 0.282731
vt 0.970465 0.301788
vt 0.728011 0.023914
vt 0.722222 0.020875
vt 0.724729 0.018549
vt 0.690257 0.022269
vt 0.695557 0.019231
vt 0.685686 0.024929
vt 0.680790 0.015090
vt 0.673194 0.025467
vt 0.682207 0.029620
vt 0.490573 0.365112
vt 0.286994 0.972149
vt 0.299826 0.979222
vt 0.283290 0.979222
vt 0.081364 0.410015
vt 0.087433 0.397474
vt 0.119117 0.456629
vt 0.117071 0.437287
vt 0.893272 0.755631
vt 0.890586 0.764326
vt 0.734117 0.029620
vt 0.725398 0.026622
vt 0.718393 0.025489
vt 0.706342 0.022232
vt 0.697221 0.024760
vt 0.683155 0.007896
vt 0.159226 0.475882
vt 0.151134 0.465975
vt 0.212440 0.272832
vt 0.208152 0.275796
vt 0.211032 0.229441
vt 0.349091 0.096008
vt 0.356723 0.096481
vt 0.356478 0.087046
vt 0.347192 0.086354
vt 0.046995 0.205526
vt 0.040366 0.203847
vt 0.025674 0.694518
vt 0.017599 0.695536
vt 0.022813 0.703401
vt 0.159623 0.277659
vt 0.153174 0.272757
vt 0.163024 0.273384
vt 0.021991 0.710630
vt 0.023812 0.723018
vt 0.776834 0.776216
vt 0.776506 0.766908
vt 0.769621 0.773780
vt 0.087461 0.265779
vt 0.084374 0.245398
vt 0.090811 0.251936
vt 0.074413 0.252535
vt 0.765209 0.720286
vt 0.056073 0.189454
vt 0.940697 0.457715
vt 0.978295 0.370067
vt 0.985855 0.368345
vt 0.009336 0.725006
vt 0.011527 0.731655
vt 0.171916 0.473515
vt 0.167647 0.463264
vt 0.046721 0.178976
vt 0.979475 0.373563
vt 0.009481 0.707032
vt 0.308684 0.183732
vt 0.295731 0.183980
vt 0.029933 0.184631
vt 0.022914 0.188969
vt 0.009153 0.191451
vt 0.001956 0.191409
vt 0.007183 0.186229
vt 0.019450 0.184115
vt 0.175840 0.642808
vt 0.176860 0.654943
vt 0.184103 0.639554
vt 0.146487 0.465405
vt 0.865637 0.788921
vt 0.869685 0.773261
vt 0.882185 0.770575
vt 0.902959 0.173740
vt 0.895569 0.171088
vt 0.894256 0.173740
vt 0.994343 0.372337
vt 0.988854 0.360450
vt 0.124602 0.686680
vt 0.115374 0.676455
vt 0.124843 0.694954
vt 0.004785 0.700331
vt 0.003046 0.715379
vt 0.763547 0.766038
vt 0.311281 0.473713
vt 0.182332 0.459739
vt 0.110898 0.719393
vt 0.984874 0.370723
vt 0.412085 0.948139
vt 0.413906 0.953992
vt 0.114264 0.411463
vt 0.824436 0.637410
vt 0.833333 0.644727
vt 0.061399 0.157088
vt 0.081004 0.139868
vt 0.954498 0.588177
vt 0.481900 0.791251
vt 0.471648 0.775183
vt 0.162328 0.456708
vt 0.154392 0.444840
vt 0.113144 0.737731
vt 0.105222 0.742712
vt 0.123909 0.746056
vt 0.125870 0.738988
vt 0.945142 0.463371
vt 0.947921 0.471936
vt 0.953629 0.468477
vt 0.362873 0.097090
vt 0.369372 0.114045
vt 0.110147 0.230792
vt 0.779257 0.727109
vt 0.771170 0.735529
vt 0.764042 0.736251
vt 0.779139 0.739375
vt 0.958784 0.463879
vt 0.949310 0.458361
vt 0.991768 0.573018
vt 0.263110 0.207259
vt 0.267334 0.232660
vt 0.254767 0.212239
vt 0.122086 0.406036
vt 0.956647 0.480548
vt 0.963119 0.472364
vt 0.006265 0.181062
vt 0.058053 0.046159
vt 0.767185 0.745429
vt 0.817062 0.716675
vt 0.316044 0.040618
vt 0.507332 0.393336
vt 0.073241 0.124382
vt 0.081024 0.128783
vt 0.326107 0.140270
vt 0.324109 0.129549
vt 0.310686 0.118576
vt 0.053374 0.138988
vt 0.065211 0.136886
vt 0.109337 0.041028
vt 0.119720 0.034740
vt 0.123869 0.050633
vt 0.963591 0.274998
vt 0.486926 0.754444
vt 0.133618 0.056676
vt 0.628609 0.370102
vt 0.250899 0.267184
vt 0.243871 0.265860
vt 0.255236 0.250098
vt 0.265422 0.263409
vt 0.137382 0.623424
vt 0.135093 0.641240
vt 0.055663 0.124276
vt 0.079491 0.120910
vt 0.096251 0.110083
vt 0.179113 0.448116
vt 0.178624 0.436430
vt 0.168352 0.438882
vt 0.336913 0.128996
vt 0.345408 0.137078
vt 0.361529 0.155001
vt 0.818881 0.708057
vt 0.809681 0.705028
vt 0.165281 0.426641
vt 0.050863 0.128268
vt 0.755802 0.744077
vt 0.043399 0.139425
vt 0.057639 0.114405
vt 0.012416 0.156977
vt 0.021045 0.158422
vt 0.046116 0.131677
vt 0.058696 0.109833
vt 0.180933 0.397222
vt 0.063576 0.001700
vt 0.566201 0.411515
vt 0.779779 0.712428
vt 0.065415 0.086274
vt 0.794698 0.700263
vt 0.772095 0.719286
vt 0.035740 0.136155
vt 0.858031 0.353792
vt 0.776322 0.718603
vt 0.010902 0.197975
vt 0.018354 0.192355
vt 0.024174 0.196708
vt 0.020151 0.204607
vt 0.013424 0.204389
vt 0.257741 0.244540
vt 0.049798 0.093338
vt 0.824144 0.657100
vt 0.804281 0.674189
vt 0.107296 0.807920
vt 0.119703 0.788557
vt 0.121740 0.794631
vt 0.309921 0.030503
vt 0.037180 0.103320
vt 0.034027 0.088581
vt 0.045102 0.095937
vt 0.107848 0.783600
vt 0.048854 0.076586
vt 0.040031 0.082893
vt 0.040961 0.068623
vt 0.094693 0.801259
vt 0.030734 0.074636
vt 0.867578 0.311006
vt 0.745979 0.696236
vt 0.753533 0.692525
vt 0.743017 0.689495
vt 0.759090 0.686278
vt 0.760767 0.691046
vt 0.021474 0.079030
vt 0.018066 0.064587
vt 0.949379 0.479577
vt 0.796493 0.636873
vt 0.751195 0.685787
vt 0.739339 0.685842
vt 0.415414 0.150720
vt 0.636641 0.333033
vt 0.634987 0.346298
vt 0.920366 0.466008
vt 0.227589 0.654296
vt 0.218251 0.644298
vt 0.917126 0.516401
vt 0.301919 0.161225
vt 0.297862 0.169223
vt 0.216946 0.684714
vt 0.208111 0.678541
vt 0.217966 0.680884
vt 0.894953 0.429266
vt 0.903717 0.433329
vt 0.902113 0.440616
vt 0.910987 0.438701
vt 0.201357 0.718565
vt 0.185194 0.633285
vt 0.213932 0.637608
vt 0.221177 0.636695
vt 0.218531 0.626112
vt 0.113654 0.463725
vt 0.219584 0.616582
vt 0.223579 0.606775
vt 0.192909 0.730156
vt 0.202359 0.737592
vt 0.201705 0.727708
vt 0.173629 0.758179
vt 0.181462 0.758179
vt 0.176357 0.746684
vt 0.216496 0.194787
vt 0.226837 0.208334
vt 0.204989 0.637398
vt 0.212840 0.652387
vt 0.218024 0.583787
vt 0.227589 0.589678
vt 0.193381 0.646716
vt 0.980114 0.252675
vt 0.986944 0.245933
vt 0.192924 0.668446
vt 0.190340 0.655695
vt 0.186108 0.668760
vt 0.181810 0.740252
vt 0.184855 0.729439
vt 0.198741 0.608424
vt 0.195541 0.631054
vt 0.177353 0.731261
vt 0.167316 0.729808
vt 0.163405 0.743487
vt 0.193232 0.636965
vt 0.947236 0.531894
vt 0.185487 0.715707
vt 0.172261 0.718922
vt 0.175977 0.665151
vt 0.630520 0.393128
vt 0.387418 0.107307
vt 0.380237 0.108496
vt 0.814186 0.934129
vt 0.826371 0.934129
vt 0.817213 0.922635
vt 0.503790 0.330664
vt 0.170330 0.675483
vt 0.600226 0.784078
vt 0.333643 0.336032
vt 0.882281 0.816025
vt 0.001879 0.369331
vt 0.003561 0.373563
vt 0.066864 0.823414
vt 0.073439 0.827707
vt 0.590883 0.787206
vt 0.601828 0.788341
vt 0.204612 0.368695
vt 0.166942 0.707042
vt 0.594336 0.791608
vt 0.936717 0.386473
vt 0.925836 0.387859
vt 0.924638 0.380093
vt 0.934840 0.374338
vt 0.431245 0.049110
vt 0.424481 0.089167
vt 0.907311 0.617595
vt 0.907311 0.626437
vt 0.899478 0.620002
vt 0.156781 0.694911
vt 0.597223 0.801874
vt 0.431245 0.099768
vt 0.146172 0.292522
vt 0.141885 0.294358
vt 0.591116 0.799981
vt 0.368736 0.082765
vt 0.259259 0.129575
vt 0.245240 0.144732
vt 0.128050 0.260173
vt 0.291421 0.265598
vt 0.297337 0.257908
vt 0.311310 0.261488
vt 0.582445 0.791515
vt 0.935605 0.538458
vt 0.881669 0.309556
vt 0.158032 0.618997
vt 0.589135 0.809644
vt 0.307668 0.320805
vt 0.568832 0.776736
vt 0.578604 0.802947
vt 0.136018 0.732714
vt 0.317982 0.106109
vt 0.330284 0.120529
vt 0.047208 0.108480
vt 0.562613 0.770575
vt 0.556584 0.773881
vt 0.384334 0.964336
vt 0.066995 0.841725
vt 0.080901 0.838351
vt 0.207072 0.088134
vt 0.396423 0.035787
vt 0.347694 0.276579
vt 0.893578 0.819397
vt 0.906425 0.813723
vt 0.321024 0.290608
vt 0.001305 0.751649
vt 0.015231 0.753758
vt 0.015231 0.741379
vt 0.132218 0.746684
vt 0.370143 0.023787
vt 0.367626 0.028697
vt 0.378121 0.032627
vt 0.380537 0.023949
vt 0.342882 0.103645
vt 0.632300 0.355780
vt 0.141475 0.614438
vt 0.139183 0.605793
vt 0.129476 0.611330
vt 0.392929 0.058399
vt 0.333609 0.269971
vt 0.204903 0.075553
vt 0.058639 0.872394
vt 0.054590 0.866458
vt 0.853567 0.806838
vt 0.865761 0.822854
vt 0.857185 0.820961
vt 0.845757 0.810925
vt 0.386920 0.059396
vt 0.389559 0.033267
vt 0.343234 0.263962
vt 0.003023 0.155938
vt 0.001579 0.149626
vt 0.012165 0.150985
vt 0.303995 0.028552
vt 0.225849 0.027731
vt 0.127523 0.665322
vt 0.194488 0.079193
vt 0.117152 0.728159
vt 0.869019 0.383894
vt 0.886089 0.383375
vt 0.892787 0.393143
vt 0.861354 0.393492
vt 0.273716 0.881963
vt 0.272976 0.874887
vt 0.262481 0.862511
vt 0.262402 0.881963
vt 0.261904 0.174459
vt 0.555497 0.810540
vt 0.381828 0.063747
vt 0.910205 0.792906
vt 0.917690 0.804407
vt 0.131077 0.649637
vt 0.121734 0.659410
vt 0.525096 0.747815
vt 0.055166 0.853158
vt 0.035999 0.221936
vt 0.041062 0.213232
vt 0.374902 0.041739
vt 0.861460 0.380272
vt 0.860675 0.366598
vt 0.522419 0.724784
vt 0.535155 0.725747
vt 0.542617 0.730060
vt 0.551452 0.745051
vt 0.755300 0.989140
vt 0.745431 0.985126
vt 0.093307 0.065462
vt 0.420133 0.947789
vt 0.540030 0.751443
vt 0.418322 0.955072
vt 0.011084 0.762146
vt 0.011632 0.765556
vt 0.003046 0.766136
vt 0.127373 0.618195
vt 0.129660 0.627968
vt 0.129984 0.603116
vt 0.238268 0.259606
vt 0.186995 0.347697
vt 0.184877 0.347996
vt 0.377228 0.050587
vt 0.377604 0.071181
vt 0.376375 0.061614
vt 0.375173 0.103031
vt 0.117300 0.664175
vt 0.529341 0.743320
vt 0.527879 0.785999
vt 0.533883 0.802169
vt 0.268516 0.256255
vt 0.261782 0.246474
vt 0.277287 0.249662
vt 0.279372 0.267389
vt 0.880822 0.759843
vt 0.868398 0.757520
vt 0.106381 0.726329
vt 0.517552 0.721158
vt 0.514025 0.747972
vt 0.538036 0.810450
vt 0.542864 0.803743
vt 0.545789 0.817418
vt 0.111134 0.666563
vt 0.511299 0.721152
vt 0.161865 0.354311
vt 0.576913 0.424854
vt 0.759743 0.757955
vt 0.104382 0.719712
vt 0.301710 0.432382
vt 0.294376 0.423514
vt 0.107138 0.679211
vt 0.505176 0.733246
vt 0.501830 0.799851
vt 0.526874 0.797727
vt 0.172471 0.057601
vt 0.922106 0.035809
vt 0.912533 0.035809
vt 0.916654 0.031388
vt 0.092840 0.739027
vt 0.497623 0.705128
vt 0.502239 0.715336
vt 0.509392 0.710739
vt 0.233191 0.294317
vt 0.912926 0.562604
vt 0.474867 0.765934
vt 0.221918 0.299156
vt 0.492552 0.808945
vt 0.937366 0.420071
vt 0.935888 0.427651
vt 0.528356 0.804984
vt 0.169733 0.050824
vt 0.358604 0.030768
vt 0.480154 0.721266
vt 0.504646 0.738937
vt 0.446650 0.182286
vt 0.451262 0.187885
vt 0.441663 0.191424
vt 0.523429 0.799743
vt 0.883620 0.781771
vt 0.154856 0.126353
vt 0.366115 0.041263
vt 0.287624 0.247188
vt 0.264417 0.268433
vt 0.093874 0.717965
vt 0.137656 0.693064
vt 0.169278 0.770557
vt 0.158926 0.766136
vt 0.153612 0.770557
vt 0.920366 0.831784
vt 0.918502 0.840407
vt 0.905747 0.838068
vt 0.908494 0.827144
vt 0.004211 0.196412
vt 0.090078 0.710617
vt 0.098726 0.712824
vt 0.433959 0.180813
vt 0.172227 0.024191
vt 0.164056 0.036813
vt 0.726525 0.015794
vt 0.258653 0.274307
vt 0.249821 0.271733
vt 0.465104 0.742582
vt 0.423412 0.191424
vt 0.306671 0.230877
vt 0.294735 0.231836
vt 0.083201 0.213864
vt 0.080930 0.230000
vt 0.459095 0.747323
vt 0.305751 0.216120
vt 0.299844 0.222499
vt 0.894835 0.831061
vt 0.888164 0.840407
vt 0.495264 0.817418
vt 0.291823 0.224282
vt 0.334474 0.146783
vt 0.339563 0.069732
vt 0.341897 0.092400
vt 0.942027 0.402087
vt 0.171118 0.297374
vt 0.349089 0.017238
vt 0.773944 0.557396
vt 0.781436 0.558355
vt 0.777159 0.556610
vt 0.288015 0.218400
vt 0.032637 0.360937
vt 0.025253 0.354996
vt 0.024673 0.363046
vt 0.025768 0.367987
vt 0.210541 0.268873
vt 0.468422 0.767723
vt 0.083408 0.316976
vt 0.083116 0.310787
vt 0.095300 0.316976
vt 0.093142 0.313262
vt 0.555329 0.813261
vt 0.044411 0.856324
vt 0.044707 0.875833
vt 0.045603 0.865395
vt 0.553960 0.823607
vt 0.558402 0.821921
vt 0.253319 0.230160
vt 0.202160 0.267733
vt 0.840296 0.025199
vt 0.827877 0.022698
vt 0.825986 0.019355
vt 0.840062 0.016161
vt 0.377413 0.981874
vt 0.370322 0.992461
vt 0.081091 0.273719
vt 0.158975 0.413771
vt 0.151759 0.389712
vt 0.106202 0.821513
vt 0.828856 0.016818
vt 0.838701 0.012368
vt 0.318437 0.099615
vt 0.173009 0.271961
vt 0.909922 0.865038
vt 0.909922 0.852992
vt 0.907044 0.864203
vt 0.907936 0.852282
vt 0.316972 0.093005
vt 0.312291 0.104006
vt 0.247312 0.179929
vt 0.994010 0.106543
vt 0.175664 0.267665
vt 0.898970 0.866425
vt 0.903923 0.849908
vt 0.892285 0.866932
vt 0.883812 0.847480
vt 0.124542 0.337462
vt 0.229735 0.230665
vt 0.745633 0.185496
vt 0.171610 0.277186
vt 0.173428 0.281498
vt 0.165887 0.278890
vt 0.995213 0.983519
vt 0.809634 0.779803
vt 0.821332 0.788240
vt 0.833333 0.784054
vt 0.930663 0.350908
vt 0.230140 0.227262
vt 0.280056 0.016345
vt 0.021887 0.846910
vt 0.014137 0.847624
vt 0.011087 0.831270
vt 0.384441 0.215194
vt 0.038554 0.980812
vt 0.808700 0.631742
vt 0.531642 0.811279
vt 0.313413 0.097654
vt 0.231095 0.220817
vt 0.990862 0.980106
vt 0.981791 0.971633
vt 0.973455 0.965959
vt 0.973545 0.980106
vt 0.149441 0.616182
vt 0.024471 0.370436
vt 0.850670 0.364144
vt 0.848999 0.356694
vt 0.168267 0.265566
vt 0.303605 0.007192
vt 0.226011 0.217461
vt 0.844323 0.799263
vt 0.222245 0.221763
vt 0.577459 0.433349
vt 0.572480 0.441645
vt 0.566420 0.432520
vt 0.562085 0.429258
vt 0.735402 0.208510
vt 0.992293 0.239871
vt 0.943228 0.234173
vt 0.380485 0.230957
vt 0.219888 0.218742
vt 0.213196 0.223494
vt 0.570575 0.421309
vt 0.588112 0.763484
vt 0.934400 0.570589
vt 0.170882 0.250441
vt 0.170323 0.257422
vt 0.164116 0.250830
vt 0.393279 0.226190
vt 0.142477 0.271088
vt 0.291653 0.005421
vt 0.925144 0.593032
vt 0.925983 0.582722
vt 0.016464 0.632626
vt 0.016971 0.641241
vt 0.012638 0.633020
vt 0.988594 0.255390
vt 0.992080 0.252598
vt 0.989703 0.250268
vt 0.968259 0.613428
vt 0.958247 0.402744
vt 0.949758 0.397684
vt 0.164999 0.234579
vt 0.724420 0.195322
vt 0.718621 0.194467
vt 0.990288 0.258681
vt 0.903255 0.320284
vt 0.420042 0.033724
vt 0.980256 0.425542
vt 0.976872 0.417843
vt 0.177263 0.231149
vt 0.161186 0.240505
vt 0.159123 0.247965
vt 0.560923 0.763415
vt 0.712576 0.192359
vt 0.714576 0.212223
vt 0.013994 0.208070
vt 0.004687 0.209681
vt 0.000435 0.202262
vt 0.274957 0.062326
vt 0.156048 0.240811
vt 0.899289 0.381207
vt 0.173356 0.227871
vt 0.164533 0.229828
vt 0.156966 0.234940
vt 0.233007 0.186547
vt 0.853741 0.760648
vt 0.865165 0.748250
vt 0.708877 0.213528
vt 0.060017 0.213538
vt 0.562652 0.838205
vt 0.562940 0.827557
vt 0.566481 0.830302
vt 0.313568 0.353444
vt 0.276225 0.005920
vt 0.989121 0.422392
vt 0.264735 0.049778
vt 0.928175 0.431761
vt 0.922106 0.433866
vt 0.924859 0.436855
vt 0.571591 0.825299
vt 0.946036 0.266745
vt 0.008134 0.169662
vt 0.007190 0.163215
vt 0.014160 0.179451
vt 0.928047 0.446602
vt 0.862941 0.773755
vt 0.124073 0.195130
vt 0.949450 0.257817
vt 0.572161 0.836520
vt 0.987449 0.436495
vt 0.049239 0.799302
vt 0.056198 0.804371
vt 0.054043 0.814771
vt 0.970720 0.432713
vt 0.963011 0.359326
vt 0.576298 0.827941
vt 0.030218 0.224138
vt 0.258994 0.048178
vt 0.088976 0.027891
vt 0.844822 0.768834
vt 0.950026 0.262915
vt 0.575794 0.824492
vt 0.257503 0.027696
vt 0.938032 0.331028
vt 0.939236 0.339770
vt 0.937143 0.396061
vt 0.576257 0.839321
vt 0.580982 0.835046
vt 0.121583 0.249707
vt 0.250642 0.037385
vt 0.980294 0.439213
vt 0.951155 0.441163
vt 0.950880 0.303091
vt 0.064132 0.206954
vt 0.918371 0.391250
vt 0.993473 0.500884
vt 0.982406 0.498857
vt 0.992807 0.494730
vt 0.989260 0.484515
vt 0.984349 0.481574
vt 0.986196 0.478780
vt 0.399957 0.210246
vt 0.581481 0.839523
vt 0.168680 0.059520
vt 0.247732 0.045102
vt 0.979030 0.447116
vt 0.969044 0.439787
vt 0.898020 0.761252
vt 0.690865 0.004863
vt 0.951193 0.368395
vt 0.960492 0.445057
vt 0.927984 0.464396
vt 0.860772 0.793703
vt 0.068782 0.097611
vt 0.587032 0.838257
vt 0.971888 0.447800
vt 0.954003 0.450367
vt 0.921176 0.779978
vt 0.928459 0.786012
vt 0.918706 0.789635
vt 0.911524 0.784699
vt 0.869887 0.965075
vt 0.870757 0.971247
vt 0.869887 0.975685
vt 0.905282 0.389579
vt 0.899451 0.392313
vt 0.245951 0.031925
vt 0.074874 0.242052
vt 0.907093 0.775551
vt 0.419114 0.932361
vt 0.320597 0.326087
vt 0.852772 0.387548
vt 0.853672 0.397436
vt 0.986326 0.460582
vt 0.974916 0.463472
vt 0.965693 0.461636
vt 0.238033 0.034296
vt 0.030893 0.196313
vt 0.037343 0.175879
vt 0.929228 0.368669
vt 0.851887 0.378597
vt 0.839533 0.806815
vt 0.580346 0.831535
vt 0.581646 0.826067
vt 0.970869 0.472665
vt 0.030305 0.190547
vt 0.834204 0.812492
vt 0.954308 0.358770
vt 0.017257 0.143248
vt 0.851189 0.825376
vt 0.042536 0.115549
vt 0.118365 0.879110
vt 0.106951 0.880195
vt 0.108076 0.857155
vt 0.113139 0.864269
vt 0.883973 0.825376
vt 0.412607 0.961488
vt 0.422624 0.961791
vt 0.414246 0.967977
vt 0.920232 0.796290
vt 0.179673 0.525024
vt 0.931680 0.794437
vt 0.940568 0.348398
vt 0.839475 0.759067
vt 0.849768 0.750900
vt 0.820970 0.699711
vt 0.109185 0.025984
vt 0.128945 0.371795
vt 0.098555 0.851441
vt 0.075389 0.000442
vt 0.524334 0.814481
vt 0.146515 0.378319
vt 0.914625 0.811345
vt 0.025815 0.141316
vt 0.931281 0.803565
vt 0.013032 0.798317
vt 0.003686 0.817012
vt 0.003069 0.806931
vt 0.034410 0.127723
vt 0.040425 0.121105
vt 0.036009 0.869408
vt 0.036084 0.878053
vt 0.004692 0.841253
vt 0.000435 0.828475
vt 0.003687 0.852820
vt 0.241910 0.046961
vt 0.923310 0.814857
vt 0.121625 0.804744
vt 0.264789 0.058748
vt 0.027919 0.872891
vt 0.015312 0.880195
vt 0.021294 0.869646
vt 0.010542 0.869932
vt 0.039094 0.059383
vt 0.029442 0.863044
vt 0.013239 0.862689
vt 0.915338 0.386741
vt 0.118183 0.779579
vt 0.077503 0.817851
vt 0.100768 0.795543
vt 0.939032 0.593609
vt 0.929772 0.604332
vt 0.071339 0.836871
vt 0.035004 0.849962
vt 0.021959 0.857654
vt 0.080008 0.805558
vt 0.072309 0.810862
vt 0.062541 0.816328
vt 0.060538 0.811646
vt 0.747605 0.676428
vt 0.776754 0.644504
vt 0.776107 0.654866
vt 0.764315 0.663572
vt 0.030231 0.795167
vt 0.030794 0.786868
vt 0.040086 0.791472
vt 0.043648 0.779869
vt 0.019723 0.790372
s 0
f 2/1/1 5/2/1 3/3/1
f 11/4/2 7/5/2 9/6/2
f 7/5/3 8/7/3 9/6/3
f 1/8/4 3/3/4 4/9/4
f 6/10/5 1/8/5 4/9/5
f 16/11/6 17/12/6 18/13/6
f 18/13/7 17/12/7 19/14/7
f 12/15/8 13/16/8 14/17/8
f 12/15/9 14/17/9 15/18/9
f 10/19/10 9/6/10 8/7/10
f 501/20/11 505/21/11 469/22/11 467/23/11 479/24/11
f 310/25/12 321/26/12 328/27/12 308/28/12
f 1980/29/13 1981/30/13 1973/31/13
f 1985/32/14 1984/33/14 1986/34/14
f 1985/32/15 1977/35/15 1984/33/15
f 950/36/16 948/37/16 942/38/16 943/39/16
f 1960/40/17 1977/35/17 1985/32/17
f 1485/41/18 1490/42/18 1491/43/18 1487/44/18
f 1973/31/19 1977/35/19 1970/45/19
f 1986/34/20 1984/33/20 1987/46/20
f 1990/47/21 1993/48/21 1986/34/21
f 1956/49/22 1960/40/22 1985/32/22
f 1977/35/23 1963/50/23 1970/45/23
f 1972/51/24 1973/31/24 1970/45/24
f 1987/46/25 1984/33/25 1988/52/25
f 1981/30/26 1977/35/26 1973/31/26
f 1977/35/27 1960/40/27 1963/50/27
f 2105/53/28 2107/54/28 2110/55/28 2109/56/28
f 2029/57/29 2032/58/29 2028/59/29
f 2028/59/30 2032/58/30 2033/60/30 2024/61/30
f 2049/62/31 2031/63/31 2030/64/31
f 2030/64/32 2031/63/32 2027/65/32
f 1276/66/33 1261/67/33 1274/68/33 1282/69/33
f 2049/62/34 2044/70/34 2031/63/34
f 2457/71/35 2459/72/35 2441/73/35 2456/74/35
f 2032/58/36 2039/75/36 2037/76/36
f 157/77/37 158/78/37 159/79/37
f 937/80/38 936/81/38 940/82/38 947/83/38
f 2037/76/39 2039/75/39 2035/84/39
f 2042/85/40 2035/84/40 2039/75/40
f 2046/86/41 2078/87/41 2042/85/41
f 2035/84/42 2042/85/42 2047/88/42
f 2020/89/43 2021/90/43 2016/91/43
f 2021/90/44 2030/64/44 2015/92/44
f 2304/93/45 2229/94/45 2228/95/45 2301/96/45 2296/97/45
f 2030/64/46 2027/65/46 2015/92/46
f 167/98/47 165/99/47 166/100/47
f 941/101/48 939/102/48 944/103/48 945/104/48 943/39/48
f 1133/105/49 1099/106/49 1057/107/49 1071/108/49
f 157/77/50 156/109/50 158/78/50
f 2085/110/51 2078/87/51 2046/86/51
f 635/111/52 636/112/52 634/113/52 622/114/52
f 2045/115/53 2020/89/53 2019/116/53
f 2055/117/54 2020/89/54 2045/115/54
f 2018/118/55 2016/91/55 2014/119/55
f 2055/117/56 2054/120/56 2020/89/56
f 2054/120/57 2021/90/57 2020/89/57
f 2021/90/58 2015/92/58 2016/91/58
f 2016/91/59 2015/92/59 2014/119/59
f 2015/92/60 2024/61/60 2022/121/60
f 167/98/61 161/122/61 165/99/61
f 165/99/62 161/122/62 162/123/62
f 2022/121/63 2025/124/63 2026/125/63
f 2328/126/64 2320/127/64 2321/128/64 2330/129/64
f 2034/130/65 2036/131/65 2038/132/65
f 2085/110/66 2084/133/66 2078/87/66
f 2047/88/67 2075/134/67 2048/135/67
f 2078/87/68 2084/133/68 2077/136/68
f 180/137/69 184/138/69 208/139/69
f 1205/140/70 1199/141/70 1183/142/70 1193/143/70
f 2045/115/71 2019/116/71 2056/144/71
f 965/145/72 964/146/72 973/147/72
f 1242/148/73 1228/149/73 1219/150/73 1243/151/73
f 2018/118/74 2014/119/74 2017/152/74
f 187/153/75 185/154/75 186/155/75
f 186/155/76 185/154/76 177/156/76
f 2014/119/77 2015/92/77 2012/157/77
f 2012/157/78 2015/92/78 2022/121/78
f 167/98/79 176/158/79 161/122/79
f 2022/121/80 2026/125/80 2023/159/80
f 1893/160/81 1875/161/81 1843/162/81 1872/163/81
f 155/164/82 157/77/82 160/165/82
f 2034/130/83 2038/132/83 2040/166/83
f 344/167/84 345/168/84 316/169/84 317/170/84
f 154/171/85 171/172/85 156/109/85
f 2036/131/86 2048/135/86 2062/173/86
f 2048/135/87 2073/174/87 2062/173/87
f 2075/134/88 2073/174/88 2048/135/88
f 2075/134/89 2076/175/89 2074/176/89
f 764/177/90 748/178/90 801/179/90
f 183/180/91 191/181/91 192/182/91 140/183/91 105/184/91 174/185/91
f 2077/136/92 2082/186/92 2076/175/92
f 190/187/93 189/188/93 186/155/93
f 186/155/94 189/188/94 187/153/94
f 2017/152/95 2014/119/95 2011/189/95
f 187/153/96 188/190/96 185/154/96
f 2014/119/97 2012/157/97 2011/189/97
f 2023/159/98 2026/125/98 2051/191/98
f 2026/125/99 2041/192/99 2051/191/99
f 814/193/100 770/194/100 781/195/100 792/196/100
f 1728/197/101 1729/198/101 1727/199/101 1723/200/101
f 2073/174/102 2074/176/102 2072/201/102
f 801/179/103 748/178/103 747/202/103
f 748/178/104 725/203/104 747/202/104
f 187/153/105 189/188/105 198/204/105
f 187/153/106 198/204/106 188/190/106
f 2011/189/107 2012/157/107 2013/205/107
f 581/206/108 584/207/108 583/208/108
f 154/171/109 179/209/109 171/172/109
f 2072/201/110 2067/210/110 2065/211/110
f 764/177/111 756/212/111 748/178/111
f 2072/201/112 2081/213/112 2067/210/112
f 748/178/113 756/212/113 724/214/113
f 748/178/114 724/214/114 725/203/114
f 755/215/115 747/202/115 732/216/115
f 190/187/116 256/217/116 189/188/116
f 647/218/117 653/219/117 656/220/117 648/221/117
f 198/204/118 176/158/118 188/190/118
f 150/222/119 153/223/119 160/165/119
f 153/223/120 154/171/120 155/164/120
f 2061/224/121 2063/225/121 2068/226/121
f 149/227/122 179/209/122 154/171/122
f 2061/224/123 2062/173/123 2063/225/123
f 2063/225/124 2062/173/124 2064/228/124
f 783/229/125 778/230/125 784/231/125
f 2067/210/126 2066/232/126 2065/211/126
f 747/202/127 725/203/127 732/216/127
f 1225/233/128 1229/234/128 1223/235/128 1217/236/128
f 189/188/129 210/237/129 198/204/129
f 198/204/130 199/238/130 176/158/130
f 1845/239/131 1855/240/131 1846/241/131 1844/242/131
f 148/243/132 149/227/132 154/171/132 153/223/132 150/222/132
f 2087/244/133 2068/226/133 2071/245/133
f 2068/226/134 2063/225/134 2071/245/134
f 2071/245/135 2063/225/135 2070/246/135
f 149/227/136 144/247/136 179/209/136
f 2064/228/137 2066/232/137 2069/248/137
f 2066/232/138 2083/249/138 2080/250/138
f 2650/251/139 2649/252/139 2651/253/139 2652/254/139
f 256/217/140 210/237/140 189/188/140
f 168/255/141 176/158/141 199/238/141
f 151/256/142 148/243/142 150/222/142
f 151/256/143 150/222/143 152/257/143
f 782/258/144 778/230/144 783/229/144
f 486/259/145 485/260/145 521/261/145 510/262/145
f 752/263/146 749/264/146 751/265/146
f 650/266/147 594/267/147 606/268/147 651/269/147
f 732/216/148 749/264/148 752/263/148
f 256/217/149 214/270/149 210/237/149
f 169/271/150 151/256/150 168/255/150
f 151/256/151 163/272/151 148/243/151
f 148/243/152 144/247/152 149/227/152
f 1487/44/153 1486/273/153 1475/274/153 1481/275/153
f 346/276/154 351/277/154 353/278/154 350/279/154
f 361/280/155 360/281/155 373/282/155 375/283/155
f 148/243/156 163/272/156 92/284/156
f 1827/285/157 1728/197/157 1824/286/157 1823/287/157
f 751/265/158 753/288/158 758/289/158
f 756/212/159 789/290/159 757/291/159
f 292/292/160 284/293/160 291/294/160 293/295/160
f 725/203/161 726/296/161 732/216/161
f 669/297/162 662/298/162 671/299/162
f 671/299/163 662/298/163 601/300/163
f 606/268/164 588/301/164 601/300/164
f 588/301/165 582/302/165 587/303/165
f 203/304/166 168/255/166 199/238/166
f 169/271/167 168/255/167 203/304/167
f 92/284/168 110/305/168 148/243/168
f 171/172/169 184/138/169 180/137/169 156/109/169
f 356/306/170 355/307/170 343/308/170 333/309/170 350/279/170
f 709/310/171 697/311/171 696/312/171
f 751/265/172 750/313/172 753/288/172
f 545/314/173 537/315/173 538/316/173 541/317/173
f 1810/318/174 1943/319/174 1942/320/174 1816/321/174
f 2499/322/175 2501/323/175 2502/324/175 2503/325/175 2506/326/175 2500/327/175 2493/328/175
f 169/271/176 52/329/176 170/330/176
f 344/167/177 347/331/177 346/276/177 345/168/177
f 658/332/178 696/312/178 657/333/178
f 778/230/179 777/334/179 775/335/179
f 239/336/180 213/337/180 214/270/180
f 239/336/181 214/270/181 264/338/181
f 52/329/182 169/271/182 203/304/182
f 92/284/183 89/339/183 110/305/183
f 110/305/184 109/340/184 138/341/184
f 779/342/185 785/343/185 777/334/185
f 1486/273/186 1488/344/186 1469/345/186 1475/274/186
f 750/313/187 803/346/187 753/288/187
f 757/291/188 760/347/188 720/348/188
f 718/349/189 731/350/189 726/296/189
f 198/204/190 210/237/190 214/270/190 213/337/190 212/351/190 209/352/190 199/238/190
f 1072/353/191 1103/354/191 1053/355/191 918/356/191
f 204/357/192 52/329/192 203/304/192
f 919/358/193 921/359/193 903/360/193 897/361/193
f 109/340/194 110/305/194 89/339/194
f 109/340/195 139/362/195 138/341/195
f 779/342/196 791/363/196 785/343/196
f 2518/364/197 2516/365/197 2514/366/197 2602/367/197
f 760/347/198 723/368/198 720/348/198
f 741/369/199 742/370/199 750/313/199
f 731/350/200 741/369/200 726/296/200
f 58/371/201 67/372/201 211/373/201
f 58/371/202 57/374/202 67/372/202
f 1348/375/203 1340/376/203 1339/377/203 1343/378/203
f 2367/379/204 2411/380/204 2363/381/204 2362/382/204
f 622/114/205 618/383/205 642/384/205 635/111/205
f 2002/385/206 2007/386/206 2006/387/206 1978/388/206
f 83/389/207 108/390/207 89/339/207
f 89/339/208 108/390/208 109/340/208
f 83/389/209 78/391/209 88/392/209
f 83/389/210 88/392/210 108/390/210
f 791/363/211 793/393/211 785/343/211
f 785/343/212 780/394/212 777/334/212
f 780/394/213 776/395/213 777/334/213
f 721/396/214 737/397/214 735/398/214 722/399/214
f 60/400/215 50/401/215 58/371/215
f 50/401/216 57/374/216 58/371/216
f 67/372/217 218/402/217 240/403/217
f 50/401/218 41/404/218 57/374/218
f 57/374/219 54/405/219 217/406/219
f 218/402/220 217/406/220 238/407/220
f 34/408/221 31/409/221 41/404/221
f 31/409/222 42/410/222 41/404/222
f 217/406/223 54/405/223 219/411/223
f 215/412/224 209/352/224 212/351/224
f 2240/413/225 2239/414/225 2250/415/225 2251/416/225 2247/417/225
f 42/410/226 40/418/226 54/405/226
f 54/405/227 204/357/227 219/411/227
f 219/411/228 209/352/228 215/412/228
f 609/419/229 605/420/229 613/421/229 610/422/229 611/423/229
f 79/424/230 78/391/230 83/389/230
f 88/392/231 131/425/231 206/426/231
f 88/392/232 206/426/232 139/362/232
f 791/363/233 794/427/233 793/393/233
f 698/428/234 704/429/234 693/430/234
f 2109/56/235 2112/431/235 2111/432/235
f 750/313/236 742/370/236 754/433/236
f 720/348/237 723/368/237 716/434/237
f 65/435/238 58/371/238 211/373/238
f 2594/436/239 2593/437/239 2590/438/239
f 48/439/240 59/440/240 62/441/240 61/442/240 64/443/240 47/444/240
f 1069/445/241 1073/446/241 975/447/241 974/448/241
f 817/449/242 818/450/242 826/451/242 827/452/242
f 238/407/243 219/411/243 215/412/243
f 40/418/244 29/453/244 52/329/244
f 2536/454/245 2541/455/245 2539/456/245 2538/457/245
f 704/429/246 694/458/246 693/430/246
f 794/427/247 792/196/247 793/393/247
f 775/335/248 788/459/248 787/460/248
f 220/461/249 65/435/249 211/373/249
f 1875/161/250 1841/462/250 1840/463/250 1843/162/250
f 51/464/251 93/465/251 170/330/251 52/329/251
f 29/453/252 43/466/252 52/329/252
f 43/466/253 51/464/253 52/329/253
f 922/467/254 920/468/254 923/469/254 924/470/254 925/471/254
f 1282/69/255 1281/472/255 1277/473/255 1276/66/255
f 2270/474/256 2269/475/256 2314/476/256
f 780/394/257 781/195/257 774/477/257
f 780/394/258 774/477/258 776/395/258
f 794/427/259 798/478/259 795/479/259
f 765/480/260 743/481/260 760/347/260
f 760/347/261 743/481/261 723/368/261
f 2043/482/262 2039/75/262 2032/58/262 2029/57/262
f 33/483/263 34/408/263 48/439/263
f 34/408/264 33/483/264 32/484/264 30/485/264 31/409/264
f 1387/486/265 1389/487/265 1388/488/265 1385/489/265
f 29/453/266 28/490/266 43/466/266
f 28/490/267 25/491/267 43/466/267
f 49/492/268 51/464/268 43/466/268
f 49/492/269 66/493/269 51/464/269
f 86/494/270 82/495/270 80/496/270
f 1032/497/271 1046/498/271 906/499/271 910/500/271 1042/501/271
f 84/502/272 141/503/272 131/425/272
f 792/196/273 781/195/273 780/394/273
f 774/477/274 773/504/274 775/335/274
f 2585/505/275 2588/506/275 2596/507/275 2583/508/275
f 723/368/276 727/509/276 716/434/276
f 2118/510/277 2117/511/277 2115/512/277
f 1550/513/278 1551/514/278 1544/515/278 1545/516/278
f 111/517/279 220/461/279 221/518/279
f 63/519/280 65/435/280 111/517/280
f 65/435/281 220/461/281 111/517/281
f 63/519/282 59/440/282 65/435/282
f 220/461/283 222/520/283 221/518/283
f 221/518/284 222/520/284 234/521/284
f 234/521/285 222/520/285 266/522/285
f 2590/438/286 2591/523/286 2589/524/286
f 27/525/287 25/491/287 28/490/287
f 25/491/288 49/492/288 43/466/288
f 25/491/289 56/526/289 49/492/289
f 2490/527/290 2562/528/290 2465/529/290 2464/530/290 2489/531/290
f 1178/532/291 1176/533/291 1200/534/291 1197/535/291
f 23/536/292 27/525/292 31/409/292 30/485/292
f 781/195/293 772/537/293 774/477/293
f 743/481/294 727/509/294 723/368/294
f 733/538/295 736/539/295 742/370/295
f 736/539/296 739/540/296 742/370/296
f 111/517/297 221/518/297 233/541/297
f 1756/542/298 1790/543/298 1787/544/298
f 221/518/299 234/521/299 269/545/299
f 1671/546/300 1710/547/300 1708/548/300
f 63/519/301 62/441/301 59/440/301
f 178/549/302 129/550/302 125/551/302 181/552/302
f 235/553/303 236/554/303 265/555/303
f 48/439/304 47/444/304 33/483/304
f 647/218/305 646/556/305 645/557/305
f 1158/558/306 1156/559/306 1160/560/306 1161/561/306
f 822/562/307 814/193/307 792/196/307
f 1693/563/308 1708/548/308 1756/542/308
f 599/564/309 613/421/309 605/420/309
f 30/485/310 32/484/310 23/536/310
f 23/536/311 25/491/311 27/525/311
f 58/371/312 65/435/312 59/440/312 60/400/312
f 1836/565/313 1839/566/313 1844/242/313 1849/567/313
f 1558/568/314 1547/569/314 1552/570/314 1560/571/314 1568/572/314
f 761/573/315 746/574/315 743/481/315
f 743/481/316 746/574/316 727/509/316
f 176/158/317 167/98/317 185/154/317 188/190/317
f 265/555/318 270/575/318 276/576/318
f 241/577/319 231/578/319 216/579/319 258/580/319 244/581/319
f 38/582/320 33/483/320 47/444/320
f 1613/583/321 1612/584/321 1631/585/321 1625/586/321
f 1981/30/322 1980/29/322 1988/52/322 1984/33/322 1977/35/322
f 71/587/323 81/588/323 82/495/323
f 643/589/324 645/557/324 644/590/324
f 483/591/325 497/592/325 425/593/325
f 710/594/326 702/595/326 694/458/326
f 800/596/327 797/597/327 799/598/327
f 781/195/328 770/194/328 772/537/328
f 774/477/329 772/537/329 773/504/329
f 795/479/330 797/597/330 796/599/330
f 2513/600/331 2373/601/331 2372/602/331 2391/603/331 2394/604/331 2392/605/331 2374/606/331 2393/607/331 2412/608/331 2416/609/331 2415/610/331 2414/611/331 2413/612/331 2417/613/331 2418/614/331 2426/615/331
f 2113/616/332 2116/617/332 2114/618/332
f 162/123/333 157/77/333 159/79/333 164/619/333
f 2117/511/334 2116/617/334 2113/616/334
f 733/538/335 734/620/335 736/539/335
f 736/539/336 734/620/336 739/540/336
f 739/540/337 734/620/337 745/621/337
f 1671/546/338 1665/622/338 1664/623/338
f 972/624/339 951/625/339 946/626/339 965/145/339 973/147/339
f 2584/627/340 2585/505/340 2583/508/340
f 127/628/341 134/629/341 130/630/341 123/631/341 121/632/341
f 495/633/342 509/634/342 498/635/342 491/636/342
f 46/637/343 47/444/343 64/443/343
f 46/637/344 38/582/344 47/444/344
f 35/638/345 33/483/345 38/582/345
f 33/483/346 35/638/346 32/484/346
f 23/536/347 24/639/347 25/491/347
f 24/639/348 69/640/348 87/641/348
f 795/479/349 796/599/349 822/562/349 792/196/349 794/427/349
f 644/590/350 645/557/350 646/556/350
f 137/642/351 114/643/351 122/644/351
f 122/644/352 142/645/352 143/646/352
f 773/504/353 767/647/353 761/573/353
f 1870/648/354 1871/649/354 1876/650/354 1879/651/354
f 833/652/355 816/653/355 815/654/355
f 1917/655/356 1915/656/356 1918/657/356 1920/658/356
f 1429/659/357 1423/660/357 1432/661/357 1437/662/357 1438/663/357
f 733/538/358 722/399/358 734/620/358
f 133/664/359 147/665/359 135/666/359
f 274/667/360 273/668/360 277/669/360
f 2584/627/361 2583/508/361 2582/670/361
f 1705/671/362 1748/672/362 1707/673/362
f 72/674/363 74/675/363 73/676/363
f 2416/609/364 2412/608/364 2427/677/364
f 114/643/365 117/678/365 122/644/365
f 770/194/366 767/647/366 772/537/366
f 772/537/367 767/647/367 773/504/367
f 142/645/368 123/631/368 143/646/368
f 814/193/369 813/679/369 770/194/369
f 143/646/370 123/631/370 136/680/370
f 1889/681/371 1887/682/371 1888/683/371 1873/684/371
f 822/562/372 815/654/372 814/193/372
f 746/574/373 729/685/373 727/509/373
f 727/509/374 729/685/374 728/686/374
f 952/687/375 982/688/375 989/689/375 984/690/375
f 734/620/376 759/691/376 745/621/376
f 816/653/377 824/692/377 809/693/377
f 804/694/378 805/695/378 806/696/378 807/697/378
f 46/637/379 45/698/379 38/582/379
f 35/638/380 36/699/380 32/484/380
f 26/700/381 24/639/381 23/536/381
f 484/701/382 485/260/382 431/702/382 464/703/382
f 1750/704/383 1765/705/383 1788/706/383 1772/707/383
f 75/708/384 74/675/384 72/674/384
f 1512/709/385 1509/710/385 1511/711/385
f 1672/712/386 1665/622/386 1693/563/386 1692/713/386
f 69/640/387 71/587/387 82/495/387 87/641/387
f 746/574/388 763/714/388 729/685/388
f 1462/715/389 1460/716/389 1463/717/389
f 258/580/390 261/718/390 260/719/390 244/581/390
f 728/686/391 729/685/391 730/720/391
f 936/81/392 930/721/392 939/102/392 940/82/392
f 722/399/393 735/398/393 734/620/393
f 734/620/394 735/398/394 759/691/394
f 130/630/395 134/629/395 133/664/395
f 824/692/396 823/722/396 809/693/396
f 1755/723/397 1692/713/397 1754/724/397
f 384/725/398 389/726/398 398/727/398 399/728/398
f 1706/729/399 1664/623/399 1675/730/399
f 1686/731/400 1690/732/400 1675/730/400
f 574/733/401 571/734/401 572/735/401
f 1691/736/402 1748/672/402 1705/671/402
f 46/637/403 55/737/403 45/698/403
f 45/698/404 44/738/404 38/582/404
f 38/582/405 44/738/405 37/739/405
f 70/740/406 72/674/406 73/676/406 71/587/406
f 95/741/407 75/708/407 72/674/407
f 1012/742/408 983/743/408 995/744/408 1055/745/408
f 825/746/409 818/450/409 808/747/409 821/748/409
f 813/679/410 812/749/410 770/194/410
f 1767/750/411 1768/751/411 1769/752/411 1761/753/411 1759/754/411 1758/755/411
f 807/697/412 809/693/412 804/694/412
f 809/693/413 823/722/413 819/756/413
f 1939/757/414 1732/758/414 1729/198/414 1940/759/414
f 634/113/415 637/760/415 641/761/415 629/762/415
f 1776/763/416 1791/764/416 1777/765/416
f 1791/764/417 1794/766/417 1777/765/417
f 1791/764/418 1797/767/418 1794/766/418
f 2581/768/419 2582/670/419 2579/769/419
f 1664/623/420 1660/770/420 1675/730/420
f 68/771/421 26/700/421 36/699/421 102/772/421 101/773/421
f 629/762/422 622/114/422 634/113/422
f 1816/321/423 1923/774/423 1921/775/423 1920/658/423 1919/776/423 1819/777/423
f 98/778/424 101/773/424 102/772/424
f 98/778/425 94/779/425 101/773/425
f 98/778/426 97/780/426 94/779/426
f 97/780/427 100/781/427 96/782/427
f 96/782/428 104/783/428 106/784/428
f 2170/785/429 2173/786/429 2178/787/429 2174/788/429
f 106/784/430 113/789/430 75/708/430
f 1512/709/431 1508/790/431 1509/710/431
f 115/791/432 119/792/432 117/678/432
f 807/697/433 806/696/433 812/749/433 813/679/433 814/193/433 815/654/433
f 1244/793/434 1251/794/434 1204/795/434 1194/796/434 1195/797/434
f 1453/798/435 1454/799/435 1449/800/435 1447/801/435
f 1603/802/436 1607/803/436 1604/804/436 1602/805/436
f 1694/806/437 1692/713/437 1755/723/437
f 2581/768/438 2579/769/438 2580/807/438
f 1664/623/439 1659/808/439 1660/770/439
f 1690/732/440 1688/809/440 1691/736/440
f 39/810/441 36/699/441 37/739/441
f 39/810/442 102/772/442 36/699/442
f 99/811/443 100/781/443 97/780/443
f 99/811/444 97/780/444 98/778/444
f 812/749/445 769/812/445 770/194/445
f 770/194/446 769/812/446 767/647/446
f 182/813/447 226/814/447 216/579/447 172/815/447
f 271/816/448 273/668/448 274/667/448 275/817/448
f 729/685/449 762/818/449 744/819/449
f 730/720/450 738/820/450 737/397/450
f 1467/821/451 1472/822/451 1465/823/451
f 127/628/452 146/824/452 134/629/452
f 823/722/453 831/825/453 819/756/453
f 819/756/454 831/825/454 820/826/454
f 1694/806/455 1755/723/455 1696/827/455
f 1691/736/456 1688/809/456 1741/828/456
f 1741/828/457 1717/829/457 1743/830/457
f 701/831/458 695/832/458 694/458/458 700/833/458
f 103/834/459 98/778/459 102/772/459
f 99/811/460 98/778/460 103/834/460
f 1420/835/461 1419/836/461 1421/837/461
f 113/789/462 106/784/462 104/783/462 116/838/462 112/839/462
f 769/812/463 768/840/463 767/647/463
f 768/840/464 766/841/464 767/647/464
f 1996/842/465 1997/843/465 1999/844/465 1995/845/465 1982/846/465 1983/847/465
f 1465/823/466 1452/848/466 1459/849/466
f 2317/850/467 2353/851/467 2352/852/467 2326/853/467
f 740/854/468 738/820/468 730/720/468
f 124/855/469 129/550/469 127/628/469
f 2069/248/470 2070/246/470 2063/225/470 2064/228/470
f 820/826/471 805/695/471 804/694/471
f 200/856/472 190/187/472 186/155/472 201/857/472
f 1696/827/473 1755/723/473 1778/858/473
f 1677/859/474 1661/860/474 1672/712/474
f 1688/809/475 1717/829/475 1741/828/475
f 434/861/476 464/703/476 431/702/476 432/862/476
f 925/471/477 929/863/477 931/864/477 922/467/477
f 840/865/478 823/722/478 824/692/478 843/866/478
f 529/867/479 553/868/479 530/869/479 523/870/479 508/871/479 520/872/479
f 1191/873/480 1148/874/480 1159/875/480 1190/876/480
f 1867/877/481 1877/878/481 1943/319/481 1878/879/481
f 120/880/482 119/792/482 115/791/482
f 1220/881/483 1213/882/483 1211/883/483 1221/884/483
f 1452/848/484 1458/885/484 1459/849/484
f 851/886/485 850/887/485 847/888/485 849/889/485 848/890/485
f 2282/891/486 2281/892/486 2279/893/486 2277/894/486 2230/895/486
f 1472/822/487 1452/848/487 1465/823/487
f 129/550/488 175/896/488 127/628/488
f 820/826/489 831/825/489 805/695/489
f 1687/897/490 1689/898/490 1688/809/490
f 99/811/491 105/184/491 100/781/491
f 100/781/492 105/184/492 140/183/492
f 2265/899/493 2250/415/493 2259/900/493 2266/901/493 2267/902/493
f 2287/903/494 2280/904/494 2308/905/494
f 358/906/495 361/280/495 363/907/495 364/908/495
f 2300/909/496 2312/910/496 2319/911/496 2316/912/496
f 908/913/497 909/914/497 906/499/497 904/915/497
f 806/696/498 805/695/498 808/747/498
f 496/916/499 470/917/499 456/918/499
f 805/695/500 821/748/500 808/747/500
f 496/916/501 456/918/501 468/919/501
f 831/825/502 821/748/502 805/695/502
f 955/920/503 965/145/503 946/626/503 935/921/503
f 1661/860/504 1651/922/504 1657/923/504
f 1681/924/505 1687/897/505 1685/925/505
f 1688/809/506 1689/898/506 1717/829/506
f 1742/926/507 1724/927/507 1726/928/507
f 99/811/508 174/185/508 105/184/508
f 128/929/509 118/930/509 116/838/509
f 768/840/510 771/931/510 766/841/510
f 2195/932/511 2196/933/511 2197/934/511
f 1457/935/512 1445/936/512 1470/937/512
f 1459/849/513 1458/885/513 1460/716/513 1461/938/513
f 129/550/514 207/939/514 175/896/514
f 422/940/515 456/918/515 470/917/515
f 2597/941/516 2577/942/516 2575/943/516
f 1681/924/517 1682/944/517 1687/897/517
f 1687/897/518 1682/944/518 1689/898/518
f 1689/898/519 1714/945/519 1717/829/519
f 1717/829/520 1714/945/520 1716/946/520
f 913/947/521 1023/948/521 1062/949/521 916/950/521
f 1423/660/522 1422/951/522 1420/835/522
f 1420/835/523 1422/951/523 1418/952/523
f 1420/835/524 1418/952/524 1419/836/524
f 128/929/525 172/815/525 118/930/525
f 126/953/526 125/551/526 120/880/526
f 981/954/527 970/955/527 963/956/527 971/957/527
f 1474/958/528 1466/959/528 1473/960/528
f 415/961/529 422/940/529 470/917/529
f 456/918/530 455/962/530 468/919/530
f 48/439/531 50/401/531 60/400/531 59/440/531
f 1650/963/532 1656/964/532 1652/965/532
f 1650/963/533 1662/966/533 1656/964/533
f 1721/967/534 1723/200/534 1724/927/534
f 1982/846/535 1971/968/535 1966/969/535 1968/970/535
f 2278/971/536 2285/972/536 2308/905/536
f 118/930/537 172/815/537 173/973/537
f 2264/974/538 2249/975/538 2248/976/538
f 118/930/539 173/973/539 126/953/539
f 771/931/540 802/977/540 790/978/540
f 1484/979/541 1479/980/541 1477/981/541
f 1439/982/542 1440/983/542 1441/984/542
f 1445/936/543 1444/985/543 1443/986/543
f 811/987/544 810/988/544 817/449/544
f 86/494/545 80/496/545 79/424/545 85/989/545
f 129/550/546 178/549/546 207/939/546
f 821/748/547 837/990/547 832/991/547
f 1651/922/548 1653/992/548 1657/923/548
f 461/993/549 401/994/549 395/995/549 454/996/549
f 889/997/550 894/998/550 893/999/550 890/1000/550
f 771/931/551 829/1001/551 802/977/551
f 1457/935/552 1444/985/552 1445/936/552
f 1349/1002/553 1345/1003/553 1346/1004/553
f 548/1005/554 541/317/554 542/1006/554 547/1007/554
f 471/1008/555 479/24/555 437/1009/555 438/1010/555
f 1648/1011/556 1649/1012/556 1650/963/556
f 1650/963/557 1649/1012/557 1651/922/557
f 205/1013/558 202/1014/558 147/665/558 146/824/558
f 1714/945/559 1715/1015/559 1716/946/559
f 225/1016/560 230/1017/560 226/814/560 182/813/560
f 1479/980/561 1478/1018/561 1477/981/561
f 1440/983/562 1444/985/562 1446/1019/562
f 614/1020/563 622/114/563 629/762/563 612/1021/563
f 1466/959/564 1444/985/564 1457/935/564
f 1850/1022/565 1847/1023/565 1851/1024/565 1857/1025/565
f 178/549/566 229/1026/566 207/939/566
f 415/961/567 413/1027/567 422/940/567
f 1682/944/568 1679/1028/568 1713/1029/568
f 145/1030/569 182/813/569 172/815/569
f 1577/1031/570 1575/1032/570 1574/1033/570 1573/1034/570
f 172/815/571 216/579/571 173/973/571
f 1444/985/572 1447/801/572 1446/1019/572
f 1476/1035/573 1468/1036/573 1466/959/573
f 223/1037/574 229/1026/574 178/549/574
f 1071/108/575 1098/1038/575 1129/1039/575 1139/1040/575
f 417/1041/576 462/1042/576 473/1043/576 472/1044/576 466/1045/576 468/919/576 455/962/576
f 685/1046/577 673/1047/577 566/1048/577 573/1049/577
f 110/305/578 138/341/578 144/247/578 148/243/578
f 999/1050/579 998/1051/579 1008/1052/579 1000/1053/579 1001/1054/579
f 1726/928/580 1727/199/580 1730/1055/580
f 1903/1056/581 1899/1057/581 1875/161/581 1893/160/581
f 1638/1058/582 1640/1059/582 1643/1060/582 1642/1061/582
f 145/1030/583 196/1062/583 182/813/583
f 173/973/584 216/579/584 231/578/584
f 1479/980/585 1480/1063/585 1478/1018/585
f 42/410/586 54/405/586 57/374/586 41/404/586
f 1468/1036/587 1453/798/587 1444/985/587
f 1444/985/588 1453/798/588 1447/801/588
f 227/1064/589 181/552/589 173/973/589 231/578/589 241/577/589 237/1065/589
f 1713/1029/590 1679/1028/590 1712/1066/590
f 1894/1067/591 1887/682/591 1896/1068/591 1895/1069/591
f 2284/1070/592 2293/1071/592 2301/96/592
f 808/747/593 818/450/593 817/449/593 810/988/593
f 1478/1018/594 1481/275/594 1482/1072/594
f 2372/602/595 2362/382/595 2484/1073/595 2391/603/595
f 441/1074/596 440/1075/596 442/1076/596 447/1077/596
f 1713/1029/597 1712/1066/597 1715/1015/597
f 1665/622/598 1657/923/598 1659/808/598 1664/623/598
f 1482/1072/599 1471/1078/599 1468/1036/599
f 1471/1078/600 1453/798/600 1468/1036/600
f 809/693/601 807/697/601 815/654/601 816/653/601
f 949/1079/602 952/687/602 947/83/602 942/38/602
f 223/1037/603 243/1080/603 229/1026/603
f 413/1027/604 418/1081/604 423/1082/604
f 418/1081/605 410/1083/605 423/1082/605
f 835/1084/606 838/1085/606 830/1086/606
f 513/1087/607 408/1088/607 532/1089/607 534/1090/607 552/1091/607 477/1092/607
f 416/1093/608 499/1094/608 462/1042/608
f 1722/1095/609 1728/197/609 1723/200/609
f 191/181/610 193/1096/610 192/182/610
f 1618/1097/611 1620/1098/611 1609/1099/611 1608/1100/611
f 255/1101/612 228/1102/612 194/1103/612 232/1104/612
f 1447/801/613 1449/800/613 1448/1105/613
f 411/1106/614 396/1107/614 404/1108/614
f 413/1027/615 378/1109/615 418/1081/615
f 630/1110/616 661/1111/616 673/1047/616 672/1112/616
f 116/838/617 118/930/617 115/791/617 112/839/617
f 1227/1113/618 1233/1114/618 1234/1115/618 1231/1116/618 1226/1117/618
f 27/525/619 28/490/619 29/453/619 31/409/619
f 1033/1118/620 1044/1119/620 1039/1120/620 1037/1121/620
f 1257/1122/621 1252/1123/621 1259/1124/621 1261/67/621
f 2328/126/622 2347/1125/622 2324/1126/622
f 668/1127/623 690/1128/623 689/1129/623 688/1130/623
f 1481/275/624 1485/41/624 1487/44/624
f 988/1131/625 987/1132/625 985/1133/625 986/1134/625
f 369/1135/626 378/1109/626 405/1136/626
f 830/1086/627 834/1137/627 826/451/627
f 405/1136/628 378/1109/628 413/1027/628
f 418/1081/629 378/1109/629 393/1138/629
f 830/1086/630 838/1085/630 834/1137/630
f 2407/1139/631 2400/1140/631 2369/1141/631 2406/1142/631
f 2338/1143/632 2353/851/632 2340/1144/632
f 1475/274/633 1469/345/633 1471/1078/633
f 1453/798/634 1469/345/634 1454/799/634
f 2424/1145/635 2425/1146/635 2418/614/635 2419/1147/635
f 1728/197/636 1940/759/636 1729/198/636
f 2559/1148/637 2458/1149/637 2553/1150/637
f 1700/1151/638 1702/1152/638 1752/1153/638 1760/1154/638
f 1064/1155/639 994/1156/639 1018/1157/639 1098/1038/639
f 631/1158/640 611/423/640 612/1021/640 629/762/640
f 108/390/641 88/392/641 139/362/641 109/340/641
f 1130/1159/642 1104/1160/642 1141/1161/642 1142/1162/642
f 695/832/643 692/1163/643 693/430/643 694/458/643
f 498/635/644 509/634/644 522/1164/644 525/1165/644
f 1421/837/645 1431/1166/645 1430/1167/645 1428/1168/645
f 1668/1169/646 1676/1170/646 1669/1171/646
f 102/772/647 39/810/647 53/1172/647 103/834/647
f 2325/1173/648 2318/1174/648 2342/1175/648 2343/1176/648
f 1031/1177/649 1029/1178/649 1030/1179/649 1032/497/649
f 244/581/650 242/1180/650 241/577/650
f 2378/1181/651 2377/1182/651 2396/1183/651
f 396/1107/652 411/1106/652 368/1184/652
f 378/1109/653 377/1185/653 393/1138/653
f 393/1138/654 377/1185/654 386/1186/654
f 393/1138/655 386/1186/655 403/1187/655
f 838/1085/656 846/1188/656 834/1137/656
f 403/1187/657 388/1189/657 402/1190/657
f 493/1191/658 519/1192/658 494/1193/658
f 2576/1194/659 2574/1195/659 2575/943/659 2577/942/659
f 492/1196/660 493/1191/660 494/1193/660
f 409/1197/661 417/1041/661 410/1083/661 403/1187/661 402/1190/661 392/1198/661
f 1827/285/662 1940/759/662 1728/197/662
f 2349/1199/663 2345/1200/663 2342/1175/663
f 194/1103/664 228/1102/664 195/1201/664
f 511/1202/665 407/1203/665 411/1106/665
f 396/1107/666 368/1184/666 369/1135/666
f 2397/1204/667 2398/1205/667 2378/1181/667
f 403/1187/668 386/1186/668 388/1189/668
f 400/1206/669 397/1207/669 416/1093/669
f 416/1093/670 397/1207/670 474/1208/670
f 2342/1175/671 2345/1200/671 2344/1209/671
f 1734/1210/672 1733/1211/672 1735/1212/672
f 1344/1213/673 1341/1214/673 1345/1003/673 1353/1215/673
f 106/784/674 75/708/674 95/741/674 96/782/674
f 835/1084/675 830/1086/675 825/746/675 821/748/675 832/991/675
f 449/1216/676 454/996/676 359/1217/676 465/1218/676
f 1300/1219/677 1296/1220/677 1303/1221/677 1304/1222/677 1305/1223/677
f 224/1224/678 250/1225/678 225/1016/678
f 250/1225/679 245/1226/679 225/1016/679
f 225/1016/680 245/1226/680 230/1017/680
f 2405/1227/681 2535/1228/681 2534/1229/681 2532/1230/681 2399/1231/681 2371/1232/681
f 2313/1233/682 2291/1234/682 2321/128/682 2320/127/682
f 493/1191/683 491/636/683 498/635/683
f 438/1010/684 437/1009/684 436/1235/684 435/1236/684 439/1237/684
f 1676/1170/685 1751/1238/685 1711/1239/685
f 1190/876/686 1159/875/686 1166/1240/686 1189/1241/686
f 2458/1149/687 2456/74/687 2485/1242/687
f 1733/1211/688 1736/1243/688 1735/1212/688
f 197/1244/689 232/1104/689 194/1103/689
f 2289/1245/690 2251/416/690 2253/1246/690 2283/1247/690
f 2546/1248/691 2540/1249/691 2539/456/691 2547/1250/691 2548/1251/691
f 2656/1252/692 2655/1253/692 2658/1254/692 2657/1255/692
f 2238/1256/693 2241/1257/693 2242/1258/693 2237/1259/693 2234/1260/693
f 228/1102/694 250/1225/694 224/1224/694
f 245/1226/695 246/1261/695 230/1017/695
f 284/293/696 279/1262/696 282/1263/696 283/1264/696 285/1265/696 286/1266/696
f 1905/1267/697 1898/1268/697 1876/650/697 1900/1269/697
f 371/1270/698 366/1271/698 368/1184/698
f 386/1186/699 385/1272/699 388/1189/699
f 1148/874/700 1150/1273/700 1158/558/700 1161/561/700 1159/875/700
f 1096/1274/701 999/1050/701 1001/1054/701 1117/1275/701 1089/1276/701
f 492/1196/702 491/636/702 493/1191/702
f 387/1277/703 383/1278/703 392/1198/703
f 397/1207/704 421/1279/704 474/1208/704
f 1735/1212/705 1736/1243/705 1739/1280/705
f 368/1184/706 366/1271/706 367/1281/706 369/1135/706
f 997/1282/707 1096/1274/707 1094/1283/707 1101/1284/707 899/1285/707
f 244/581/708 260/719/708 242/1180/708
f 436/1235/709 467/23/709 469/22/709 434/861/709
f 2377/1182/710 2376/1286/710 2373/601/710 2388/1287/710
f 741/369/711 750/313/711 751/265/711 749/264/711 732/216/711 726/296/711
f 1489/1288/712 1454/799/712 1469/345/712 1488/344/712
f 757/291/713 720/348/713 724/214/713 756/212/713
f 2052/1289/714 2018/118/714 2017/152/714 2050/1290/714
f 255/1101/715 251/1291/715 248/1292/715
f 1854/1293/716 1832/1294/716 1834/1295/716 1849/567/716
f 366/1271/717 363/907/717 367/1281/717
f 2437/1296/718 2435/1297/718 2452/1298/718 2438/1299/718 2451/1300/718 2440/1301/718
f 385/1272/719 381/1302/719 383/1278/719
f 383/1278/720 391/1303/720 397/1207/720
f 397/1207/721 391/1303/721 421/1279/721
f 599/564/722 595/1304/722 587/303/722 591/1305/722
f 2473/1306/723 2468/1307/723 2471/1308/723
f 2473/1306/724 2469/1309/724 2468/1307/724
f 2469/1309/725 2466/1310/725 2468/1307/725
f 2469/1309/726 2474/1311/726 2466/1310/726
f 112/839/727 115/791/727 117/678/727
f 232/1104/728 267/1312/728 255/1101/728
f 776/395/729 774/477/729 775/335/729 777/334/729
f 369/1135/730 405/1136/730 404/1108/730 396/1107/730
f 922/467/731 921/359/731 919/358/731 920/468/731
f 549/1313/732 543/1314/732 550/1315/732
f 550/1315/733 543/1314/733 514/1316/733
f 2187/1317/734 2188/1318/734 2185/1319/734 2189/1320/734
f 367/1281/735 361/280/735 376/1321/735
f 376/1321/736 361/280/736 375/283/736
f 1165/1322/737 1230/1323/737 1212/1324/737 1208/1325/737
f 421/1279/738 488/1326/738 490/1327/738
f 383/1278/739 384/725/739 391/1303/739
f 1750/704/740 1772/707/740 1751/1238/740
f 248/1292/741 250/1225/741 228/1102/741 255/1101/741
f 1739/1280/742 1773/1328/742 1747/1329/742
f 248/1292/743 249/1330/743 247/1331/743 245/1226/743 250/1225/743
f 245/1226/744 247/1331/744 246/1261/744
f 549/1313/745 544/1332/745 543/1314/745
f 514/1316/746 543/1314/746 379/1333/746
f 514/1316/747 379/1333/747 371/1270/747
f 140/183/748 192/182/748 195/1201/748 196/1062/748 145/1030/748
f 371/1270/749 365/1334/749 366/1271/749
f 367/1281/750 363/907/750 361/280/750
f 124/855/751 127/628/751 121/632/751 119/792/751
f 1780/1335/752 1781/1336/752 1771/1337/752 1757/1338/752
f 491/636/753 489/1339/753 495/633/753
f 376/1321/754 375/283/754 377/1185/754 378/1109/754
f 1792/1340/755 1791/764/755 1776/763/755 1775/1341/755 1793/1342/755
f 1936/1343/756 1740/1344/756 1736/1243/756
f 1736/1243/757 1740/1344/757 1739/1280/757
f 2123/1345/758 2119/1346/758 2121/1347/758
f 2647/1348/759 2648/1349/759 2644/1350/759 2645/1351/759
f 2119/1346/760 2120/1352/760 2121/1347/760
f 1558/568/761 1559/1353/761 1550/513/761 1547/569/761
f 381/1302/762 382/1354/762 383/1278/762
f 488/1326/763 489/1339/763 490/1327/763
f 384/725/764 399/728/764 391/1303/764
f 280/1355/765 288/1356/765 290/1357/765 289/1358/765
f 1097/1359/766 1059/1360/766 1120/1361/766
f 2120/1352/767 2122/1362/767 2121/1347/767
f 251/1291/768 249/1330/768 248/1292/768
f 2151/1363/769 2156/1364/769 2155/1365/769
f 2151/1363/770 2155/1365/770 2152/1366/770
f 246/1261/771 247/1331/771 253/1367/771
f 246/1261/772 253/1367/772 262/1368/772
f 1961/1369/773 1962/1370/773 1955/1371/773 1954/1372/773
f 1876/650/774 1897/1373/774 1879/651/774
f 2033/60/775 2034/130/775 2025/124/775 2024/61/775
f 1740/1344/776 1749/1374/776 1739/1280/776
f 1059/1360/777 1058/1375/777 1120/1361/777
f 2482/1376/778 2433/1377/778 2436/1378/778 2441/73/778
f 2500/327/779 2506/326/779 2557/1379/779 2510/1380/779
f 460/1381/780 451/1382/780 424/1383/780 414/1384/780
f 595/1304/781 600/1385/781 632/1386/781 601/300/781
f 900/1387/782 897/361/782 898/1388/782 899/1285/782
f 2423/1389/783 2521/1390/783 2422/1391/783 2417/613/783
f 543/1314/784 540/1392/784 379/1333/784
f 2430/1393/785 2429/1394/785 2431/1395/785 2455/1396/785
f 2369/1141/786 2367/379/786 2368/1397/786
f 1879/651/787 1897/1373/787 1902/1398/787
f 2472/1399/788 2470/1400/788 2480/1401/788
f 1822/1402/789 1929/1403/789 1931/1404/789
f 1935/1405/790 1931/1404/790 1932/1406/790
f 991/1407/791 990/1408/791 1097/1359/791
f 1097/1359/792 990/1408/792 1059/1360/792
f 251/1291/793 257/1409/793 254/1410/793
f 1825/1411/794 1826/1412/794 1716/946/794 1715/1015/794
f 1135/1413/795 1114/1414/795 1144/1415/795 1145/1416/795
f 677/1417/796 678/1418/796 569/1419/796 566/1048/796
f 249/1330/797 252/1420/797 247/1331/797
f 551/1421/798 547/1007/798 546/1422/798
f 731/350/799 733/538/799 742/370/799 741/369/799
f 246/1261/800 262/1368/800 259/1423/800 230/1017/800
f 1632/1424/801 1633/1425/801 1621/1426/801 1623/1427/801
f 419/1428/802 487/1429/802 488/1326/802
f 398/727/803 419/1428/803 399/728/803
f 1865/1430/804 1871/649/804 1833/1431/804
f 2605/1432/805 2608/1433/805 2607/1434/805 2606/1435/805
f 1000/1053/806 1008/1052/806 1024/1436/806 1005/1437/806
f 923/469/807 928/1438/807 932/1439/807 930/721/807 924/470/807
f 314/1440/808 306/1441/808 335/1442/808 336/1443/808
f 2030/64/809 2021/90/809 2054/120/809 2049/62/809
f 2124/8/810 2125/1/810 2126/3/810
f 380/1444/811 394/1445/811 370/1446/811
f 934/1447/812 927/1448/812 926/1449/812 937/80/812
f 373/282/813 360/281/813 390/1450/813
f 2478/1451/814 2477/1452/814 2604/1453/814
f 991/1407/815 986/1134/815 990/1408/815
f 1657/923/816 1653/992/816 1654/1454/816 1658/1455/816 1660/770/816 1659/808/816
f 2141/1456/817 2142/1457/817 2140/1458/817 2143/1459/817
f 539/1460/818 394/1445/818 380/1444/818
f 394/1445/819 372/1461/819 370/1446/819
f 419/1428/820 420/1462/820 487/1429/820
f 420/1462/821 476/1463/821 487/1429/821
f 1870/648/822 1879/651/822 1872/163/822
f 1872/163/823 1879/651/823 1893/160/823
f 1879/651/824 1902/1398/824 1893/160/824
f 2606/1435/825 2478/1451/825 2605/1432/825
f 2478/1451/826 2604/1453/826 2605/1432/826
f 1818/1464/827 1929/1403/827 1817/1465/827
f 2622/1466/828 2624/1467/828 2625/1468/828
f 1933/1469/829 1934/1470/829 1749/1374/829
f 1934/1470/830 1941/1471/830 1749/1374/830
f 2355/1472/831 2329/1473/831 2354/1474/831 2356/1475/831
f 53/1172/832 39/810/832 37/739/832 44/738/832
f 359/1217/833 395/995/833 390/1450/833
f 360/281/834 359/1217/834 390/1450/834
f 2662/1476/835 2660/1477/835 2659/1478/835
f 406/1479/836 389/726/836 390/1450/836
f 390/1450/837 389/726/837 384/725/837 382/1354/837 373/282/837
f 476/1463/838 497/592/838 487/1429/838
f 1167/1480/839 1168/1481/839 1181/1482/839 1180/1483/839
f 1723/200/840 1727/199/840 1726/928/840 1724/927/840
f 1831/1484/841 1830/1485/841 1789/1486/841
f 2065/211/842 2066/232/842 2064/228/842 2062/173/842
f 962/1487/843 976/1488/843 973/147/843 964/146/843
f 282/1263/844 339/1489/844 338/1490/844 283/1264/844
f 1634/1491/845 1626/1492/845 1622/1493/845 1629/1494/845
f 185/154/846 167/98/846 166/100/846 177/156/846
f 2343/1176/847 2351/1495/847 2319/911/847 2325/1173/847
f 1058/1375/848 1012/742/848 1128/1496/848
f 854/1497/849 874/1498/849 873/1499/849 855/1500/849
f 897/361/850 902/1501/850 901/1502/850 898/1388/850
f 889/997/851 848/890/851 849/889/851 895/1503/851 894/998/851
f 2106/1504/852 2108/1505/852 2107/54/852 2105/53/852
f 2137/1506/853 2136/1507/853 2135/1508/853
f 2139/1509/854 2137/1506/854 2135/1508/854
f 2137/1506/855 2138/1510/855 2136/1507/855
f 1543/1511/856 1544/515/856 1553/1512/856 1554/1513/856
f 406/1479/857 401/994/857 389/726/857
f 389/726/858 401/994/858 412/1514/858
f 2504/1515/859 2508/1516/859 2511/1517/859 2512/1518/859
f 194/1103/860 195/1201/860 192/182/860 193/1096/860 197/1244/860
f 2378/1181/861 2401/1519/861 2376/1286/861 2377/1182/861
f 2656/1252/862 2657/1255/862 2644/1350/862
f 1531/1520/863 1532/1521/863 1527/1522/863
f 1527/1522/864 1532/1521/864 1528/1523/864
f 1527/1522/865 1528/1523/865 1525/1524/865
f 1283/1525/866 1281/472/866 1282/69/866 1284/1526/866
f 986/1134/867 989/689/867 990/1408/867
f 1551/514/868 1559/1353/868 1567/1527/868 1553/1512/868
f 992/1528/869 978/1529/869 928/1438/869 907/1530/869
f 89/339/870 92/284/870 93/465/870 91/1531/870
f 1920/658/871 1922/1532/871 1924/1533/871
f 1130/1159/872 1055/745/872 1104/1160/872
f 1141/1161/873 1104/1160/873 1132/1534/873
f 540/1392/874 541/317/874 535/1535/874
f 540/1392/875 535/1535/875 539/1460/875
f 2367/379/876 2400/1140/876 2411/380/876
f 390/1450/877 395/995/877 401/994/877
f 2385/1536/878 2370/1537/878 2365/1538/878 2411/380/878
f 420/1462/879 425/593/879 476/1463/879
f 1856/1539/880 1831/1484/880 1854/1293/880
f 1854/1293/881 1831/1484/881 1832/1294/881
f 2318/1174/882 2311/1540/882 2309/1541/882 2324/1126/882
f 2204/1542/883 2205/1543/883 2206/1544/883
f 2199/1545/884 2201/1546/884 2200/1547/884
f 2453/1548/885 2554/1549/885 2515/1550/885
f 1058/1375/886 989/689/886 1012/742/886
f 539/1460/887 533/1551/887 531/1552/887
f 362/1553/888 465/1218/888 359/1217/888
f 2659/1478/889 2660/1477/889 2661/1554/889
f 425/593/890 497/592/890 476/1463/890
f 1234/1115/891 1233/1114/891 1235/1555/891 1236/1556/891
f 2640/1557/892 2642/1558/892 2638/1559/892
f 339/1489/893 342/1560/893 340/1561/893 338/1490/893
f 1525/1524/894 1526/1562/894 1523/1563/894
f 1526/1562/895 1524/1564/895 1523/1563/895
f 1874/1565/896 1851/1024/896 1866/1566/896 1888/683/896
f 287/1567/897 280/1355/897 279/1262/897 284/293/897
f 1104/1160/898 1060/1568/898 1132/1534/898
f 535/1535/899 533/1551/899 539/1460/899
f 2387/1569/900 2385/1536/900 2411/380/900
f 2231/1570/901 2280/904/901 2236/1571/901 2233/1572/901
f 1856/1539/902 1829/1573/902 1828/1574/902
f 1828/1574/903 1829/1573/903 1814/1575/903
f 2638/1559/904 2641/1576/904 2639/1577/904
f 2642/1558/905 2641/1576/905 2638/1559/905
f 2557/1379/906 2503/325/906 2558/1578/906
f 2203/1579/907 2198/1580/907 2202/1581/907
f 1530/1582/908 1529/1583/908 1526/1562/908
f 1526/1562/909 1529/1583/909 1524/1564/909
f 986/1134/910 985/1133/910 984/690/910
f 1775/1341/911 1776/763/911 1755/723/911 1754/724/911
f 989/689/912 982/688/912 1012/742/912
f 416/1093/913 474/1208/913 492/1196/913 494/1193/913
f 1721/967/914 1720/1584/914 1722/1095/914 1723/200/914
f 1055/745/915 1060/1568/915 1104/1160/915
f 541/317/916 538/316/916 535/1535/916
f 642/384/917 640/1585/917 636/112/917 635/111/917
f 412/1514/918 460/1381/918 414/1384/918
f 237/1065/919 243/1080/919 223/1037/919 227/1064/919
f 100/781/920 107/1586/920 104/783/920 96/782/920
f 2641/1576/921 2643/1587/921 2639/1577/921
f 1909/1588/922 1906/1589/922 1937/1590/922
f 869/1591/923 859/1592/923 896/1593/923
f 2358/1594/924 2360/1595/924 2359/1596/924
f 2357/1597/925 2358/1594/925 2359/1596/925
f 1534/1598/926 1529/1583/926 1530/1582/926
f 329/1599/927 330/1600/927 352/1601/927 331/1602/927
f 1212/1324/928 1211/883/928 1213/882/928 1214/1603/928
f 1055/745/929 995/744/929 1060/1568/929
f 1384/1604/930 1385/489/930 1386/1605/930
f 1735/1212/931 1739/1280/931 1747/1329/931 1746/1606/931
f 442/1076/932 450/1607/932 449/1216/932 447/1077/932
f 359/1217/933 454/996/933 395/995/933
f 2429/1394/934 2430/1393/934 2432/1608/934 2428/1609/934 2415/610/934
f 1853/1610/935 1869/1611/935 1829/1573/935
f 2248/976/936 2247/417/936 2251/416/936 2254/1612/936
f 1853/1610/937 1852/1613/937 1848/1614/937 1847/1023/937 1850/1022/937
f 1506/1615/938 1505/1616/938 1503/1617/938
f 851/886/939 848/890/939 889/997/939
f 408/1088/940 513/1087/940 374/1618/940
f 362/1553/941 449/1216/941 465/1218/941
f 2387/1569/942 2386/1619/942 2385/1536/942
f 856/1620/943 857/1621/943 853/1622/943 852/1623/943
f 2237/1259/944 2242/1258/944 2244/1624/944 2232/1625/944
f 1939/757/945 1936/1343/945 1736/1243/945 1733/1211/945 1732/758/945
f 1294/1626/946 1278/1627/946 1280/1628/946
f 1906/1589/947 1946/1629/947 1937/1590/947
f 987/1132/948 1013/1630/948 985/1133/948
f 869/1591/949 868/1631/949 859/1592/949
f 870/1632/950 868/1631/950 869/1591/950
f 982/688/951 983/743/951 1012/742/951
f 458/1633/952 459/1634/952 451/1382/952 445/1635/952
f 1967/1636/953 1956/49/953 1985/32/953 1986/34/953 1993/48/953
f 533/1551/954 534/1090/954 532/1089/954
f 2381/1637/955 2379/1638/955 2382/1639/955
f 1134/1640/956 1107/1641/956 1135/1413/956 1143/1642/956
f 451/1382/957 459/1634/957 424/1383/957
f 459/1634/958 426/1643/958 424/1383/958
f 1587/1644/959 1593/1645/959 1611/1646/959 1610/1647/959 1614/1648/959 1586/1649/959
f 373/282/960 382/1354/960 381/1302/960 375/283/960
f 515/1650/961 526/1651/961 516/1652/961 487/1429/961 497/592/961 483/591/961
f 859/1592/962 868/1631/962 858/1653/962
f 2147/1654/963 2146/1655/963 2149/1656/963
f 1729/198/964 1732/758/964 1731/1657/964 1730/1055/964 1727/199/964
f 1121/1658/965 1099/106/965 1133/105/965
f 1992/1659/966 2002/385/966 1978/388/966
f 454/996/967 450/1607/967 461/993/967
f 2386/1619/968 2370/1537/968 2385/1536/968
f 1861/1660/969 1869/1611/969 1853/1610/969
f 1869/1611/970 1867/877/970 1878/879/970
f 1943/319/971 1810/318/971 1813/1661/971
f 1878/879/972 1943/319/972 1813/1661/972
f 765/480/973 760/347/973 787/460/973 788/459/973
f 1906/1589/974 1911/1662/974 1946/1629/974
f 761/573/975 743/481/975 765/480/975 773/504/975
f 282/1263/976 279/1262/976 280/1355/976 281/1663/976
f 868/1631/977 849/889/977 858/1653/977
f 952/687/978 949/1079/978 982/688/978
f 949/1079/979 983/743/979 982/688/979
f 972/624/980 973/147/980 994/1156/980 996/1664/980
f 1382/1665/981 1395/1666/981 1387/486/981
f 1992/1659/982 1978/388/982 1964/1667/982
f 362/1553/983 463/1668/983 449/1216/983
f 2370/1537/984 2366/1669/984 2365/1538/984
f 454/996/985 449/1216/985 450/1607/985
f 1841/462/986 1842/1670/986 1839/566/986 1840/463/986
f 424/1383/987 426/1643/987 427/1671/987 429/1672/987 425/593/987 420/1462/987
f 1861/1660/988 1867/877/988 1869/1611/988
f 120/880/989 115/791/989 118/930/989 126/953/989
f 1394/1673/990 1381/1674/990 1384/1604/990 1386/1605/990
f 872/1675/991 887/1676/991 883/1677/991
f 2414/611/992 2428/1609/992 2460/1678/992 2461/1679/992
f 883/1677/993 887/1676/993 849/889/993
f 1395/1666/994 1392/1680/994 1387/486/994
f 995/744/995 1021/1681/995 1060/1568/995
f 1060/1568/996 1021/1681/996 1099/106/996
f 1964/1667/997 1968/970/997 1966/969/997
f 1978/388/998 2006/387/998 1968/970/998
f 638/1682/999 636/112/999 640/1585/999 639/1683/999
f 87/641/1000 82/495/1000 86/494/1000 90/1684/1000
f 463/1668/1001 453/1685/1001 447/1077/1001 449/1216/1001
f 460/1381/1002 452/1686/1002 451/1382/1002
f 2029/57/1003 2028/59/1003 2027/65/1003 2031/63/1003
f 1014/1687/1004 934/1447/1004 1013/1630/1004
f 1991/1688/1005 1998/1689/1005 2001/1690/1005 2002/385/1005 1992/1659/1005
f 887/1676/1006 891/1691/1006 849/889/1006
f 1387/486/1007 1392/1680/1007 1389/487/1007
f 1916/1692/1008 1925/1693/1008 1938/1694/1008 1911/1662/1008
f 2006/387/1009 2004/1695/1009 1968/970/1009
f 2191/1696/1010 2187/1317/1010 2189/1320/1010 2192/1697/1010
f 195/1201/1011 228/1102/1011 224/1224/1011 196/1062/1011
f 969/1698/1012 966/1699/1012 967/1700/1012 974/448/1012 975/447/1012
f 1770/1701/1013 1774/1702/1013 1763/1703/1013 1704/1704/1013
f 1912/1705/1014 1916/1692/1014 1911/1662/1014
f 1013/1630/1015 934/1447/1015 993/1706/1015
f 1209/1707/1016 1152/1708/1016 1153/1709/1016 1210/1710/1016
f 1102/1711/1017 1019/1712/1017 1106/1713/1017 1125/1714/1017 1123/1715/1017
f 1910/1716/1018 1928/1717/1018 1929/1403/1018 1818/1464/1018
f 888/1718/1019 891/1691/1019 887/1676/1019
f 891/1691/1020 895/1503/1020 849/889/1020
f 1395/1666/1021 1397/1719/1021 1392/1680/1021
f 1392/1680/1022 1391/1720/1022 1389/487/1022
f 1964/1667/1023 1966/969/1023 1958/1721/1023
f 1679/1028/1024 1682/944/1024 1681/924/1024 1680/1722/1024
f 1140/1723/1025 1129/1039/1025 1131/1724/1025
f 407/1203/1026 371/1270/1026 368/1184/1026 411/1106/1026
f 806/696/1027 808/747/1027 810/988/1027 811/987/1027 769/812/1027 812/749/1027
f 266/522/1028 272/1725/1028 273/668/1028 271/816/1028 234/521/1028
f 1069/445/1029 974/448/1029 1054/1726/1029 1068/1727/1029
f 1812/1728/1030 1809/1729/1030 1819/777/1030 1818/1464/1030
f 212/351/1031 236/554/1031 235/553/1031 215/412/1031
f 1861/1660/1032 1862/1730/1032 1867/877/1032
f 1867/877/1033 1862/1730/1033 1877/878/1033
f 1877/878/1034 1944/1731/1034 1943/319/1034
f 609/419/1035 608/1732/1035 605/420/1035
f 1816/321/1036 1942/320/1036 1923/774/1036
f 1923/774/1037 1922/1532/1037 1921/775/1037
f 934/1447/1038 937/80/1038 993/1706/1038
f 2184/1733/1039 2192/1697/1039 2189/1320/1039
f 2189/1320/1040 2185/1319/1040 2184/1733/1040
f 2184/1733/1041 2185/1319/1041 2186/1734/1041
f 960/1735/1042 961/1736/1042 958/1737/1042 959/1738/1042
f 2188/1318/1043 2187/1317/1043 2190/1739/1043
f 1021/1681/1044 1057/107/1044 1099/106/1044
f 1409/1740/1045 1416/1741/1045 1408/1742/1045
f 1520/1743/1046 1518/1744/1046 1521/1745/1046
f 1170/1746/1047 1171/1747/1047 1172/1748/1047 1166/1240/1047 1159/875/1047 1161/561/1047 1160/560/1047 1168/1481/1047 1167/1480/1047
f 426/1643/1048 428/1749/1048 427/1671/1048
f 427/1671/1049 428/1749/1049 429/1672/1049
f 67/372/1050 240/403/1050 263/1750/1050 211/373/1050
f 490/1327/1051 489/1339/1051 491/636/1051 492/1196/1051
f 2568/1751/1052 2564/1752/1052 2566/1753/1052 2598/1754/1052
f 37/739/1053 36/699/1053 35/638/1053 38/582/1053
f 152/257/1054 150/222/1054 160/165/1054 161/122/1054
f 1994/1755/1055 1955/1371/1055 1962/1370/1055
f 949/1079/1056 948/37/1056 983/743/1056
f 888/1718/1057 892/1756/1057 891/1691/1057
f 2194/1757/1058 2191/1696/1058 2192/1697/1058
f 1150/1273/1059 1155/1758/1059 1156/559/1059 1158/558/1059
f 983/743/1060 948/37/1060 995/744/1060
f 2193/1759/1061 2190/1739/1061 2187/1317/1061
f 1522/1760/1062 1518/1744/1062 1515/1761/1062
f 1133/105/1063 1071/108/1063 1139/1040/1063
f 1139/1040/1064 1129/1039/1064 1140/1723/1064
f 1944/1731/1065 1945/1762/1065 1942/320/1065
f 2502/324/1066 2505/1763/1066 2504/1515/1066
f 1942/320/1067 1922/1532/1067 1923/774/1067
f 2652/254/1068 2653/1764/1068 2655/1253/1068 2650/251/1068
f 1721/967/1069 1724/927/1069 1725/1765/1069 1719/1766/1069 1720/1584/1069
f 949/1079/1070 942/38/1070 948/37/1070
f 2194/1757/1071 2193/1759/1071 2191/1696/1071
f 2191/1696/1072 2193/1759/1072 2187/1317/1072
f 477/1092/1073 453/1685/1073 463/1668/1073
f 453/1685/1074 441/1074/1074 447/1077/1074
f 642/384/1075 643/589/1075 644/590/1075 640/1585/1075
f 1862/1730/1076 1861/1660/1076 1859/1767/1076 1860/1768/1076
f 938/1769/1077 935/921/1077 946/626/1077 939/102/1077
f 93/465/1078 92/284/1078 163/272/1078 170/330/1078
f 445/1635/1079 446/1770/1079 458/1633/1079
f 458/1633/1080 430/1771/1080 428/1749/1080
f 1023/948/1081 913/947/1081 911/1772/1081
f 971/957/1082 980/1773/1082 1025/1774/1082 1016/1775/1082
f 909/914/1083 908/913/1083 1015/1776/1083
f 1015/1776/1084 908/913/1084 914/1777/1084
f 861/1778/1085 855/1500/1085 877/1779/1085
f 855/1500/1086 873/1499/1086 877/1779/1086
f 1450/1780/1087 1441/984/1087 1440/983/1087 1446/1019/1087
f 779/342/1088 777/334/1088 778/230/1088
f 2268/1781/1089 2267/902/1089 2269/475/1089 2270/474/1089
f 1520/1743/1090 1519/1782/1090 1518/1744/1090
f 2334/1783/1091 2333/1784/1091 2330/129/1091 2321/128/1091
f 552/1091/1092 528/1785/1092 477/1092/1092
f 2046/86/1093 2042/85/1093 2039/75/1093 2043/482/1093
f 458/1633/1094 446/1770/1094 430/1771/1094
f 1593/1645/1095 1590/1786/1095 1636/1787/1095 1611/1646/1095
f 1467/821/1096 1465/823/1096 1459/849/1096 1461/938/1096
f 168/255/1097 152/257/1097 161/122/1097 176/158/1097
f 873/1499/1098 874/1498/1098 875/1788/1098
f 862/1789/1099 874/1498/1099 854/1497/1099
f 1325/1790/1100 1326/1791/1100 1327/1792/1100
f 675/1793/1101 671/299/1101 601/300/1101 632/1386/1101
f 1971/968/1102 1974/1794/1102 1969/1795/1102
f 1518/1744/1103 1519/1782/1103 1516/1796/1103
f 2090/1797/1104 2089/1798/1104 2091/1799/1104 2092/1800/1104
f 2365/1538/1105 2366/1669/1105 2364/1801/1105 2363/381/1105
f 1175/1802/1106 1174/1803/1106 1172/1748/1106
f 1131/1724/1107 1122/1804/1107 1124/1805/1107
f 1955/1371/1108 1950/1806/1108 1953/1807/1108 1954/1372/1108
f 1329/1808/1109 1332/1809/1109 1330/1810/1109
f 873/1499/1110 876/1811/1110 877/1779/1110
f 873/1499/1111 875/1788/1111 876/1811/1111
f 862/1789/1112 879/1812/1112 874/1498/1112
f 1711/1239/1113 1712/1066/1113 1679/1028/1113 1669/1171/1113 1676/1170/1113
f 862/1789/1114 886/1813/1114 879/1812/1114
f 886/1813/1115 881/1814/1115 879/1812/1115
f 889/997/1116 890/1000/1116 851/886/1116
f 2097/1815/1117 2092/1800/1117 2104/1816/1117
f 2099/1817/1118 2097/1815/1118 2104/1816/1118
f 1174/1803/1119 1166/1240/1119 1172/1748/1119
f 1317/1818/1120 1313/1819/1120 1318/1820/1120 1319/1821/1120
f 910/500/1121 906/499/1121 909/914/1121
f 1528/1523/1122 1530/1582/1122 1526/1562/1122 1525/1524/1122
f 1154/1822/1123 1155/1758/1123 1149/1823/1123 1152/1708/1123
f 884/1824/1124 877/1779/1124 878/1825/1124
f 877/1779/1125 876/1811/1125 878/1825/1125
f 2100/1826/1126 2088/1827/1126 2098/1828/1126
f 2098/1828/1127 2097/1815/1127 2099/1817/1127
f 558/1829/1128 556/1830/1128 557/1831/1128
f 322/1832/1129 286/1266/1129 327/1833/1129 324/1834/1129
f 2386/1619/1130 2395/1835/1130 2375/1836/1130 2370/1537/1130
f 993/1706/1131 937/80/1131 947/83/1131 953/1837/1131
f 1853/1610/1132 1850/1022/1132 1859/1767/1132 1861/1660/1132
f 1255/1838/1133 1260/1839/1133 1252/1123/1133
f 875/1788/1134 882/1840/1134 876/1811/1134
f 2098/1828/1135 2088/1827/1135 2097/1815/1135
f 655/1841/1136 656/220/1136 653/219/1136 654/1842/1136
f 2090/1797/1137 2092/1800/1137 2097/1815/1137
f 2000/1843/1138 1961/1369/1138 2005/1844/1138
f 2163/1845/1139 2164/1846/1139 2165/1847/1139
f 157/77/1140 162/123/1140 161/122/1140 160/165/1140
f 2176/1848/1141 2173/786/1141 2171/1849/1141
f 2179/1850/1142 2177/1851/1142 2176/1848/1142
f 2176/1848/1143 2177/1851/1143 2173/786/1143
f 2183/1852/1144 2177/1851/1144 2182/1853/1144
f 2182/1853/1145 2177/1851/1145 2179/1850/1145
f 724/214/1146 720/348/1146 719/1854/1146 725/203/1146
f 2663/1855/1147 2664/1856/1147 2665/1857/1147
f 524/1858/1148 517/1859/1148 521/261/1148
f 485/260/1149 517/1859/1149 524/1858/1149
f 444/1860/1150 435/1236/1150 446/1770/1150
f 446/1770/1151 435/1236/1151 433/1861/1151
f 446/1770/1152 433/1861/1152 430/1771/1152
f 1330/1810/1153 1359/1862/1153 1336/1863/1153
f 2088/1827/1154 2090/1797/1154 2097/1815/1154
f 2088/1827/1155 2089/1798/1155 2090/1797/1155
f 2167/1864/1156 2166/1865/1156 2163/1845/1156
f 2166/1865/1157 2164/1846/1157 2163/1845/1157
f 2166/1865/1158 2168/1866/1158 2164/1846/1158
f 2164/1846/1159 2168/1866/1159 2169/1867/1159
f 2169/1867/1160 2170/785/1160 2164/1846/1160
f 2169/1867/1161 2171/1849/1161 2170/785/1161
f 2169/1867/1162 2172/1868/1162 2171/1849/1162
f 2171/1849/1163 2173/786/1163 2170/785/1163
f 2177/1851/1164 2181/1869/1164 2173/786/1164
f 1174/1803/1165 1189/1241/1165 1166/1240/1165
f 453/1685/1166 502/1870/1166 457/1871/1166
f 2561/1872/1167 2521/1390/1167 2423/1389/1167 2488/1873/1167
f 2462/1874/1168 2453/1548/1168 2438/1299/1168 2452/1298/1168
f 1673/1875/1169 1670/1876/1169 1674/1877/1169 1678/1878/1169
f 912/1879/1170 1045/1880/1170 1042/501/1170
f 912/1879/1171 1042/501/1171 910/500/1171
f 1321/1881/1172 1311/1882/1172 1308/1883/1172
f 2389/1884/1173 2381/1637/1173 2384/1885/1173 2403/1886/1173
f 1310/1887/1174 1313/1819/1174 1316/1888/1174
f 1313/1819/1175 1317/1818/1175 1316/1888/1175
f 385/1272/1176 383/1278/1176 387/1277/1176 388/1189/1176
f 1207/1889/1177 1188/1890/1177 1203/1891/1177
f 2560/1892/1178 2542/1893/1178 2550/1894/1178
f 2560/1892/1179 2545/1895/1179 2542/1893/1179
f 485/260/1180 484/701/1180 517/1859/1180
f 1184/1896/1181 1194/796/1181 1193/143/1181 1183/142/1181
f 906/499/1182 1046/498/1182 905/1897/1182
f 1255/1838/1183 1264/1898/1183 1260/1839/1183
f 2101/1899/1184 2094/1900/1184 2089/1798/1184
f 2089/1798/1185 2094/1900/1185 2091/1799/1185
f 951/625/1186 972/624/1186 996/1664/1186
f 1315/1901/1187 1320/1902/1187 1318/1820/1187
f 507/1903/1188 503/1904/1188 502/1870/1188
f 1039/1120/1189 1044/1119/1189 1053/355/1189
f 1053/355/1190 1044/1119/1190 1045/1880/1190
f 1046/498/1191 1030/1179/1191 901/1502/1191
f 901/1502/1192 1006/1905/1192 898/1388/1192
f 2101/1899/1193 2102/1906/1193 2094/1900/1193
f 1311/1882/1194 1309/1907/1194 1308/1883/1194
f 1308/1883/1195 1309/1907/1195 1310/1887/1195
f 1188/1890/1196 1180/1483/1196 1203/1891/1196
f 1907/1908/1197 1908/1909/1197 1906/1589/1197 1909/1588/1197
f 1170/1746/1198 1167/1480/1198 1176/533/1198
f 1047/1910/1199 1049/1911/1199 1051/1912/1199 1111/1913/1199 1056/1914/1199 1050/1915/1199 1024/1436/1199 1008/1052/1199
f 830/1086/1200 826/451/1200 818/450/1200 825/746/1200
f 779/342/1201 778/230/1201 782/258/1201
f 619/1916/1202 618/383/1202 617/1917/1202 620/1918/1202
f 448/1919/1203 457/1871/1203 439/1237/1203
f 517/1859/1204 484/701/1204 523/870/1204
f 1032/497/1205 1030/1179/1205 1046/498/1205
f 1335/1920/1206 1333/1921/1206 1334/1922/1206
f 2160/1923/1207 2161/1924/1207 2162/1925/1207
f 2094/1900/1208 2095/1926/1208 2091/1799/1208
f 2091/1799/1209 2095/1926/1209 2093/1927/1209
f 627/1928/1210 624/1929/1210 668/1127/1210 666/1930/1210
f 1311/1882/1211 1312/1931/1211 1309/1907/1211
f 1313/1819/1212 1314/1932/1212 1315/1901/1212
f 996/1664/1213 994/1156/1213 1064/1155/1213
f 1203/1891/1214 1180/1483/1214 1202/1933/1214
f 1176/533/1215 1167/1480/1215 1188/1890/1215
f 1167/1480/1216 1180/1483/1216 1188/1890/1216
f 130/630/1217 133/664/1217 135/666/1217 132/1934/1217
f 504/1935/1218 503/1904/1218 507/1903/1218
f 435/1236/1219 436/1235/1219 434/861/1219
f 678/1418/1220 688/1130/1220 570/1936/1220 569/1419/1220
f 2096/1937/1221 2095/1926/1221 2094/1900/1221
f 1427/1938/1222 1426/1939/1222 1422/951/1222 1423/660/1222
f 464/703/1223 482/1940/1223 484/701/1223
f 1237/1941/1224 1236/1556/1224 1235/1555/1224 1238/1942/1224
f 899/1285/1225 1101/1284/1225 1100/1943/1225
f 1100/1943/1226 992/1528/1226 899/1285/1226
f 928/1438/1227 978/1529/1227 977/1944/1227
f 860/1945/1228 852/1623/1228 855/1500/1228 861/1778/1228
f 2332/1946/1229 2331/1947/1229 2330/129/1229 2333/1784/1229
f 480/1948/1230 475/1949/1230 457/1871/1230
f 484/701/1231 508/871/1231 523/870/1231
f 559/1950/1232 563/1951/1232 562/1952/1232 560/1953/1232
f 1714/945/1233 1689/898/1233 1682/944/1233 1713/1029/1233 1715/1015/1233
f 1266/1954/1234 1270/1955/1234 1268/1956/1234
f 1312/1931/1235 1314/1932/1235 1309/1907/1235
f 833/652/1236 815/654/1236 822/562/1236 796/599/1236
f 1018/1157/1237 1019/1712/1237 1102/1711/1237
f 374/1618/1238 477/1092/1238 463/1668/1238 362/1553/1238
f 409/1197/1239 416/1093/1239 462/1042/1239 417/1041/1239
f 1666/1957/1240 1670/1876/1240 1668/1169/1240 1669/1171/1240 1667/1958/1240
f 2537/1959/1241 2534/1229/1241 2535/1228/1241 2550/1894/1241 2536/454/1241
f 1162/1960/1242 1182/1961/1242 1177/1962/1242 1169/1963/1242
f 1268/1956/1243 1269/1964/1243 1265/1965/1243
f 879/1812/1244 880/1966/1244 875/1788/1244 874/1498/1244
f 2551/1967/1245 2480/1401/1245 2470/1400/1245 2467/1968/1245 2475/1969/1245
f 994/1156/1246 973/147/1246 1018/1157/1246
f 469/22/1247 500/1970/1247 482/1940/1247
f 1268/1956/1248 1306/1971/1248 1272/1972/1248
f 1050/1915/1249 1056/1914/1249 1105/1973/1249
f 26/700/1250 68/771/1250 69/640/1250 24/639/1250
f 1069/445/1251 1068/1727/1251 1113/1974/1251 1114/1414/1251
f 1168/1481/1252 1173/1975/1252 1181/1482/1252
f 1192/1976/1253 1148/874/1253 1191/873/1253
f 1835/1977/1254 1836/565/1254 1834/1295/1254 1832/1294/1254 1833/1431/1254
f 718/349/1255 719/1854/1255 720/348/1255 716/434/1255 717/1978/1255 721/396/1255 722/399/1255
f 437/1009/1256 467/23/1256 436/1235/1256
f 977/1944/1257 979/1979/1257 954/1980/1257
f 1169/1963/1258 1173/1975/1258 1168/1481/1258
f 1812/1728/1259 1811/1981/1259 1808/1982/1259 1807/1983/1259 1809/1729/1259
f 437/1009/1260 479/24/1260 467/23/1260
f 1101/1284/1261 1094/1283/1261 1100/1943/1261
f 992/1528/1262 1091/1984/1262 1017/1985/1262
f 1067/1986/1263 1109/1987/1263 1061/1988/1263 981/954/1263
f 1953/1807/1264 1957/1989/1264 1956/49/1264 1954/1372/1264
f 2348/1990/1265 2324/1126/1265 2347/1125/1265 2342/1175/1265
f 1106/1713/1266 1019/1712/1266 1063/1991/1266
f 837/990/1267 821/748/1267 831/825/1267 842/1992/1267
f 2444/1993/1268 2443/1994/1268 2442/1995/1268 2445/1996/1268
f 663/1997/1269 649/1998/1269 638/1682/1269 639/1683/1269
f 291/294/1270 322/1832/1270 293/295/1270
f 1017/1985/1271 1079/1999/1271 979/1979/1271
f 954/1980/1272 979/1979/1272 957/2000/1272
f 979/1979/1273 959/1738/1273 957/2000/1273
f 965/145/1274 956/2001/1274 964/146/1274
f 1019/1712/1275 976/1488/1275 970/955/1275
f 1019/1712/1276 970/955/1276 1063/1991/1276
f 1063/1991/1277 970/955/1277 1061/1988/1277
f 481/2002/1278 512/2003/1278 478/2004/1278
f 1711/1239/1279 1751/1238/1279 1806/2005/1279 1820/2006/1279 1821/2007/1279
f 962/1487/1280 970/955/1280 976/1488/1280
f 1169/1963/1281 1177/1962/1281 1173/1975/1281
f 1196/2008/1282 1151/2009/1282 1192/1976/1282
f 1192/1976/1283 1151/2009/1283 1148/874/1283
f 1156/559/1284 1162/1960/1284 1160/560/1284
f 1160/560/1285 1162/1960/1285 1169/1963/1285
f 512/2003/1286 506/2010/1286 478/2004/1286
f 1091/1984/1287 1080/2011/1287 1017/1985/1287
f 1173/1975/1288 1177/1962/1288 1199/141/1288
f 1173/1975/1289 1199/141/1289 1198/2012/1289
f 1148/874/1290 1151/2009/1290 1149/1823/1290
f 1148/874/1291 1149/1823/1291 1150/1273/1291
f 1094/1283/1292 1085/2013/1292 1091/1984/1292
f 1017/1985/1293 1080/2011/1293 1079/1999/1293
f 291/294/1294 286/1266/1294 322/1832/1294
f 979/1979/1295 1077/2014/1295 959/1738/1295
f 962/1487/1296 963/956/1296 970/955/1296
f 1149/1823/1297 1155/1758/1297 1150/1273/1297
f 1005/1437/1298 1004/2015/1298 1002/2016/1298
f 1091/1984/1299 1085/2013/1299 1082/2017/1299
f 1091/1984/1300 1082/2017/1300 1080/2011/1300
f 1079/1999/1301 1077/2014/1301 979/1979/1301
f 1077/2014/1302 1074/2018/1302 959/1738/1302
f 190/187/1303 200/856/1303 268/2019/1303 256/217/1303
f 1182/1961/1304 1183/142/1304 1177/1962/1304
f 1135/1413/1305 1145/1416/1305 1146/2020/1305 1143/1642/1305
f 817/449/1306 828/2021/1306 829/1001/1306 771/931/1306
f 1155/1758/1307 1163/2022/1307 1156/559/1307
f 960/1735/1308 1022/2023/1308 967/1700/1308
f 1152/1708/1309 1157/2024/1309 1154/1822/1309
f 1182/1961/1310 1184/1896/1310 1183/142/1310
f 1182/1961/1311 1179/2025/1311 1184/1896/1311
f 1156/559/1312 1163/2022/1312 1162/1960/1312
f 1162/1960/1313 1179/2025/1313 1182/1961/1313
f 1085/2013/1314 1084/2026/1314 1082/2017/1314
f 967/1700/1315 1054/1726/1315 974/448/1315
f 348/2027/1316 344/167/1316 317/170/1316
f 1219/150/1317 1210/1710/1317 1153/1709/1317
f 1154/1822/1318 1165/1322/1318 1155/1758/1318
f 1163/2022/1319 1164/2028/1319 1162/1960/1319
f 1162/1960/1320 1164/2028/1320 1179/2025/1320
f 1123/1715/1321 1124/1805/1321 1122/1804/1321 1131/1724/1321 1129/1039/1321 1098/1038/1321 1018/1157/1321 1102/1711/1321
f 1043/2029/1322 1041/2030/1322 1036/2031/1322 1038/2032/1322 1040/2033/1322
f 1154/1822/1323 1157/2024/1323 1165/1322/1323
f 1165/1322/1324 1163/2022/1324 1155/1758/1324
f 2466/1310/1325 2463/2034/1325 2465/529/1325 2467/1968/1325
f 493/1191/1326 498/635/1326 525/1165/1326 519/1192/1326
f 1022/2023/1327 1075/2035/1327 1054/1726/1327
f 1157/2024/1328 1230/1323/1328 1165/1322/1328
f 345/168/1329 333/309/1329 281/1663/1329
f 1238/1942/1330 1235/1555/1330 1239/2036/1330
f 345/168/1331 350/279/1331 333/309/1331
f 1228/149/1332 1218/2037/1332 1219/150/1332
f 1210/1710/1333 1218/2037/1333 1211/883/1333
f 1210/1710/1334 1211/883/1334 1209/1707/1334
f 1157/2024/1335 1212/1324/1335 1230/1323/1335
f 1163/2022/1336 1165/1322/1336 1164/2028/1336
f 1164/2028/1337 1165/1322/1337 1179/2025/1337
f 483/591/1338 486/259/1338 510/262/1338 515/1650/1338
f 1209/1707/1339 1211/883/1339 1212/1324/1339
f 1617/2038/1340 1627/2039/1340 1630/2040/1340
f 1837/2041/1341 1835/1977/1341 1870/648/1341 1872/163/1341
f 2435/1297/1342 2430/1393/1342 2455/1396/1342 2452/1298/1342
f 1194/796/1343 1204/795/1343 1193/143/1343
f 1609/1099/1344 1620/1098/1344 1621/1426/1344
f 1087/2042/1345 1088/2043/1345 1086/2044/1345
f 506/2010/1346 479/24/1346 471/1008/1346 478/2004/1346
f 1628/2045/1347 1625/586/1347 1631/585/1347
f 1112/2046/1348 1090/2047/1348 1110/2048/1348
f 990/1408/1349 989/689/1349 1058/1375/1349 1059/1360/1349
f 1218/2037/1350 1227/1113/1350 1221/884/1350
f 1618/1097/1351 1608/1100/1351 1616/2049/1351
f 1090/2047/1352 1088/2043/1352 1092/2050/1352
f 31/409/1353 29/453/1353 40/418/1353 42/410/1353
f 356/306/1354 357/2051/1354 355/307/1354
f 1247/2052/1355 1222/2053/1355 1246/2054/1355
f 1473/960/1356 1466/959/1356 1457/935/1356 1470/937/1356
f 1213/882/1357 1216/2055/1357 1215/2056/1357
f 1214/1603/1358 1213/882/1358 1215/2056/1358
f 1093/2057/1359 1095/2058/1359 1092/2050/1359
f 1931/1404/1360 1935/1405/1360 1939/757/1360 1940/759/1360 1827/285/1360
f 1307/2059/1361 1306/1971/1361 1268/1956/1361 1270/1955/1361
f 1213/882/1362 1217/236/1362 1216/2055/1362
f 1612/584/1363 1611/1646/1363 1636/1787/1363
f 1241/2060/1364 1231/1116/1364 1234/1115/1364
f 140/183/1365 145/1030/1365 107/1586/1365 100/781/1365
f 414/1384/1366 424/1383/1366 420/1462/1366 419/1428/1366 398/727/1366
f 1224/2061/1367 1250/2062/1367 1246/2054/1367
f 1717/829/1368 1716/946/1368 1718/2063/1368 1743/830/1368
f 845/2064/1369 844/2065/1369 840/865/1369 843/866/1369
f 2033/60/1370 2032/58/1370 2037/76/1370
f 2024/61/1371 2025/124/1371 2022/121/1371
f 2038/132/1372 2036/131/1372 2061/224/1372
f 2061/224/1373 2036/131/1373 2062/173/1373
f 2073/174/1374 2075/134/1374 2074/176/1374
f 2053/2066/1375 2050/1290/1375 2017/152/1375
f 2053/2066/1376 2017/152/1376 2011/189/1376
f 584/207/1377 664/2067/1377 602/2068/1377
f 2086/2069/1378 2041/192/1378 2040/166/1378
f 153/223/1379 155/164/1379 160/165/1379
f 752/263/1380 755/215/1380 732/216/1380
f 1912/1705/1381 1908/1909/1381 1910/1716/1381 1914/2070/1381 1913/2071/1381
f 594/267/1382 604/2072/1382 593/2073/1382
f 593/2073/1383 604/2072/1383 580/2074/1383
f 593/2073/1384 580/2074/1384 582/302/1384
f 811/987/1385 817/449/1385 771/931/1385 768/840/1385 769/812/1385
f 94/779/1386 70/740/1386 68/771/1386 101/773/1386
f 2060/2075/1387 2056/144/1387 2059/2076/1387
f 2056/144/1388 2057/2077/1388 2059/2076/1388
f 2059/2076/1389 2057/2077/1389 2058/2078/1389
f 651/269/1390 670/2079/1390 650/266/1390
f 719/1854/1391 718/349/1391 726/296/1391 725/203/1391
f 606/268/1392 594/267/1392 588/301/1392
f 2086/2069/1393 2068/226/1393 2087/244/1393
f 628/2080/1394 645/557/1394 643/589/1394 619/1916/1394
f 214/270/1395 256/217/1395 268/2019/1395
f 662/298/1396 651/269/1396 606/268/1396
f 588/301/1397 594/267/1397 593/2073/1397
f 151/256/1398 152/257/1398 168/255/1398
f 598/2081/1399 603/2082/1399 660/2083/1399
f 588/301/1400 593/2073/1400 582/302/1400
f 443/2084/1401 444/1860/1401 446/1770/1401 445/1635/1401
f 598/2081/1402 660/2083/1402 654/1842/1402
f 660/2083/1403 659/2085/1403 655/1841/1403
f 658/332/1404 659/2085/1404 665/2086/1404
f 679/2087/1405 691/2088/1405 686/2089/1405
f 686/2089/1406 670/2079/1406 679/2087/1406
f 2218/2090/1407 2219/2091/1407 2220/2092/1407
f 670/2079/1408 651/269/1408 669/297/1408
f 669/297/1409 651/269/1409 662/298/1409
f 662/298/1410 606/268/1410 601/300/1410
f 1120/1361/1411 1058/1375/1411 1136/2093/1411 1138/2094/1411
f 596/2095/1412 585/2096/1412 598/2081/1412
f 596/2095/1413 598/2081/1413 654/1842/1413
f 654/1842/1414 660/2083/1414 655/1841/1414
f 655/1841/1415 659/2085/1415 658/332/1415
f 699/2097/1416 709/310/1416 712/2098/1416
f 679/2087/1417 670/2079/1417 669/297/1417
f 601/300/1418 588/301/1418 587/303/1418
f 592/2099/1419 585/2096/1419 596/2095/1419
f 655/1841/1420 658/332/1420 657/333/1420
f 697/311/1421 709/310/1421 699/2097/1421
f 1953/1807/1422 1949/2100/1422 1959/2101/1422 1958/1721/1422
f 587/303/1423 582/302/1423 586/2102/1423
f 589/2103/1424 590/2104/1424 591/1305/1424 587/303/1424 586/2102/1424 585/2096/1424 592/2099/1424
f 687/2105/1425 679/2087/1425 680/2106/1425
f 680/2106/1426 679/2087/1426 669/297/1426
f 2016/91/1427 2018/118/1427 2019/116/1427 2020/89/1427
f 703/2107/1428 695/832/1428 648/221/1428 656/220/1428
f 928/1438/1429 923/469/1429 920/468/1429 907/1530/1429
f 596/2095/1430 654/1842/1430 633/2108/1430
f 683/2109/1431 684/2110/1431 685/1046/1431 573/1049/1431 577/2111/1431 687/2105/1431
f 697/311/1432 699/2097/1432 698/428/1432
f 601/300/1433 587/303/1433 595/1304/1433
f 2362/382/1434 2372/602/1434 2373/601/1434 2376/1286/1434 2368/1397/1434
f 597/2112/1435 596/2095/1435 633/2108/1435
f 885/2113/1436 888/1718/1436 887/1676/1436 872/1675/1436
f 655/1841/1437 657/333/1437 656/220/1437
f 692/1163/1438 696/312/1438 693/430/1438
f 693/430/1439 696/312/1439 697/311/1439
f 693/430/1440 697/311/1440 698/428/1440
f 687/2105/1441 680/2106/1441 683/2109/1441
f 680/2106/1442 669/297/1442 681/2114/1442
f 703/2107/1443 657/333/1443 696/312/1443 692/1163/1443
f 204/357/1444 203/304/1444 219/411/1444
f 91/1531/1445 93/465/1445 66/493/1445
f 592/2099/1446 596/2095/1446 597/2112/1446
f 633/2108/1447 654/1842/1447 653/219/1447
f 656/220/1448 657/333/1448 703/2107/1448
f 680/2106/1449 681/2114/1449 682/2115/1449
f 212/351/1450 213/337/1450 236/554/1450
f 219/411/1451 238/407/1451 217/406/1451
f 540/1392/1452 539/1460/1452 380/1444/1452 379/1333/1452
f 2105/53/1453 2109/56/1453 2106/1504/1453
f 2109/56/1454 2111/432/1454 2106/1504/1454
f 683/2109/1455 680/2106/1455 682/2115/1455
f 236/554/1456 213/337/1456 239/336/1456
f 819/756/1457 820/826/1457 804/694/1457 809/693/1457
f 616/2116/1458 590/2104/1458 589/2103/1458
f 66/493/1459 93/465/1459 51/464/1459
f 628/2080/1460 597/2112/1460 633/2108/1460
f 628/2080/1461 633/2108/1461 647/218/1461
f 633/2108/1462 653/219/1462 647/218/1462
f 839/2117/1463 835/1084/1463 832/991/1463 837/990/1463
f 1683/2118/1464 1684/2119/1464 1680/1722/1464 1681/924/1464
f 703/2107/1465 692/1163/1465 695/832/1465
f 2215/2120/1466 2216/2121/1466 2217/2122/1466
f 684/2110/1467 683/2109/1467 682/2115/1467
f 789/290/1468 786/2123/1468 787/460/1468 760/347/1468 757/291/1468
f 615/2124/1469 591/1305/1469 590/2104/1469
f 615/2124/1470 590/2104/1470 616/2116/1470
f 617/1917/1471 616/2116/1471 589/2103/1471
f 2268/1781/1472 2270/474/1472 2271/2125/1472
f 2108/1505/1473 2106/1504/1473 2115/512/1473
f 2595/2126/1474 2594/436/1474 2590/438/1474
f 236/554/1475 239/336/1475 270/575/1475
f 630/1110/1476 632/1386/1476 600/1385/1476
f 1341/1214/1477 1344/1213/1477 1342/2127/1477 1343/378/1477 1339/377/1477
f 2108/1505/1478 2115/512/1478 2113/616/1478
f 1514/2128/1479 1515/1761/1479 1518/1744/1479 1516/1796/1479 1517/2129/1479
f 1660/770/1480 1683/2118/1480 1681/924/1480 1685/925/1480
f 619/1916/1481 620/1918/1481 628/2080/1481
f 645/557/1482 628/2080/1482 647/218/1482
f 647/218/1483 648/221/1483 646/556/1483
f 1554/1513/1484 1553/1512/1484 1572/2130/1484 1585/2131/1484
f 2272/2132/1485 2271/2125/1485 2273/2133/1485
f 2113/616/1486 2115/512/1486 2117/511/1486
f 266/522/1487 278/2134/1487 272/1725/1487
f 674/2135/1488 630/1110/1488 672/1112/1488
f 265/555/1489 236/554/1489 270/575/1489
f 614/1020/1490 616/2116/1490 617/1917/1490
f 646/556/1491 648/221/1491 695/832/1491
f 2272/2132/1492 2273/2133/1492 2274/2136/1492
f 2108/1505/1493 2113/616/1493 2114/618/1493
f 1671/546/1494 1708/548/1494 1693/563/1494
f 304/2137/1495 305/2138/1495 302/2139/1495 303/2140/1495
f 1775/1341/1496 1787/544/1496 1793/1342/1496
f 1787/544/1497 1798/2141/1497 1793/1342/1497
f 1701/2142/1498 1710/547/1498 1671/546/1498
f 2221/2143/1499 2222/2144/1499 2223/2145/1499
f 1309/1907/1500 1314/1932/1500 1313/1819/1500 1310/1887/1500
f 607/2146/1501 630/1110/1501 600/1385/1501
f 404/1108/1502 405/1136/1502 413/1027/1502 415/961/1502
f 646/556/1503 695/832/1503 701/831/1503
f 2267/902/1504 2314/476/1504 2269/475/1504
f 2274/2136/1505 2273/2133/1505 2275/2147/1505
f 1693/563/1506 1756/542/1506 1754/724/1506
f 1701/2142/1507 1671/546/1507 1664/623/1507
f 1709/2148/1508 1701/2142/1508 1706/729/1508
f 155/164/1509 154/171/1509 156/109/1509 157/77/1509
f 614/1020/1510 617/1917/1510 618/383/1510
f 2379/1638/1511 2381/1637/1511 2394/604/1511 2380/2149/1511 2361/2150/1511 2362/382/1511 2364/1801/1511 2371/1232/1511 2399/1231/1511
f 2276/2151/1512 2274/2136/1512 2275/2147/1512
f 1665/622/1513 1671/546/1513 1693/563/1513
f 1706/729/1514 1701/2142/1514 1664/623/1514
f 1707/673/1515 1709/2148/1515 1706/729/1515
f 1702/1152/1516 1700/1151/1516 1674/1877/1516 1655/2152/1516
f 1924/1533/1517 1922/1532/1517 1927/2153/1517 1930/2154/1517
f 607/2146/1518 600/1385/1518 605/420/1518
f 614/1020/1519 618/383/1519 622/114/1519
f 2379/1638/1520 2399/1231/1520 2390/2155/1520 2382/1639/1520
f 2602/367/1521 2514/366/1521 2388/1287/1521 2513/600/1521
f 700/833/1522 694/458/1522 702/595/1522
f 2573/2156/1523 2571/2157/1523 2572/2158/1523 2575/943/1523 2574/1195/1523
f 2255/2159/1524 2272/2132/1524 2274/2136/1524
f 2255/2159/1525 2274/2136/1525 2276/2151/1525
f 1692/713/1526 1693/563/1526 1754/724/1526
f 871/2160/1527 872/1675/1527 868/1631/1527 870/1632/1527
f 1675/730/1528 1707/673/1528 1706/729/1528
f 354/2161/1529 342/1560/1529 343/308/1529 355/307/1529
f 711/2162/1530 644/590/1530 646/556/1530
f 369/1135/1531 367/1281/1531 376/1321/1531 378/1109/1531
f 2276/2151/1532 2275/2147/1532 2256/2163/1532
f 2585/505/1533 2587/2164/1533 2588/506/1533
f 608/1732/1534 607/2146/1534 605/420/1534
f 1091/1984/1535 992/1528/1535 1100/1943/1535 1094/1283/1535
f 640/1585/1536 644/590/1536 711/2162/1536
f 2542/1893/1537 2541/455/1537 2536/454/1537 2550/1894/1537
f 2310/2165/1538 2266/901/1538 2259/900/1538
f 1460/716/1539 1462/715/1539 1461/938/1539
f 2582/670/1540 2583/508/1540 2579/769/1540
f 2579/769/1541 2583/508/1541 2596/507/1541
f 1691/736/1542 1705/671/1542 1690/732/1542
f 685/1046/1543 672/1112/1543 673/1047/1543
f 2252/2166/1544 2255/2159/1544 2276/2151/1544
f 1755/723/1545 1776/763/1545 1777/765/1545
f 1657/923/1546 1665/622/1546 1672/712/1546
f 571/734/1547 573/1049/1547 568/2167/1547
f 1788/706/1548 1804/2168/1548 1805/2169/1548 1772/707/1548
f 1719/1766/1549 1718/2063/1549 1716/946/1549 1720/1584/1549
f 1076/2170/1550 1086/2044/1550 1088/2043/1550 1090/2047/1550 1075/2035/1550 1074/2018/1550 1077/2014/1550
f 2081/213/1551 2083/249/1551 2066/232/1551 2067/210/1551
f 2288/2171/1552 2259/900/1552 2235/2172/1552
f 2259/900/1553 2288/2171/1553 2310/2165/1553
f 2239/414/1554 2259/900/1554 2250/415/1554
f 372/1461/1555 374/1618/1555 358/906/1555 364/908/1555
f 2256/2163/1556 2252/2166/1556 2276/2151/1556
f 2253/1246/1557 2252/2166/1557 2256/2163/1557
f 1672/712/1558 1692/713/1558 1677/859/1558
f 1686/731/1559 1675/730/1559 1660/770/1559
f 1688/809/1560 1690/732/1560 1686/731/1560
f 2480/1401/1561 2604/1453/1561 2477/1452/1561 2472/1399/1561
f 2235/2172/1562 2287/903/1562 2288/2171/1562
f 2236/1571/1563 2287/903/1563 2235/2172/1563
f 1434/2173/1564 1428/1168/1564 1430/1167/1564
f 1607/803/1565 1603/802/1565 1635/2174/1565 1647/2175/1565 1633/1425/1565
f 2235/2172/1566 2259/900/1566 2239/414/1566
f 1464/2176/1567 1460/716/1567 1458/885/1567
f 1755/723/1568 1777/765/1568 1778/858/1568
f 1779/2177/1569 1777/765/1569 1794/766/1569
f 2599/2178/1570 2580/807/1570 2597/941/1570
f 1362/2179/1571 1344/1213/1571 1353/1215/1571 1361/2180/1571
f 2578/2181/1572 2579/769/1572 2596/507/1572
f 1685/925/1573 1686/731/1573 1660/770/1573
f 2635/2182/1574 2636/2183/1574 2637/2184/1574
f 567/2185/1575 572/735/1575 571/734/1575
f 1796/2186/1576 1786/2187/1576 1783/2188/1576 1795/2189/1576
f 637/760/1577 634/113/1577 636/112/1577
f 1428/1168/1578 1420/835/1578 1421/837/1578
f 2235/2172/1579 2239/414/1579 2238/1256/1579
f 2251/416/1580 2252/2166/1580 2253/1246/1580
f 1778/858/1581 1777/765/1581 1779/2177/1581
f 1657/923/1582 1672/712/1582 1661/860/1582
f 2577/942/1583 2579/769/1583 2578/2181/1583
f 2578/2181/1584 2596/507/1584 2576/1194/1584
f 1687/897/1585 1686/731/1585 1685/925/1585
f 1688/809/1586 1686/731/1586 1687/897/1586
f 567/2185/1587 571/734/1587 568/2167/1587
f 767/647/1588 766/841/1588 763/714/1588 746/574/1588 761/573/1588
f 610/422/1589 612/1021/1589 611/423/1589
f 1668/1169/1590 1673/1875/1590 1699/2190/1590 1676/1170/1590
f 1719/1766/1591 1725/1765/1591 1718/2063/1591
f 1724/927/1592 1742/926/1592 1725/1765/1592
f 637/760/1593 636/112/1593 638/1682/1593
f 841/2191/1594 842/1992/1594 831/825/1594 823/722/1594
f 1434/2173/1595 1420/835/1595 1428/1168/1595
f 2280/904/1596 2287/903/1596 2236/1571/1596
f 2234/1260/1597 2235/2172/1597 2238/1256/1597
f 707/2192/1598 705/2193/1598 713/2194/1598 663/1997/1598
f 2076/175/1599 2082/186/1599 2072/201/1599 2074/176/1599
f 1656/964/1600 1696/827/1600 1697/2195/1600
f 1696/827/1601 1778/858/1601 1757/1338/1601
f 1697/2195/1602 1696/827/1602 1757/1338/1602
f 1957/1989/1603 1953/1807/1603 1971/968/1603 1969/1795/1603
f 1778/858/1604 1779/2177/1604 1780/1335/1604
f 1661/860/1605 1677/859/1605 1662/966/1605
f 2601/2196/1606 2599/2178/1606 2597/941/1606
f 2577/942/1607 2578/2181/1607 2576/1194/1607
f 568/2167/1608 573/1049/1608 566/1048/1608
f 1017/1985/1609 979/1979/1609 977/1944/1609 978/1529/1609
f 631/1158/1610 629/762/1610 641/761/1610
f 2236/1571/1611 2235/2172/1611 2233/1572/1611
f 2233/1572/1612 2235/2172/1612 2234/1260/1612
f 2077/136/1613 2076/175/1613 2075/134/1613 2078/87/1613
f 2251/416/1614 2289/1245/1614 2254/1612/1614
f 1451/2197/1615 1458/885/1615 1452/848/1615
f 1757/1338/1616 1778/858/1616 1780/1335/1616
f 566/1048/1617 673/1047/1617 677/1417/1617
f 2280/904/1618 2278/971/1618 2308/905/1618
f 1602/805/1619 1604/804/1619 1606/2198/1619 1599/2199/1619
f 2238/1256/1620 2239/414/1620 2240/413/1620
f 2240/413/1621 2247/417/1621 2248/976/1621
f 1439/982/1622 1451/2197/1622 1443/986/1622
f 1375/2200/1623 1348/375/1623 1356/2201/1623 1379/2202/1623 1376/2203/1623
f 1656/964/1624 1697/2195/1624 1698/2204/1624
f 1698/2204/1625 1697/2195/1625 1757/1338/1625
f 1780/1335/1626 1779/2177/1626 1781/1336/1626
f 1781/1336/1627 1779/2177/1627 1782/2205/1627
f 2599/2178/1628 2601/2196/1628 2603/2206/1628
f 1010/2207/1629 1011/2208/1629 1003/2209/1629 1004/2015/1629
f 567/2185/1630 568/2167/1630 560/1953/1630
f 560/1953/1631 568/2167/1631 566/1048/1631
f 2417/613/1632 2413/612/1632 2423/1389/1632
f 799/598/1633 797/597/1633 795/479/1633 798/478/1633
f 1220/881/1634 1226/1117/1634 1225/233/1634 1217/236/1634 1213/882/1634
f 1843/162/1635 1840/463/1635 1838/2210/1635 1837/2041/1635
f 2231/1570/1636 2233/1572/1636 2232/1625/1636
f 2232/1625/1637 2233/1572/1637 2234/1260/1637
f 2248/976/1638 2254/1612/1638 2264/974/1638
f 1484/979/1639 1477/981/1639 1483/2211/1639
f 1652/965/1640 1656/964/1640 1698/2204/1640
f 1698/2204/1641 1757/1338/1641 1771/1337/1641
f 400/1206/1642 416/1093/1642 409/1197/1642 392/1198/1642
f 2601/2196/1643 2597/941/1643 2575/943/1643
f 1683/2118/1644 1660/770/1644 1658/1455/1644
f 562/1952/1645 567/2185/1645 560/1953/1645
f 966/1699/1646 961/1736/1646 960/1735/1646 967/1700/1646
f 611/423/1647 631/1158/1647 623/2212/1647
f 631/1158/1648 641/761/1648 623/2212/1648
f 1170/1746/1649 1176/533/1649 1178/532/1649 1171/1747/1649
f 2241/1257/1650 2238/1256/1650 2240/413/1650
f 2240/413/1651 2248/976/1651 2249/975/1651
f 1441/984/1652 1442/2213/1652 1439/982/1652
f 1439/982/1653 1443/986/1653 1440/983/1653
f 1440/983/1654 1443/986/1654 1444/985/1654
f 1648/1011/1655 1650/963/1655 1652/965/1655
f 1781/1336/1656 1782/2205/1656 1783/2188/1656
f 560/1953/1657 566/1048/1657 561/2214/1657
f 561/2214/1658 566/1048/1658 569/1419/1658
f 296/2215/1659 294/2216/1659 307/2217/1659 311/2218/1659
f 86/494/1660 85/989/1660 91/1531/1660 66/493/1660
f 2210/2219/1661 2207/2220/1661 2208/2221/1661 2209/2222/1661
f 1926/2223/1662 1917/655/1662 1920/658/1662 1924/1533/1662
f 2237/1259/1663 2232/1625/1663 2234/1260/1663
f 2241/1257/1664 2240/413/1664 2249/975/1664
f 2249/975/1665 2264/974/1665 2262/2224/1665
f 1762/2225/1666 1652/965/1666 1698/2204/1666
f 1648/1011/1667 1652/965/1667 1762/2225/1667
f 26/700/1668 23/536/1668 32/484/1668 36/699/1668
f 2603/2206/1669 2601/2196/1669 2598/1754/1669
f 958/1737/1670 962/1487/1670 964/146/1670 956/2001/1670 957/2000/1670 959/1738/1670
f 1350/2226/1671 1354/2227/1671 1353/1215/1671 1345/1003/1671
f 559/1950/1672 560/1953/1672 561/2214/1672
f 858/1653/1673 849/889/1673 847/888/1673 853/1622/1673 859/1592/1673
f 609/419/1674 611/423/1674 623/2212/1674
f 623/2212/1675 652/2228/1675 626/2229/1675
f 112/839/1676 117/678/1676 114/643/1676 74/675/1676
f 2292/2230/1677 2285/972/1677 2279/893/1677
f 1600/2231/1678 1543/1511/1678 1554/1513/1678 1635/2174/1678
f 1423/660/1679 1429/659/1679 1427/1938/1679
f 2285/972/1680 2278/971/1680 2279/893/1680
f 2279/893/1681 2278/971/1681 2277/894/1681
f 125/551/1682 129/550/1682 124/855/1682 119/792/1682 120/880/1682
f 113/789/1683 112/839/1683 74/675/1683 75/708/1683
f 912/1879/1684 913/947/1684 916/950/1684 917/2232/1684 915/2233/1684
f 1771/1337/1685 1781/1336/1685 1784/2234/1685
f 1783/2188/1686 1782/2205/1686 1795/2189/1686
f 289/1358/1687 290/1357/1687 297/2235/1687 298/2236/1687
f 2304/93/1688 2299/2237/1688 2305/2238/1688 2306/2239/1688 2307/2240/1688 2229/94/1688
f 1511/711/1689 1509/710/1689 1510/2241/1689 1513/2242/1689
f 2022/121/1690 2023/159/1690 2013/205/1690 2012/157/1690
f 969/1698/1691 980/1773/1691 971/957/1691 968/2243/1691
f 1427/1938/1692 1433/2244/1692 1426/1939/1692
f 2227/2245/1693 2228/95/1693 2229/94/1693
f 1426/1939/1694 1433/2244/1694 1435/2246/1694
f 1322/2247/1695 1323/2248/1695 1324/2249/1695
f 714/2250/1696 715/2251/1696 663/1997/1696
f 713/2194/1697 714/2250/1697 663/1997/1697
f 713/2194/1698 705/2193/1698 706/2252/1698
f 2230/895/1699 2231/1570/1699 2232/1625/1699
f 2437/1296/1700 2439/2253/1700 2441/73/1700 2436/1378/1700
f 2518/364/1701 2520/2254/1701 2519/2255/1701
f 1466/959/1702 1468/1036/1702 1444/985/1702
f 828/2021/1703 817/449/1703 827/452/1703
f 227/1064/1704 223/1037/1704 178/549/1704 181/552/1704
f 1762/2225/1705 1698/2204/1705 1766/2256/1705
f 1703/2257/1706 1648/1011/1706 1762/2225/1706
f 1703/2257/1707 1762/2225/1707 1753/2258/1707
f 1649/1012/1708 1648/1011/1708 1703/2257/1708
f 1784/2234/1709 1781/1336/1709 1783/2188/1709
f 1663/2259/1710 1658/1455/1710 1654/1454/1710
f 668/1127/1711 678/1418/1711 666/1930/1711
f 623/2212/1712 626/2229/1712 625/2260/1712
f 2304/93/1713 2296/97/1713 2299/2237/1713
f 2292/2230/1714 2284/1070/1714 2323/2261/1714
f 2323/2261/1715 2284/1070/1715 2301/96/1715
f 2284/1070/1716 2292/2230/1716 2279/893/1716
f 2230/895/1717 2232/1625/1717 2243/2262/1717
f 2243/2262/1718 2232/1625/1718 2244/1624/1718
f 2244/1624/1719 2242/1258/1719 2245/2263/1719
f 219/411/1720 203/304/1720 199/238/1720 209/352/1720
f 2442/1995/1721 2450/2264/1721 2552/2265/1721 2531/2266/1721 2447/2267/1721 2445/1996/1721
f 1448/1105/1722 1450/1780/1722 1446/1019/1722
f 1753/2258/1723 1762/2225/1723 1766/2256/1723
f 1329/1808/1724 1330/1810/1724 1328/2268/1724 1331/2269/1724
f 561/2214/1725 569/1419/1725 564/2270/1725
f 564/2270/1726 569/1419/1726 570/1936/1726
f 688/1130/1727 678/1418/1727 668/1127/1727
f 2298/2271/1728 2299/2237/1728 2296/97/1728
f 2284/1070/1729 2279/893/1729 2281/892/1729
f 2286/2272/1730 2284/1070/1730 2281/892/1730
f 442/1076/1731 443/2084/1731 452/1686/1731 450/1607/1731
f 2258/2273/1732 2257/2274/1732 2263/2275/1732
f 1447/801/1733 1448/1105/1733 1446/1019/1733
f 2518/364/1734 2519/2255/1734 2516/365/1734
f 1667/1958/1735 1680/1722/1735 1684/2119/1735
f 1667/1958/1736 1684/2119/1736 1663/2259/1736
f 559/1950/1737 561/2214/1737 564/2270/1737
f 1722/1095/1738 1826/1412/1738 1825/1411/1738
f 624/1929/1739 625/2260/1739 667/2276/1739
f 2297/2277/1740 2298/2271/1740 2296/97/1740
f 2293/1071/1741 2296/97/1741 2301/96/1741
f 2291/1234/1742 2282/891/1742 2230/895/1742
f 1480/1063/1743 1481/275/1743 1478/1018/1743
f 1485/41/1744 1481/275/1744 1480/1063/1744
f 2516/365/1745 2517/2278/1745 2396/1183/1745
f 836/2279/1746 827/452/1746 826/451/1746
f 412/1514/1747 414/1384/1747 398/727/1747 389/726/1747
f 1650/963/1748 1651/922/1748 1661/860/1748 1662/966/1748
f 1758/755/1749 1753/2258/1749 1766/2256/1749
f 1758/755/1750 1766/2256/1750 1767/750/1750
f 1201/2280/1751 1181/1482/1751 1173/1975/1751 1198/2012/1751
f 575/2281/1752 564/2270/1752 570/1936/1752
f 671/299/1753 675/1793/1753 681/2114/1753 669/297/1753
f 77/2282/1754 84/502/1754 78/391/1754 76/2283/1754
f 1216/2055/1755 1224/2061/1755 1222/2053/1755 1215/2056/1755
f 676/2284/1756 668/1127/1756 624/1929/1756
f 2297/2277/1757 2296/97/1757 2295/2285/1757
f 2296/97/1758 2293/1071/1758 2295/2285/1758
f 2309/1541/1759 2286/2272/1759 2281/892/1759
f 2313/1233/1760 2309/1541/1760 2281/892/1760
f 2313/1233/1761 2281/892/1761 2282/891/1761
f 1835/1977/1762 1833/1431/1762 1871/649/1762 1870/648/1762
f 2291/1234/1763 2313/1233/1763 2282/891/1763
f 134/629/1764 146/824/1764 147/665/1764 133/664/1764
f 2405/1227/1765 2371/1232/1765 2364/1801/1765 2366/1669/1765
f 2333/1784/1766 2334/1783/1766 2341/2286/1766
f 2246/2287/1767 2230/895/1767 2243/2262/1767
f 2243/2262/1768 2244/1624/1768 2246/2287/1768
f 2246/2287/1769 2244/1624/1769 2245/2263/1769
f 1455/2288/1770 1448/1105/1770 1449/800/1770
f 2632/2289/1771 2633/2290/1771 2634/2291/1771
f 2514/366/1772 2516/365/1772 2396/1183/1772
f 1702/1152/1773 1649/1012/1773 1703/2257/1773
f 1655/2152/1774 1649/1012/1774 1702/1152/1774
f 1215/2056/1775 1222/2053/1775 1244/793/1775 1208/1325/1775
f 2572/2158/1776 2571/2157/1776 2568/1751/1776
f 563/1951/1777 559/1950/1777 565/2292/1777
f 1825/1411/1778 1715/1015/1778 1712/1066/1778
f 565/2292/1779 559/1950/1779 564/2270/1779
f 1728/197/1780 1722/1095/1780 1824/286/1780
f 2316/912/1781 2322/2293/1781 2302/2294/1781
f 2302/2294/1782 2303/2295/1782 2297/2277/1782
f 2300/909/1783 2302/2294/1783 2297/2277/1783
f 2559/1148/1784 2421/2296/1784 2422/1391/1784
f 2066/232/1785 2080/250/1785 2079/2297/1785 2069/248/1785
f 2328/126/1786 2337/2298/1786 2347/1125/1786
f 2331/1947/1787 2328/126/1787 2330/129/1787
f 2324/1126/1788 2309/1541/1788 2320/127/1788
f 2320/127/1789 2309/1541/1789 2313/1233/1789
f 2422/1391/1790 2421/2296/1790 2420/2299/1790
f 2328/126/1791 2324/1126/1791 2320/127/1791
f 2420/2299/1792 2421/2296/1792 2419/1147/1792
f 1207/1889/1793 1200/534/1793 1176/533/1793 1188/1890/1793
f 2250/415/1794 2265/899/1794 2272/2132/1794 2255/2159/1794
f 2332/1946/1795 2333/1784/1795 2335/2300/1795
f 2326/853/1796 2321/128/1796 2291/1234/1796
f 1275/2301/1797 1253/2302/1797 1257/1122/1797 1276/66/1797
f 2246/2287/1798 2245/2263/1798 2260/2303/1798
f 1456/2304/1799 1455/2288/1799 1449/800/1799
f 74/675/1800 77/2282/1800 76/2283/1800 73/676/1800
f 494/1193/1801 499/1094/1801 416/1093/1801
f 1785/2305/1802 1784/2234/1802 1783/2188/1802
f 1090/2047/1803 1112/2046/1803 1054/1726/1803 1075/2035/1803
f 2327/2306/1804 2354/1474/1804 2329/1473/1804
f 2295/2285/1805 2300/909/1805 2297/2277/1805
f 2294/2307/1806 2295/2285/1806 2293/1071/1806
f 2458/1149/1807 2559/1148/1807 2457/71/1807
f 2620/2308/1808 2621/2309/1808 2618/2310/1808
f 2420/2299/1809 2419/1147/1809 2417/613/1809
f 2417/613/1810 2419/1147/1810 2418/614/1810
f 2326/853/1811 2291/1234/1811 2290/2311/1811
f 1337/2312/1812 1336/1863/1812 1346/1004/1812 1345/1003/1812 1341/1214/1812
f 2388/1287/1813 2373/601/1813 2513/600/1813
f 1071/108/1814 1057/107/1814 950/36/1814 1020/2313/1814
f 1456/2304/1815 1449/800/1815 1454/799/1815
f 2426/615/1816 2602/367/1816 2513/600/1816
f 1471/1078/1817 1469/345/1817 1453/798/1817
f 836/2279/1818 826/451/1818 834/1137/1818
f 1901/2314/1819 1784/2234/1819 1785/2305/1819
f 1785/2305/1820 1783/2188/1820 1786/2187/1820
f 1666/1957/1821 1654/1454/1821 1674/1877/1821
f 1674/1877/1822 1654/1454/1822 1655/2152/1822
f 2563/2315/1823 2568/1751/1823 2571/2157/1823
f 2445/1996/1824 2447/2267/1824 2446/2316/1824
f 564/2270/1825 575/2281/1825 576/2317/1825
f 2327/2306/1826 2329/1473/1826 2316/912/1826
f 2316/912/1827 2302/2294/1827 2300/909/1827
f 2337/2298/1828 2342/1175/1828 2347/1125/1828
f 2324/1126/1829 2348/1990/1829 2318/1174/1829
f 1740/1344/1830 1936/1343/1830 1933/1469/1830 1749/1374/1830
f 2422/1391/1831 2420/2299/1831 2417/613/1831
f 2290/2311/1832 2246/2287/1832 2260/2303/1832
f 2338/1143/1833 2352/852/1833 2353/851/1833
f 2418/614/1834 2425/1146/1834 2426/615/1834
f 630/1110/1835 607/2146/1835 608/1732/1835 621/2318/1835 661/1111/1835
f 2073/174/1836 2072/201/1836 2065/211/1836 2062/173/1836
f 2514/366/1837 2396/1183/1837 2377/1182/1837
f 2378/1181/1838 2396/1183/1838 2397/1204/1838
f 1680/1722/1839 1667/1958/1839 1669/1171/1839 1679/1028/1839
f 2224/2319/1840 2225/2320/1840 2226/2321/1840
f 2564/1752/1841 2568/1751/1841 2563/2315/1841
f 2630/2322/1842 2631/2323/1842 2627/2324/1842
f 2629/2325/1843 2630/2322/1843 2627/2324/1843
f 1043/2029/1844 1052/2326/1844 1051/1912/1844 1041/2030/1844
f 579/2327/1845 576/2317/1845 578/2328/1845
f 2354/1474/1846 2327/2306/1846 2319/911/1846
f 2351/1495/1847 2354/1474/1847 2319/911/1847
f 2327/2306/1848 2316/912/1848 2319/911/1848
f 2312/910/1849 2300/909/1849 2295/2285/1849
f 2312/910/1850 2295/2285/1850 2294/2307/1850
f 2318/1174/1851 2312/910/1851 2311/1540/1851
f 2311/1540/1852 2312/910/1852 2294/2307/1852
f 2348/1990/1853 2342/1175/1853 2318/1174/1853
f 2620/2308/1854 2618/2310/1854 2617/2329/1854
f 661/1111/1855 666/1930/1855 678/1418/1855 677/1417/1855 673/1047/1855
f 2317/850/1856 2326/853/1856 2290/2311/1856
f 2317/850/1857 2290/2311/1857 2260/2303/1857
f 2309/1541/1858 2311/1540/1858 2294/2307/1858 2286/2272/1858
f 1486/273/1859 1493/2330/1859 1488/344/1859
f 1488/344/1860 1493/2330/1860 1492/2331/1860
f 1488/344/1861 1492/2331/1861 1489/1288/1861
f 1489/1288/1862 1456/2304/1862 1454/799/1862
f 513/1087/1863 477/1092/1863 374/1618/1863
f 2164/1846/1864 2170/785/1864 2174/788/1864 2175/2332/1864
f 919/358/1865 900/1387/1865 907/1530/1865 920/468/1865
f 1670/1876/1866 1666/1957/1866 1674/1877/1866
f 1900/1269/1867 1901/2314/1867 1785/2305/1867
f 1821/2007/1868 1712/1066/1868 1711/1239/1868
f 2445/1996/1869 2446/2316/1869 2444/1993/1869
f 2444/1993/1870 2446/2316/1870 2448/2333/1870
f 2449/2334/1871 2444/1993/1871 2448/2333/1871
f 2350/2335/1872 2351/1495/1872 2343/1176/1872
f 2325/1173/1873 2319/911/1873 2312/910/1873
f 2325/1173/1874 2312/910/1874 2318/1174/1874
f 1733/1211/1875 1731/1657/1875 1732/758/1875
f 2344/1209/1876 2343/1176/1876 2342/1175/1876
f 2617/2329/1877 2618/2310/1877 2619/2336/1877
f 2388/1287/1878 2514/366/1878 2377/1182/1878
f 1690/732/1879 1705/671/1879 1707/673/1879 1675/730/1879
f 2567/2337/1880 2566/1753/1880 2565/2338/1880
f 2565/2338/1881 2566/1753/1881 2564/1752/1881
f 2350/2335/1882 2343/1176/1882 2344/1209/1882
f 2485/1242/1883 2553/1150/1883 2458/1149/1883
f 383/1278/1884 397/1207/1884 400/1206/1884 392/1198/1884
f 1760/1154/1885 1752/1153/1885 1759/754/1885
f 1668/1169/1886 1670/1876/1886 1673/1875/1886
f 544/1332/1887 546/1422/1887 547/1007/1887 542/1006/1887 543/1314/1887
f 2549/2339/1888 2539/456/1888 2541/455/1888 2543/2340/1888
f 2444/1993/1889 2449/2334/1889 2443/1994/1889
f 2346/2341/1890 2350/2335/1890 2344/1209/1890
f 2346/2341/1891 2344/1209/1891 2345/1200/1891
f 2456/74/1892 2458/1149/1892 2457/71/1892
f 2015/92/1893 2027/65/1893 2028/59/1893 2024/61/1893
f 117/678/1894 123/631/1894 142/645/1894 122/644/1894
f 393/1138/1895 403/1187/1895 410/1083/1895 418/1081/1895
f 2570/2342/1896 2567/2337/1896 2569/2343/1896
f 2569/2343/1897 2567/2337/1897 2565/2338/1897
f 2473/1306/1898 2565/2338/1898 2564/1752/1898
f 2469/1309/1899 2563/2315/1899 2474/1311/1899
f 2626/2344/1900 2629/2325/1900 2627/2324/1900
f 2626/2344/1901 2627/2324/1901 2628/2345/1901
f 2552/2265/1902 2450/2264/1902 2442/1995/1902
f 2443/1994/1903 2485/1242/1903 2439/2253/1903
f 2439/2253/1904 2485/1242/1904 2456/74/1904
f 1012/742/1905 1055/745/1905 1130/1159/1905 1128/1496/1905
f 1761/753/1906 1760/1154/1906 1759/754/1906
f 2335/2300/1907 2333/1784/1907 2341/2286/1907 2338/1143/1907 2340/1144/1907 2339/2346/1907
f 2442/1995/1908 2443/1994/1908 2439/2253/1908
f 2441/73/1909 2459/72/1909 2482/1376/1909
f 1784/2234/1910 1901/2314/1910 1767/750/1910 1766/2256/1910
f 1678/1878/1911 1674/1877/1911 1700/1151/1911
f 2600/2347/1912 2569/2343/1912 2565/2338/1912
f 2600/2347/1913 2565/2338/1913 2473/1306/1913
f 1821/2007/1914 1820/2006/1914 1815/2348/1914
f 2044/70/1915 2043/482/1915 2029/57/1915 2031/63/1915
f 1700/1151/1916 1760/1154/1916 1764/2349/1916
f 1695/2350/1917 1673/1875/1917 1678/1878/1917
f 1764/2349/1918 1760/1154/1918 1761/753/1918
f 1699/2190/1919 1673/1875/1919 1695/2350/1919
f 2600/2347/1920 2473/1306/1920 2471/1308/1920
f 1823/287/1921 1821/2007/1921 1815/2348/1921
f 2466/1310/1922 2474/1311/1922 2463/2034/1922
f 2474/1311/1923 2552/2265/1923 2463/2034/1923
f 2463/2034/1924 2552/2265/1924 2442/1995/1924
f 2439/2253/1925 2456/74/1925 2441/73/1925
f 1277/473/1926 1279/2351/1926 1280/1628/1926 1278/1627/1926
f 2412/608/1927 2393/607/1927 2402/2352/1927
f 1678/1878/1928 1700/1151/1928 1704/1704/1928
f 1704/1704/1929 1700/1151/1929 1764/2349/1929
f 1764/2349/1930 1761/753/1930 1769/752/1930
f 1768/751/1931 1900/1269/1931 1876/650/1931
f 1865/1430/1932 1768/751/1932 1876/650/1932
f 40/418/1933 52/329/1933 204/357/1933 54/405/1933
f 1897/1373/1934 1898/1268/1934 1904/2353/1934
f 1827/285/1935 1823/287/1935 1822/1402/1935
f 1931/1404/1936 1827/285/1936 1822/1402/1936
f 1936/1343/1937 1939/757/1937 1935/1405/1937
f 2057/2077/1938 2052/1289/1938 2050/1290/1938 2058/2078/1938
f 609/419/1939 624/1929/1939 627/1928/1939 621/2318/1939 608/1732/1939
f 2010/2354/1940 2009/2355/1940 2008/2356/1940
f 370/1446/1941 372/1461/1941 364/908/1941 365/1334/1941
f 2376/1286/1942 2401/1519/1942 2368/1397/1942
f 1704/1704/1943 1695/2350/1943 1678/1878/1943
f 1763/1703/1944 1695/2350/1944 1704/1704/1944
f 1769/752/1945 1768/751/1945 1865/1430/1945
f 1897/1373/1946 1876/650/1946 1898/1268/1946
f 2476/2357/1947 2471/1308/1947 2472/1399/1947
f 2471/1308/1948 2468/1307/1948 2470/1400/1948
f 2472/1399/1949 2471/1308/1949 2470/1400/1949
f 1805/2169/1950 1751/1238/1950 1772/707/1950
f 1806/2005/1951 1751/1238/1951 1805/2169/1951
f 2468/1307/1952 2466/1310/1952 2467/1968/1952
f 2470/1400/1953 2468/1307/1953 2467/1968/1953
f 1822/1402/1954 1823/287/1954 1815/2348/1954
f 2131/2358/1955 2130/2359/1955 2128/2360/1955 2129/2361/1955
f 2442/1995/1956 2439/2253/1956 2440/1301/1956 2451/1300/1956 2489/531/1956 2464/530/1956 2463/2034/1956
f 2440/1301/1957 2439/2253/1957 2437/1296/1957
f 2263/2275/1958 2257/2274/1958 2242/1258/1958 2241/1257/1958 2249/975/1958 2262/2224/1958
f 2482/1376/1959 2561/1872/1959 2434/2362/1959
f 2342/1175/1960 2337/2298/1960 2336/2363/1960 2349/1199/1960
f 2666/2364/1961 2667/2365/1961 2668/2366/1961
f 2667/2365/1962 2669/2367/1962 2668/2366/1962
f 2488/1873/1963 2423/1389/1963 2414/611/1963
f 2461/1679/1964 2488/1873/1964 2414/611/1964
f 2154/2368/1965 2156/1364/1965 2151/1363/1965
f 2374/606/1966 2402/2352/1966 2393/607/1966
f 422/940/1967 413/1027/1967 423/1082/1967 410/1083/1967 456/918/1967
f 571/734/1968 574/733/1968 577/2111/1968 573/1049/1968
f 383/1278/1969 382/1354/1969 384/725/1969
f 1704/1704/1970 1764/2349/1970 1770/1701/1970
f 1815/2348/1971 1820/2006/1971 1806/2005/1971
f 2465/529/1972 2463/2034/1972 2464/530/1972
f 2433/1377/1973 2482/1376/1973 2434/2362/1973
f 1541/2369/1974 1599/2199/1974 1601/2370/1974 1598/2371/1974
f 440/1075/1975 444/1860/1975 443/2084/1975 442/1076/1975
f 2153/2372/1976 2154/2368/1976 2151/1363/1976
f 2153/2372/1977 2151/1363/1977 2150/2373/1977
f 2150/2373/1978 2151/1363/1978 2152/1366/1978
f 1655/2152/1979 1654/1454/1979 1653/992/1979 1651/922/1979 1649/1012/1979
f 542/1006/1980 541/317/1980 540/1392/1980 543/1314/1980
f 2368/1397/1981 2401/1519/1981 2369/1141/1981
f 1770/1701/1982 1764/2349/1982 1769/752/1982
f 1865/1430/1983 1876/650/1983 1871/649/1983
f 1765/705/1984 1699/2190/1984 1695/2350/1984
f 1765/705/1985 1695/2350/1985 1763/1703/1985
f 2478/1451/1986 2476/2357/1986 2477/1452/1986
f 1750/704/1987 1699/2190/1987 1765/705/1987
f 2477/1452/1988 2476/2357/1988 2472/1399/1988
f 1476/1035/1989 1466/959/1989 1477/981/1989 1478/1018/1989
f 1929/1403/1990 1822/1402/1990 1817/1465/1990
f 2479/2374/1991 2467/1968/1991 2465/529/1991
f 1901/2314/1992 1900/1269/1992 1768/751/1992 1767/750/1992
f 619/1916/1993 643/589/1993 642/384/1993 618/383/1993
f 2432/1608/1994 2433/1377/1994 2434/2362/1994
f 2432/1608/1995 2434/2362/1995 2481/2375/1995
f 1538/2376/1996 1540/2377/1996 1536/2378/1996
f 1535/2379/1997 1538/2376/1997 1536/2378/1997
f 48/439/1998 34/408/1998 41/404/1998 50/401/1998
f 2428/1609/1999 2414/611/1999 2415/610/1999
f 2145/2380/2000 2141/1456/2000 2143/1459/2000
f 2144/2381/2001 2140/1458/2001 2142/1457/2001
f 516/1652/2002 509/634/2002 495/633/2002
f 1925/1693/2003 1916/1692/2003 1917/655/2003 1926/2223/2003
f 1676/1170/2004 1699/2190/2004 1750/704/2004 1751/1238/2004
f 1770/1701/2005 1769/752/2005 1774/1702/2005
f 1774/1702/2006 1769/752/2006 1865/1430/2006
f 2530/2382/2007 2560/1892/2007 2375/1836/2007 2395/1835/2007
f 518/2383/2008 527/2384/2008 501/20/2008 479/24/2008
f 1617/2038/2009 1619/2385/2009 1620/1098/2009 1618/1097/2009
f 1817/1465/2010 1822/1402/2010 1815/2348/2010
f 2479/2374/2011 2465/529/2011 2562/528/2011
f 1610/1647/2012 1611/1646/2012 1612/584/2012 1613/583/2012
f 599/564/2013 605/420/2013 600/1385/2013 595/1304/2013
f 2432/1608/2014 2481/2375/2014 2428/1609/2014
f 1535/2379/2015 1536/2378/2015 1537/2386/2015
f 2481/2375/2016 2460/1678/2016 2428/1609/2016
f 1539/2387/2017 1535/2379/2017 1537/2386/2017
f 251/1291/2018 254/1410/2018 252/1420/2018 249/1330/2018
f 516/1652/2019 522/1164/2019 509/634/2019
f 487/1429/2020 516/1652/2020 495/633/2020
f 488/1326/2021 487/1429/2021 489/1339/2021
f 487/1429/2022 495/633/2022 489/1339/2022
f 503/1904/2023 480/1948/2023 457/1871/2023 502/1870/2023
f 2286/2272/2024 2294/2307/2024 2293/1071/2024 2284/1070/2024
f 1788/706/2025 1765/705/2025 1800/2388/2025
f 1817/1465/2026 1815/2348/2026 1811/1981/2026
f 1932/1406/2027 1931/1404/2027 1929/1403/2027
f 925/471/2028 924/470/2028 926/1449/2028 927/1448/2028
f 2416/609/2029 2427/677/2029 2486/2389/2029
f 2616/2390/2030 2615/2391/2030 2613/2392/2030
f 2613/2392/2031 2615/2391/2031 2614/2393/2031
f 2367/379/2032 2362/382/2032 2368/1397/2032
f 2367/379/2033 2369/1141/2033 2400/1140/2033
f 1763/1703/2034 1774/1702/2034 1789/1486/2034
f 1765/705/2035 1763/1703/2035 1789/1486/2035
f 1800/2388/2036 1765/705/2036 1789/1486/2036
f 1800/2388/2037 1789/1486/2037 1802/2394/2037
f 1804/2168/2038 1788/706/2038 1800/2388/2038
f 2475/1969/2039 2467/1968/2039 2479/2374/2039
f 1932/1406/2040 1929/1403/2040 1928/1717/2040
f 790/978/2041 762/818/2041 729/685/2041 763/714/2041 766/841/2041 771/931/2041
f 90/1684/2042 86/494/2042 66/493/2042 49/492/2042 56/526/2042
f 632/1386/2043 630/1110/2043 674/2135/2043 675/1793/2043
f 104/783/2044 128/929/2044 116/838/2044
f 1831/1484/2045 1774/1702/2045 1832/1294/2045
f 1789/1486/2046 1774/1702/2046 1831/1484/2046
f 2604/1453/2047 2480/1401/2047 2551/1967/2047
f 1264/1898/2048 1265/1965/2048 1259/1124/2048 1260/1839/2048
f 1803/2395/2049 1804/2168/2049 1800/2388/2049
f 2504/1515/2050 2505/1763/2050 2507/2396/2050 2508/1516/2050
f 2475/1969/2051 2479/2374/2051 2557/1379/2051
f 2622/1466/2052 2623/2397/2052 2624/1467/2052
f 2415/610/2053 2416/609/2053 2483/2398/2053
f 2483/2398/2054 2416/609/2054 2486/2389/2054
f 2612/2399/2055 2610/2400/2055 2609/2401/2055
f 2609/2401/2056 2610/2400/2056 2611/2402/2056
f 359/1217/2057 360/281/2057 361/280/2057 358/906/2057 362/1553/2057
f 2331/1947/2058 2336/2363/2058 2337/2298/2058 2328/126/2058
f 2562/528/2059 2490/527/2059 2493/328/2059
f 2406/1142/2060 2369/1141/2060 2401/1519/2060 2556/2403/2060
f 1909/1588/2061 1932/1406/2061 1910/1716/2061
f 2490/527/2062 2489/531/2062 2491/2404/2062
f 995/744/2063 948/37/2063 950/36/2063 1021/1681/2063
f 2515/1550/2064 2451/1300/2064 2438/1299/2064
f 727/509/2065 728/686/2065 717/1978/2065 716/434/2065
f 652/2228/2066 637/760/2066 638/1682/2066 649/1998/2066
f 458/1633/2067 428/1749/2067 426/1643/2067 459/1634/2067
f 1394/1673/2068 1393/2405/2068 1381/1674/2068
f 2408/2406/2069 2409/2407/2069 2404/2408/2069
f 2132/15/2070 2133/18/2070 2134/2409/2070
f 993/1706/2071 953/1837/2071 985/1133/2071 1013/1630/2071
f 674/2135/2072 672/1112/2072 685/1046/2072 684/2110/2072
f 1837/2041/2073 1872/163/2073 1843/162/2073
f 1626/1492/2074 1623/1427/2074 1619/2385/2074 1622/1493/2074
f 2655/1253/2075 2656/1252/2075 2648/1349/2075
f 2648/1349/2076 2656/1252/2076 2644/1350/2076
f 1171/1747/2077 1178/532/2077 1187/2410/2077 1185/2411/2077 1186/2412/2077 1175/1802/2077 1172/1748/2077
f 2638/1559/2078 2639/1577/2078 2640/1557/2078
f 321/26/2079 293/295/2079 322/1832/2079 323/2413/2079
f 286/1266/2080 330/1600/2080 329/1599/2080 327/1833/2080
f 1932/1406/2081 1928/1717/2081 1910/1716/2081
f 2492/2414/2082 2490/527/2082 2491/2404/2082
f 453/1685/2083 457/1871/2083 448/1919/2083 441/1074/2083
f 2515/1550/2084 2438/1299/2084 2453/1548/2084
f 1868/2415/2085 1873/684/2085 1866/1566/2085 1855/240/2085
f 1546/2416/2086 1549/2417/2086 1548/2418/2086 1547/569/2086 1545/516/2086
f 1491/43/2087 1493/2330/2087 1486/273/2087 1487/44/2087
f 1733/1211/2088 1734/1210/2088 1737/2419/2088 1731/1657/2088
f 615/2124/2089 616/2116/2089 614/1020/2089 612/1021/2089 610/422/2089 613/421/2089
f 394/1445/2090 539/1460/2090 531/1552/2090
f 406/1479/2091 390/1450/2091 401/994/2091
f 1830/1485/2092 1831/1484/2092 1856/1539/2092
f 1807/1983/2093 1803/2395/2093 1814/1575/2093
f 2490/527/2094 2492/2414/2094 2493/328/2094
f 2198/1580/2095 2199/1545/2095 2200/1547/2095
f 1806/2005/2096 1805/2169/2096 1808/1982/2096 1811/1981/2096 1815/2348/2096
f 1934/1470/2097 1909/1588/2097 1937/1590/2097
f 1528/1523/2098 1533/2420/2098 1530/1582/2098
f 1240/2421/2099 1241/2060/2099 1234/1115/2099 1236/1556/2099
f 989/689/2100 986/1134/2100 984/690/2100
f 74/675/2101 114/643/2101 137/642/2101 77/2282/2101
f 2245/2263/2102 2258/2273/2102 2261/2422/2102 2260/2303/2102
f 1828/1574/2103 1801/2423/2103 1830/1485/2103 1856/1539/2103
f 2230/895/2104 2246/2287/2104 2290/2311/2104 2291/1234/2104
f 1913/2071/2105 1918/657/2105 1915/656/2105 1912/1705/2105
f 394/1445/2106 531/1552/2106 408/1088/2106
f 372/1461/2107 394/1445/2107 408/1088/2107
f 372/1461/2108 408/1088/2108 374/1618/2108
f 358/906/2109 374/1618/2109 362/1553/2109
f 259/1423/2110 261/718/2110 258/580/2110 216/579/2110 226/814/2110 230/1017/2110
f 1836/565/2111 1835/1977/2111 1837/2041/2111
f 617/1917/2112 589/2103/2112 592/2099/2112 620/1918/2112
f 2655/1253/2113 2648/1349/2113 2650/251/2113
f 2644/1350/2114 2639/1577/2114 2643/1587/2114
f 1830/1485/2115 1801/2423/2115 1802/2394/2115 1789/1486/2115
f 460/1381/2116 412/1514/2116 401/994/2116 461/993/2116 450/1607/2116 452/1686/2116
f 2493/328/2117 2492/2414/2117 2494/2424/2117
f 365/1334/2118 364/908/2118 363/907/2118 366/1271/2118
f 868/1631/2119 872/1675/2119 883/1677/2119 849/889/2119
f 976/1488/2120 1019/1712/2120 1018/1157/2120 973/147/2120
f 2211/2425/2121 2212/2426/2121 2214/2427/2121 2213/2428/2121
f 984/690/2122 985/1133/2122 953/1837/2122 952/687/2122
f 2408/2406/2123 2404/2408/2123 2403/1886/2123
f 2403/1886/2124 2404/2408/2124 2389/1884/2124
f 2389/1884/2125 2394/604/2125 2381/1637/2125
f 663/1997/2126 639/1683/2126 708/2429/2126 707/2192/2126
f 1849/567/2127 1834/1295/2127 1836/565/2127
f 1848/1614/2128 1854/1293/2128 1849/567/2128
f 1809/1729/2129 1807/1983/2129 1810/318/2129
f 1807/1983/2130 1814/1575/2130 1813/1661/2130
f 2503/325/2131 2557/1379/2131 2506/326/2131
f 597/2112/2132 628/2080/2132 620/1918/2132 592/2099/2132
f 2129/2361/2133 2128/2360/2133 2127/2430/2133
f 581/206/2134 583/208/2134 582/302/2134 580/2074/2134
f 348/2027/2135 317/170/2135 320/2431/2135 349/2432/2135
f 263/1750/2136 222/520/2136 220/461/2136 211/373/2136
f 2500/327/2137 2510/1380/2137 2562/528/2137 2493/328/2137
f 2410/2433/2138 2408/2406/2138 2403/1886/2138
f 1477/981/2139 1466/959/2139 1474/958/2139 1483/2211/2139
f 2363/381/2140 2411/380/2140 2365/1538/2140
f 1836/565/2141 1837/2041/2141 1838/2210/2141
f 1880/2434/2142 1875/161/2142 1899/1057/2142
f 1810/318/2143 1807/1983/2143 1813/1661/2143
f 2493/328/2144 2494/2424/2144 2495/2435/2144
f 2499/322/2145 2493/328/2145 2495/2435/2145
f 1348/375/2146 1375/2200/2146 1373/2436/2146 1340/376/2146
f 2495/2435/2147 2494/2424/2147 2496/2437/2147
f 1504/2438/2148 1502/2439/2148 1501/2440/2148
f 1505/1616/2149 1504/2438/2149 1501/2440/2149
f 1503/1617/2150 1501/2440/2150 1500/2441/2150
f 121/632/2151 123/631/2151 117/678/2151 119/792/2151
f 1400/2442/2152 1386/1605/2152 1385/489/2152
f 1965/2443/2153 1998/1689/2153 1991/1688/2153
f 440/1075/2154 439/1237/2154 435/1236/2154 444/1860/2154
f 541/317/2155 548/1005/2155 545/314/2155
f 1339/377/2156 1340/376/2156 1335/1920/2156 1337/2312/2156 1341/1214/2156
f 1841/462/2157 1875/161/2157 1880/2434/2157
f 1848/1614/2158 1849/567/2158 1844/242/2158
f 2650/251/2159 2648/1349/2159 2649/252/2159
f 2649/252/2160 2648/1349/2160 2647/1348/2160
f 1996/842/2161 1983/847/2161 2004/1695/2161 2003/2444/2161
f 2613/2392/2162 2614/2393/2162 2610/2400/2162 2612/2399/2162
f 1734/1210/2163 1735/1212/2163 1746/1606/2163 1745/2445/2163
f 1907/1908/2164 1910/1716/2164 1908/1909/2164
f 2495/2435/2165 2496/2437/2165 2497/2446/2165
f 2497/2446/2166 2496/2437/2166 2498/2447/2166
f 1503/1617/2167 1505/1616/2167 1501/2440/2167
f 1505/1616/2168 1506/1615/2168 1507/2448/2168
f 585/2096/2169 586/2102/2169 582/302/2169 583/208/2169 584/207/2169
f 1432/661/2170 1423/660/2170 1420/835/2170 1434/2173/2170
f 1839/566/2171 1838/2210/2171 1840/463/2171
f 1836/565/2172 1838/2210/2172 1839/566/2172
f 2647/1348/2173 2645/1351/2173 2646/2449/2173
f 1819/777/2174 1809/1729/2174 1816/321/2174
f 1816/321/2175 1809/1729/2175 1810/318/2175
f 1918/657/2176 1914/2070/2176 1919/776/2176
f 857/1621/2177 863/2450/2177 853/1622/2177
f 853/1622/2178 863/2450/2178 859/1592/2178
f 2268/1781/2179 2271/2125/2179 2272/2132/2179 2265/899/2179 2267/902/2179
f 2454/2451/2180 2487/2452/2180 2555/2453/2180
f 1745/2445/2181 1744/2454/2181 1737/2419/2181 1734/1210/2181
f 1964/1667/2182 1965/2443/2182 1991/1688/2182
f 1478/1018/2183 1482/1072/2183 1468/1036/2183 1476/1035/2183
f 2383/2455/2184 2384/1885/2184 2381/1637/2184
f 2383/2455/2185 2381/1637/2185 2382/1639/2185
f 1841/462/2186 1880/2434/2186 1881/2456/2186
f 123/631/2187 130/630/2187 132/1934/2187 136/680/2187
f 1847/1023/2188 1848/1614/2188 1844/242/2188
f 658/332/2189 665/2086/2189 709/310/2189 696/312/2189
f 1913/2071/2190 1914/2070/2190 1918/657/2190
f 864/2457/2191 866/2458/2191 857/1621/2191
f 1385/489/2192 1382/1665/2192 1387/486/2192
f 2159/2459/2193 2158/2460/2193 2157/2461/2193
f 1948/2462/2194 1951/2463/2194 1952/2464/2194
f 2146/1655/2195 2147/1654/2195 2148/2465/2195
f 1964/1667/2196 1991/1688/2196 1992/1659/2196
f 1841/462/2197 1881/2456/2197 1842/1670/2197
f 1771/1337/2198 1784/2234/2198 1766/2256/2198 1698/2204/2198
f 224/1224/2199 225/1016/2199 182/813/2199 196/1062/2199
f 1289/2466/2200 1290/2467/2200 1281/472/2200
f 1281/472/2201 1290/2467/2201 1279/2351/2201
f 122/644/2202 141/503/2202 84/502/2202 77/2282/2202 137/642/2202
f 128/929/2203 104/783/2203 107/1586/2203 145/1030/2203 172/815/2203
f 1911/1662/2204 1906/1589/2204 1908/1909/2204
f 1911/1662/2205 1908/1909/2205 1912/1705/2205
f 864/2457/2206 857/1621/2206 856/1620/2206
f 2455/1396/2207 2431/1395/2207 2522/2468/2207
f 2522/2468/2208 2431/1395/2208 2454/2451/2208
f 1395/1666/2209 1382/1665/2209 1383/2469/2209
f 1395/1666/2210 1383/2469/2210 1396/2470/2210
f 1947/2471/2211 1951/2463/2211 1948/2462/2211
f 1964/1667/2212 1978/388/2212 1968/970/2212
f 2057/2077/2213 2056/144/2213 2019/116/2213 2052/1289/2213
f 1845/239/2214 1844/242/2214 1839/566/2214
f 341/2472/2215 285/1265/2215 283/1264/2215 338/1490/2215
f 1792/1340/2216 1799/2473/2216 1797/767/2216 1791/764/2216
f 1283/1525/2217 1284/1526/2217 1287/2474/2217 1288/2475/2217
f 885/2113/2218 872/1675/2218 871/2160/2218
f 2529/2476/2219 2455/1396/2219 2522/2468/2219
f 2454/2451/2220 2555/2453/2220 2523/2477/2220
f 2523/2477/2221 2555/2453/2221 2527/2478/2221
f 1948/2462/2222 1959/2101/2222 1949/2100/2222
f 615/2124/2223 613/421/2223 599/564/2223 591/1305/2223
f 1839/566/2224 1842/1670/2224 1845/239/2224
f 1845/239/2225 1842/1670/2225 1868/2415/2225
f 1847/1023/2226 1844/242/2226 1846/241/2226
f 1296/1220/2227 1300/1219/2227 1283/1525/2227
f 2651/253/2228 2649/252/2228 2654/2479/2228
f 1281/472/2229 1279/2351/2229 1277/473/2229
f 2504/1515/2230 2503/325/2230 2502/324/2230
f 904/915/2231 903/360/2231 914/1777/2231 908/913/2231
f 1917/655/2232 1912/1705/2232 1915/656/2232
f 952/687/2233 953/1837/2233 947/83/2233
f 1395/1666/2234 1396/2470/2234 1397/1719/2234
f 1397/1719/2235 1396/2470/2235 1398/2480/2235
f 2522/2468/2236 2454/2451/2236 2523/2477/2236
f 1950/1806/2237 1947/2471/2237 1949/2100/2237
f 1947/2471/2238 1948/2462/2238 1949/2100/2238
f 1390/2481/2239 1388/488/2239 1389/487/2239
f 1040/2033/2240 1048/2482/2240 1137/2483/2240 1116/2484/2240
f 1804/2168/2241 1803/2395/2241 1807/1983/2241 1808/1982/2241 1805/2169/2241
f 1859/1767/2242 1850/1022/2242 1858/2485/2242
f 1858/2485/2243 1850/1022/2243 1857/1025/2243
f 1288/2475/2244 1296/1220/2244 1283/1525/2244
f 1283/1525/2245 1289/2466/2245 1281/472/2245
f 2563/2315/2246 2469/1309/2246 2473/1306/2246 2564/1752/2246
f 1918/657/2247 1919/776/2247 1920/658/2247
f 1916/1692/2248 1912/1705/2248 1917/655/2248
f 2523/2477/2249 2527/2478/2249 2525/2486/2249
f 1390/2481/2250 1389/487/2250 1391/1720/2250
f 1983/847/2251 1968/970/2251 2004/1695/2251
f 2366/1669/2252 2370/1537/2252 2375/1836/2252
f 1851/1024/2253 1847/1023/2253 1846/241/2253
f 2430/1393/2254 2435/1297/2254 2437/1296/2254 2436/1378/2254 2433/1377/2254 2432/1608/2254
f 1860/1768/2255 1859/1767/2255 1858/2485/2255
f 290/1357/2256 287/1567/2256 284/293/2256 292/292/2256 295/2487/2256 294/2216/2256 296/2215/2256
f 1942/320/2257 1943/319/2257 1944/1731/2257
f 97/780/2258 96/782/2258 95/741/2258 94/779/2258
f 482/1940/2259 500/1970/2259 508/871/2259 484/701/2259
f 2035/84/2260 2036/131/2260 2034/130/2260 2033/60/2260 2037/76/2260
f 860/1945/2261 856/1620/2261 852/1623/2261
f 2528/2488/2262 2529/2476/2262 2522/2468/2262
f 2528/2488/2263 2522/2468/2263 2526/2489/2263
f 2522/2468/2264 2523/2477/2264 2524/2490/2264
f 2524/2490/2265 2523/2477/2265 2525/2486/2265
f 1950/1806/2266 1949/2100/2266 1953/1807/2266
f 1958/1721/2267 1966/969/2267 1971/968/2267
f 1522/1760/2268 1521/1745/2268 1518/1744/2268
f 1982/846/2269 1968/970/2269 1983/847/2269
f 2405/1227/2270 2366/1669/2270 2375/1836/2270
f 1855/240/2271 1845/239/2271 1868/2415/2271
f 2509/2491/2272 2502/324/2272 2501/323/2272
f 1920/658/2273 1921/775/2273 1922/1532/2273
f 1347/2492/2274 1363/2493/2274 1331/2269/2274
f 855/1500/2275 852/1623/2275 850/887/2275
f 2526/2489/2276 2522/2468/2276 2524/2490/2276
f 1390/2481/2277 1391/1720/2277 1399/2494/2277
f 1953/1807/2278 1958/1721/2278 1971/968/2278
f 1866/1566/2279 1846/241/2279 1855/240/2279
f 1851/1024/2280 1846/241/2280 1866/1566/2280
f 911/1772/2281 1066/2495/2281 1023/948/2281
f 2505/1763/2282 2502/324/2282 2509/2491/2282
f 1331/2269/2283 1363/2493/2283 1329/1808/2283
f 854/1497/2284 855/1500/2284 850/887/2284
f 854/1497/2285 850/887/2285 851/886/2285
f 773/504/2286 765/480/2286 788/459/2286 775/335/2286
f 1409/1740/2287 1408/1742/2287 1407/2496/2287
f 1408/1742/2288 1410/2497/2288 1405/2498/2288
f 1407/2496/2289 1408/1742/2289 1405/2498/2289
f 1201/2280/2290 1202/1933/2290 1180/1483/2290 1181/1482/2290
f 2592/2499/2291 2591/523/2291 2590/438/2291 2593/437/2291
f 2405/1227/2292 2375/1836/2292 2560/1892/2292
f 1868/2415/2293 1890/2500/2293 1873/684/2293
f 1301/2501/2294 1288/2475/2294 1287/2474/2294
f 1858/2485/2295 1857/1025/2295 1863/2502/2295
f 916/950/2296 1062/949/2296 917/2232/2296
f 1254/2503/2297 1258/2504/2297 1256/2505/2297
f 862/1789/2298 854/1497/2298 851/886/2298
f 1021/1681/2299 950/36/2299 1057/107/2299
f 1405/2498/2300 1410/2497/2300 1406/2506/2300
f 1979/2507/2301 1980/29/2301 1973/31/2301 1972/51/2301
f 391/1303/2302 399/728/2302 419/1428/2302 488/1326/2302 421/1279/2302
f 1028/2508/2303 1009/2509/2303 1005/1437/2303 1027/2510/2303 1105/1973/2303
f 1857/1025/2304 1851/1024/2304 1874/1565/2304
f 1257/1122/2305 1253/2302/2305 1252/1123/2305
f 1252/1123/2306 1253/2302/2306 1254/2503/2306
f 1254/2503/2307 1256/2505/2307 1255/1838/2307
f 1256/2505/2308 1258/2504/2308 1262/2511/2308
f 1338/2512/2309 1347/2492/2309 1331/2269/2309
f 934/1447/2310 933/2513/2310 927/1448/2310
f 385/1272/2311 386/1186/2311 377/1185/2311 375/283/2311 381/1302/2311
f 942/38/2312 947/83/2312 940/82/2312
f 2000/1843/2313 1962/1370/2313 1961/1369/2313
f 1969/1795/2314 1974/1794/2314 1975/2514/2314
f 1402/2515/2315 1407/2496/2315 1405/2498/2315
f 2405/1227/2316 2560/1892/2316 2550/1894/2316
f 1873/684/2317 1890/2500/2317 1889/681/2317
f 1298/2516/2318 1301/2501/2318 1287/2474/2318
f 1863/2502/2319 1857/1025/2319 1874/1565/2319
f 1575/1032/2320 1579/2517/2320 1578/2518/2320 1576/2519/2320
f 1285/2520/2321 1287/2474/2321 1284/1526/2321
f 1285/2520/2322 1284/1526/2322 1282/69/2322
f 909/914/2323 911/1772/2323 910/500/2323
f 1720/1584/2324 1716/946/2324 1826/1412/2324 1722/1095/2324
f 1261/67/2325 1276/66/2325 1257/1122/2325
f 1252/1123/2326 1254/2503/2326 1255/1838/2326
f 1964/1667/2327 1958/1721/2327 1959/2101/2327 1965/2443/2327
f 1330/1810/2328 1332/1809/2328 1359/1862/2328
f 927/1448/2329 933/2513/2329 929/863/2329
f 936/81/2330 937/80/2330 926/1449/2330
f 2100/1826/2331 2103/2521/2331 2088/1827/2331
f 879/1812/2332 881/1814/2332 880/1966/2332
f 1001/1054/2333 1000/1053/2333 1005/1437/2333 1002/2016/2333
f 1402/2515/2334 1405/2498/2334 1404/2522/2334
f 1405/2498/2335 1406/2506/2335 1404/2522/2335
f 1071/108/2336 1064/1155/2336 1098/1038/2336
f 485/260/2337 524/1858/2337 521/261/2337
f 1888/683/2338 1866/1566/2338 1873/684/2338
f 918/356/2339 917/2232/2339 1026/2523/2339
f 918/356/2340 1026/2523/2340 1072/353/2340
f 1863/2502/2341 1874/1565/2341 1882/2524/2341
f 915/2233/2342 917/2232/2342 918/356/2342
f 1025/1774/2343 1108/2525/2343 1067/1986/2343 1016/1775/2343
f 1367/2526/2344 1347/2492/2344 1335/1920/2344
f 1335/1920/2345 1347/2492/2345 1338/2512/2345
f 1331/2269/2346 1333/1921/2346 1338/2512/2346
f 1333/1921/2347 1331/2269/2347 1328/2268/2347
f 238/407/2348 215/412/2348 240/403/2348 218/402/2348
f 786/2123/2349 789/290/2349 756/212/2349 764/177/2349 784/231/2349 778/230/2349
f 1969/1795/2350 1975/2514/2350 1976/2527/2350
f 1404/2522/2351 1406/2506/2351 1411/2528/2351
f 1071/108/2352 1020/2313/2352 1064/1155/2352
f 2535/1228/2353 2405/1227/2353 2550/1894/2353
f 793/393/2354 792/196/2354 780/394/2354 785/343/2354
f 1874/1565/2355 1888/683/2355 1886/2529/2355
f 327/1833/2356 331/1602/2356 332/2530/2356 326/2531/2356
f 911/1772/2357 913/947/2357 912/1879/2357
f 910/500/2358 911/1772/2358 912/1879/2358
f 1255/1838/2359 1256/2505/2359 1262/2511/2359
f 2454/2451/2360 2415/610/2360 2483/2398/2360 2487/2452/2360
f 1933/1469/2361 1932/1406/2361 1909/1588/2361 1934/1470/2361
f 1558/568/2362 1568/572/2362 1573/1034/2362 1559/1353/2362
f 314/1440/2363 315/2532/2363 304/2137/2363
f 927/1448/2364 929/863/2364 925/471/2364
f 882/1840/2365 875/1788/2365 880/1966/2365
f 81/588/2366 71/587/2366 73/676/2366 76/2283/2366
f 940/82/2367 939/102/2367 941/101/2367
f 942/38/2368 940/82/2368 941/101/2368
f 942/38/2369 941/101/2369 943/39/2369
f 1961/1369/2370 1954/1372/2370 1956/49/2370
f 775/335/2371 787/460/2371 786/2123/2371 778/230/2371
f 1972/51/2372 1969/1795/2372 1976/2527/2372
f 1020/2313/2373 996/1664/2373 1064/1155/2373
f 1401/2533/2374 1402/2515/2374 1403/2534/2374
f 1402/2515/2375 1404/2522/2375 1403/2534/2375
f 2533/2535/2376 2532/1230/2376 2534/1229/2376
f 1882/2524/2377 1874/1565/2377 1883/2536/2377
f 1886/2529/2378 1888/683/2378 1887/682/2378
f 1887/682/2379 1889/681/2379 1896/1068/2379
f 1292/2537/2380 1298/2516/2380 1287/2474/2380
f 1053/355/2381 915/2233/2381 918/356/2381
f 1292/2537/2382 1287/2474/2382 1285/2520/2382
f 912/1879/2383 915/2233/2383 1045/1880/2383
f 1263/2538/2384 1274/68/2384 1261/67/2384
f 1969/1795/2385 1972/51/2385 1970/45/2385 1957/1989/2385
f 1259/1124/2386 1252/1123/2386 1260/1839/2386
f 945/104/2387 1020/2313/2387 950/36/2387 943/39/2387
f 1334/1922/2388 1330/1810/2388 1336/1863/2388
f 1987/46/2389 1989/2539/2389 1990/47/2389 1986/34/2389
f 931/864/2390 921/359/2390 922/467/2390
f 306/1441/2391 314/1440/2391 304/2137/2391
f 304/2137/2392 315/2532/2392 305/2138/2392
f 1066/2495/2393 911/1772/2393 909/914/2393 1065/2540/2393
f 305/2138/2394 315/2532/2394 309/2541/2394
f 936/81/2395 926/1449/2395 930/721/2395
f 1497/2542/2396 1495/2543/2396 1494/2544/2396
f 2005/1844/2397 1961/1369/2397 1967/1636/2397
f 1496/2545/2398 1498/2546/2398 1499/2547/2398
f 2491/2404/2399 2489/531/2399 2451/1300/2399 2515/1550/2399
f 1731/1657/2400 1737/2419/2400 1744/2454/2400 1738/2548/2400 1726/928/2400 1730/1055/2400
f 1020/2313/2401 945/104/2401 951/625/2401
f 1957/1989/2402 1970/45/2402 1963/50/2402
f 1020/2313/2403 951/625/2403 996/1664/2403
f 1972/51/2404 1976/2527/2404 1979/2507/2404
f 1412/2549/2405 1401/2533/2405 1403/2534/2405
f 1124/1805/2406 1123/1715/2406 1125/1714/2406
f 1223/235/2407 1224/2061/2407 1216/2055/2407 1217/236/2407
f 1124/1805/2408 1125/1714/2408 1126/2550/2408
f 1884/2551/2409 1882/2524/2409 1883/2536/2409
f 317/170/2410 316/169/2410 280/1355/2410 289/1358/2410 298/2236/2410
f 1299/2552/2411 1292/2537/2411 1286/2553/2411
f 1292/2537/2412 1285/2520/2412 1286/2553/2412
f 1045/1880/2413 915/2233/2413 1053/355/2413
f 1263/2538/2414 1261/67/2414 1259/1124/2414
f 902/1501/2415 905/1897/2415 901/1502/2415
f 1336/1863/2416 1359/1862/2416 1357/2554/2416
f 926/1449/2417 924/470/2417 930/721/2417
f 939/102/2418 930/721/2418 938/1769/2418
f 2089/1798/2419 2088/1827/2419 2101/1899/2419
f 2092/1800/2420 2091/1799/2420 2093/1927/2420
f 944/103/2421 939/102/2421 946/626/2421
f 1967/1636/2422 1961/1369/2422 1956/49/2422
f 944/103/2423 946/626/2423 951/625/2423
f 945/104/2424 944/103/2424 951/625/2424
f 1956/49/2425 1957/1989/2425 1960/40/2425
f 1957/1989/2426 1963/50/2426 1960/40/2426
f 2178/787/2427 2173/786/2427 2180/2555/2427
f 2180/2555/2428 2173/786/2428 2181/1869/2428
f 306/1441/2429 308/28/2429 334/2556/2429 335/1442/2429
f 1271/2557/2430 1286/2553/2430 1274/68/2430
f 1264/1898/2431 1255/1838/2431 1262/2511/2431
f 1264/1898/2432 1262/2511/2432 1293/2558/2432
f 1293/2558/2433 1262/2511/2433 1258/2504/2433
f 1366/2559/2434 1367/2526/2434 1335/1920/2434
f 1337/2312/2435 1334/1922/2435 1336/1863/2435
f 919/358/2436 897/361/2436 900/1387/2436
f 1045/1880/2437 1033/1118/2437 1032/497/2437 1042/501/2437
f 305/2138/2438 309/2541/2438 302/2139/2438
f 532/1089/2439 408/1088/2439 531/1552/2439 533/1551/2439
f 1070/2560/2440 1075/2035/2440 1022/2023/2440 960/1735/2440
f 1315/1901/2441 1318/1820/2441 1313/1819/2441
f 1413/2561/2442 1412/2549/2442 1403/2534/2442
f 1666/1957/2443 1667/1958/2443 1663/2259/2443 1654/1454/2443
f 1039/1120/2444 1053/355/2444 1103/354/2444
f 1299/2552/2445 1286/2553/2445 1291/2562/2445
f 1291/2562/2446 1286/2553/2446 1271/2557/2446
f 1271/2557/2447 1274/68/2447 1263/2538/2447
f 1271/2557/2448 1263/2538/2448 1267/2563/2448
f 905/1897/2449 1046/498/2449 901/1502/2449
f 1335/1920/2450 1338/2512/2450 1333/1921/2450
f 1346/1004/2451 1336/1863/2451 1357/2554/2451
f 502/1870/2452 453/1685/2452 477/1092/2452 528/1785/2452
f 434/861/2453 469/22/2453 482/1940/2453 464/703/2453
f 1374/2564/2454 1371/2565/2454 1352/2566/2454 1351/2567/2454
f 306/1441/2455 304/2137/2455 303/2140/2455
f 1153/1709/2456 1152/1708/2456 1149/1823/2456 1151/2009/2456
f 2533/2535/2457 2390/2155/2457 2399/1231/2457 2532/1230/2457
f 20/2568/2458 21/2569/2458 22/2570/2458
f 1296/1220/2459 1288/2475/2459 1301/2501/2459 1303/1221/2459
f 1993/48/2460 2005/1844/2460 1967/1636/2460
f 301/2571/2461 312/2572/2461 307/2217/2461
f 1694/806/2462 1662/966/2462 1677/859/2462 1692/713/2462
f 1885/2573/2463 1883/2536/2463 1874/1565/2463 1886/2529/2463 1887/682/2463
f 2542/1893/2464 2545/1895/2464 2544/2574/2464
f 1884/2551/2465 1883/2536/2465 1885/2573/2465
f 1885/2573/2466 1887/682/2466 1894/1067/2466
f 1267/2563/2467 1263/2538/2467 1259/1124/2467
f 95/741/2468 72/674/2468 70/740/2468 94/779/2468
f 901/1502/2469 1030/1179/2469 1006/1905/2469
f 1335/1920/2470 1334/1922/2470 1337/2312/2470
f 1346/1004/2471 1357/2554/2471 1364/2575/2471
f 24/639/2472 87/641/2472 90/1684/2472 56/526/2472 25/491/2472
f 907/1530/2473 900/1387/2473 899/1285/2473
f 1429/659/2474 1436/2576/2474 1433/2244/2474 1427/1938/2474
f 57/374/2475 217/406/2475 218/402/2475 67/372/2475
f 1286/2553/2476 1285/2520/2476 1282/69/2476 1274/68/2476
f 2586/2577/2477 2587/2164/2477 2585/505/2477 2584/627/2477
f 296/2215/2478 311/2218/2478 297/2235/2478
f 297/2235/2479 311/2218/2479 313/2578/2479
f 311/2218/2480 319/2579/2480 313/2578/2480
f 1302/2580/2481 1299/2552/2481 1291/2562/2481
f 1295/2581/2482 1302/2580/2482 1291/2562/2482
f 744/819/2483 740/854/2483 730/720/2483 729/685/2483
f 1273/2582/2484 1291/2562/2484 1271/2557/2484
f 1033/1118/2485 1045/1880/2485 1044/1119/2485
f 1266/1954/2486 1264/1898/2486 1293/2558/2486
f 898/1388/2487 1006/1905/2487 998/1051/2487
f 175/896/2488 205/1013/2488 146/824/2488 127/628/2488
f 2543/2340/2489 2542/1893/2489 2544/2574/2489
f 1892/2583/2490 1885/2573/2490 1894/1067/2490
f 1295/2581/2491 1291/2562/2491 1273/2582/2491
f 1265/1965/2492 1267/2563/2492 1259/1124/2492
f 1266/1954/2493 1265/1965/2493 1264/1898/2493
f 308/28/2494 306/1441/2494 303/2140/2494
f 992/1528/2495 907/1530/2495 899/1285/2495
f 1038/2032/2496 1039/1120/2496 1048/2482/2496
f 1037/1121/2497 1039/1120/2497 1038/2032/2497
f 1033/1118/2498 1037/1121/2498 1034/2584/2498
f 1034/2584/2499 1037/1121/2499 1036/2031/2499
f 2423/1389/2500 2413/612/2500 2414/611/2500
f 1269/1964/2501 1267/2563/2501 1265/1965/2501
f 1266/1954/2502 1268/1956/2502 1265/1965/2502
f 1006/1905/2503 1030/1179/2503 1029/1178/2503
f 1006/1905/2504 1029/1178/2504 1007/2585/2504
f 1006/1905/2505 1007/2585/2505 998/1051/2505
f 1373/2436/2506 1366/2559/2506 1340/376/2506
f 1340/376/2507 1366/2559/2507 1335/1920/2507
f 504/1935/2508 481/2002/2508 480/1948/2508 503/1904/2508
f 1813/1661/2509 1814/1575/2509 1829/1573/2509 1869/1611/2509 1878/879/2509
f 1349/1002/2510 1346/1004/2510 1364/2575/2510
f 310/25/2511 303/2140/2511 299/2586/2511
f 1825/1411/2512 1712/1066/2512 1821/2007/2512 1823/287/2512 1824/286/2512 1722/1095/2512
f 935/921/2513 932/1439/2513 928/1438/2513 977/1944/2513 954/1980/2513 955/920/2513
f 1470/937/2514 1445/936/2514 1452/848/2514 1472/822/2514
f 290/1357/2515 296/2215/2515 297/2235/2515
f 297/2235/2516 313/2578/2516 318/2587/2516
f 2538/457/2517 2537/1959/2517 2536/454/2517
f 2541/455/2518 2542/1893/2518 2543/2340/2518
f 2401/1519/2519 2378/1181/2519 2398/1205/2519 2556/2403/2519
f 1038/2032/2520 1048/2482/2520 1040/2033/2520
f 1037/1121/2521 1038/2032/2521 1036/2031/2521
f 1031/1177/2522 1033/1118/2522 1034/2584/2522
f 1032/497/2523 1033/1118/2523 1031/1177/2523
f 1377/2588/2524 1373/2436/2524 1376/2203/2524
f 1376/2203/2525 1373/2436/2525 1375/2200/2525
f 998/1051/2526 1007/2585/2526 1008/1052/2526
f 963/956/2527 962/1487/2527 958/1737/2527 961/1736/2527
f 310/25/2528 308/28/2528 303/2140/2528
f 1017/1985/2529 978/1529/2529 992/1528/2529
f 1684/2119/2530 1683/2118/2530 1658/1455/2530 1663/2259/2530
f 1415/2589/2531 1404/2522/2531 1411/2528/2531 1414/2590/2531
f 475/1949/2532 478/2004/2532 471/1008/2532 438/1010/2532 439/1237/2532 457/1871/2532
f 1043/2029/2533 1040/2033/2533 1052/2326/2533
f 1052/2326/2534 1040/2033/2534 1116/2484/2534
f 181/552/2535 125/551/2535 126/953/2535 173/973/2535
f 1297/2591/2536 1295/2581/2536 1273/2582/2536
f 1035/2592/2537 1034/2584/2537 1036/2031/2537
f 1031/1177/2538 1034/2584/2538 1035/2592/2538
f 2431/1395/2539 2429/1394/2539 2415/610/2539 2454/2451/2539
f 1031/1177/2540 1035/2592/2540 1029/1178/2540
f 1029/1178/2541 1035/2592/2541 1047/1910/2541
f 1027/2510/2542 1050/1915/2542 1105/1973/2542
f 1007/2585/2543 1029/1178/2543 1047/1910/2543
f 70/740/2544 71/587/2544 69/640/2544 68/771/2544
f 1050/1915/2545 1027/2510/2545 1024/1436/2545
f 534/1090/2546 533/1551/2546 535/1535/2546
f 1378/2593/2547 1377/2588/2547 1376/2203/2547
f 1007/2585/2548 1047/1910/2548 1008/1052/2548
f 430/1771/2549 433/1861/2549 432/862/2549 431/702/2549
f 1814/1575/2550 1803/2395/2550 1801/2423/2550 1828/1574/2550
f 387/1277/2551 392/1198/2551 402/1190/2551 388/1189/2551
f 1351/2567/2552 1349/1002/2552 1364/2575/2552
f 337/2594/2553 334/2556/2553 308/28/2553
f 310/25/2554 299/2586/2554 293/295/2554
f 242/1180/2555 243/1080/2555 237/1065/2555 241/577/2555
f 1443/986/2556 1451/2197/2556 1452/848/2556 1445/936/2556
f 474/1208/2557 421/1279/2557 490/1327/2557 492/1196/2557
f 1297/2591/2558 1273/2582/2558 1272/1972/2558
f 1051/1912/2559 1052/2326/2559 1111/1913/2559
f 1272/1972/2560 1273/2582/2560 1269/1964/2560
f 1035/2592/2561 1036/2031/2561 1041/2030/2561
f 1035/2592/2562 1041/2030/2562 1049/1911/2562
f 1049/1911/2563 1041/2030/2563 1051/1912/2563
f 1001/1054/2564 1003/2209/2564 1119/2595/2564 1117/1275/2564
f 1272/1972/2565 1269/1964/2565 1268/1956/2565
f 1035/2592/2566 1049/1911/2566 1047/1910/2566
f 337/2594/2567 308/28/2567 328/27/2567
f 1475/274/2568 1471/1078/2568 1482/1072/2568 1481/275/2568
f 297/2235/2569 318/2587/2569 298/2236/2569
f 1160/560/2570 1169/1963/2570 1168/1481/2570
f 2540/1249/2571 2538/457/2571 2539/456/2571
f 930/721/2572 932/1439/2572 935/921/2572 938/1769/2572
f 1024/1436/2573 1027/2510/2573 1005/1437/2573
f 2042/85/2574 2078/87/2574 2075/134/2574 2047/88/2574
f 1345/1003/2575 1349/1002/2575 1350/2226/2575
f 1350/2226/2576 1349/1002/2576 1351/2567/2576
f 1573/1034/2577 1574/1033/2577 1567/1527/2577 1559/1353/2577
f 321/26/2578 310/25/2578 293/295/2578
f 287/1567/2579 290/1357/2579 288/1356/2579
f 1854/1293/2580 1848/1614/2580 1852/1613/2580 1856/1539/2580
f 298/2236/2581 318/2587/2581 320/2431/2581
f 520/872/2582 508/871/2582 500/1970/2582
f 1380/2596/2583 1376/2203/2583 1379/2202/2583
f 1078/2597/2584 1076/2170/2584 1077/2014/2584 1079/1999/2584 1080/2011/2584
f 1350/2226/2585 1351/2567/2585 1352/2566/2585
f 1096/1274/2586 997/1282/2586 999/1050/2586
f 1227/1113/2587 1226/1117/2587 1220/881/2587 1221/884/2587
f 998/1051/2588 999/1050/2588 997/1282/2588 899/1285/2588 898/1388/2588
f 165/99/2589 162/123/2589 164/619/2589 166/100/2589
f 905/1897/2590 902/1501/2590 897/361/2590 903/360/2590 904/915/2590 906/499/2590
f 2561/1872/2591 2482/1376/2591 2459/72/2591 2521/1390/2591
f 1070/2560/2592 960/1735/2592 959/1738/2592 1074/2018/2592
f 1645/2598/2593 1646/2599/2593 1640/1059/2593 1641/2600/2593 1644/2601/2593
f 675/1793/2594 674/2135/2594 684/2110/2594 682/2115/2594 681/2114/2594
f 1222/2053/2595 1247/2052/2595 1251/794/2595 1244/793/2595
f 478/2004/2596 475/1949/2596 480/1948/2596 481/2002/2596
f 1935/1405/2597 1932/1406/2597 1933/1469/2597 1936/1343/2597
f 287/1567/2598 288/1356/2598 280/1355/2598
f 2257/2274/2599 2258/2273/2599 2245/2263/2599 2242/1258/2599
f 2547/1250/2600 2539/456/2600 2549/2339/2600
f 1881/2456/2601 1890/2500/2601 1868/2415/2601 1842/1670/2601
f 1344/1213/2602 1362/2179/2602 1360/2602/2602 1342/2127/2602
f 1356/2201/2603 1348/375/2603 1343/378/2603
f 1425/2603/2604 1424/2604/2604 1417/2605/2604 1418/952/2604
f 1350/2226/2605 1352/2566/2605 1355/2606/2605
f 317/170/2606 298/2236/2606 320/2431/2606
f 1151/2009/2607 1196/2008/2607 1153/1709/2607
f 538/316/2608 537/315/2608 536/2607/2608 534/1090/2608 535/1535/2608
f 1356/2201/2609 1343/378/2609 1342/2127/2609
f 640/1585/2610 711/2162/2610 708/2429/2610 639/1683/2610
f 1354/2227/2611 1350/2226/2611 1355/2606/2611
f 1355/2606/2612 1352/2566/2612 1365/2608/2612
f 1094/1283/2613 1096/1274/2613 1085/2013/2613
f 1085/2013/2614 1096/1274/2614 1089/1276/2614
f 1365/2608/2615 1352/2566/2615 1371/2565/2615
f 326/2531/2616 325/2609/2616 324/1834/2616
f 325/2609/2617 323/2413/2617 324/1834/2617
f 324/1834/2618 323/2413/2618 322/1832/2618
f 1367/2526/2619 1372/2610/2619 1369/2611/2619 1363/2493/2619 1347/2492/2619
f 428/1749/2620 430/1771/2620 431/702/2620 429/1672/2620
f 602/2068/2621 603/2082/2621 598/2081/2621 585/2096/2621 584/207/2621
f 1206/2612/2622 1153/1709/2622 1196/2008/2622
f 1061/1988/2623 970/955/2623 981/954/2623
f 2086/2069/2624 2040/166/2624 2038/132/2624 2061/224/2624 2068/226/2624
f 2115/512/2625 2106/1504/2625 2111/432/2625 2118/510/2625
f 1109/1987/2626 1067/1986/2626 1127/2613/2626
f 529/867/2627 555/2614/2627 553/868/2627
f 506/2010/2628 518/2383/2628 479/24/2628
f 2334/1783/2629 2321/128/2629 2326/853/2629 2352/852/2629
f 501/20/2630 527/2384/2630 505/21/2630
f 505/21/2631 527/2384/2631 520/872/2631
f 1639/2615/2632 1641/2600/2632 1640/1059/2632
f 1005/1437/2633 1009/2509/2633 1004/2015/2633
f 286/1266/2634 291/294/2634 284/293/2634
f 483/591/2635 425/593/2635 429/1672/2635 486/259/2635
f 1199/141/2636 1177/1962/2636 1183/142/2636
f 1143/1642/2637 1146/2020/2637 1147/2616/2637
f 1127/2613/2638 1108/2525/2638 1134/1640/2638
f 527/2384/2639 529/867/2639 520/872/2639
f 1356/2201/2640 1342/2127/2640 1360/2602/2640
f 1002/2016/2641 1004/2015/2641 1003/2209/2641
f 1004/2015/2642 1009/2509/2642 1010/2207/2642
f 1639/2615/2643 1640/1059/2643 1638/1058/2643
f 371/1270/2644 407/1203/2644 511/1202/2644 514/1316/2644
f 1001/1054/2645 1002/2016/2645 1003/2209/2645
f 2260/2303/2646 2261/2422/2646 2315/2617/2646 2317/850/2646
f 281/1663/2647 280/1355/2647 316/169/2647
f 348/2027/2648 349/2432/2648 347/331/2648
f 1243/151/2649 1219/150/2649 1206/2612/2649
f 1219/150/2650 1153/1709/2650 1206/2612/2650
f 971/957/2651 1016/1775/2651 981/954/2651
f 2047/88/2652 2048/135/2652 2036/131/2652 2035/84/2652
f 981/954/2653 1016/1775/2653 1067/1986/2653
f 527/2384/2654 554/2618/2654 529/867/2654
f 370/1446/2655 365/1334/2655 371/1270/2655 379/1333/2655 380/1444/2655
f 1638/1058/2656 1642/1061/2656 1604/804/2656
f 1361/2180/2657 1353/1215/2657 1358/2619/2657
f 1353/1215/2658 1354/2227/2658 1358/2619/2658
f 410/1083/2659 417/1041/2659 455/962/2659 456/918/2659
f 1089/1276/2660 1117/1275/2660 1118/2620/2660
f 1355/2606/2661 1365/2608/2661 1368/2621/2661
f 1084/2026/2662 1085/2013/2662 1089/1276/2662
f 326/2531/2663 324/1834/2663 327/1833/2663
f 434/861/2664 432/862/2664 433/1861/2664 435/1236/2664
f 971/957/2665 963/956/2665 968/2243/2665
f 1581/2622/2666 1560/571/2666 1569/2623/2666 1594/2624/2666
f 1127/2613/2667 1067/1986/2667 1108/2525/2667
f 1607/803/2668 1638/1058/2668 1604/804/2668
f 1633/1425/2669 1639/2615/2669 1638/1058/2669
f 1633/1425/2670 1638/1058/2670 1607/803/2670
f 1118/2620/2671 1117/1275/2671 1119/2595/2671
f 1354/2227/2672 1355/2606/2672 1368/2621/2672
f 1082/2017/2673 1084/2026/2673 1083/2625/2673
f 1080/2011/2674 1082/2017/2674 1081/2626/2674
f 966/1699/2675 968/2243/2675 963/956/2675 961/1736/2675
f 967/1700/2676 1022/2023/2676 1054/1726/2676
f 2363/381/2677 2364/1801/2677 2362/382/2677
f 344/167/2678 348/2027/2678 347/331/2678
f 968/2243/2679 966/1699/2679 969/1698/2679
f 1132/1534/2680 1060/1568/2680 1099/106/2680 1121/1658/2680
f 641/761/2681 637/760/2681 652/2228/2681 623/2212/2681
f 485/260/2682 486/259/2682 429/1672/2682 431/702/2682
f 1073/446/2683 1069/445/2683 1114/1414/2683
f 1107/1641/2684 1073/446/2684 1135/1413/2684
f 1073/446/2685 1114/1414/2685 1135/1413/2685
f 1108/2525/2686 1025/1774/2686 1107/1641/2686
f 1818/1464/2687 1819/777/2687 1919/776/2687 1914/2070/2687 1910/1716/2687
f 1108/2525/2688 1107/1641/2688 1134/1640/2688
f 621/2318/2689 627/1928/2689 666/1930/2689 661/1111/2689
f 1599/2199/2690 1606/2198/2690 1601/2370/2690
f 1589/2627/2691 1601/2370/2691 1605/2628/2691
f 623/2212/2692 625/2260/2692 624/1929/2692 609/419/2692
f 1081/2626/2693 1082/2017/2693 1083/2625/2693
f 331/1602/2694 327/1833/2694 329/1599/2694
f 443/2084/2695 445/1635/2695 451/1382/2695 452/1686/2695
f 1214/1603/2696 1208/1325/2696 1212/1324/2696
f 1078/2597/2697 1080/2011/2697 1081/2626/2697
f 2231/1570/2698 2230/895/2698 2277/894/2698 2278/971/2698 2280/904/2698
f 281/1663/2699 316/169/2699 345/168/2699
f 1555/2629/2700 1557/2630/2700 1548/2418/2700 1549/2417/2700 1556/2631/2700
f 969/1698/2701 975/447/2701 980/1773/2701
f 1702/1152/2702 1703/2257/2702 1753/2258/2702 1758/755/2702 1759/754/2702 1752/1153/2702
f 980/1773/2703 975/447/2703 1073/446/2703
f 1025/1774/2704 980/1773/2704 1107/1641/2704
f 980/1773/2705 1073/446/2705 1107/1641/2705
f 1269/1964/2706 1273/2582/2706 1271/2557/2706 1267/2563/2706
f 1892/2583/2707 1891/2632/2707 1884/2551/2707 1885/2573/2707
f 1598/2371/2708 1601/2370/2708 1589/2627/2708
f 1358/2619/2709 1354/2227/2709 1370/2633/2709
f 1370/2633/2710 1354/2227/2710 1368/2621/2710
f 840/865/2711 844/2065/2711 841/2191/2711 823/722/2711
f 1624/2634/2712 1629/1494/2712 1622/1493/2712
f 330/1600/2713 286/1266/2713 285/1265/2713
f 1070/2560/2714 1074/2018/2714 1075/2035/2714
f 350/279/2715 345/168/2715 346/276/2715
f 351/277/2716 346/276/2716 347/331/2716
f 1219/150/2717 1218/2037/2717 1210/1710/2717
f 1205/140/2718 1193/143/2718 1204/795/2718
f 1179/2025/2719 1194/796/2719 1184/1896/2719
f 1194/796/2720 1179/2025/2720 1195/797/2720
f 1195/797/2721 1179/2025/2721 1165/1322/2721
f 1621/1426/2722 1633/1425/2722 1647/2175/2722
f 1858/2485/2723 1863/2502/2723 1864/2635/2723 1860/1768/2723
f 1589/2627/2724 1605/2628/2724 1566/2636/2724
f 1619/2385/2725 1623/1427/2725 1621/1426/2725
f 1566/2636/2726 1570/2637/2726 1563/2638/2726
f 1619/2385/2727 1621/1426/2727 1620/1098/2727
f 1563/2638/2728 1570/2637/2728 1565/2639/2728
f 282/1263/2729 281/1663/2729 333/309/2729
f 1068/1727/2730 1115/2640/2730 1113/1974/2730
f 1853/1610/2731 1829/1573/2731 1856/1539/2731 1852/1613/2731
f 1603/802/2732 1602/805/2732 1600/2231/2732
f 1600/2231/2733 1602/805/2733 1599/2199/2733
f 1600/2231/2734 1599/2199/2734 1541/2369/2734
f 1598/2371/2735 1589/2627/2735 1541/2369/2735
f 1564/2641/2736 1566/2636/2736 1563/2638/2736
f 1622/1493/2737 1619/2385/2737 1617/2038/2737
f 1563/2638/2738 1565/2639/2738 1562/2642/2738
f 1624/2634/2739 1622/1493/2739 1617/2038/2739
f 1630/2040/2740 1624/2634/2740 1617/2038/2740
f 300/2643/2741 301/2571/2741 307/2217/2741 294/2216/2741 295/2487/2741 292/292/2741 293/295/2741 299/2586/2741 303/2140/2741 302/2139/2741 309/2541/2741
f 1637/2644/2742 1627/2039/2742 1628/2045/2742
f 330/1600/2743 285/1265/2743 341/2472/2743
f 1076/2170/2744 1087/2042/2744 1086/2044/2744
f 576/2317/2745 575/2281/2745 570/1936/2745 578/2328/2745
f 282/1263/2746 333/309/2746 339/1489/2746
f 1239/2036/2747 1235/1555/2747 1233/1114/2747
f 85/989/2748 79/424/2748 83/389/2748 89/339/2748 91/1531/2748
f 1228/149/2749 1233/1114/2749 1227/1113/2749
f 1228/149/2750 1227/1113/2750 1218/2037/2750
f 1209/1707/2751 1212/1324/2751 1157/2024/2751 1152/1708/2751
f 1609/1099/2752 1621/1426/2752 1647/2175/2752
f 1635/2174/2753 1603/802/2753 1600/2231/2753
f 1541/2369/2754 1589/2627/2754 1564/2641/2754
f 1564/2641/2755 1589/2627/2755 1566/2636/2755
f 1588/2645/2756 1608/1100/2756 1609/1099/2756 1585/2131/2756
f 1627/2039/2757 1617/2038/2757 1615/2646/2757
f 1627/2039/2758 1615/2646/2758 1628/2045/2758
f 1218/2037/2759 1221/884/2759 1211/883/2759
f 856/1620/2760 860/1945/2760 865/2647/2760 867/2648/2760 864/2457/2760
f 1208/1325/2761 1195/797/2761 1165/1322/2761
f 1609/1099/2762 1647/2175/2762 1595/2649/2762
f 1595/2649/2763 1647/2175/2763 1635/2174/2763
f 1600/2231/2764 1541/2369/2764 1543/1511/2764
f 1811/1981/2765 1812/1728/2765 1818/1464/2765 1817/1465/2765
f 1542/2650/2766 1541/2369/2766 1564/2641/2766
f 1564/2641/2767 1563/2638/2767 1561/2651/2767
f 1561/2651/2768 1563/2638/2768 1562/2642/2768
f 1549/2417/2769 1561/2651/2769 1562/2642/2769
f 1617/2038/2770 1618/1097/2770 1616/2049/2770
f 1615/2646/2771 1617/2038/2771 1616/2049/2771
f 1549/2417/2772 1562/2642/2772 1556/2631/2772
f 2597/941/2773 2580/807/2773 2579/769/2773 2577/942/2773
f 343/308/2774 339/1489/2774 333/309/2774
f 353/278/2775 356/306/2775 350/279/2775
f 2572/2158/2776 2568/1751/2776 2598/1754/2776 2601/2196/2776 2575/943/2776
f 1208/1325/2777 1244/793/2777 1195/797/2777
f 1694/806/2778 1696/827/2778 1656/964/2778 1662/966/2778
f 1541/2369/2779 1542/2650/2779 1543/1511/2779
f 1542/2650/2780 1564/2641/2780 1561/2651/2780
f 1542/2650/2781 1561/2651/2781 1546/2416/2781
f 1546/2416/2782 1561/2651/2782 1549/2417/2782
f 1615/2646/2783 1616/2049/2783 1614/1648/2783
f 1628/2045/2784 1615/2646/2784 1625/586/2784
f 341/2472/2785 338/1490/2785 340/1561/2785
f 1754/724/2786 1756/542/2786 1787/544/2786 1775/1341/2786
f 339/1489/2787 343/308/2787 342/1560/2787
f 1328/2268/2788 1330/1810/2788 1334/1922/2788 1333/1921/2788
f 76/2283/2789 78/391/2789 79/424/2789 80/496/2789 82/495/2789 81/588/2789
f 1214/1603/2790 1215/2056/2790 1208/1325/2790
f 1585/2131/2791 1609/1099/2791 1595/2649/2791
f 1595/2649/2792 1635/2174/2792 1554/1513/2792
f 500/1970/2793 469/22/2793 505/21/2793 520/872/2793
f 1543/1511/2794 1542/2650/2794 1544/515/2794
f 2018/118/2795 2052/1289/2795 2019/116/2795
f 1615/2646/2796 1614/1648/2796 1613/583/2796
f 1625/586/2797 1615/2646/2797 1613/583/2797
f 1090/2047/2798 1092/2050/2798 1110/2048/2798
f 1585/2131/2799 1595/2649/2799 1554/1513/2799
f 1596/2652/2800 1608/1100/2800 1588/2645/2800
f 1544/515/2801 1542/2650/2801 1545/516/2801
f 1616/2049/2802 1608/1100/2802 1596/2652/2802
f 1545/516/2803 1542/2650/2803 1546/2416/2803
f 1614/1648/2804 1616/2049/2804 1596/2652/2804
f 1613/583/2805 1614/1648/2805 1610/1647/2805
f 1088/2043/2806 1093/2057/2806 1092/2050/2806
f 340/1561/2807 342/1560/2807 354/2161/2807
f 1833/1431/2808 1832/1294/2808 1774/1702/2808 1865/1430/2808
f 84/502/2809 131/425/2809 88/392/2809 78/391/2809
f 1246/2054/2810 1222/2053/2810 1224/2061/2810
f 718/349/2811 722/399/2811 733/538/2811 731/350/2811
f 1588/2645/2812 1585/2131/2812 1572/2130/2812
f 1596/2652/2813 1588/2645/2813 1584/2653/2813
f 1614/1648/2814 1596/2652/2814 1586/1649/2814
f 1550/513/2815 1545/516/2815 1547/569/2815
f 1588/2645/2816 1572/2130/2816 1584/2653/2816
f 1571/2654/2817 1584/2653/2817 1572/2130/2817
f 1571/2654/2818 1572/2130/2818 1553/1512/2818
f 1553/1512/2819 1544/515/2819 1551/514/2819
f 1586/1649/2820 1584/2653/2820 1571/2654/2820
f 1586/1649/2821 1596/2652/2821 1584/2653/2821
f 1586/1649/2822 1571/2654/2822 1582/2655/2822
f 1552/570/2823 1547/569/2823 1548/2418/2823
f 1552/570/2824 1548/2418/2824 1557/2630/2824
f 1552/570/2825 1557/2630/2825 1569/2623/2825
f 1248/2656/2826 1224/2061/2826 1223/235/2826
f 1571/2654/2827 1553/1512/2827 1567/1527/2827
f 2643/1587/2828 2646/2449/2828 2645/1351/2828 2644/1350/2828
f 1582/2655/2829 1571/2654/2829 1576/2519/2829
f 1576/2519/2830 1571/2654/2830 1567/1527/2830
f 1559/1353/2831 1551/514/2831 1550/513/2831
f 1587/1644/2832 1586/1649/2832 1582/2655/2832
f 1567/1527/2833 1574/1033/2833 1575/1032/2833
f 1276/66/2834 1277/473/2834 1278/1627/2834 1275/2301/2834
f 850/887/2835 852/1623/2835 853/1622/2835 847/888/2835
f 954/1980/2836 957/2000/2836 956/2001/2836 965/145/2836 955/920/2836
f 730/720/2837 737/397/2837 721/396/2837 717/1978/2837 728/686/2837
f 170/330/2838 163/272/2838 151/256/2838 169/271/2838
f 1803/2395/2839 1800/2388/2839 1802/2394/2839 1801/2423/2839
f 2589/524/2840 2587/2164/2840 2586/2577/2840 2590/438/2840
f 1560/571/2841 1552/570/2841 1569/2623/2841
f 1241/2060/2842 1249/2657/2842 1231/1116/2842
f 2251/416/2843 2250/415/2843 2255/2159/2843 2252/2166/2843
f 1231/1116/2844 1249/2657/2844 1232/2658/2844
f 1231/1116/2845 1232/2658/2845 1226/1117/2845
f 1224/2061/2846 1248/2656/2846 1250/2062/2846
f 1226/1117/2847 1232/2658/2847 1225/233/2847
f 1232/2658/2848 1245/2659/2848 1225/233/2848
f 1225/233/2849 1245/2659/2849 1229/234/2849
f 1578/2518/2850 1582/2655/2850 1576/2519/2850
f 1575/1032/2851 1576/2519/2851 1567/1527/2851
f 1587/1644/2852 1582/2655/2852 1578/2518/2852
f 321/26/2853 323/2413/2853 325/2609/2853 328/27/2853
f 2034/130/2854 2040/166/2854 2041/192/2854 2026/125/2854 2025/124/2854
f 1580/2660/2855 1577/1031/2855 1573/1034/2855
f 1580/2660/2856 1573/1034/2856 1568/572/2856
f 1578/2518/2857 1579/2517/2857 1590/1786/2857 1593/1645/2857 1587/1644/2857
f 1580/2660/2858 1592/2661/2858 1583/2662/2858
f 1590/1786/2859 1583/2662/2859 1597/2663/2859
f 1592/2661/2860 1580/2660/2860 1568/572/2860
f 1591/2664/2861 1568/572/2861 1581/2622/2861
f 1568/572/2862 1560/571/2862 1581/2622/2862
f 1597/2663/2863 1583/2662/2863 1592/2661/2863
f 1592/2661/2864 1568/572/2864 1591/2664/2864
f 1229/234/2865 1248/2656/2865 1223/235/2865
f 1579/2517/2866 1575/1032/2866 1577/1031/2866
f 1590/1786/2867 1579/2517/2867 1583/2662/2867
f 1579/2517/2868 1577/1031/2868 1583/2662/2868
f 1583/2662/2869 1577/1031/2869 1580/2660/2869
f 448/1919/2870 439/1237/2870 440/1075/2870 441/1074/2870
