# Blender 4.1.1
# www.blender.org
mtllib Clay_Deposits.mtl
o Clay_Deposits
v -0.650783 -0.000389 0.268528
v -0.644124 0.002871 0.265157
v -0.638526 -0.000309 0.259998
v -0.641338 -0.000193 0.271576
v -0.651458 -0.000209 0.282175
v -0.650527 0.002345 0.279110
v -0.638148 0.002103 0.261762
v -0.633591 -0.000129 0.267221
v -0.637820 0.000017 0.282549
v -0.646550 -0.000081 0.285693
v -0.642699 0.003749 0.274824
v -0.636851 0.001640 0.276088
v -0.646204 -0.000400 0.262451
v -0.649771 -0.000423 0.264926
v -0.644131 -0.000411 0.259228
v -0.648278 0.002847 0.271749
v -0.653615 -0.000367 0.273363
v -0.647832 -0.000331 0.269222
v -0.639529 -0.000262 0.264590
v -0.652404 -0.000313 0.275881
v -0.645729 -0.000175 0.278020
v -0.654205 -0.000272 0.280865
v -0.643599 0.003721 0.269303
v -0.647354 0.003436 0.277179
v -0.636418 -0.000284 0.259380
v -0.639059 0.002973 0.262574
v -0.636144 -0.000154 0.268378
v -0.635024 -0.000225 0.261960
v -0.647586 -0.000147 0.282142
v -0.638173 -0.000048 0.278355
v -0.652314 0.001763 0.282617
v -0.651393 -0.000168 0.285049
v -0.638322 0.003505 0.268369
v -0.633247 -0.000174 0.263585
v -0.633591 -0.000010 0.275747
v -0.643651 -0.000037 0.285457
v -0.642253 0.003296 0.282988
v -0.632561 0.002480 0.270002
v -0.636610 0.003357 0.277292
v -0.631517 -0.000021 0.272524
v -0.635349 0.000032 0.280824
v -0.641471 0.001712 0.282325
v 0.337027 -0.001917 0.531059
v 0.297539 -0.002914 0.494043
v 0.361384 -0.002202 0.481736
v 0.383837 -0.001169 0.540073
v 0.324040 -0.001626 0.568468
v 0.272706 -0.002665 0.541088
v 0.310003 0.011510 0.481468
v 0.362913 0.011258 0.514793
v 0.378367 -0.000697 0.583895
v 0.300943 -0.001951 0.567550
v 0.263757 0.000594 0.515820
v 0.310704 0.012143 0.534610
v 0.366396 -0.001866 0.503159
v 0.317337 -0.002425 0.511713
v 0.338583 -0.002533 0.479987
v 0.269740 -0.002943 0.521984
v 0.297465 -0.002348 0.539528
v 0.368419 -0.001448 0.534456
v 0.384820 -0.001594 0.504973
v 0.323720 -0.001790 0.555685
v 0.356678 -0.001241 0.563831
v 0.294706 -0.002158 0.557727
v 0.264533 -0.003208 0.506453
v 0.258417 -0.002982 0.531164
v 0.334410 -0.002725 0.469129
v 0.307258 -0.002966 0.479325
v 0.382317 0.005153 0.525991
v 0.361323 0.007226 0.490834
v 0.355862 -0.001038 0.580980
v 0.388720 -0.000730 0.569985
v 0.275714 -0.002459 0.554283
v 0.318519 -0.001679 0.570258
v 0.287385 0.004949 0.493588
v 0.331972 0.013165 0.494595
v 0.379508 0.009035 0.554410
v 0.346423 -0.001106 0.585818
v 0.271213 0.001545 0.537161
v 0.306388 0.013307 0.504439
v 0.281338 0.005771 0.516361
v 0.341700 0.013961 0.527339
v 0.353204 0.010984 0.568918
v 0.305230 0.006676 0.558484
v 0.353420 -0.001855 0.518155
v 0.306308 -0.002707 0.501120
v 0.352300 -0.002365 0.478493
v 0.281444 -0.002966 0.507389
v 0.282396 -0.002540 0.540517
v 0.353545 -0.001670 0.532890
v 0.386625 -0.001352 0.522371
v 0.330249 -0.001849 0.543833
v 0.338076 -0.001440 0.568164
v 0.281917 -0.002437 0.549336
v 0.278848 -0.003103 0.499223
v 0.258582 -0.003076 0.523513
v 0.348585 -0.002486 0.472854
v 0.308958 -0.002967 0.477380
v 0.386476 -0.001218 0.533274
v 0.361822 0.009693 0.502277
v 0.338374 -0.001358 0.574413
v 0.386303 -0.000640 0.579780
v 0.271567 -0.002598 0.547690
v 0.310425 -0.001782 0.570817
v 0.299935 0.008938 0.485819
v 0.348193 0.012591 0.504311
v 0.382716 0.007008 0.573199
v 0.322984 -0.001519 0.578204
v 0.264588 0.000972 0.524727
v 0.307086 0.012955 0.491569
v 0.294326 0.009441 0.525052
v 0.354072 0.013001 0.520681
v 0.370376 0.008123 0.580006
v 0.302883 0.004100 0.565628
v 0.367463 -0.002015 0.490105
v 0.328727 -0.002143 0.521975
v 0.318636 -0.002733 0.485634
v 0.268759 -0.002825 0.532511
v 0.317216 -0.002122 0.536146
v 0.378257 -0.001287 0.536686
v 0.374764 -0.001901 0.491272
v 0.321306 -0.001723 0.563677
v 0.373589 -0.001143 0.553304
v 0.309177 -0.001883 0.564031
v 0.261122 -0.003188 0.511756
v 0.263848 -0.002838 0.536853
v 0.320545 0.010241 0.473520
v 0.302577 -0.002954 0.485355
v 0.373612 0.008541 0.519245
v 0.361813 -0.002177 0.483264
v 0.371029 -0.000775 0.585572
v 0.386954 -0.000938 0.555215
v 0.287109 -0.002219 0.561115
v 0.321340 -0.001650 0.569541
v 0.272899 0.002083 0.504646
v 0.318891 0.013077 0.485930
v 0.371948 0.010536 0.532736
v 0.365800 -0.000816 0.587999
v 0.284317 0.001855 0.553929
v 0.306647 0.013100 0.518875
v 0.270827 0.002737 0.513912
v 0.325657 0.013804 0.531831
v 0.330122 0.012257 0.551921
v 0.307073 0.009692 0.546807
v 0.289261 0.006265 0.536352
v 0.274287 0.003391 0.526509
v 0.285723 0.004066 0.546749
v 0.329909 0.009354 0.566879
v 0.327501 0.005827 0.576118
v 0.352565 0.007704 0.581610
v 0.348851 0.013020 0.549088
v 0.369350 0.010583 0.563771
v 0.362628 0.012068 0.541770
v 0.322384 0.014502 0.514814
v 0.335687 0.014156 0.509893
v 0.318912 0.014294 0.499743
v 0.292566 0.009709 0.508811
v 0.295997 0.009477 0.496688
v 0.282880 0.005297 0.503084
v 0.262237 -0.000675 0.533893
v 0.264271 -0.002758 0.542754
v 0.270917 -0.000432 0.546645
v 0.334534 -0.001341 0.579931
v 0.337977 -0.001330 0.577073
v 0.353791 -0.001005 0.585894
v 0.388960 -0.000798 0.564258
v 0.388871 -0.000982 0.549613
v 0.382924 0.007162 0.541201
v 0.346409 0.010565 0.490499
v 0.347284 0.007637 0.477467
v 0.332309 0.010790 0.479248
v 0.295309 -0.003052 0.485454
v 0.284795 -0.003116 0.491777
v 0.274832 -0.003168 0.498439
v 0.295674 -0.002078 0.563149
v 0.284225 -0.002311 0.556919
v 0.304039 -0.001957 0.563760
v 0.375099 -0.000801 0.579099
v 0.356319 -0.001118 0.574084
v 0.375038 -0.000929 0.568897
v 0.373442 0.006293 0.506346
v 0.384484 -0.001499 0.512955
v 0.375597 0.003780 0.496183
v 0.322173 -0.002870 0.470839
v 0.337542 -0.002663 0.470717
v 0.323653 -0.002781 0.476317
v 0.256780 -0.003147 0.519768
v 0.262869 -0.003131 0.514362
v 0.259801 -0.003019 0.526756
v 0.294314 -0.002264 0.549687
v 0.309684 -0.002066 0.548814
v 0.306666 -0.001992 0.558048
v 0.339681 -0.001517 0.560243
v 0.346572 -0.001584 0.547336
v 0.361860 -0.001341 0.550221
v 0.381724 -0.001464 0.518752
v 0.371451 -0.001612 0.518024
v 0.379481 -0.001695 0.502622
v 0.282329 -0.002664 0.530647
v 0.291135 -0.002713 0.517184
v 0.305122 -0.002404 0.526727
v 0.354130 -0.002194 0.490255
v 0.344122 -0.002128 0.506424
v 0.330762 -0.002457 0.494610
v -0.379296 -0.003937 0.494521
v -0.342056 -0.002225 0.549301
v -0.421561 -0.003870 0.546899
v -0.432765 -0.005423 0.471219
v -0.353790 -0.004145 0.453324
v -0.299832 -0.002243 0.499771
v -0.358211 0.006653 0.563214
v -0.412661 0.003743 0.509031
v -0.414516 -0.005948 0.420351
v -0.326463 -0.003466 0.460607
v -0.295370 0.000726 0.532916
v -0.344844 0.005782 0.499557
v -0.421815 -0.004348 0.519973
v -0.360964 -0.003070 0.522897
v -0.394810 -0.003187 0.555094
v -0.301399 -0.001860 0.523379
v -0.329805 -0.002931 0.495003
v -0.415860 -0.004893 0.482056
v -0.443323 -0.004906 0.512873
v -0.356825 -0.003937 0.468676
v -0.393990 -0.005012 0.450121
v -0.321644 -0.003134 0.474007
v -0.299336 -0.001469 0.543321
v -0.285427 -0.001677 0.515449
v -0.392732 -0.002898 0.569179
v -0.357592 -0.002276 0.564274
v -0.433772 -0.001072 0.489452
v -0.417707 0.001833 0.537493
v -0.388431 -0.005255 0.429859
v -0.430595 -0.006029 0.434190
v -0.299895 -0.002534 0.483207
v -0.346720 -0.004014 0.452666
v -0.328897 0.003097 0.553805
v -0.380754 0.006566 0.541838
v -0.422304 0.000804 0.456820
v -0.375869 -0.005059 0.426610
v -0.298480 0.000545 0.505523
v -0.347527 0.007378 0.536990
v -0.315500 0.003305 0.528324
v -0.383574 0.005937 0.500169
v -0.386717 0.002668 0.446868
v -0.332749 0.001998 0.471631
v -0.402315 -0.004208 0.505540
v -0.350631 -0.002588 0.538502
v -0.411584 -0.003559 0.553204
v -0.319274 -0.001970 0.537674
v -0.311551 -0.002512 0.497857
v -0.398524 -0.004440 0.487910
v -0.440826 -0.005228 0.491612
v -0.367789 -0.003941 0.481080
v -0.370626 -0.004544 0.449928
v -0.308622 -0.002636 0.487453
v -0.318358 -0.001768 0.548120
v -0.287671 -0.001563 0.524541
v -0.408656 -0.003364 0.560934
v -0.360142 -0.002295 0.566142
v -0.437732 -0.005394 0.478632
v -0.414907 0.003095 0.524054
v -0.369310 -0.004650 0.442386
v -0.425090 -0.006112 0.423140
v -0.296706 -0.002313 0.492191
v -0.336908 -0.003790 0.454166
v -0.345390 0.005313 0.560328
v -0.397652 0.005373 0.525749
v -0.421443 -0.001027 0.433165
v -0.349925 -0.004266 0.441981
v -0.293944 0.000724 0.522095
v -0.351832 0.007432 0.552142
v -0.328190 0.004921 0.514991
v -0.400274 0.005029 0.504645
v -0.404719 -0.000026 0.428527
v -0.328417 0.000303 0.463320
v -0.426579 -0.004175 0.535276
v -0.371817 -0.003557 0.507592
v -0.369488 -0.002701 0.553693
v -0.297414 -0.001996 0.511070
v -0.354286 -0.003446 0.493751
v -0.427008 -0.005210 0.476759
v -0.434982 -0.004403 0.531928
v -0.351807 -0.003992 0.459778
v -0.416993 -0.005334 0.458163
v -0.337233 -0.003649 0.462604
v -0.293846 -0.001453 0.537902
v -0.290389 -0.001922 0.507200
v -0.373111 0.005650 0.569677
v -0.350392 -0.002235 0.558328
v -0.424665 0.001536 0.500396
v -0.421664 -0.003906 0.544959
v -0.405308 -0.005763 0.420314
v -0.432436 -0.005749 0.452302
v -0.311670 -0.002968 0.471996
v -0.350280 -0.004084 0.452766
v -0.309053 0.001580 0.544044
v -0.367427 0.007201 0.555719
v -0.418804 0.002534 0.485017
v -0.398417 -0.005650 0.418816
v -0.309650 -0.000140 0.481977
v -0.344034 0.006902 0.519621
v -0.304020 0.001852 0.533621
v -0.363221 0.006331 0.499102
v -0.363448 0.004725 0.473627
v -0.337617 0.004094 0.485568
v -0.319592 0.002853 0.502351
v -0.304717 0.001838 0.517720
v -0.312919 0.001362 0.490528
v -0.359641 0.002562 0.455343
v -0.354818 0.000223 0.444395
v -0.383056 0.000338 0.431351
v -0.386484 0.004571 0.472078
v -0.407448 0.001935 0.448604
v -0.405039 0.003632 0.476966
v -0.363726 0.007289 0.520448
v -0.380990 0.006691 0.522690
v -0.363608 0.007640 0.539381
v -0.330360 0.005534 0.534935
v -0.337715 0.005544 0.548473
v -0.320938 0.003261 0.543717
v -0.288936 -0.000436 0.511511
v -0.289317 -0.002026 0.500040
v -0.295894 -0.000905 0.493952
v -0.363252 -0.004625 0.436824
v -0.368126 -0.004680 0.439316
v -0.384645 -0.005272 0.424546
v -0.432413 -0.005947 0.440965
v -0.436223 -0.005717 0.458478
v -0.430168 -0.000189 0.471407
v -0.399479 0.004492 0.542438
v -0.404412 0.002927 0.557336
v -0.385576 0.005422 0.559737
v -0.341689 -0.002028 0.560155
v -0.327448 -0.001823 0.555421
v -0.313774 -0.001640 0.550133
v -0.321350 -0.003246 0.467273
v -0.309349 -0.002820 0.477780
v -0.331173 -0.003497 0.464303
v -0.411898 -0.005779 0.426954
v -0.390820 -0.005161 0.437972
v -0.414553 -0.005619 0.439153
v -0.428213 0.000434 0.515523
v -0.440788 -0.005020 0.503430
v -0.433852 -0.000986 0.526709
v -0.377666 -0.002573 0.570414
v -0.396046 -0.003013 0.566444
v -0.377968 -0.002701 0.563475
v -0.286521 -0.001453 0.529496
v -0.295236 -0.001544 0.534322
v -0.288259 -0.001649 0.520342
v -0.323326 -0.002998 0.483714
v -0.341908 -0.003426 0.480640
v -0.335836 -0.003483 0.470422
v -0.374661 -0.004467 0.458958
v -0.386337 -0.004465 0.472526
v -0.403815 -0.004949 0.464986
v -0.435943 -0.005031 0.497246
v -0.423874 -0.004724 0.500867
v -0.437579 -0.004716 0.517110
v -0.314111 -0.002357 0.509662
v -0.328222 -0.002401 0.523381
v -0.342368 -0.002952 0.508239
v -0.410623 -0.003794 0.538668
v -0.394353 -0.003758 0.522040
v -0.381563 -0.003190 0.539726
v 0.347131 -0.000829 0.170072
v 0.376529 0.000392 0.223486
v 0.286056 -0.001494 0.193254
v 0.281694 -0.002251 0.144065
v 0.338905 -0.001767 0.112376
v 0.405896 -0.000269 0.142041
v 0.294202 0.021876 0.186319
v 0.244549 -0.002608 0.161548
v 0.270958 -0.003081 0.097017
v 0.359615 -0.001883 0.080007
v 0.391475 0.037419 0.164795
v 0.318181 0.023820 0.131246
v 0.314057 -0.001117 0.187829
v 0.376224 0.000223 0.211713
v 0.320315 -0.000639 0.214767
v 0.410455 0.000562 0.196337
v 0.387297 -0.000267 0.163722
v 0.313364 -0.001593 0.154492
v 0.278165 -0.001961 0.168935
v 0.347016 -0.001357 0.132388
v 0.314032 -0.002010 0.123790
v 0.375251 -0.001167 0.113206
v 0.389826 0.029426 0.197221
v 0.405765 0.025705 0.151760
v 0.287421 0.005921 0.191273
v 0.320694 0.019027 0.207072
v 0.249171 -0.002661 0.152375
v 0.263916 -0.002100 0.175501
v 0.302794 -0.002553 0.097921
v 0.269913 -0.002798 0.118524
v 0.390592 -0.001245 0.089814
v 0.349931 -0.001942 0.087058
v 0.346559 0.034659 0.180250
v 0.273731 0.013035 0.173752
v 0.250440 -0.002965 0.129146
v 0.310577 -0.002662 0.081118
v 0.379463 0.028244 0.117261
v 0.309278 0.028567 0.159156
v 0.357014 0.034339 0.141855
v 0.272699 0.014290 0.145920
v 0.285175 0.009821 0.112766
v 0.339615 0.020640 0.105446
v 0.332329 -0.000927 0.180187
v 0.381208 0.000467 0.223392
v 0.299609 -0.001123 0.204133
v 0.399159 0.000652 0.215855
v 0.400337 -0.000188 0.154284
v 0.329393 -0.001239 0.161290
v 0.278270 -0.002136 0.156295
v 0.347328 -0.001092 0.150955
v 0.327383 -0.001882 0.117534
v 0.393766 -0.000699 0.125310
v 0.385405 0.021050 0.214494
v 0.400869 0.033505 0.160096
v 0.285875 -0.001489 0.193796
v 0.302683 0.021021 0.196387
v 0.263596 -0.002491 0.147832
v 0.250842 -0.002397 0.169395
v 0.322589 -0.002127 0.105522
v 0.267436 -0.003020 0.105493
v 0.401071 -0.000739 0.113950
v 0.356163 -0.001963 0.078319
v 0.315758 0.028796 0.184818
v 0.256960 0.008546 0.168758
v 0.259007 -0.003083 0.110722
v 0.337255 -0.002276 0.077797
v 0.388692 0.034668 0.143487
v 0.300282 0.026223 0.174491
v 0.338176 0.029601 0.134780
v 0.254214 0.009058 0.155271
v 0.273971 0.004235 0.102180
v 0.350873 0.016813 0.090273
v 0.296767 -0.001332 0.192454
v 0.362219 -0.000292 0.191070
v 0.349868 -0.000037 0.223691
v 0.411607 0.000210 0.169748
v 0.367712 -0.000520 0.168333
v 0.297170 -0.001931 0.149069
v 0.281016 -0.001726 0.182513
v 0.343808 -0.001572 0.120657
v 0.297446 -0.002137 0.133984
v 0.356090 -0.001501 0.111502
v 0.394023 0.035446 0.181124
v 0.408534 -0.000182 0.145223
v 0.287826 0.014230 0.189668
v 0.349844 0.015954 0.218982
v 0.242009 -0.002697 0.158143
v 0.274836 -0.001794 0.184762
v 0.283406 -0.002920 0.094146
v 0.275142 -0.002526 0.131950
v 0.376450 -0.001612 0.079938
v 0.343897 -0.001847 0.100864
v 0.374981 0.037836 0.174357
v 0.283554 0.017749 0.180360
v 0.243418 -0.002823 0.147451
v 0.286872 -0.002961 0.087160
v 0.371199 0.020066 0.094110
v 0.315450 0.027265 0.144153
v 0.377101 0.037424 0.153924
v 0.295856 0.019680 0.137787
v 0.302552 0.017106 0.122497
v 0.329710 0.022912 0.119235
v 0.351183 0.028508 0.122713
v 0.370439 0.032780 0.130332
v 0.361067 0.025390 0.109530
v 0.312220 0.015111 0.107342
v 0.324264 0.012597 0.090104
v 0.296185 0.007753 0.094557
v 0.277326 0.012014 0.129632
v 0.264283 0.005472 0.120333
v 0.257818 0.007553 0.137864
v 0.291102 0.021897 0.152383
v 0.271604 0.014591 0.161133
v 0.288388 0.021226 0.167047
v 0.334910 0.033004 0.150846
v 0.327411 0.032988 0.168915
v 0.354596 0.036492 0.161762
v 0.394905 0.028314 0.131799
v 0.399891 -0.000721 0.116574
v 0.387704 0.020365 0.099862
v 0.329798 -0.002357 0.080634
v 0.325187 -0.002278 0.091666
v 0.304357 -0.002696 0.085850
v 0.255676 -0.002977 0.122199
v 0.256399 -0.002783 0.135259
v 0.245282 -0.002883 0.141011
v 0.266264 -0.002061 0.175619
v 0.275452 -0.001808 0.183082
v 0.279021 0.009503 0.182354
v 0.331975 0.028172 0.195410
v 0.356359 0.025709 0.205518
v 0.368793 0.033659 0.190621
v 0.373024 -0.001625 0.082981
v 0.385368 -0.001221 0.097585
v 0.364802 -0.001558 0.097280
v 0.285069 -0.002722 0.106362
v 0.307697 -0.002294 0.110780
v 0.291951 -0.002426 0.119626
v 0.253217 -0.002415 0.165331
v 0.261765 -0.002336 0.161103
v 0.268126 -0.002067 0.172981
v 0.299487 0.011815 0.200471
v 0.300422 -0.001111 0.204013
v 0.317916 -0.000696 0.213500
v 0.403793 0.029058 0.178193
v 0.405541 0.021309 0.199943
v 0.410736 0.000275 0.175378
v 0.382788 -0.000714 0.136917
v 0.367187 -0.000854 0.144991
v 0.362307 -0.001235 0.123364
v 0.331112 -0.001683 0.127409
v 0.330552 -0.001481 0.142575
v 0.315310 -0.001786 0.138376
v 0.294958 -0.001775 0.162781
v 0.311884 -0.001390 0.170749
v 0.294301 -0.001578 0.177675
v 0.403577 0.000269 0.183297
v 0.399105 0.000557 0.209084
v 0.386738 0.000107 0.191227
v 0.317741 -0.000823 0.204613
v 0.344358 -0.000428 0.202033
v 0.350153 -0.000109 0.218150
v -0.204940 -0.019118 -0.822478
v -0.292091 -0.019653 -0.778722
v -0.273028 -0.021206 -0.894227
v -0.160504 -0.019652 -0.895975
v -0.149872 -0.017632 -0.777329
v -0.228147 -0.017633 -0.707582
v -0.305637 0.006757 -0.805239
v -0.216332 0.004326 -0.874187
v -0.089916 -0.018086 -0.859547
v -0.165839 -0.017251 -0.738874
v -0.276424 -0.011383 -0.707535
v -0.215460 0.008450 -0.773465
v -0.233724 -0.020577 -0.889405
v -0.249897 -0.019414 -0.801211
v -0.290212 -0.020857 -0.856788
v -0.262258 -0.018220 -0.714420
v -0.215329 -0.018127 -0.750382
v -0.179611 -0.019565 -0.873408
v -0.219163 -0.020846 -0.919409
v -0.171659 -0.018055 -0.784717
v -0.137334 -0.018371 -0.835348
v -0.186318 -0.017468 -0.734429
v -0.291735 -0.018647 -0.715257
v -0.253823 -0.017710 -0.689595
v -0.311152 -0.021146 -0.856473
v -0.310879 -0.020320 -0.804273
v -0.185272 -0.007862 -0.901082
v -0.257760 -0.003416 -0.886966
v -0.108883 -0.017782 -0.823333
v -0.106945 -0.018737 -0.885669
v -0.203987 -0.017244 -0.704479
v -0.150297 -0.017474 -0.766890
v -0.299247 -0.004456 -0.760547
v -0.269765 0.009043 -0.834021
v -0.139058 -0.000165 -0.878127
v -0.106605 -0.017451 -0.804383
v -0.235736 -0.009707 -0.706800
v -0.269111 0.010517 -0.784628
v -0.264567 -0.002423 -0.736103
v -0.208403 0.010446 -0.830103
v -0.130987 0.004779 -0.824341
v -0.178526 -0.001334 -0.750331
v -0.216500 -0.019843 -0.858179
v -0.274669 -0.019572 -0.789148
v -0.284173 -0.021152 -0.880890
v -0.279599 -0.018918 -0.743250
v -0.223062 -0.017825 -0.724307
v -0.191539 -0.019352 -0.849249
v -0.188656 -0.020295 -0.911665
v -0.187598 -0.018569 -0.803101
v -0.141626 -0.017893 -0.801231
v -0.208468 -0.017521 -0.718028
v -0.295008 -0.019145 -0.743929
v -0.266639 -0.017969 -0.694620
v -0.296015 -0.021275 -0.878111
v -0.313103 -0.020415 -0.808352
v -0.170339 -0.019927 -0.904650
v -0.238139 0.001310 -0.880334
v -0.130888 -0.017689 -0.797858
v -0.091913 -0.018366 -0.875508
v -0.217708 -0.017391 -0.701561
v -0.154405 -0.017310 -0.752867
v -0.304557 0.002409 -0.785935
v -0.243230 0.007360 -0.855549
v -0.105312 -0.003921 -0.872267
v -0.134092 -0.017287 -0.769504
v -0.260865 -0.010620 -0.703372
v -0.290407 0.009696 -0.793824
v -0.241806 0.003992 -0.752105
v -0.211918 0.008040 -0.855306
v -0.101527 -0.001224 -0.847000
v -0.167911 -0.005995 -0.742361
v -0.255102 -0.021034 -0.899305
v -0.225459 -0.019274 -0.814090
v -0.293125 -0.020311 -0.819583
v -0.245092 -0.017850 -0.706234
v -0.208713 -0.018594 -0.785849
v -0.169707 -0.019666 -0.888647
v -0.248576 -0.021125 -0.910917
v -0.159669 -0.017744 -0.775682
v -0.144557 -0.019026 -0.870451
v -0.166642 -0.017516 -0.754968
v -0.284908 -0.018409 -0.706205
v -0.240826 -0.017616 -0.695241
v -0.312469 0.003838 -0.828195
v -0.303619 -0.020034 -0.792624
v -0.202118 -0.001193 -0.889976
v -0.270180 -0.021162 -0.894004
v -0.091664 -0.017899 -0.846109
v -0.132989 -0.019200 -0.891847
v -0.185338 -0.017219 -0.719493
v -0.149746 -0.017548 -0.772101
v -0.289597 -0.009098 -0.729668
v -0.292562 0.009358 -0.817262
v -0.180386 0.002760 -0.878495
v -0.090829 -0.017724 -0.835769
v -0.199241 -0.009523 -0.718549
v -0.244569 0.010265 -0.776175
v -0.275245 -0.007686 -0.720327
v -0.210829 0.010892 -0.800210
v -0.174106 0.007998 -0.795593
v -0.197114 0.004130 -0.760178
v -0.225867 -0.001636 -0.737065
v -0.251817 -0.006482 -0.718285
v -0.210502 -0.005507 -0.725009
v -0.148961 0.002709 -0.786456
v -0.134840 -0.003715 -0.777243
v -0.109933 -0.001222 -0.815944
v -0.167205 0.008589 -0.828905
v -0.129599 0.003274 -0.854903
v -0.170958 0.006132 -0.856893
v -0.241613 0.012173 -0.805081
v -0.241618 0.010896 -0.830686
v -0.269231 0.011781 -0.808560
v -0.270334 0.004407 -0.759126
v -0.288663 0.003701 -0.772463
v -0.286025 -0.003512 -0.746997
v -0.246844 -0.013517 -0.693995
v -0.230597 -0.017426 -0.692297
v -0.219893 -0.013309 -0.700756
v -0.123966 -0.017436 -0.787948
v -0.126645 -0.017593 -0.795538
v -0.101879 -0.017580 -0.816785
v -0.116466 -0.018933 -0.889627
v -0.141253 -0.019422 -0.898561
v -0.159220 -0.003962 -0.892378
v -0.267656 0.003497 -0.861399
v -0.289099 -0.002170 -0.871414
v -0.295458 0.004415 -0.844466
v -0.307987 -0.019901 -0.780282
v -0.303872 -0.019501 -0.758596
v -0.298839 -0.019100 -0.737630
v -0.176557 -0.017304 -0.732702
v -0.194224 -0.017308 -0.717224
v -0.170305 -0.017433 -0.746456
v -0.100056 -0.018188 -0.857001
v -0.120244 -0.018021 -0.828381
v -0.117321 -0.018529 -0.863227
v -0.223994 -0.005536 -0.898028
v -0.205894 -0.020572 -0.913889
v -0.239797 -0.010449 -0.908367
v -0.315901 -0.020870 -0.834736
v -0.306516 -0.021149 -0.860780
v -0.305727 -0.020713 -0.833839
v -0.274087 -0.018063 -0.693899
v -0.279417 -0.018353 -0.707541
v -0.260401 -0.017882 -0.694668
v -0.200139 -0.017731 -0.738755
v -0.192021 -0.018035 -0.765265
v -0.178312 -0.017671 -0.754439
v -0.154001 -0.018187 -0.808858
v -0.171496 -0.018743 -0.828507
v -0.157083 -0.018919 -0.852547
v -0.197826 -0.020329 -0.905629
v -0.205467 -0.020170 -0.888724
v -0.226465 -0.020829 -0.911846
v -0.239772 -0.018155 -0.730317
v -0.257010 -0.018763 -0.753546
v -0.232166 -0.018693 -0.771260
v -0.263169 -0.020791 -0.876686
v -0.242112 -0.020070 -0.849747
v -0.270400 -0.020227 -0.834502
v -0.583626 -0.008791 -0.331371
v -0.648573 -0.009490 -0.306081
v -0.600582 -0.010079 -0.404013
v -0.544227 -0.009133 -0.401582
v -0.517053 -0.007723 -0.332041
v -0.560831 -0.007435 -0.260619
v -0.590760 0.016880 -0.393775
v -0.558370 -0.009985 -0.446269
v -0.489327 -0.008316 -0.406691
v -0.483556 -0.006786 -0.303737
v -0.579226 0.034948 -0.280403
v -0.531736 0.020984 -0.358369
v -0.598698 -0.009595 -0.371489
v -0.635197 -0.009253 -0.304662
v -0.630149 -0.010061 -0.368438
v -0.622997 -0.008483 -0.263592
v -0.582548 -0.008126 -0.284931
v -0.560850 -0.008923 -0.367277
v -0.571847 -0.009688 -0.409305
v -0.540944 -0.008023 -0.325855
v -0.526192 -0.008288 -0.361920
v -0.523523 -0.007255 -0.291003
v -0.616845 0.024629 -0.287119
v -0.568260 0.021941 -0.262253
v -0.597525 -0.001527 -0.402179
v -0.618776 0.012727 -0.366878
v -0.548688 -0.009736 -0.439660
v -0.577113 -0.010012 -0.426427
v -0.495194 -0.007909 -0.370771
v -0.513518 -0.008769 -0.411097
v -0.499372 -0.006573 -0.270124
v -0.490066 -0.007059 -0.315760
v -0.590201 0.031461 -0.333584
v -0.574564 0.007325 -0.415065
v -0.522582 -0.009245 -0.434743
v -0.477354 -0.007462 -0.359439
v -0.524726 0.026239 -0.286874
v -0.561362 0.025449 -0.372638
v -0.548315 0.032437 -0.315990
v -0.542668 0.009778 -0.412066
v -0.507608 0.005806 -0.392963
v -0.506222 0.018173 -0.330224
v -0.592827 -0.009195 -0.349650
v -0.649178 -0.009425 -0.300768
v -0.614960 -0.010120 -0.390294
v -0.643376 -0.009032 -0.279309
v -0.573846 -0.007759 -0.268749
v -0.570985 -0.008848 -0.350144
v -0.557553 -0.009428 -0.407293
v -0.562013 -0.008398 -0.328283
v -0.521140 -0.007982 -0.345863
v -0.540043 -0.007255 -0.271848
v -0.636905 0.014437 -0.294705
v -0.575886 0.030591 -0.269055
v -0.601167 -0.010092 -0.404299
v -0.603604 0.015491 -0.385677
v -0.545739 -0.009451 -0.422643
v -0.568212 -0.010062 -0.440318
v -0.506811 -0.007801 -0.349492
v -0.498387 -0.008536 -0.411950
v -0.528292 -0.006926 -0.261873
v -0.481120 -0.006797 -0.307393
v -0.591433 0.024743 -0.369145
v -0.566929 0.002454 -0.433307
v -0.503026 -0.008755 -0.422280
v -0.477653 -0.007039 -0.328728
v -0.555010 0.032589 -0.280359
v -0.577686 0.022254 -0.385122
v -0.538035 0.027369 -0.336259
v -0.551138 0.003546 -0.434396
v -0.494642 -0.000145 -0.404060
v -0.491279 0.014285 -0.315196
v -0.601305 -0.009920 -0.391762
v -0.609695 -0.009019 -0.317430
v -0.644749 -0.009849 -0.336306
v -0.593068 -0.007925 -0.258303
v -0.584788 -0.008481 -0.307802
v -0.552247 -0.009029 -0.384805
v -0.587654 -0.009927 -0.408112
v -0.527174 -0.007827 -0.327730
v -0.535210 -0.008717 -0.382232
v -0.518678 -0.007476 -0.312448
v -0.598410 0.032083 -0.279962
v -0.564834 -0.007465 -0.258108
v -0.594625 0.008039 -0.401489
v -0.637205 0.008625 -0.335645
v -0.554129 -0.009950 -0.448636
v -0.589261 -0.010055 -0.415447
v -0.487970 -0.008091 -0.392163
v -0.529515 -0.008973 -0.407187
v -0.486040 -0.006560 -0.284660
v -0.504779 -0.007421 -0.324663
v -0.587468 0.035163 -0.300516
v -0.582926 0.012429 -0.404936
v -0.542238 -0.009713 -0.445437
v -0.480589 -0.007902 -0.387190
v -0.498320 0.017764 -0.292755
v -0.545478 0.024472 -0.363399
v -0.564679 0.035424 -0.295053
v -0.536277 0.016124 -0.384627
v -0.520325 0.013699 -0.374750
v -0.520019 0.020322 -0.343511
v -0.526508 0.026489 -0.319719
v -0.537534 0.031002 -0.299057
v -0.513511 0.023349 -0.306547
v -0.504904 0.011917 -0.361528
v -0.487559 0.009604 -0.345302
v -0.488941 0.004044 -0.377764
v -0.525222 0.007742 -0.404383
v -0.513564 0.000660 -0.417754
v -0.532161 0.002438 -0.427705
v -0.551792 0.018155 -0.392201
v -0.559711 0.009576 -0.415586
v -0.568095 0.016867 -0.397470
v -0.555283 0.030696 -0.342370
v -0.574620 0.030059 -0.353570
v -0.570222 0.034189 -0.321714
v -0.543588 0.025709 -0.271564
v -0.531084 -0.006995 -0.263602
v -0.507350 0.017811 -0.274925
v -0.479731 -0.007196 -0.337598
v -0.491519 -0.007483 -0.344474
v -0.481765 -0.007642 -0.367192
v -0.515513 -0.009033 -0.427772
v -0.530410 -0.009290 -0.428909
v -0.535231 -0.009556 -0.442361
v -0.577605 -0.009983 -0.423785
v -0.587451 -0.010013 -0.414498
v -0.585622 0.002941 -0.410359
v -0.606035 0.023559 -0.352365
v -0.621600 0.020245 -0.326260
v -0.605532 0.029823 -0.309957
v -0.488964 -0.006668 -0.288996
v -0.507375 -0.006801 -0.277204
v -0.503901 -0.007069 -0.300450
v -0.502055 -0.008318 -0.392110
v -0.510498 -0.008106 -0.367146
v -0.518118 -0.008497 -0.386304
v -0.563971 -0.009947 -0.437020
v -0.560486 -0.009747 -0.426705
v -0.574901 -0.009904 -0.421282
v -0.609009 0.004823 -0.389898
v -0.614948 -0.010107 -0.389355
v -0.628350 -0.010067 -0.370965
v -0.597472 0.024827 -0.268450
v -0.623474 0.015158 -0.269720
v -0.599309 -0.008051 -0.260132
v -0.551514 -0.007639 -0.286021
v -0.558282 -0.008012 -0.304899
v -0.533054 -0.007635 -0.307185
v -0.532888 -0.008134 -0.343119
v -0.549972 -0.008451 -0.346027
v -0.542901 -0.008568 -0.362658
v -0.567435 -0.009338 -0.389365
v -0.579031 -0.009275 -0.371390
v -0.584198 -0.009651 -0.392341
v -0.607187 -0.008308 -0.269426
v -0.635701 -0.008894 -0.278355
v -0.613603 -0.008695 -0.289685
v -0.618262 -0.009888 -0.369831
v -0.619390 -0.009481 -0.339300
v -0.638519 -0.009732 -0.335153
v 0.042175 -0.002820 0.173884
v 0.003531 -0.004055 0.130160
v 0.094380 -0.002455 0.139450
v 0.108751 -0.001594 0.184470
v 0.061935 -0.001772 0.226039
v -0.006858 -0.003076 0.212362
v 0.090608 0.010996 0.149172
v 0.139793 -0.001428 0.160368
v 0.128627 -0.000691 0.226156
v 0.049362 -0.001493 0.260601
v 0.005696 0.018378 0.190578
v 0.079970 0.012945 0.205772
v 0.069357 -0.002708 0.150379
v 0.006280 -0.003858 0.141091
v 0.057873 -0.003226 0.126534
v -0.022481 -0.004023 0.162615
v 0.005980 -0.003205 0.188223
v 0.076981 -0.002152 0.181364
v 0.106842 -0.001959 0.160508
v 0.050169 -0.002200 0.209049
v 0.082783 -0.001656 0.210173
v 0.027806 -0.002229 0.232873
v -0.000411 0.013019 0.159397
v -0.006128 0.011644 0.204965
v 0.094279 0.001834 0.142076
v 0.061150 0.008278 0.135104
v 0.137395 -0.001334 0.169901
v 0.118780 -0.001893 0.151393
v 0.098696 -0.001094 0.231977
v 0.125102 -0.001031 0.205854
v 0.018370 -0.002032 0.257928
v 0.056933 -0.001491 0.251989
v 0.044193 0.017378 0.166594
v 0.111510 0.006653 0.156071
v 0.141072 -0.000968 0.191858
v 0.094942 -0.000913 0.249297
v 0.026017 0.014516 0.231901
v 0.082906 0.015188 0.178143
v 0.042467 0.017907 0.204638
v 0.118469 0.008078 0.181954
v 0.113322 0.006047 0.215248
v 0.065022 0.011284 0.234143
v 0.053886 -0.002805 0.161340
v -0.000820 -0.004111 0.131228
v 0.079442 -0.002799 0.132129
v -0.016013 -0.004206 0.142025
v -0.004227 -0.003210 0.199766
v 0.060584 -0.002459 0.178372
v 0.109390 -0.001753 0.172332
v 0.045991 -0.002508 0.191777
v 0.071620 -0.001716 0.218810
v 0.007975 -0.002654 0.225446
v -0.000769 0.007869 0.141777
v -0.002505 0.016038 0.196668
v 0.094436 -0.002462 0.138906
v 0.080462 0.010075 0.141471
v 0.124870 -0.001435 0.177163
v 0.132272 -0.001634 0.154357
v 0.078612 -0.001461 0.229023
v 0.130144 -0.000787 0.217504
v 0.003528 -0.002556 0.237584
v 0.052940 -0.001424 0.261454
v 0.071458 0.014553 0.155521
v 0.127799 0.004551 0.156949
v 0.136924 -0.000770 0.210855
v 0.070714 -0.001184 0.257983
v 0.012510 0.017375 0.209733
v 0.087854 0.013657 0.161781
v 0.061103 0.015758 0.207015
v 0.133264 0.005235 0.169018
v 0.125468 0.003331 0.222440
v 0.057291 0.009209 0.250418
v 0.084541 -0.002572 0.142440
v 0.023685 -0.003348 0.157435
v 0.028396 -0.003733 0.124388
v -0.017992 -0.003601 0.187685
v 0.023311 -0.003042 0.179817
v 0.093245 -0.001865 0.183037
v 0.101337 -0.002217 0.148425
v 0.055622 -0.001968 0.219332
v 0.096144 -0.001621 0.197181
v 0.046063 -0.001967 0.230453
v -0.000330 0.016788 0.175715
v -0.009989 -0.003161 0.209943
v 0.095087 0.006648 0.144209
v 0.031045 0.005590 0.129840
v 0.142879 -0.001341 0.163015
v 0.106639 -0.002179 0.145031
v 0.117599 -0.000796 0.231443
v 0.117407 -0.001315 0.194411
v 0.033648 -0.001698 0.264189
v 0.059681 -0.001644 0.237834
v 0.019160 0.018739 0.178231
v 0.101406 0.008994 0.152251
v 0.143800 -0.001183 0.173294
v 0.115823 -0.000723 0.238692
v 0.037793 0.010551 0.251280
v 0.080158 0.014672 0.193367
v 0.021440 0.018956 0.197745
v 0.099062 0.010882 0.194735
v 0.095754 0.009630 0.210252
v 0.071619 0.012468 0.219340
v 0.051361 0.015143 0.220932
v 0.032171 0.017003 0.218103
v 0.044571 0.013458 0.235107
v 0.089695 0.008643 0.226300
v 0.081799 0.007358 0.244755
v 0.106644 0.005065 0.234425
v 0.117339 0.007066 0.197992
v 0.130836 0.003808 0.203536
v 0.133405 0.004716 0.185940
v 0.100662 0.011904 0.180248
v 0.116319 0.007903 0.167526
v 0.100043 0.011218 0.165932
v 0.061123 0.017394 0.191542
v 0.064332 0.017105 0.173090
v 0.040755 0.018712 0.185670
v 0.008508 0.013868 0.221533
v 0.004082 -0.002585 0.234887
v 0.021165 0.010227 0.249361
v 0.077086 -0.001140 0.253772
v 0.079086 -0.001265 0.242506
v 0.099762 -0.000915 0.243576
v 0.137634 -0.000918 0.199441
v 0.134225 -0.001141 0.187397
v 0.143406 -0.001100 0.179698
v 0.116561 -0.001924 0.151774
v 0.106416 -0.002159 0.146729
v 0.104385 0.004295 0.148899
v 0.053985 0.013586 0.148957
v 0.028782 0.011395 0.144426
v 0.021098 0.016070 0.161464
v 0.036212 -0.001706 0.260631
v 0.021624 -0.002096 0.249578
v 0.040901 -0.001840 0.245557
v 0.113488 -0.001017 0.220383
v 0.091425 -0.001365 0.220995
v 0.104284 -0.001318 0.209438
v 0.130904 -0.001596 0.158650
v 0.123803 -0.001631 0.164387
v 0.115374 -0.001903 0.154627
v 0.081650 0.004743 0.136380
v 0.078707 -0.002807 0.132411
v 0.060379 -0.003176 0.127215
v -0.009509 0.012971 0.180068
v -0.016521 0.007940 0.159591
v -0.018357 -0.003683 0.182246
v 0.015803 -0.002710 0.212309
v 0.028687 -0.002653 0.201503
v 0.037773 -0.002238 0.220677
v 0.066069 -0.001924 0.210369
v 0.063418 -0.002166 0.196090
v 0.078536 -0.001911 0.196820
v 0.092442 -0.002063 0.169769
v 0.074961 -0.002401 0.165873
v 0.089938 -0.002300 0.155724
v -0.013327 -0.003725 0.173352
v -0.014546 -0.004094 0.148336
v 0.000745 -0.003650 0.162422
v 0.062402 -0.003028 0.135477
v 0.038076 -0.003310 0.143459
v 0.029289 -0.003646 0.129622
v 0.375075 -0.004793 -0.229008
v 0.337712 -0.005171 -0.212744
v 0.363503 -0.005567 -0.271053
v 0.396481 -0.005032 -0.270926
v 0.413952 -0.004191 -0.230927
v 0.390015 -0.003982 -0.188200
v 0.369469 0.010599 -0.265239
v 0.387194 -0.005542 -0.296706
v 0.428437 -0.004574 -0.275170
v 0.434170 -0.003644 -0.215161
v 0.378803 0.021446 -0.199240
v 0.404762 0.013032 -0.245905
v 0.365349 -0.005273 -0.252097
v 0.345559 -0.005037 -0.212222
v 0.347045 -0.005534 -0.249593
v 0.353629 -0.004575 -0.188510
v 0.376770 -0.004388 -0.201904
v 0.387557 -0.004891 -0.250505
v 0.380168 -0.005350 -0.274804
v 0.400137 -0.004356 -0.226764
v 0.407927 -0.004529 -0.248171
v 0.411114 -0.003900 -0.206805
v 0.356674 0.015277 -0.202321
v 0.385630 0.013641 -0.188919
v 0.365328 -0.000439 -0.270033
v 0.353719 0.008128 -0.248893
v 0.393002 -0.005397 -0.293067
v 0.376699 -0.005544 -0.284685
v 0.425834 -0.004321 -0.254053
v 0.414204 -0.004832 -0.277189
v 0.425701 -0.003502 -0.195163
v 0.430091 -0.003806 -0.222035
v 0.371173 0.019352 -0.230060
v 0.378445 0.004855 -0.278069
v 0.408366 -0.005116 -0.290794
v 0.436516 -0.004062 -0.247842
v 0.410497 0.016190 -0.204292
v 0.387126 0.015724 -0.253549
v 0.396046 0.019917 -0.220744
v 0.397147 0.006308 -0.277044
v 0.418068 0.003909 -0.266700
v 0.420314 0.011335 -0.230057
v 0.369280 -0.005033 -0.239474
v 0.337481 -0.005131 -0.209626
v 0.355418 -0.005582 -0.262709
v 0.341363 -0.004896 -0.197224
v 0.382225 -0.004170 -0.192650
v 0.382029 -0.004838 -0.240264
v 0.388565 -0.005202 -0.273956
v 0.387772 -0.004570 -0.227699
v 0.411247 -0.004346 -0.238907
v 0.401902 -0.003888 -0.195237
v 0.344784 0.009174 -0.206314
v 0.381016 0.018833 -0.192698
v 0.363154 -0.005575 -0.271206
v 0.362151 0.009774 -0.260217
v 0.395115 -0.005225 -0.283194
v 0.381580 -0.005581 -0.293004
v 0.419535 -0.004246 -0.241356
v 0.423023 -0.004701 -0.278034
v 0.408995 -0.003696 -0.189679
v 0.435509 -0.003652 -0.217352
v 0.369639 0.015318 -0.250819
v 0.382488 0.001926 -0.288910
v 0.420076 -0.004832 -0.283962
v 0.437046 -0.003803 -0.229895
v 0.392952 0.020017 -0.199776
v 0.377304 0.013815 -0.260473
v 0.401588 0.016868 -0.232831
v 0.391688 0.002572 -0.289907
v 0.425390 0.000331 -0.273493
v 0.429390 0.008997 -0.221631
v 0.363361 -0.005469 -0.263880
v 0.360165 -0.004913 -0.220266
v 0.339253 -0.005394 -0.230488
v 0.371235 -0.004257 -0.186107
v 0.374936 -0.004603 -0.215213
v 0.392181 -0.004962 -0.260942
v 0.370961 -0.005484 -0.273744
v 0.408138 -0.004247 -0.228176
v 0.402193 -0.004784 -0.259829
v 0.413452 -0.004039 -0.219444
v 0.367607 0.019738 -0.198548
v 0.387734 -0.003997 -0.186641
v 0.367036 0.005297 -0.269676
v 0.343671 0.005683 -0.230234
v 0.389617 -0.005523 -0.298186
v 0.369854 -0.005561 -0.277992
v 0.429563 -0.004437 -0.266715
v 0.404948 -0.004945 -0.274538
v 0.433157 -0.003504 -0.203960
v 0.421292 -0.004016 -0.226898
v 0.373527 0.021577 -0.210799
v 0.373790 0.007922 -0.271949
v 0.396637 -0.005387 -0.296590
v 0.433989 -0.004328 -0.263979
v 0.425791 0.011091 -0.208353
v 0.396618 0.015131 -0.248519
v 0.386966 0.021721 -0.208131
v 0.401508 0.010115 -0.261149
v 0.411055 0.008653 -0.255752
v 0.411949 0.012630 -0.237497
v 0.408702 0.016336 -0.223436
v 0.402734 0.019053 -0.211104
v 0.416598 0.014448 -0.216047
v 0.420368 0.007577 -0.248387
v 0.430874 0.006183 -0.239312
v 0.429323 0.002844 -0.258255
v 0.407515 0.005078 -0.272962
v 0.414022 0.000822 -0.281056
v 0.402928 0.001897 -0.286437
v 0.392270 0.011341 -0.265213
v 0.387110 0.006196 -0.278709
v 0.382625 0.010577 -0.267919
v 0.391370 0.018872 -0.235996
v 0.379817 0.018500 -0.242096
v 0.383116 0.020979 -0.223580
v 0.399828 0.015886 -0.194916
v 0.407325 -0.003736 -0.190625
v 0.420924 0.011127 -0.197730
v 0.435628 -0.003897 -0.235029
v 0.428584 -0.004063 -0.238775
v 0.433761 -0.004168 -0.252270
v 0.412655 -0.004992 -0.286884
v 0.403927 -0.005138 -0.287207
v 0.400802 -0.005297 -0.294954
v 0.376473 -0.005526 -0.283130
v 0.370933 -0.005537 -0.277479
v 0.372094 0.002233 -0.275075
v 0.361493 0.014619 -0.240685
v 0.353000 0.012645 -0.225086
v 0.362758 0.018383 -0.215910
v 0.431349 -0.003567 -0.206426
v 0.420863 -0.003635 -0.199115
v 0.422360 -0.003801 -0.212774
v 0.421336 -0.004566 -0.266361
v 0.416976 -0.004430 -0.251584
v 0.412085 -0.004663 -0.262600
v 0.384133 -0.005514 -0.291174
v 0.386406 -0.005394 -0.285229
v 0.378109 -0.005480 -0.281730
v 0.358899 0.003377 -0.262581
v 0.355446 -0.005574 -0.262161
v 0.348039 -0.005539 -0.251111
v 0.368421 0.015388 -0.191861
v 0.353203 0.009603 -0.192027
v 0.367547 -0.004330 -0.187033
v 0.394875 -0.004114 -0.203253
v 0.390488 -0.004336 -0.214125
v 0.405174 -0.004125 -0.216039
v 0.404447 -0.004430 -0.237035
v 0.394399 -0.004611 -0.238341
v 0.398149 -0.004688 -0.248219
v 0.383203 -0.005140 -0.263257
v 0.376841 -0.005092 -0.252490
v 0.373342 -0.005318 -0.264610
v 0.362731 -0.004481 -0.192281
v 0.345868 -0.004817 -0.196843
v 0.358518 -0.004712 -0.203969
v 0.353958 -0.005437 -0.250680
v 0.353999 -0.005188 -0.232819
v 0.342919 -0.005327 -0.229957
v 0.066422 -0.018198 -0.358126
v 0.078642 -0.017192 -0.300190
v 0.015095 -0.018616 -0.328543
v 0.022481 -0.019463 -0.397779
v 0.090593 -0.018561 -0.412214
v 0.125302 -0.017158 -0.351901
v 0.042252 -0.017835 -0.304037
v 0.007543 -0.019238 -0.364350
v 0.054904 -0.007602 -0.415456
v 0.118451 -0.006178 -0.387103
v 0.111141 -0.004094 -0.317803
v 0.067791 0.004433 -0.356946
v 0.036253 -0.018444 -0.340738
v 0.073605 -0.017607 -0.324072
v 0.043436 -0.017853 -0.306684
v 0.108213 -0.016996 -0.320413
v 0.101031 -0.017587 -0.354467
v 0.040594 -0.018941 -0.381433
v 0.010425 -0.019187 -0.364046
v 0.080629 -0.018412 -0.389918
v 0.054801 -0.019155 -0.413226
v 0.115238 -0.017800 -0.386259
v 0.099433 -0.016864 -0.300764
v 0.126859 -0.016844 -0.331159
v 0.022046 -0.018230 -0.308945
v 0.059398 -0.017393 -0.292279
v 0.005985 -0.019553 -0.385092
v 0.001644 -0.019055 -0.344396
v 0.074148 -0.007401 -0.423368
v 0.033411 -0.019533 -0.415487
v 0.131201 -0.017341 -0.371855
v 0.111500 -0.006564 -0.406701
v 0.078905 -0.003011 -0.302284
v 0.018467 -0.004365 -0.329250
v 0.025492 -0.005170 -0.395096
v 0.090971 0.007289 -0.408221
v 0.123982 0.008623 -0.350859
v 0.053424 0.002002 -0.325292
v 0.093459 0.002531 -0.333777
v 0.033023 0.001177 -0.360743
v 0.061150 0.012798 -0.390533
v 0.098502 0.013636 -0.373867
v -0.145812 -0.002726 0.702846
v -0.174871 -0.003470 0.683206
v -0.136088 -0.003039 0.669118
v -0.110744 -0.002175 0.701641
v -0.133864 -0.002072 0.735830
v -0.173496 -0.002872 0.724436
v -0.157761 -0.003379 0.669862
v -0.118128 -0.002579 0.681256
v -0.116338 0.004894 0.722845
v -0.155121 0.004462 0.736933
v -0.180421 0.004332 0.704447
v -0.145002 0.010685 0.703545
v -0.140096 -0.002910 0.683021
v -0.162892 -0.003163 0.691302
v -0.157177 -0.003347 0.671477
v -0.179165 -0.003249 0.703992
v -0.162085 -0.002812 0.715536
v -0.125200 -0.002402 0.702138
v -0.119483 -0.002586 0.682313
v -0.138789 -0.002341 0.722234
v -0.118176 -0.002018 0.721525
v -0.155062 -0.002428 0.734924
v -0.183506 -0.003487 0.692010
v -0.182698 -0.003136 0.716244
v -0.147120 -0.003294 0.663634
v -0.169916 -0.003547 0.671914
v -0.108927 -0.002315 0.689448
v -0.123824 -0.002823 0.670331
v -0.121293 0.004971 0.734136
v -0.108119 -0.001964 0.713682
v -0.167801 -0.002628 0.735362
v -0.144089 0.004718 0.742417
v -0.172939 0.004999 0.684606
v -0.136054 0.005409 0.671208
v -0.111950 0.006231 0.702140
v -0.133523 0.013204 0.735013
v -0.171216 0.012442 0.724177
v -0.152119 0.008733 0.684076
v -0.165709 0.008794 0.704172
v -0.128824 0.009204 0.690773
v -0.127601 0.016430 0.715366
v -0.150396 0.016177 0.723647
v -0.445986 -0.002112 0.024954
v -0.448744 0.007750 0.049112
v -0.447511 -0.000422 0.073387
v -0.472612 -0.008646 0.043294
v -0.480359 -0.006297 -0.003362
v -0.472886 0.004747 0.005403
v -0.451871 0.005354 0.071132
v -0.476046 -0.003963 0.072096
v -0.507778 -0.006277 0.031387
v -0.498561 0.001164 0.002999
v -0.476321 0.009431 0.034205
v -0.491945 0.002150 0.046721
v -0.439080 -0.001965 0.048600
v -0.438302 0.002756 0.034793
v -0.434413 0.003336 0.060492
v -0.457851 0.007116 0.025553
v -0.452865 0.000846 0.008410
v -0.453786 -0.006667 0.031053
v -0.457791 -0.005496 0.061650
v -0.462097 -0.004852 0.006401
v -0.480809 -0.008383 0.019450
v -0.471324 -0.001230 -0.007712
v -0.460190 0.010014 0.042548
v -0.473538 0.008366 0.017513
v -0.449767 0.003299 0.080256
v -0.451823 0.008135 0.067291
v -0.474291 -0.007144 0.063054
v -0.459532 -0.002696 0.078589
v -0.487897 -0.008188 0.006673
v -0.496339 -0.008507 0.038448
v -0.478811 0.002539 -0.006095
v -0.487753 -0.003112 -0.008575
v -0.468124 0.009167 0.058049
v -0.466966 0.001132 0.080273
v -0.498292 -0.005755 0.055543
v -0.503845 -0.003410 0.010757
v -0.498671 0.007002 0.019512
v -0.484055 0.005370 0.069746
v -0.494783 0.007581 0.045211
v -0.493625 -0.000454 0.067434
v -0.507850 -0.002239 0.041354
v -0.499178 0.001891 0.022649
v 0.499245 0.004036 -0.013744
v 0.536667 0.021794 0.008146
v 0.577254 0.007611 0.020767
v 0.511691 -0.006194 0.040788
v 0.430373 -0.002253 0.023235
v 0.449417 0.017002 0.018491
v 0.570583 0.017941 0.027319
v 0.556342 0.002515 0.066019
v 0.468955 -0.000722 0.090848
v 0.428580 0.011703 0.058330
v 0.494067 0.025711 0.043722
v 0.504297 0.013652 0.076332
v 0.542404 0.004276 -0.009509
v 0.520295 0.012413 -0.019095
v 0.564801 0.013559 -0.008514
v 0.492203 0.020787 0.007491
v 0.467638 0.009348 -0.012881
v 0.504125 -0.003606 0.002295
v 0.551393 -0.001043 0.029085
v 0.458359 -0.000341 0.000004
v 0.467347 -0.005660 0.038599
v 0.429154 0.006260 0.006404
v 0.518342 0.026176 0.022911
v 0.468684 0.023538 0.028062
v 0.586904 0.014334 0.029540
v 0.564294 0.022797 0.025158
v 0.542804 -0.003262 0.056723
v 0.577838 0.004148 0.043474
v 0.441802 -0.005169 0.041841
v 0.488087 -0.005040 0.076426
v 0.426773 0.013225 0.020294
v 0.416916 0.003601 0.032403
v 0.538411 0.025177 0.045911
v 0.575598 0.011214 0.057331
v 0.514645 0.000077 0.091255
v 0.437832 0.003942 0.071340
v 0.455349 0.022177 0.070250
v 0.547036 0.019260 0.079031
v 0.499855 0.023323 0.080832
v 0.537042 0.009360 0.092251
v 0.485100 0.006506 0.098130
v 0.460229 0.013225 0.072336
v 0.220705 -0.003009 0.645453
v 0.216005 -0.000267 0.649682
v 0.211785 -0.003023 0.654739
v 0.212203 -0.003160 0.644476
v 0.218965 -0.003199 0.633803
v 0.218987 -0.000931 0.636755
v 0.211434 -0.000993 0.653500
v 0.206389 -0.003184 0.649470
v 0.207369 -0.003359 0.635797
v 0.214219 -0.003306 0.631660
v 0.213243 0.000199 0.641809
v 0.207835 -0.001807 0.641556
v 0.217863 -0.002972 0.651365
v 0.220460 -0.002968 0.648669
v 0.216655 -0.002949 0.654441
v 0.218396 -0.000358 0.643403
v 0.222282 -0.003047 0.640886
v 0.218092 -0.003052 0.645366
v 0.211856 -0.003079 0.650688
v 0.220831 -0.003097 0.638962
v 0.214824 -0.003204 0.638285
v 0.221510 -0.003149 0.634445
v 0.214946 0.000345 0.646329
v 0.216750 -0.000016 0.639009
v 0.210108 -0.003038 0.655619
v 0.212165 -0.000238 0.652729
v 0.208352 -0.003172 0.648059
v 0.208492 -0.003092 0.653675
v 0.215697 -0.003243 0.634486
v 0.208378 -0.003294 0.639282
v 0.219837 -0.001483 0.633440
v 0.218424 -0.003242 0.631384
v 0.210610 0.000049 0.647990
v 0.206714 -0.003135 0.652602
v 0.204945 -0.003308 0.642263
v 0.211808 -0.003335 0.632351
v 0.211419 -0.000421 0.634939
v 0.205333 -0.001028 0.647495
v 0.207617 -0.000360 0.640713
v 0.203737 -0.003285 0.645338
v 0.205572 -0.003362 0.637673
v 0.210692 -0.001794 0.635506
v -0.516051 -0.000538 0.426247
v -0.519498 0.002016 0.431002
v -0.522302 -0.000498 0.436340
v -0.523906 -0.000654 0.427009
v -0.519869 -0.000742 0.416083
v -0.519299 0.001358 0.418768
v -0.522876 0.001371 0.435317
v -0.528185 -0.000645 0.432632
v -0.529940 -0.000848 0.420119
v -0.524562 -0.000832 0.415068
v -0.523513 0.002432 0.424447
v -0.528421 0.000598 0.425239
v -0.517473 -0.000479 0.432125
v -0.515652 -0.000490 0.429194
v -0.517968 -0.000445 0.435130
v -0.518553 0.001907 0.424880
v -0.515511 -0.000591 0.421827
v -0.518424 -0.000570 0.426674
v -0.523020 -0.000561 0.432675
v -0.517190 -0.000638 0.420373
v -0.522737 -0.000720 0.420923
v -0.517451 -0.000701 0.416171
v -0.521105 0.002574 0.428193
v -0.520889 0.002215 0.421243
v -0.523645 -0.000504 0.437456
v -0.522372 0.002062 0.434490
v -0.526687 -0.000644 0.430982
v -0.525477 -0.000554 0.436016
v -0.522684 -0.000770 0.417331
v -0.528357 -0.000782 0.423066
v -0.519168 0.000837 0.415610
v -0.520824 -0.000786 0.414008
v -0.524693 0.002319 0.430524
v -0.527287 -0.000592 0.435392
v -0.530878 -0.000776 0.426415
v -0.526603 -0.000850 0.416157
v -0.526479 0.001846 0.418601
v -0.529537 0.001341 0.431084
v -0.528794 0.001930 0.424540
v -0.531373 -0.000742 0.429420
v -0.531199 -0.000840 0.422158
v -0.527013 0.000584 0.419235
v 0.751784 -0.002956 -0.351755
v 0.747972 -0.000131 -0.346495
v 0.744870 -0.002912 -0.340592
v 0.743096 -0.003084 -0.350912
v 0.747561 -0.003181 -0.362996
v 0.748192 -0.000859 -0.360027
v 0.744236 -0.000844 -0.341723
v 0.738364 -0.003074 -0.344692
v 0.736422 -0.003299 -0.358532
v 0.742371 -0.003280 -0.364119
v 0.743531 0.000329 -0.353745
v 0.738102 -0.001700 -0.352870
v 0.750211 -0.002890 -0.345254
v 0.752226 -0.002903 -0.348496
v 0.749663 -0.002853 -0.341929
v 0.749016 -0.000251 -0.353267
v 0.752381 -0.003014 -0.356643
v 0.749159 -0.002992 -0.351283
v 0.744076 -0.002981 -0.344646
v 0.750524 -0.003067 -0.358251
v 0.744389 -0.003157 -0.357643
v 0.750236 -0.003136 -0.362900
v 0.746194 0.000486 -0.349603
v 0.746433 0.000089 -0.357289
v 0.743385 -0.002919 -0.339357
v 0.744792 -0.000079 -0.342638
v 0.740020 -0.003073 -0.346518
v 0.741358 -0.002974 -0.340950
v 0.744448 -0.003212 -0.361617
v 0.738173 -0.003225 -0.355273
v 0.748336 -0.001435 -0.363520
v 0.746505 -0.003230 -0.365291
v 0.742226 0.000204 -0.347024
v 0.739357 -0.003016 -0.341640
v 0.735385 -0.003218 -0.351569
v 0.740113 -0.003300 -0.362915
v 0.740250 -0.000319 -0.360212
v 0.736868 -0.000878 -0.346405
v 0.737690 -0.000226 -0.353643
v 0.734837 -0.003181 -0.348245
v 0.735030 -0.003290 -0.356278
v 0.739659 -0.001714 -0.359510
v -0.455085 -0.002516 -0.651872
v -0.460593 0.001565 -0.644274
v -0.465074 -0.002452 -0.635745
v -0.467638 -0.002702 -0.650655
v -0.461186 -0.002841 -0.668114
v -0.460275 0.000513 -0.663824
v -0.465991 0.000535 -0.637379
v -0.474475 -0.002687 -0.641669
v -0.477279 -0.003011 -0.661664
v -0.468685 -0.002985 -0.669735
v -0.467009 0.002230 -0.654748
v -0.474852 -0.000701 -0.653483
v -0.457357 -0.002421 -0.642480
v -0.454447 -0.002440 -0.647164
v -0.458149 -0.002367 -0.637677
v -0.459084 0.001391 -0.654056
v -0.454222 -0.002600 -0.658935
v -0.458877 -0.002568 -0.651191
v -0.466221 -0.002553 -0.641601
v -0.456906 -0.002676 -0.661258
v -0.465770 -0.002807 -0.660380
v -0.457322 -0.002776 -0.667974
v -0.463162 0.002457 -0.648763
v -0.462816 0.001883 -0.659868
v -0.467220 -0.002462 -0.633960
v -0.465187 0.001640 -0.638700
v -0.472081 -0.002685 -0.644307
v -0.470148 -0.002542 -0.636263
v -0.465685 -0.002886 -0.666120
v -0.474750 -0.002905 -0.656955
v -0.460066 -0.000318 -0.668870
v -0.462712 -0.002912 -0.671429
v -0.468894 0.002050 -0.645038
v -0.473040 -0.002602 -0.637259
v -0.478778 -0.002895 -0.651604
v -0.471946 -0.003014 -0.667996
v -0.471749 0.001294 -0.664091
v -0.476635 0.000486 -0.644143
v -0.475447 0.001428 -0.654601
v -0.479569 -0.002841 -0.646801
v -0.479290 -0.002999 -0.658407
v -0.472602 -0.000722 -0.663077
v 0.637857 -0.002988 0.309544
v 0.631404 0.001793 0.318446
v 0.626154 -0.002914 0.328439
v 0.623151 -0.003206 0.310969
v 0.630710 -0.003369 0.290514
v 0.631777 0.000561 0.295541
v 0.625080 0.000586 0.326524
v 0.615141 -0.003189 0.321498
v 0.611855 -0.003569 0.298071
v 0.621924 -0.003538 0.288614
v 0.623887 0.002572 0.306174
v 0.614698 -0.000862 0.307656
v 0.635195 -0.002878 0.320548
v 0.638605 -0.002899 0.315060
v 0.634268 -0.002814 0.326175
v 0.633173 0.001589 0.306984
v 0.638869 -0.003087 0.301268
v 0.633415 -0.003049 0.310342
v 0.624810 -0.003032 0.321577
v 0.635724 -0.003176 0.298546
v 0.625339 -0.003330 0.299576
v 0.635237 -0.003294 0.290678
v 0.628395 0.002837 0.313186
v 0.628800 0.002165 0.300175
v 0.623641 -0.002926 0.330530
v 0.626023 0.001880 0.324976
v 0.617945 -0.003187 0.318407
v 0.620210 -0.003019 0.327832
v 0.625439 -0.003422 0.292850
v 0.614818 -0.003444 0.303588
v 0.632022 -0.000414 0.289628
v 0.628922 -0.003453 0.286629
v 0.621678 0.002361 0.317550
v 0.616821 -0.003090 0.326665
v 0.610098 -0.003433 0.309858
v 0.618103 -0.003572 0.290652
v 0.618334 0.001475 0.295228
v 0.612609 0.000529 0.318599
v 0.614001 0.001632 0.306347
v 0.609171 -0.003370 0.315485
v 0.609498 -0.003554 0.301887
v 0.617334 -0.000887 0.296416
v 0.263580 -0.001866 -0.279202
v 0.258072 0.002215 -0.271603
v 0.253591 -0.001803 -0.263075
v 0.251028 -0.002052 -0.277985
v 0.257479 -0.002192 -0.295444
v 0.258390 0.001163 -0.291153
v 0.252674 0.001184 -0.264709
v 0.244191 -0.002038 -0.268998
v 0.241386 -0.002362 -0.288993
v 0.249980 -0.002336 -0.297065
v 0.251656 0.002880 -0.282078
v 0.243813 -0.000051 -0.280812
v 0.261308 -0.001772 -0.269810
v 0.264218 -0.001790 -0.274494
v 0.260517 -0.001718 -0.265007
v 0.259581 0.002041 -0.281386
v 0.264443 -0.001951 -0.286265
v 0.259788 -0.001918 -0.278520
v 0.252444 -0.001903 -0.268931
v 0.261759 -0.002027 -0.288588
v 0.252896 -0.002158 -0.287710
v 0.261344 -0.002127 -0.295303
v 0.255504 0.003106 -0.276093
v 0.255850 0.002533 -0.287198
v 0.251446 -0.001813 -0.261290
v 0.253479 0.002289 -0.266030
v 0.246585 -0.002036 -0.271636
v 0.248518 -0.001892 -0.263592
v 0.252981 -0.002237 -0.293450
v 0.243915 -0.002255 -0.284285
v 0.258599 0.000331 -0.296200
v 0.255953 -0.002262 -0.298759
v 0.249771 0.002699 -0.272368
v 0.245625 -0.001953 -0.264589
v 0.239887 -0.002246 -0.278934
v 0.246719 -0.002364 -0.295326
v 0.246916 0.001943 -0.291420
v 0.242030 0.001136 -0.271473
v 0.243218 0.002078 -0.281930
v 0.239096 -0.002192 -0.274131
v 0.239375 -0.002349 -0.285737
v 0.246063 -0.000073 -0.290407
v -0.291362 -0.002873 -0.058265
v -0.284482 0.001213 -0.064660
v -0.279431 -0.002886 -0.073015
v -0.278758 -0.002664 -0.057899
v -0.287347 -0.002572 -0.041385
v -0.287338 0.000652 -0.045390
v -0.278382 0.000185 -0.070941
v -0.270849 -0.002648 -0.065958
v -0.270574 -0.002362 -0.045766
v -0.280111 -0.002420 -0.038835
v -0.279326 0.002369 -0.053361
v -0.271709 -0.000337 -0.053947
v -0.287930 -0.002943 -0.067300
v -0.291405 -0.002940 -0.063017
v -0.286543 -0.002986 -0.071966
v -0.287212 0.001240 -0.055150
v -0.293104 -0.002805 -0.051366
v -0.287515 -0.002814 -0.058466
v -0.279027 -0.002796 -0.067060
v -0.290733 -0.002730 -0.048724
v -0.281830 -0.002582 -0.048484
v -0.291162 -0.002643 -0.042008
v -0.282383 0.002311 -0.059772
v -0.284167 0.002010 -0.048845
v -0.277079 -0.002869 -0.074516
v -0.279218 0.001300 -0.069607
v -0.273554 -0.002660 -0.063641
v -0.274463 -0.002789 -0.071865
v -0.282634 -0.002516 -0.042799
v -0.272492 -0.002463 -0.050755
v -0.288265 -0.000060 -0.040494
v -0.286248 -0.002506 -0.037904
v -0.276271 0.002002 -0.062790
v -0.271719 -0.002726 -0.070513
v -0.267825 -0.002454 -0.055560
v -0.276658 -0.002382 -0.040152
v -0.275879 0.001832 -0.043578
v -0.268646 0.000673 -0.062870
v -0.271014 0.001848 -0.052523
v -0.266438 -0.002497 -0.060226
v -0.268170 -0.002365 -0.048746
v -0.275135 -0.000188 -0.044702
v -0.394615 0.000239 -0.560983
v -0.387735 0.004325 -0.567378
v -0.382684 0.000226 -0.575732
v -0.382011 0.000448 -0.560616
v -0.390600 0.000539 -0.544102
v -0.390591 0.003763 -0.548107
v -0.381635 0.003297 -0.573658
v -0.374102 0.000464 -0.568675
v -0.373827 0.000750 -0.548483
v -0.383364 0.000692 -0.541552
v -0.382580 0.005481 -0.556078
v -0.374962 0.002774 -0.556664
v -0.391184 0.000168 -0.570017
v -0.394658 0.000172 -0.565734
v -0.389796 0.000126 -0.574683
v -0.390466 0.004352 -0.557867
v -0.396357 0.000307 -0.554083
v -0.390768 0.000298 -0.561183
v -0.382281 0.000316 -0.569777
v -0.393986 0.000382 -0.551441
v -0.385083 0.000530 -0.551201
v -0.394415 0.000469 -0.544726
v -0.385637 0.005423 -0.562489
v -0.387420 0.005122 -0.551562
v -0.380332 0.000243 -0.577234
v -0.382472 0.004412 -0.572324
v -0.376808 0.000452 -0.566358
v -0.377717 0.000323 -0.574582
v -0.385887 0.000596 -0.545516
v -0.375745 0.000649 -0.553473
v -0.391518 0.003052 -0.543211
v -0.389502 0.000606 -0.540621
v -0.379524 0.005114 -0.565508
v -0.374972 0.000386 -0.573230
v -0.371079 0.000658 -0.558277
v -0.379911 0.000730 -0.542869
v -0.379132 0.004944 -0.546295
v -0.371899 0.003785 -0.565587
v -0.374267 0.004960 -0.555240
v -0.369692 0.000615 -0.562943
v -0.371423 0.000747 -0.551463
v -0.378389 0.002924 -0.547419
v 0.788941 -0.000709 -0.233839
v 0.793703 0.002119 -0.238265
v 0.797199 -0.000718 -0.244047
v 0.797665 -0.000564 -0.233585
v 0.791720 -0.000501 -0.222155
v 0.791726 0.001730 -0.224927
v 0.797925 0.001408 -0.242612
v 0.803139 -0.000554 -0.239163
v 0.803329 -0.000355 -0.225187
v 0.796728 -0.000395 -0.220390
v 0.797272 0.002919 -0.230444
v 0.802544 0.001046 -0.230850
v 0.791316 -0.000758 -0.240092
v 0.788911 -0.000755 -0.237128
v 0.792276 -0.000787 -0.243322
v 0.791813 0.002138 -0.231682
v 0.787735 -0.000662 -0.229063
v 0.791604 -0.000668 -0.233978
v 0.797478 -0.000656 -0.239926
v 0.789376 -0.000610 -0.227234
v 0.795539 -0.000508 -0.227068
v 0.789079 -0.000550 -0.222586
v 0.795155 0.002879 -0.234882
v 0.793921 0.002671 -0.227318
v 0.798827 -0.000706 -0.245087
v 0.797346 0.002180 -0.241689
v 0.801266 -0.000561 -0.237559
v 0.800637 -0.000651 -0.243252
v 0.794982 -0.000462 -0.223133
v 0.802002 -0.000425 -0.228641
v 0.791084 0.001238 -0.221538
v 0.792480 -0.000455 -0.219745
v 0.799386 0.002665 -0.236971
v 0.802537 -0.000607 -0.242316
v 0.805232 -0.000419 -0.231966
v 0.799118 -0.000369 -0.221301
v 0.799658 0.002548 -0.223672
v 0.804664 0.001746 -0.237025
v 0.803025 0.002558 -0.229864
v 0.806192 -0.000449 -0.235196
v 0.804993 -0.000357 -0.227250
v 0.800172 0.001149 -0.224450
v -0.099872 -0.010252 -0.255472
v -0.092992 -0.006165 -0.261867
v -0.087941 -0.010264 -0.270221
v -0.087268 -0.010042 -0.255105
v -0.095857 -0.009951 -0.238592
v -0.095848 -0.006727 -0.242597
v -0.086892 -0.007193 -0.268147
v -0.079359 -0.010027 -0.263165
v -0.079084 -0.009741 -0.242973
v -0.088621 -0.009798 -0.236042
v -0.087836 -0.005009 -0.250568
v -0.080219 -0.007716 -0.251154
v -0.096441 -0.010322 -0.264507
v -0.099915 -0.010319 -0.260224
v -0.095054 -0.010365 -0.269173
v -0.095723 -0.006139 -0.252357
v -0.101614 -0.010184 -0.248573
v -0.096025 -0.010192 -0.255673
v -0.087538 -0.010175 -0.264267
v -0.099243 -0.010108 -0.245931
v -0.090340 -0.009961 -0.245691
v -0.099672 -0.010022 -0.239215
v -0.090894 -0.005068 -0.256979
v -0.092677 -0.005368 -0.246052
v -0.085589 -0.010247 -0.271723
v -0.087729 -0.006078 -0.266813
v -0.082064 -0.010038 -0.260848
v -0.082974 -0.010168 -0.269072
v -0.091144 -0.009895 -0.240005
v -0.081002 -0.009841 -0.247962
v -0.096775 -0.007438 -0.237701
v -0.094759 -0.009885 -0.235110
v -0.084781 -0.005377 -0.259997
v -0.080229 -0.010104 -0.267720
v -0.076336 -0.009833 -0.252767
v -0.085168 -0.009761 -0.237359
v -0.084389 -0.005547 -0.240785
v -0.077156 -0.006705 -0.260076
v -0.079524 -0.005531 -0.249730
v -0.074949 -0.009876 -0.257433
v -0.076680 -0.009743 -0.245953
v -0.083645 -0.007566 -0.241908
v 0.788940 -0.004024 0.060049
v 0.797000 0.000764 0.052557
v 0.802918 -0.004038 0.042769
v 0.803707 -0.003778 0.060480
v 0.793644 -0.003671 0.079827
v 0.793654 0.000106 0.075135
v 0.804148 -0.000440 0.045199
v 0.812973 -0.003760 0.051037
v 0.813296 -0.003425 0.074694
v 0.802122 -0.003493 0.082815
v 0.803041 0.002118 0.065796
v 0.811965 -0.001053 0.065109
v 0.792960 -0.004106 0.049465
v 0.788889 -0.004102 0.054483
v 0.794585 -0.004156 0.043998
v 0.793801 0.000795 0.063700
v 0.786899 -0.003944 0.068134
v 0.793447 -0.003954 0.059814
v 0.803391 -0.003933 0.049746
v 0.789677 -0.003856 0.071229
v 0.800108 -0.003683 0.071510
v 0.789173 -0.003754 0.079097
v 0.799459 0.002050 0.058284
v 0.797369 0.001698 0.071087
v 0.805674 -0.004018 0.041009
v 0.803167 0.000866 0.046762
v 0.809803 -0.003774 0.053752
v 0.808738 -0.003925 0.044116
v 0.799165 -0.003605 0.078171
v 0.811048 -0.003543 0.068849
v 0.792568 -0.000727 0.080871
v 0.794931 -0.003594 0.083906
v 0.806620 0.001688 0.054748
v 0.811954 -0.003851 0.045700
v 0.816516 -0.003533 0.063219
v 0.806168 -0.003449 0.081272
v 0.807080 0.001489 0.077258
v 0.815554 0.000131 0.054655
v 0.812780 0.001508 0.066777
v 0.818141 -0.003583 0.057752
v 0.816112 -0.003428 0.071203
v 0.807951 -0.000878 0.075942
v -0.483253 0.011969 0.178939
v -0.478948 0.014526 0.174937
v -0.475787 0.011961 0.169709
v -0.475365 0.012100 0.179168
v -0.480740 0.012157 0.189503
v -0.480735 0.014175 0.186996
v -0.475130 0.013883 0.171007
v -0.470416 0.012110 0.174125
v -0.470244 0.012289 0.186761
v -0.476212 0.012253 0.191098
v -0.475721 0.015250 0.182008
v -0.470955 0.013556 0.181641
v -0.481106 0.011925 0.173285
v -0.483280 0.011927 0.175965
v -0.480238 0.011898 0.170365
v -0.480656 0.014543 0.180888
v -0.484343 0.012012 0.183257
v -0.480846 0.012006 0.178813
v -0.475534 0.012017 0.173435
v -0.482859 0.012059 0.184910
v -0.477288 0.012151 0.185060
v -0.483128 0.012113 0.189112
v -0.477634 0.015213 0.177996
v -0.478751 0.015025 0.184834
v -0.474315 0.011972 0.168769
v -0.475654 0.014581 0.171842
v -0.472109 0.012103 0.175575
v -0.472678 0.012022 0.170428
v -0.477791 0.012193 0.188618
v -0.471445 0.012226 0.183638
v -0.481315 0.013730 0.190060
v -0.480053 0.012199 0.191681
v -0.473809 0.015020 0.176107
v -0.470961 0.012061 0.171274
v -0.468524 0.012231 0.180632
v -0.474051 0.012276 0.190274
v -0.473564 0.014913 0.188130
v -0.469037 0.014188 0.176057
v -0.470519 0.014923 0.182532
v -0.467656 0.012204 0.177712
v -0.468740 0.012287 0.184896
v -0.473099 0.013649 0.187427
v 0.253966 0.001238 0.767706
v 0.258636 0.004011 0.763366
v 0.262064 0.001229 0.757695
v 0.262521 0.001380 0.767955
v 0.256691 0.001442 0.779165
v 0.256697 0.003630 0.776446
v 0.262777 0.003314 0.759103
v 0.267890 0.001390 0.762485
v 0.268077 0.001584 0.776191
v 0.261603 0.001545 0.780896
v 0.262135 0.004796 0.771036
v 0.267306 0.002959 0.770638
v 0.256295 0.001190 0.761574
v 0.253937 0.001192 0.764481
v 0.257236 0.001161 0.758407
v 0.256782 0.004029 0.769821
v 0.252783 0.001284 0.772390
v 0.256577 0.001278 0.767570
v 0.262338 0.001290 0.761737
v 0.254393 0.001335 0.774183
v 0.260436 0.001435 0.774346
v 0.254101 0.001394 0.778742
v 0.260060 0.004757 0.766684
v 0.258850 0.004552 0.774101
v 0.263661 0.001241 0.756675
v 0.262209 0.004071 0.760008
v 0.266053 0.001382 0.764058
v 0.265436 0.001295 0.758475
v 0.259890 0.001480 0.778205
v 0.266774 0.001516 0.772804
v 0.256068 0.003147 0.779769
v 0.257437 0.001487 0.781528
v 0.264209 0.004547 0.764635
v 0.267299 0.001338 0.759393
v 0.269942 0.001522 0.769543
v 0.263947 0.001571 0.780002
v 0.264475 0.004431 0.777676
v 0.269385 0.003645 0.764581
v 0.267778 0.004442 0.771604
v 0.270884 0.001493 0.766376
v 0.269708 0.001583 0.774168
v 0.264980 0.003060 0.776914
v 0.268149 -0.005738 -0.562042
v 0.275029 -0.001652 -0.568437
v 0.280080 -0.005751 -0.576791
v 0.280754 -0.005529 -0.561675
v 0.272165 -0.005438 -0.545161
v 0.272173 -0.002214 -0.549166
v 0.281130 -0.002680 -0.574717
v 0.288662 -0.005513 -0.569734
v 0.288937 -0.005227 -0.549542
v 0.279400 -0.005285 -0.542611
v 0.280185 -0.000496 -0.557137
v 0.287802 -0.003203 -0.557723
v 0.271581 -0.005809 -0.571076
v 0.268106 -0.005805 -0.566793
v 0.272968 -0.005851 -0.575742
v 0.272299 -0.001625 -0.558926
v 0.266408 -0.005670 -0.555142
v 0.271996 -0.005679 -0.562242
v 0.280484 -0.005661 -0.570836
v 0.268778 -0.005595 -0.552500
v 0.277681 -0.005447 -0.552260
v 0.268349 -0.005508 -0.545784
v 0.277128 -0.000554 -0.563548
v 0.275344 -0.000855 -0.552621
v 0.282432 -0.005734 -0.578293
v 0.280293 -0.001565 -0.573383
v 0.285957 -0.005525 -0.567417
v 0.285048 -0.005654 -0.575641
v 0.276877 -0.005381 -0.546575
v 0.287019 -0.005328 -0.554531
v 0.271246 -0.002925 -0.544270
v 0.273263 -0.005371 -0.541680
v 0.283240 -0.000864 -0.566566
v 0.287792 -0.005591 -0.574289
v 0.291686 -0.005319 -0.559336
v 0.282853 -0.005247 -0.543928
v 0.283632 -0.001033 -0.547354
v 0.290865 -0.002192 -0.566646
v 0.288498 -0.001017 -0.556299
v 0.293073 -0.005362 -0.564002
v 0.291341 -0.005230 -0.552522
v 0.284376 -0.003053 -0.548478
v 0.603867 -0.004063 -0.307356
v 0.608629 -0.001235 -0.311782
v 0.612125 -0.004072 -0.317565
v 0.612591 -0.003918 -0.307102
v 0.606646 -0.003855 -0.295672
v 0.606652 -0.001623 -0.298444
v 0.612851 -0.001946 -0.316129
v 0.618065 -0.003907 -0.312681
v 0.618255 -0.003709 -0.298705
v 0.611654 -0.003749 -0.293907
v 0.612197 -0.000435 -0.303961
v 0.617469 -0.002308 -0.304367
v 0.606242 -0.004112 -0.313609
v 0.603837 -0.004109 -0.310645
v 0.607202 -0.004141 -0.316839
v 0.606739 -0.001216 -0.305200
v 0.602661 -0.004016 -0.302580
v 0.606529 -0.004022 -0.307495
v 0.612404 -0.004010 -0.313443
v 0.604302 -0.003964 -0.300752
v 0.610464 -0.003862 -0.300586
v 0.604005 -0.003904 -0.296104
v 0.610081 -0.000475 -0.308399
v 0.608847 -0.000683 -0.300836
v 0.613752 -0.004060 -0.318604
v 0.612272 -0.001174 -0.315206
v 0.616192 -0.003915 -0.311077
v 0.615563 -0.004005 -0.316769
v 0.609908 -0.003816 -0.296650
v 0.616927 -0.003779 -0.302158
v 0.606010 -0.002116 -0.295055
v 0.607406 -0.003809 -0.293262
v 0.614312 -0.000689 -0.310488
v 0.617463 -0.003961 -0.315833
v 0.620157 -0.003773 -0.305483
v 0.614044 -0.003723 -0.294818
v 0.614583 -0.000806 -0.297190
v 0.619590 -0.001608 -0.310543
v 0.617951 -0.000795 -0.303382
v 0.621118 -0.003803 -0.308713
v 0.619919 -0.003711 -0.300767
v 0.615098 -0.002205 -0.297968
v -0.687284 -0.002668 0.131897
v -0.682978 -0.000111 0.127895
v -0.679818 -0.002676 0.122667
v -0.679396 -0.002538 0.132127
v -0.684771 -0.002480 0.142461
v -0.684766 -0.000463 0.139955
v -0.679161 -0.000755 0.123965
v -0.674447 -0.002528 0.127083
v -0.674275 -0.002349 0.139719
v -0.680243 -0.002385 0.144057
v -0.679752 0.000612 0.134967
v -0.674985 -0.001082 0.134600
v -0.685137 -0.002713 0.126244
v -0.687311 -0.002710 0.128924
v -0.684268 -0.002739 0.123324
v -0.684687 -0.000095 0.133847
v -0.688374 -0.002626 0.136215
v -0.684877 -0.002631 0.131772
v -0.679565 -0.002620 0.126394
v -0.686890 -0.002579 0.137869
v -0.681319 -0.002486 0.138019
v -0.687159 -0.002524 0.142071
v -0.681665 0.000576 0.130954
v -0.682781 0.000388 0.137793
v -0.678346 -0.002666 0.121728
v -0.679685 -0.000057 0.124800
v -0.676140 -0.002535 0.128534
v -0.676709 -0.002616 0.123387
v -0.681822 -0.002445 0.141577
v -0.675475 -0.002412 0.136597
v -0.685346 -0.000908 0.143019
v -0.684084 -0.002439 0.144640
v -0.677840 0.000382 0.129066
v -0.674991 -0.002576 0.124233
v -0.672555 -0.002406 0.133590
v -0.678082 -0.002361 0.143233
v -0.677595 0.000276 0.141089
v -0.673068 -0.000449 0.129016
v -0.674550 0.000286 0.135491
v -0.671687 -0.002433 0.130670
v -0.672771 -0.002350 0.137855
v -0.677129 -0.000988 0.140386
v -0.265392 0.000991 0.188592
v -0.258512 0.005078 0.182197
v -0.253461 0.000979 0.173843
v -0.252788 0.001201 0.188959
v -0.261377 0.001292 0.205473
v -0.261368 0.004516 0.201468
v -0.252412 0.004050 0.175917
v -0.244879 0.001216 0.180900
v -0.244604 0.001502 0.201091
v -0.254141 0.001445 0.208023
v -0.253356 0.006233 0.193497
v -0.245739 0.003527 0.192911
v -0.261961 0.000921 0.179558
v -0.265435 0.000924 0.183841
v -0.260573 0.000878 0.174892
v -0.261243 0.005104 0.191708
v -0.267134 0.001059 0.195492
v -0.261545 0.001051 0.188392
v -0.253058 0.001068 0.179798
v -0.264763 0.001135 0.198134
v -0.255860 0.001282 0.198374
v -0.265192 0.001221 0.204849
v -0.256414 0.006175 0.187086
v -0.258197 0.005875 0.198013
v -0.251109 0.000996 0.172341
v -0.253249 0.005165 0.177251
v -0.247584 0.001205 0.183217
v -0.248493 0.001075 0.174993
v -0.256664 0.001348 0.204059
v -0.246522 0.001402 0.196102
v -0.262295 0.003805 0.206364
v -0.260279 0.001358 0.208954
v -0.250301 0.005866 0.184068
v -0.245749 0.001138 0.176345
v -0.241856 0.001410 0.191298
v -0.250688 0.001482 0.206706
v -0.249909 0.005696 0.203280
v -0.242676 0.004538 0.183988
v -0.245044 0.005712 0.194335
v -0.240468 0.001367 0.186632
v -0.242200 0.001500 0.198112
v -0.249165 0.003676 0.202156
v -0.402554 -0.003619 -0.250066
v -0.391913 0.001591 -0.255452
v -0.382967 -0.003492 -0.263696
v -0.387462 -0.003307 -0.245195
v -0.403633 -0.003332 -0.228258
v -0.402146 0.000749 -0.233156
v -0.382363 0.000362 -0.260878
v -0.375082 -0.003203 -0.252155
v -0.381840 -0.002971 -0.227661
v -0.395790 -0.003127 -0.222636
v -0.389636 0.002994 -0.240004
v -0.380292 -0.000376 -0.237985
v -0.395238 -0.003636 -0.259776
v -0.400937 -0.003673 -0.255822
v -0.391924 -0.003654 -0.264927
v -0.398552 0.001552 -0.244918
v -0.407080 -0.003584 -0.242340
v -0.397838 -0.003527 -0.248957
v -0.384571 -0.003416 -0.256359
v -0.405145 -0.003497 -0.238316
v -0.394478 -0.003277 -0.234898
v -0.408022 -0.003432 -0.230352
v -0.391074 0.002949 -0.248827
v -0.397074 0.002494 -0.236242
v -0.379600 -0.003451 -0.264684
v -0.383819 0.001753 -0.259581
v -0.379162 -0.003244 -0.250305
v -0.377372 -0.003358 -0.260562
v -0.397446 -0.003233 -0.228311
v -0.382404 -0.003074 -0.234363
v -0.405001 -0.000180 -0.227552
v -0.403529 -0.003266 -0.223666
v -0.382641 0.002604 -0.250320
v -0.374533 -0.003276 -0.257965
v -0.375082 -0.003013 -0.238529
v -0.391158 -0.003057 -0.223014
v -0.388924 0.002270 -0.226959
v -0.373436 0.000965 -0.247710
v -0.379906 0.002367 -0.236060
v -0.371768 -0.003032 -0.243680
v -0.377891 -0.002946 -0.230417
v -0.387674 -0.000261 -0.228018
v 0.051947 0.003238 0.588347
v 0.059170 0.006775 0.584690
v 0.065242 0.003325 0.579094
v 0.062191 0.003450 0.591653
v 0.051215 0.003433 0.603149
v 0.052224 0.006204 0.599825
v 0.065652 0.005941 0.581007
v 0.070595 0.003521 0.586928
v 0.066008 0.003678 0.603555
v 0.056538 0.003573 0.606966
v 0.060716 0.007727 0.595176
v 0.067058 0.005439 0.596547
v 0.056913 0.003227 0.581755
v 0.053044 0.003202 0.584439
v 0.059162 0.003215 0.578259
v 0.054664 0.006749 0.591841
v 0.048875 0.003262 0.593591
v 0.055148 0.003301 0.589099
v 0.064154 0.003376 0.584075
v 0.050188 0.003321 0.596323
v 0.057429 0.003471 0.598642
v 0.048235 0.003365 0.601728
v 0.059739 0.007697 0.589187
v 0.055666 0.007388 0.597730
v 0.067528 0.003352 0.578423
v 0.064664 0.006885 0.581888
v 0.067825 0.003493 0.588184
v 0.069040 0.003416 0.581222
v 0.055414 0.003501 0.603113
v 0.065624 0.003609 0.599005
v 0.050286 0.005572 0.603629
v 0.051285 0.003478 0.606266
v 0.065463 0.007463 0.588174
v 0.070968 0.003472 0.582985
v 0.070595 0.003650 0.596177
v 0.059682 0.003620 0.606709
v 0.061199 0.007236 0.604031
v 0.071712 0.006350 0.589946
v 0.067320 0.007301 0.597853
v 0.072844 0.003637 0.592681
v 0.068688 0.003696 0.601684
v 0.062047 0.005518 0.603312
v -0.407010 -0.002778 -0.737956
v -0.396369 0.002431 -0.743342
v -0.387423 -0.002651 -0.751586
v -0.391918 -0.002466 -0.733085
v -0.408088 -0.002491 -0.716148
v -0.406601 0.001590 -0.721046
v -0.386819 0.001203 -0.748768
v -0.379537 -0.002363 -0.740045
v -0.386295 -0.002130 -0.715551
v -0.400246 -0.002286 -0.710526
v -0.394091 0.003834 -0.727895
v -0.384748 0.000464 -0.725875
v -0.399693 -0.002795 -0.747666
v -0.405393 -0.002832 -0.743712
v -0.396380 -0.002813 -0.752817
v -0.403007 0.002393 -0.732808
v -0.411536 -0.002744 -0.730230
v -0.402294 -0.002686 -0.736847
v -0.389027 -0.002575 -0.744249
v -0.409600 -0.002656 -0.726206
v -0.398934 -0.002436 -0.722788
v -0.412477 -0.002592 -0.718242
v -0.395530 0.003790 -0.736717
v -0.401530 0.003335 -0.724132
v -0.384056 -0.002611 -0.752575
v -0.388275 0.002594 -0.747471
v -0.383618 -0.002403 -0.738195
v -0.381828 -0.002517 -0.748452
v -0.401902 -0.002392 -0.716201
v -0.386860 -0.002233 -0.722253
v -0.409457 0.000660 -0.715442
v -0.407985 -0.002426 -0.711556
v -0.387097 0.003445 -0.738210
v -0.378989 -0.002435 -0.745855
v -0.379537 -0.002173 -0.726419
v -0.395614 -0.002216 -0.710904
v -0.393379 0.003110 -0.714849
v -0.377892 0.001805 -0.735600
v -0.384361 0.003207 -0.723951
v -0.376224 -0.002191 -0.731570
v -0.382347 -0.002105 -0.718307
v -0.392130 0.000579 -0.715908
v 0.720940 -0.003858 0.179988
v 0.733407 0.002246 0.173678
v 0.743888 -0.003709 0.164018
v 0.738622 -0.003492 0.185695
v 0.719676 -0.003522 0.205538
v 0.721418 0.001260 0.199800
v 0.744596 0.000806 0.167320
v 0.753127 -0.003371 0.177540
v 0.745209 -0.003099 0.206238
v 0.728864 -0.003281 0.212125
v 0.736075 0.003890 0.191776
v 0.747023 -0.000059 0.194142
v 0.729512 -0.003878 0.168611
v 0.722834 -0.003922 0.173244
v 0.733394 -0.003899 0.162576
v 0.725629 0.002201 0.186019
v 0.715637 -0.003818 0.189039
v 0.726465 -0.003751 0.181287
v 0.742009 -0.003620 0.172614
v 0.717904 -0.003715 0.193755
v 0.730402 -0.003457 0.197759
v 0.714534 -0.003640 0.203085
v 0.734390 0.003837 0.181439
v 0.727360 0.003304 0.196184
v 0.747833 -0.003662 0.162860
v 0.742890 0.002436 0.168840
v 0.748346 -0.003418 0.179707
v 0.750444 -0.003552 0.167691
v 0.726925 -0.003406 0.205476
v 0.744548 -0.003219 0.198386
v 0.718073 0.000171 0.206366
v 0.719797 -0.003445 0.210918
v 0.744270 0.003433 0.179690
v 0.753770 -0.003456 0.170733
v 0.753127 -0.003149 0.193504
v 0.734292 -0.003200 0.211683
v 0.736910 0.003041 0.207060
v 0.755055 0.001512 0.182748
v 0.747475 0.003155 0.196397
v 0.757009 -0.003170 0.187470
v 0.749836 -0.003069 0.203010
v 0.738373 0.000076 0.205820
v -0.661712 -0.002380 0.138496
v -0.655053 0.000880 0.135125
v -0.649454 -0.002300 0.129966
v -0.652267 -0.002184 0.141544
v -0.662387 -0.002200 0.152143
v -0.661456 0.000354 0.149078
v -0.649077 0.000112 0.131729
v -0.644520 -0.002120 0.137188
v -0.648749 -0.001974 0.152517
v -0.657479 -0.002072 0.155661
v -0.653628 0.001758 0.144792
v -0.647780 -0.000351 0.146056
v -0.657133 -0.002391 0.132419
v -0.660700 -0.002414 0.134893
v -0.655060 -0.002402 0.129195
v -0.659207 0.000856 0.141717
v -0.664544 -0.002358 0.143330
v -0.658760 -0.002322 0.139190
v -0.650458 -0.002253 0.134557
v -0.663333 -0.002304 0.145849
v -0.656658 -0.002166 0.147987
v -0.665133 -0.002263 0.150832
v -0.654528 0.001730 0.139271
v -0.658283 0.001445 0.147146
v -0.647347 -0.002275 0.129347
v -0.649987 0.000982 0.132541
v -0.647073 -0.002145 0.138346
v -0.645953 -0.002216 0.131927
v -0.658515 -0.002138 0.152109
v -0.649102 -0.002039 0.148322
v -0.663243 -0.000228 0.152585
v -0.662322 -0.002159 0.155016
v -0.649251 0.001514 0.138336
v -0.644176 -0.002165 0.133552
v -0.644520 -0.002001 0.145715
v -0.654580 -0.002028 0.155425
v -0.653182 0.001305 0.152956
v -0.643490 0.000488 0.139970
v -0.647539 0.001366 0.147260
v -0.642446 -0.002012 0.142492
v -0.646278 -0.001959 0.150792
v -0.652400 -0.000279 0.152293
vn 0.0162 -0.9998 0.0139
vn 0.3541 0.9140 0.1979
vn -0.6289 0.7525 -0.1956
vn -0.1143 0.9760 -0.1856
vn -0.3322 0.9431 -0.0128
vn 0.2257 0.9541 -0.1966
vn 0.0280 0.8642 0.5023
vn 0.0428 0.9977 0.0530
vn 0.7089 0.0558 0.7031
vn 0.5671 -0.0636 0.8212
vn 0.7344 -0.4560 0.5026
vn 0.3453 0.6962 0.6294
vn -0.0162 0.9998 -0.0139
vn 0.5344 0.7003 0.4733
vn 0.9593 0.2096 -0.1892
vn 0.5018 0.7791 -0.3758
vn 0.1803 0.9834 -0.0182
vn 0.0625 0.9980 0.0046
vn -0.0380 0.9976 0.0574
vn -0.1545 0.9751 0.1592
vn -0.1346 0.7182 0.6827
vn 0.5044 0.7651 -0.4003
vn 0.6105 0.7779 -0.1491
vn 0.0240 0.9952 -0.0945
vn 0.0389 0.9992 -0.0114
vn -0.0991 0.7606 0.6416
vn -0.7987 0.2858 0.5296
vn -0.4084 0.8767 -0.2542
vn 0.1329 0.7467 -0.6517
vn 0.0025 0.7012 -0.7130
vn -0.2557 0.8460 -0.4680
vn -0.0643 0.9979 0.0054
vn -0.2177 0.9736 -0.0686
vn -0.5968 0.8004 -0.0570
vn -0.5545 0.7912 -0.2579
vn -0.4405 0.7857 -0.4344
vn -0.4782 0.8740 -0.0865
vn 0.0136 -0.9998 0.0125
vn 0.8789 0.4679 -0.0926
vn -0.0136 0.9998 -0.0125
vn 0.5961 0.5222 -0.6099
vn 0.2230 0.4278 -0.8759
vn 0.8939 0.4267 -0.1372
vn -0.3170 0.9475 -0.0431
vn -0.3320 0.9156 -0.2267
vn -0.4023 0.8955 -0.1902
vn 0.0703 0.9974 -0.0131
vn 0.1437 0.9867 -0.0763
vn 0.0862 0.9926 -0.0852
vn 0.0708 0.9869 0.1451
vn 0.4103 0.6526 0.6370
vn 0.2121 0.9748 0.0690
vn -0.1850 0.9423 0.2790
vn -0.4065 0.3924 0.8251
vn -0.2870 0.4208 0.8605
vn -0.2832 0.9587 0.0280
vn -0.2933 0.9559 -0.0131
vn -0.2569 0.9620 0.0926
vn -0.2319 0.9647 0.1248
vn -0.3384 0.9344 0.1110
vn -0.2945 0.9355 0.1951
vn -0.2099 0.9686 0.1335
vn -0.2306 0.9707 0.0674
vn -0.2341 0.9670 0.1001
vn -0.2724 0.9302 0.2459
vn -0.3087 0.9244 0.2241
vn -0.5219 0.4056 0.7504
vn -0.1430 0.9777 0.1539
vn -0.1788 0.9591 0.2195
vn -0.0850 0.9784 0.1887
vn -0.0890 0.9654 0.2450
vn -0.2039 0.9311 0.3024
vn -0.2185 0.5405 0.8125
vn -0.0002 0.9682 0.2502
vn -0.1049 0.4873 0.8669
vn 0.2499 0.5712 0.7818
vn -0.0921 0.9910 0.0968
vn -0.0242 0.9939 0.1074
vn 0.0022 0.9991 0.0425
vn 0.0781 0.9968 0.0174
vn 0.0535 0.9945 0.0903
vn 0.1651 0.9861 0.0161
vn 0.0829 0.9965 0.0104
vn 0.1705 0.9853 0.0087
vn 0.1652 0.9853 -0.0436
vn -0.0945 0.9919 0.0847
vn 0.0016 0.9992 0.0407
vn -0.0847 0.9963 0.0157
vn -0.0771 0.9970 0.0040
vn 0.0268 0.9996 0.0020
vn 0.0553 0.9954 -0.0779
vn -0.0905 0.9954 -0.0321
vn 0.0514 0.9948 -0.0877
vn -0.0896 0.9820 -0.1663
vn -0.2281 0.9665 0.1176
vn -0.2465 0.9690 0.0183
vn -0.3015 0.9522 0.0483
vn -0.3754 0.9237 -0.0765
vn -0.2794 0.9552 -0.0973
vn -0.3914 0.8939 -0.2184
vn -0.2627 0.9627 -0.0648
vn -0.3277 0.9256 -0.1894
vn -0.3212 0.9369 -0.1380
vn -0.5612 0.8275 0.0173
vn -0.5057 0.8625 -0.0214
vn -0.2735 0.9565 0.1017
vn -0.2990 0.9360 0.1858
vn -0.6446 0.6979 0.3121
vn -0.5355 0.6700 0.5141
vn -0.2642 0.9458 0.1889
vn -0.2551 0.8828 0.3945
vn -0.2722 0.7878 0.5525
vn 0.3249 0.6998 0.6362
vn 0.7473 0.6621 -0.0562
vn 0.6815 0.7282 0.0730
vn 0.8507 0.5157 -0.1021
vn 0.3278 0.9435 -0.0490
vn 0.4483 0.8837 -0.1347
vn 0.2858 0.9524 -0.1056
vn 0.1862 0.9728 -0.1378
vn 0.2180 0.9520 -0.2148
vn 0.1307 0.9784 -0.1603
vn 0.1342 0.9797 -0.1487
vn 0.2184 0.9552 -0.2000
vn 0.0319 0.6022 -0.7977
vn 0.0929 0.9843 -0.1503
vn 0.3280 0.5983 -0.7310
vn -0.0561 0.9717 -0.2295
vn -0.4396 0.2733 -0.8556
vn -0.5651 0.2421 -0.7887
vn -0.5104 0.3099 -0.8021
vn -0.5799 0.5239 -0.6239
vn -0.5503 0.7585 -0.3491
vn 0.2995 0.9432 -0.1440
vn 0.4622 0.8726 -0.1582
vn 0.3422 0.9153 -0.2123
vn 0.2913 0.9412 -0.1710
vn 0.6546 0.7119 -0.2544
vn 0.4958 0.8683 0.0105
vn 0.4045 0.5863 -0.7019
vn 0.7448 0.3705 -0.5550
vn -0.5606 0.2622 -0.7855
vn -0.1382 0.1819 -0.9735
vn -0.7196 0.6753 -0.1619
vn 0.0202 -0.9996 0.0175
vn -0.6154 0.7833 -0.0876
vn -0.0202 0.9996 -0.0175
vn -0.5369 0.7820 0.3166
vn -0.3693 0.6364 0.6772
vn -0.6550 0.7532 -0.0611
vn 0.1418 0.9892 0.0368
vn 0.1355 0.9798 0.1470
vn 0.1857 0.9727 0.1392
vn -0.0613 0.9978 -0.0264
vn -0.1044 0.9945 -0.0033
vn -0.0775 0.9970 0.0075
vn -0.0438 0.9937 -0.1030
vn -0.1731 0.8845 -0.4333
vn -0.1201 0.9895 -0.0810
vn 0.1026 0.9838 -0.1472
vn 0.4512 0.6635 -0.5968
vn 0.3442 0.7073 -0.6175
vn 0.1286 0.9917 -0.0065
vn 0.1304 0.9913 0.0170
vn 0.1203 0.9918 -0.0436
vn 0.1097 0.9920 -0.0630
vn 0.1717 0.9842 -0.0442
vn 0.1550 0.9834 -0.0938
vn 0.0983 0.9927 -0.0697
vn 0.1024 0.9942 -0.0335
vn 0.1080 0.9929 -0.0500
vn 0.1485 0.9813 -0.1228
vn 0.1676 0.9799 -0.1081
vn 0.5386 0.6580 -0.5262
vn 0.0643 0.9942 -0.0867
vn 0.0915 0.9889 -0.1168
vn 0.0382 0.9932 -0.1095
vn 0.0469 0.9894 -0.1375
vn 0.1164 0.9805 -0.1582
vn 0.2511 0.8057 -0.5364
vn 0.0027 0.9890 -0.1479
vn 0.1873 0.7772 -0.6007
vn -0.0663 0.8442 -0.5319
vn 0.0314 0.9975 -0.0632
vn -0.0016 0.9972 -0.0753
vn -0.0218 0.9987 -0.0463
vn -0.0616 0.9972 -0.0421
vn -0.0415 0.9963 -0.0748
vn -0.1036 0.9933 -0.0506
vn -0.0647 0.9971 -0.0392
vn -0.1071 0.9931 -0.0476
vn -0.1108 0.9936 -0.0217
vn 0.0313 0.9979 -0.0570
vn -0.0218 0.9987 -0.0453
vn 0.0187 0.9995 -0.0237
vn 0.0135 0.9997 -0.0186
vn -0.0384 0.9988 -0.0291
vn -0.0615 0.9981 0.0073
vn 0.0165 0.9999 0.0011
vn -0.0607 0.9981 0.0127
vn 0.0015 0.9975 0.0710
vn 0.1066 0.9925 -0.0597
vn 0.1061 0.9943 -0.0059
vn 0.1418 0.9898 -0.0150
vn 0.1762 0.9822 0.0651
vn 0.1138 0.9916 0.0611
vn 0.1762 0.9721 0.1548
vn 0.1070 0.9934 0.0407
vn 0.1357 0.9831 0.1230
vn 0.1358 0.9865 0.0912
vn 0.3273 0.9439 0.0429
vn 0.2764 0.9594 0.0561
vn 0.1310 0.9903 -0.0465
vn 0.1566 0.9837 -0.0883
vn 0.4633 0.8756 -0.1368
vn 0.4107 0.8663 -0.2843
vn 0.1361 0.9863 -0.0933
vn 0.1607 0.9652 -0.2062
vn 0.2033 0.9305 -0.3048
vn -0.1230 0.9024 -0.4130
vn -0.4575 0.8851 -0.0852
vn -0.3830 0.9124 -0.1443
vn -0.5790 0.8118 -0.0759
vn -0.1914 0.9808 -0.0364
vn -0.2681 0.9634 -0.0064
vn -0.1781 0.9840 -0.0040
vn -0.1331 0.9908 0.0229
vn -0.1598 0.9854 0.0592
vn -0.1087 0.9933 0.0405
vn -0.1089 0.9935 0.0342
vn -0.1578 0.9861 0.0514
vn -0.1789 0.8015 0.5707
vn -0.0888 0.9953 0.0397
vn -0.3677 0.8181 0.4422
vn -0.0231 0.9946 0.1011
vn 0.2376 0.2554 0.9372
vn 0.3821 0.1713 0.9081
vn 0.3165 0.3175 0.8939
vn 0.3669 0.6741 0.6411
vn 0.3025 0.9038 0.3026
vn -0.1905 0.9816 0.0139
vn -0.2800 0.9600 0.0043
vn -0.2235 0.9737 0.0449
vn -0.1904 0.9813 0.0285
vn -0.4293 0.9023 0.0394
vn -0.2727 0.9583 -0.0849
vn -0.4139 0.8144 0.4067
vn -0.6913 0.6639 0.2851
vn 0.3766 0.2137 0.9014
vn -0.0838 0.1348 0.9873
vn 0.4895 0.8440 0.2193
vn -0.5919 0.6621 0.4595
vn 0.1633 0.9787 0.1248
vn -0.0800 0.9968 -0.0063
vn -0.0894 0.9900 -0.1088
vn 0.3962 0.7308 -0.5558
vn 0.1051 0.9944 -0.0055
vn 0.1339 0.9885 -0.0707
vn 0.1242 0.9907 -0.0548
vn 0.1412 0.9828 -0.1187
vn 0.0716 0.9922 -0.1025
vn 0.0838 0.9814 -0.1728
vn 0.0475 0.8774 -0.4773
vn -0.0024 0.9980 -0.0629
vn -0.0647 0.9964 -0.0541
vn -0.0987 0.9946 -0.0332
vn 0.0178 0.9989 -0.0444
vn -0.0370 0.9991 -0.0183
vn -0.0091 0.9997 0.0248
vn 0.1190 0.9927 -0.0176
vn 0.1580 0.9838 0.0851
vn 0.1370 0.9863 0.0918
vn 0.3247 0.9445 0.0502
vn 0.2915 0.9461 -0.1408
vn 0.3266 0.8900 -0.3183
vn -0.5270 0.8198 -0.2241
vn -0.5132 0.8494 -0.1228
vn -0.2129 0.9769 -0.0177
vn -0.1344 0.9902 0.0376
vn -0.1383 0.9887 0.0581
vn -0.0802 0.9937 0.0777
vn 0.3042 0.1312 0.9435
vn 0.3922 0.6520 0.6489
vn -0.2097 0.9775 0.0221
vn -0.3499 0.9350 -0.0578
vn -0.4427 0.7911 0.4222
vn 0.2373 -0.0445 0.9704
vn 0.3359 0.8109 0.4792
vn 0.3052 0.2668 0.9142
vn 0.8598 0.1172 0.4970
vn -0.5404 0.3700 0.7557
vn -0.1324 0.8320 0.5387
vn 0.0629 0.3755 0.9247
vn 0.0088 0.8989 0.4381
vn -0.6740 0.3602 0.6450
vn 0.9420 0.1734 -0.2874
vn -0.2405 0.9706 0.0073
vn -0.2872 0.9374 0.1968
vn -0.1658 0.9767 0.1360
vn -0.2907 0.9560 -0.0399
vn -0.7117 0.6814 0.1708
vn -0.3010 0.9390 0.1665
vn -0.2712 0.9396 -0.2088
vn -0.5960 0.6121 -0.5197
vn -0.6275 0.7200 -0.2964
vn -0.1449 0.9285 -0.3418
vn 0.0760 0.5070 -0.8586
vn -0.1092 0.5753 -0.8106
vn -0.0418 0.9825 -0.1816
vn 0.1070 0.9842 -0.1410
vn 0.0939 0.9588 -0.2679
vn -0.2202 0.9338 -0.2819
vn -0.1483 0.9577 -0.2466
vn -0.1960 0.9352 -0.2948
vn -0.1441 0.9334 -0.3287
vn -0.1106 0.9596 -0.2586
vn -0.0068 0.9432 -0.3320
vn -0.1413 0.9300 -0.3394
vn -0.0074 0.9437 -0.3307
vn 0.0804 0.5084 -0.8574
vn -0.2335 0.9268 -0.2942
vn -0.2087 0.9298 -0.3031
vn -0.2372 0.9320 -0.2740
vn -0.2336 0.9402 -0.2480
vn -0.2085 0.9364 -0.2823
vn -0.2267 0.6372 -0.7366
vn -0.2341 0.9400 -0.2483
vn -0.1923 0.6652 -0.7215
vn -0.4113 0.6325 -0.6563
vn -0.2506 0.9307 -0.2664
vn -0.2571 0.9358 -0.2413
vn -0.2919 0.9324 -0.2132
vn -0.3033 0.9281 -0.2158
vn -0.2840 0.9250 -0.2524
vn -0.6326 0.7066 -0.3172
vn -0.3390 0.9287 -0.1505
vn -0.6733 0.6908 -0.2636
vn -0.7555 0.6532 0.0507
vn -0.2581 0.9184 -0.2998
vn -0.2986 0.9243 -0.2377
vn -0.2733 0.9421 -0.1942
vn -0.3380 0.9409 -0.0195
vn -0.3681 0.9287 -0.0449
vn -0.4158 0.8915 0.1800
vn -0.3523 0.9337 -0.0639
vn -0.4652 0.8830 0.0617
vn -0.4155 0.9019 0.1178
vn -0.2171 0.9307 -0.2944
vn -0.2227 0.9591 -0.1748
vn -0.1534 0.9599 -0.2345
vn -0.1084 0.9869 -0.1199
vn -0.1952 0.9775 -0.0801
vn -0.1152 0.9922 0.0483
vn -0.0817 0.9898 -0.1170
vn -0.0996 0.9935 0.0552
vn 0.0145 0.9997 -0.0187
vn 0.3096 0.9371 -0.1614
vn 0.6609 0.7011 -0.2679
vn 0.3028 0.8956 -0.3259
vn 0.2681 0.9190 -0.2892
vn 0.8388 0.3588 -0.4095
vn 0.9077 0.2704 -0.3207
vn 0.1108 0.9240 -0.3659
vn 0.5130 0.4173 -0.7501
vn -0.0122 0.5451 -0.8383
vn -0.7101 0.4295 0.5579
vn -0.3420 0.2802 0.8970
vn -0.6894 0.4145 0.5941
vn -0.6520 0.2518 0.7152
vn -0.6360 0.4931 0.5936
vn -0.6822 0.1706 0.7110
vn -0.5424 0.6727 0.5033
vn -0.2715 0.9124 0.3063
vn -0.1923 0.8539 0.4835
vn -0.1409 0.9520 0.2718
vn -0.1010 0.9461 0.3077
vn -0.1341 0.8387 0.5279
vn 0.0234 0.8737 0.4859
vn -0.0618 0.9721 0.2262
vn 0.0720 0.9279 0.3657
vn 0.0866 0.9906 0.1062
vn -0.5376 0.6716 0.5099
vn -0.6495 0.1747 0.7401
vn -0.4060 0.4847 0.7747
vn -0.3819 0.3346 0.8615
vn -0.6462 0.1578 0.7466
vn -0.3261 0.3341 0.8843
vn -0.0162 0.9998 -0.0140
vn 0.0028 0.2825 0.9593
vn 0.4042 0.9135 0.0473
vn 0.5819 0.7003 0.4135
vn 0.8446 0.5353 -0.0049
vn 0.9722 0.2303 0.0433
vn 0.4023 0.8722 0.2784
vn 0.9734 0.2288 0.0099
vn 0.9894 0.1246 -0.0742
vn 0.5313 0.4078 0.7425
vn -0.0453 0.8193 0.5716
vn -0.2230 0.9704 0.0924
vn -0.3331 0.9372 0.1034
vn -0.5659 0.7452 -0.3527
vn -0.0881 0.5882 -0.8039
vn 0.0472 0.9775 -0.2057
vn -0.1958 0.9350 -0.2957
vn -0.0941 0.9507 -0.2954
vn -0.0781 0.9254 -0.3708
vn -0.2323 0.9341 -0.2711
vn -0.2062 0.9374 -0.2808
vn -0.3261 0.7124 -0.6214
vn -0.2636 0.9257 -0.2713
vn -0.3056 0.9258 -0.2226
vn -0.6566 0.7275 -0.1989
vn -0.2840 0.9299 -0.2338
vn -0.3602 0.9326 -0.0240
vn -0.4281 0.9002 0.0796
vn -0.1972 0.9502 -0.2413
vn -0.1427 0.9880 -0.0584
vn -0.0502 0.9984 -0.0253
vn 0.4227 0.8714 -0.2490
vn 0.9105 0.3036 -0.2808
vn 0.2608 0.5717 -0.7779
vn -0.3665 0.2569 0.8942
vn -0.6157 0.2425 0.7498
vn -0.6955 0.5057 0.5104
vn -0.2084 0.9044 0.3723
vn -0.0809 0.9058 0.4159
vn 0.0291 0.9654 0.2590
vn -0.5353 0.4908 0.6874
vn -0.4707 0.2013 0.8590
vn -0.2977 0.2693 0.9159
vn 0.5667 0.8167 0.1091
vn 0.9722 0.2340 0.0052
vn 0.0140 -0.9998 0.0158
vn 0.2084 0.5055 -0.8373
vn -0.0140 0.9998 -0.0158
vn -0.3541 0.5483 -0.7576
vn -0.7323 0.4456 -0.5150
vn 0.1730 0.4701 -0.8655
vn -0.1569 0.9475 0.2787
vn -0.3443 0.9116 0.2246
vn -0.3356 0.8893 0.3107
vn 0.0152 0.9952 -0.0971
vn -0.0199 0.9819 -0.1885
vn -0.0488 0.9893 -0.1375
vn 0.1693 0.9847 -0.0408
vn 0.7425 0.6452 -0.1801
vn 0.1429 0.9690 -0.2017
vn 0.2142 0.9403 0.2646
vn 0.6554 0.3310 0.6789
vn 0.7312 0.3679 0.5745
vn -0.0729 0.9599 0.2709
vn -0.1180 0.9568 0.2657
vn 0.0016 0.9633 0.2683
vn 0.0430 0.9661 0.2547
vn -0.0100 0.9330 0.3598
vn 0.0910 0.9337 0.3462
vn 0.0597 0.9701 0.2353
vn -0.0140 0.9727 0.2316
vn 0.0174 0.9687 0.2476
vn 0.1501 0.9275 0.3424
vn 0.1151 0.9211 0.3720
vn 0.5451 0.3380 0.7672
vn 0.1041 0.9791 0.1746
vn 0.1570 0.9590 0.2358
vn 0.1590 0.9788 0.1289
vn 0.2135 0.9647 0.1540
vn 0.2310 0.9278 0.2929
vn 0.7147 0.4971 0.4920
vn 0.2486 0.9663 0.0672
vn 0.8004 0.4479 0.3984
vn 0.8315 0.5550 0.0235
vn 0.0654 0.9926 0.1020
vn 0.0998 0.9943 0.0383
vn 0.0453 0.9989 -0.0113
vn 0.0475 0.9945 -0.0937
vn 0.1100 0.9930 -0.0439
vn 0.0763 0.9814 -0.1764
vn 0.0424 0.9940 -0.1008
vn 0.0710 0.9803 -0.1840
vn 0.0191 0.9802 -0.1973
vn 0.0526 0.9936 0.0999
vn 0.0433 0.9990 -0.0114
vn -0.0120 0.9978 0.0646
vn -0.0208 0.9984 0.0528
vn 0.0144 0.9987 -0.0498
vn -0.0528 0.9930 -0.1056
vn -0.0613 0.9967 0.0529
vn -0.0637 0.9924 -0.1053
vn -0.1920 0.9814 0.0035
vn 0.0373 0.9680 0.2480
vn -0.0690 0.9709 0.2293
vn -0.0594 0.9529 0.2975
vn -0.2125 0.9210 0.3264
vn -0.1965 0.9556 0.2195
vn -0.3591 0.8875 0.2886
vn -0.1579 0.9638 0.2147
vn -0.3060 0.9227 0.2343
vn -0.2528 0.9354 0.2470
vn -0.1884 0.8098 0.5557
vn -0.2066 0.8508 0.4831
vn 0.0046 0.9574 0.2888
vn 0.0799 0.9343 0.3473
vn 0.0793 0.6557 0.7508
vn 0.3212 0.6256 0.7109
vn 0.0958 0.9451 0.3123
vn 0.3051 0.8731 0.3804
vn 0.4545 0.7652 0.4560
vn 0.7178 0.6887 -0.1019
vn 0.1985 0.6746 -0.7110
vn 0.2958 0.7321 -0.6136
vn 0.0141 -0.9998 0.0158
vn 0.1904 0.5472 -0.8150
vn 0.0693 0.9352 -0.3472
vn 0.0296 0.8761 -0.4812
vn 0.0018 0.9445 -0.3286
vn -0.0635 0.9664 -0.2489
vn -0.1249 0.9446 -0.3037
vn -0.1048 0.9731 -0.2052
vn -0.0924 0.9745 -0.2045
vn -0.1108 0.9478 -0.2991
vn -0.7331 0.6003 -0.3197
vn -0.1089 0.9800 -0.1665
vn -0.5594 0.6081 -0.5633
vn -0.2404 0.9693 -0.0517
vn -0.9615 0.2516 0.1105
vn -0.9442 0.2096 0.2541
vn -0.9395 0.2809 0.1962
vn -0.8095 0.4881 0.3263
vn -0.5462 0.7354 0.4010
vn -0.0296 0.9350 -0.3535
vn 0.0125 0.8655 -0.5007
vn -0.0786 0.9070 -0.4137
vn -0.0578 0.9330 -0.3551
vn -0.0116 0.7190 -0.6949
vn 0.1798 0.8614 -0.4750
vn -0.5049 0.5996 -0.6209
vn -0.2556 0.4183 -0.8716
vn -0.9404 0.2297 0.2507
vn -0.9588 0.1892 -0.2119
vn -0.4246 0.6349 0.6455
vn -0.4722 0.4389 -0.7645
vn -0.3114 0.9080 0.2803
vn -0.0204 0.9900 -0.1395
vn 0.1931 0.9722 -0.1327
vn 0.6509 0.4028 0.6435
vn -0.0697 0.9713 0.2272
vn 0.0516 0.9520 0.3016
vn 0.0228 0.9600 0.2792
vn 0.1445 0.9334 0.3284
vn 0.1342 0.9719 0.1933
vn 0.2714 0.9334 0.2348
vn 0.7524 0.6264 0.2036
vn 0.0744 0.9967 0.0331
vn 0.0733 0.9926 -0.0970
vn 0.0392 0.9845 -0.1708
vn 0.0306 0.9972 0.0689
vn -0.0079 0.9987 -0.0498
vn -0.1014 0.9948 -0.0050
vn -0.0493 0.9651 0.2572
vn -0.2449 0.9259 0.2876
vn -0.2540 0.9346 0.2489
vn -0.1998 0.8113 0.5494
vn 0.1361 0.8121 0.5675
vn 0.4118 0.6678 0.6200
vn 0.4089 0.5437 -0.7329
vn 0.2598 0.6035 -0.7539
vn 0.0377 0.9207 -0.3884
vn -0.0915 0.9629 -0.2538
vn -0.1293 0.9558 -0.2641
vn -0.1830 0.9705 -0.1569
vn -0.9661 0.1923 0.1725
vn -0.0141 0.9998 -0.0158
vn -0.8102 0.4710 0.3488
vn -0.0399 0.9207 -0.3881
vn 0.1406 0.7936 -0.5920
vn -0.5067 0.5709 -0.6460
vn -0.9886 0.1100 0.1029
vn -0.5124 0.8210 0.2517
vn -0.9152 0.3648 0.1714
vn -0.6029 0.1888 0.7752
vn -0.6629 0.4330 -0.6108
vn -0.5099 0.8388 -0.1907
vn -0.8860 0.4600 -0.0588
vn -0.4382 0.8976 -0.0473
vn -0.5451 0.4124 -0.7299
vn 0.1566 0.1557 0.9753
vn -0.0069 0.9709 -0.2395
vn -0.1834 0.9350 -0.3035
vn -0.1420 0.9735 -0.1790
vn 0.0475 0.9573 -0.2852
vn -0.0972 0.6853 -0.7218
vn -0.1530 0.9369 -0.3142
vn 0.2201 0.9433 -0.2486
vn 0.6078 0.5725 -0.5503
vn 0.3689 0.7044 -0.6065
vn 0.3456 0.9328 -0.1024
vn 0.8785 0.4324 0.2031
vn 0.8587 0.5124 0.0013
vn 0.1583 0.9872 -0.0172
vn 0.0959 0.9872 0.1274
vn 0.2309 0.9637 0.1340
vn 0.2913 0.9380 -0.1879
vn 0.2425 0.9630 -0.1178
vn 0.3017 0.9397 -0.1613
vn 0.3311 0.9379 -0.1031
vn 0.2500 0.9651 -0.0774
vn 0.3146 0.9484 0.0401
vn 0.3424 0.9343 -0.0988
vn 0.3133 0.9489 0.0392
vn 0.8765 0.4342 0.2077
vn 0.3065 0.9305 -0.2003
vn 0.3126 0.9339 -0.1735
vn 0.2852 0.9360 -0.2065
vn 0.2566 0.9444 -0.2057
vn 0.2899 0.9408 -0.1758
vn 0.7973 0.5884 -0.1347
vn 0.2569 0.9442 -0.2061
vn 0.7765 0.6221 -0.1004
vn 0.7339 0.5872 -0.3413
vn 0.2790 0.9345 -0.2212
vn 0.2528 0.9396 -0.2307
vn 0.2279 0.9357 -0.2695
vn 0.2324 0.9312 -0.2809
vn 0.2688 0.9282 -0.2572
vn 0.3921 0.6888 -0.6098
vn 0.1685 0.9310 -0.3238
vn 0.3406 0.6741 -0.6554
vn 0.0281 0.6507 -0.7588
vn 0.3164 0.9215 -0.2253
vn 0.2551 0.9273 -0.2739
vn 0.2049 0.9457 -0.2523
vn 0.0338 0.9418 -0.3346
vn 0.0639 0.9297 -0.3627
vn -0.1501 0.8912 -0.4281
vn 0.0809 0.9351 -0.3451
vn -0.0285 0.8830 -0.4684
vn -0.0905 0.9015 -0.4231
vn 0.3043 0.9348 -0.1832
vn 0.1770 0.9632 -0.2025
vn 0.2303 0.9651 -0.1245
vn 0.1034 0.9903 -0.0927
vn 0.0748 0.9799 -0.1849
vn -0.0643 0.9907 -0.1196
vn 0.0967 0.9931 -0.0661
vn -0.0731 0.9918 -0.1050
vn -0.0155 0.9997 0.0171
vn 0.0908 0.9384 0.3335
vn 0.1594 0.6932 0.7029
vn 0.2647 0.8958 0.3570
vn 0.2299 0.9208 0.3151
vn 0.2889 0.3293 0.8989
vn 0.1919 0.2496 0.9491
vn 0.3348 0.9273 0.1671
vn 0.6901 0.3504 0.6332
vn 0.8726 0.4764 0.1080
vn -0.4595 0.4695 -0.7540
vn -0.8196 0.3661 -0.4408
vn -0.4957 0.4587 -0.7375
vn -0.6151 0.3175 -0.7217
vn -0.5013 0.5323 -0.6821
vn -0.6093 0.2393 -0.7560
vn -0.4304 0.6929 -0.5784
vn -0.2866 0.9104 -0.2984
vn -0.4546 0.8575 -0.2409
vn -0.2716 0.9473 -0.1695
vn -0.3092 0.9413 -0.1354
vn -0.5003 0.8445 -0.1911
vn -0.4817 0.8754 -0.0395
vn -0.2396 0.9668 -0.0885
vn -0.3818 0.9240 0.0210
vn -0.1458 0.9868 0.0703
vn 0.0162 -0.9998 0.0140
vn -0.4370 0.6922 -0.5744
vn -0.6409 0.2468 -0.7269
vn -0.6920 0.5401 -0.4790
vn -0.7793 0.4120 -0.4721
vn -0.6480 0.2314 -0.7256
vn -0.8066 0.4144 -0.4215
vn -0.9175 0.3790 -0.1206
vn -0.1274 0.9128 0.3880
vn -0.4839 0.7220 0.4945
vn -0.1222 0.5447 0.8297
vn -0.1771 0.2507 0.9517
vn -0.3419 0.8739 0.3455
vn -0.1445 0.2456 0.9586
vn -0.0603 0.1324 0.9894
vn -0.7784 0.4800 0.4045
vn -0.5486 0.8284 -0.1136
vn -0.0926 0.9686 -0.2306
vn -0.0882 0.9362 -0.3403
vn 0.4208 0.7299 -0.5386
vn 0.8489 0.5280 0.0228
vn 0.1713 0.9822 0.0768
vn 0.3027 0.9394 -0.1610
vn 0.2873 0.9562 -0.0555
vn 0.3678 0.9295 -0.0287
vn 0.2814 0.9382 -0.2017
vn 0.2879 0.9418 -0.1736
vn 0.6849 0.6817 -0.2571
vn 0.2862 0.9292 -0.2341
vn 0.2400 0.9287 -0.2826
vn 0.2688 0.7165 -0.6437
vn 0.2487 0.9332 -0.2592
vn 0.0415 0.9334 -0.3565
vn -0.0516 0.9001 -0.4327
vn 0.2440 0.9550 -0.1688
vn 0.0454 0.9899 -0.1346
vn -0.0004 0.9989 -0.0462
vn 0.1675 0.8703 0.4632
vn 0.1504 0.2878 0.9458
vn 0.7653 0.5149 0.3862
vn -0.8157 0.3441 -0.4650
vn -0.6522 0.3127 -0.6905
vn -0.4175 0.5374 -0.7327
vn -0.3541 0.9027 -0.2445
vn -0.4082 0.9038 -0.1287
vn -0.2808 0.9598 -0.0056
vn -0.5986 0.5381 -0.5935
vn -0.7738 0.2873 -0.5645
vn -0.8430 0.3585 -0.4011
vn -0.2042 0.8206 0.5338
vn -0.1398 0.2502 0.9580
vn -0.2929 0.9193 -0.2628
vn -0.4397 0.5404 -0.7174
vn -0.8854 0.3699 -0.2814
vn 0.3020 0.5731 -0.7618
vn -0.0178 0.9280 -0.3721
vn -0.2311 0.6349 -0.7372
vn -0.0893 0.9565 -0.2778
vn 0.4503 0.5407 -0.7105
vn -0.8147 0.3642 0.4512
vn 0.1178 0.9914 -0.0571
vn 0.1218 0.9762 -0.1794
vn 0.0530 0.9911 -0.1225
vn 0.1585 0.9867 -0.0356
vn 0.4900 0.8292 -0.2688
vn 0.1349 0.9773 -0.1633
vn 0.1754 0.9817 0.0746
vn 0.5845 0.7485 0.3131
vn 0.5151 0.8508 0.1036
vn 0.1152 0.9770 0.1793
vn 0.0827 0.6541 0.7519
vn 0.2269 0.7204 0.6554
vn 0.0222 0.9962 0.0839
vn -0.0719 0.9944 0.0776
vn -0.0479 0.9865 0.1564
vn 0.1545 0.9795 0.1296
vn 0.0996 0.9886 0.1133
vn 0.1405 0.9800 0.1410
vn 0.1121 0.9790 0.1701
vn 0.0773 0.9891 0.1256
vn 0.0236 0.9820 0.1875
vn 0.1123 0.9776 0.1780
vn 0.0238 0.9822 0.1865
vn 0.0784 0.6561 0.7506
vn 0.1663 0.9765 0.1367
vn 0.1509 0.9778 0.1454
vn 0.1648 0.9787 0.1224
vn 0.1570 0.9820 0.1050
vn 0.1466 0.9805 0.1310
vn 0.3005 0.7794 0.5498
vn 0.1574 0.9819 0.1051
vn 0.2620 0.8063 0.5303
vn 0.4447 0.7708 0.4562
vn 0.1726 0.9782 0.1158
vn 0.1720 0.9802 0.0979
vn 0.1909 0.9787 0.0752
vn 0.1997 0.9769 0.0757
vn 0.1934 0.9757 0.1026
vn 0.5294 0.8397 0.1207
vn 0.2123 0.9768 0.0282
vn 0.5574 0.8271 0.0724
vn 0.5659 0.8021 -0.1906
vn 0.1851 0.9730 0.1383
vn 0.2009 0.9754 0.0910
vn 0.1741 0.9826 0.0647
vn 0.1879 0.9806 -0.0552
vn 0.2139 0.9759 -0.0437
vn 0.2140 0.9573 -0.1943
vn 0.2057 0.9782 -0.0293
vn 0.2696 0.9544 -0.1282
vn 0.2225 0.9626 -0.1546
vn 0.1549 0.9782 0.1385
vn 0.1359 0.9890 0.0580
vn 0.1008 0.9894 0.1048
vn 0.0538 0.9978 0.0375
vn 0.1021 0.9948 0.0021
vn 0.0341 0.9974 -0.0636
vn 0.0370 0.9986 0.0390
vn 0.0238 0.9976 -0.0655
vn -0.0334 0.9994 -0.0072
vn -0.1900 0.9746 0.1186
vn -0.4329 0.8610 0.2669
vn -0.1701 0.9589 0.2273
vn -0.1518 0.9688 0.1958
vn -0.6490 0.5770 0.4958
vn -0.7478 0.4863 0.4520
vn -0.0451 0.9730 0.2265
vn -0.3170 0.5908 0.7420
vn 0.1521 0.6921 0.7056
vn 0.4835 0.6119 -0.6259
vn 0.1105 0.4964 -0.8610
vn 0.4607 0.5993 -0.6547
vn 0.4407 0.4076 -0.7998
vn 0.3910 0.6857 -0.6139
vn 0.4881 0.2837 -0.8254
vn 0.2887 0.8341 -0.4701
vn 0.0981 0.9646 -0.2446
vn 0.0267 0.9380 -0.3456
vn 0.0206 0.9797 -0.1992
vn -0.0077 0.9767 -0.2143
vn -0.0154 0.9310 -0.3646
vn -0.1047 0.9460 -0.3068
vn -0.0205 0.9870 -0.1595
vn -0.1159 0.9679 -0.2230
vn -0.0905 0.9935 -0.0696
vn 0.2840 0.8335 -0.4739
vn 0.4487 0.2980 -0.8426
vn 0.1640 0.7001 -0.6949
vn 0.1466 0.5544 -0.8193
vn 0.4471 0.2734 -0.8517
vn 0.0161 -0.9998 0.0139
vn 0.0938 0.5604 -0.8229
vn -0.1975 0.5361 -0.8207
vn -0.2700 0.9629 0.0065
vn -0.4550 0.8681 -0.1983
vn -0.6344 0.7626 0.1268
vn -0.8661 0.4789 0.1432
vn -0.2995 0.9452 -0.1297
vn -0.8634 0.4739 0.1731
vn -0.9065 0.3264 0.2677
vn -0.5472 0.6809 -0.4867
vn -0.0761 0.9223 -0.3789
vn 0.0944 0.9899 -0.1055
vn 0.1654 0.9776 -0.1303
vn 0.4680 0.8701 0.1548
vn 0.2048 0.7350 0.6463
vn -0.0281 0.9935 0.1101
vn 0.1405 0.9799 0.1416
vn 0.0731 0.9856 0.1522
vn 0.0763 0.9753 0.2073
vn 0.1607 0.9796 0.1209
vn 0.1447 0.9809 0.1302
vn 0.3407 0.8446 0.4129
vn 0.1828 0.9761 0.1178
vn 0.2028 0.9760 0.0800
vn 0.5135 0.8578 0.0220
vn 0.1895 0.9777 0.0899
vn 0.2045 0.9773 -0.0557
vn 0.2377 0.9622 -0.1327
vn 0.1310 0.9859 0.1044
vn 0.0658 0.9978 -0.0042
vn 0.0053 0.9999 -0.0117
vn -0.2543 0.9472 0.1953
vn -0.7432 0.5306 0.4075
vn -0.0916 0.7369 0.6698
vn 0.1353 0.4646 -0.8751
vn 0.4001 0.4027 -0.8233
vn 0.4575 0.6900 -0.5608
vn 0.0498 0.9604 -0.2742
vn -0.0334 0.9599 -0.2784
vn -0.0771 0.9832 -0.1654
vn 0.2862 0.6943 -0.6603
vn 0.2460 0.3741 -0.8942
vn 0.0683 0.4891 -0.8695
vn -0.3868 0.9221 -0.0071
vn -0.8595 0.4797 0.1765
vn -0.5107 0.8141 0.2765
vn -0.9111 0.3559 0.2080
vn -0.5727 0.1811 0.7995
vn -0.6887 0.4257 -0.5869
vn -0.5255 0.8328 -0.1739
vn -0.8923 0.4508 -0.0243
vn -0.4482 0.8934 -0.0310
vn -0.5749 0.4057 -0.7105
vn 0.1952 0.1485 0.9695
vn -0.0157 0.9694 -0.2450
vn -0.1985 0.9322 -0.3028
vn -0.1516 0.9723 -0.1777
vn 0.0380 0.9552 -0.2936
vn -0.1261 0.6772 -0.7249
vn -0.1679 0.9341 -0.3149
vn 0.2156 0.9404 -0.2630
vn 0.5901 0.5640 -0.5777
vn 0.3490 0.6962 -0.6273
vn 0.3495 0.9294 -0.1186
vn 0.8901 0.4232 0.1691
vn 0.8637 0.5030 -0.0328
vn 0.1624 0.9864 -0.0242
vn 0.1044 0.9865 0.1264
vn 0.2426 0.9617 0.1276
vn 0.2907 0.9349 -0.2038
vn 0.2441 0.9609 -0.1304
vn 0.3024 0.9366 -0.1771
vn 0.3348 0.9348 -0.1189
vn 0.2534 0.9632 -0.0895
vn 0.3241 0.9456 0.0280
vn 0.3465 0.9310 -0.1149
vn 0.3227 0.9461 0.0272
vn 0.8884 0.4249 0.1738
vn 0.3056 0.9271 -0.2169
vn 0.3129 0.9306 -0.1899
vn 0.2837 0.9327 -0.2225
vn 0.2546 0.9415 -0.2206
vn 0.2898 0.9378 -0.1914
vn 0.7980 0.5789 -0.1674
vn 0.2549 0.9414 -0.2210
vn 0.7793 0.6125 -0.1321
vn 0.7257 0.5782 -0.3728
vn 0.2767 0.9312 -0.2372
vn 0.2497 0.9366 -0.2459
vn 0.2226 0.9325 -0.2844
vn 0.2267 0.9278 -0.2962
vn 0.2647 0.9247 -0.2735
vn 0.3721 0.6806 -0.6312
vn 0.1598 0.9277 -0.3373
vn 0.3182 0.6658 -0.6749
vn -0.0011 0.6427 -0.7662
vn 0.3145 0.9177 -0.2427
vn 0.2501 0.9238 -0.2898
vn 0.2000 0.9430 -0.2662
vn 0.0219 0.9390 -0.3432
vn 0.0515 0.9265 -0.3728
vn -0.1691 0.8867 -0.4303
vn 0.0696 0.9320 -0.3556
vn -0.0469 0.8783 -0.4759
vn -0.1083 0.8974 -0.4277
vn 0.3041 0.9315 -0.1995
vn 0.1737 0.9612 -0.2144
vn 0.2313 0.9632 -0.1369
vn 0.1031 0.9897 -0.0994
vn 0.0701 0.9788 -0.1925
vn -0.0697 0.9903 -0.1202
vn 0.0974 0.9926 -0.0719
vn -0.0781 0.9914 -0.1049
vn -0.0143 0.9997 0.0178
vn 0.1072 0.9353 0.3373
vn 0.1901 0.6826 0.7056
vn 0.2853 0.8908 0.3536
vn 0.2485 0.9168 0.3125
vn 0.3255 0.3190 0.8901
vn 0.2298 0.2405 0.9431
vn 0.3496 0.9236 0.1570
vn 0.7172 0.3409 0.6078
vn 0.8812 0.4670 0.0739
vn -0.4905 0.4622 -0.7388
vn -0.8386 0.3591 -0.4097
vn -0.5261 0.4514 -0.7208
vn -0.6439 0.3123 -0.6985
vn -0.5304 0.5243 -0.6662
vn -0.6389 0.2359 -0.7323
vn -0.4572 0.6847 -0.5676
vn -0.3034 0.9066 -0.2932
vn -0.4716 0.8520 -0.2273
vn -0.2835 0.9451 -0.1627
vn -0.3205 0.9388 -0.1262
vn -0.5159 0.8387 -0.1747
vn -0.4918 0.8705 -0.0213
vn -0.2478 0.9654 -0.0812
vn -0.3883 0.9208 0.0365
vn -0.1456 0.9863 0.0776
vn -0.4636 0.6840 -0.5632
vn -0.6694 0.2431 -0.7020
vn -0.7146 0.5315 -0.4548
vn -0.8000 0.4045 -0.4431
vn -0.6764 0.2280 -0.7003
vn 0.0164 -0.9998 0.0141
vn -0.8255 0.4066 -0.3913
vn -0.9248 0.3708 -0.0850
vn -0.1138 0.9088 0.4015
vn -0.4704 0.7124 0.5207
vn -0.0898 0.5327 0.8415
vn -0.1397 0.2414 0.9603
vn -0.3342 0.8685 0.3660
vn -0.1067 0.2363 0.9658
vn -0.0213 0.1255 0.9919
vn 0.0163 -0.9998 0.0140
vn -0.7669 0.4693 0.4378
vn -0.5617 0.8220 -0.0938
vn -0.1031 0.9671 -0.2324
vn -0.1028 0.9333 -0.3441
vn 0.4046 0.7219 -0.5614
vn 0.8551 0.5184 -0.0108
vn 0.1795 0.9812 0.0715
vn 0.3034 0.9363 -0.1768
vn 0.2924 0.9538 -0.0686
vn 0.3751 0.9259 -0.0443
vn 0.2800 0.9351 -0.2174
vn 0.2879 0.9388 -0.1891
vn 0.6819 0.6728 -0.2869
vn 0.2834 0.9257 -0.2506
vn 0.2343 0.9253 -0.2982
vn 0.2466 0.7086 -0.6612
vn 0.2443 0.9300 -0.2747
vn 0.0289 0.9303 -0.3657
vn -0.0690 0.8959 -0.4389
vn 0.2434 0.9526 -0.1826
vn 0.0420 0.9893 -0.1400
vn -0.0013 0.9989 -0.0476
vn 0.1903 0.8643 0.4655
vn 0.1883 0.2779 0.9420
vn 0.7857 0.5044 0.3582
vn -0.8353 0.3376 -0.4340
vn -0.6798 0.3076 -0.6658
vn -0.4482 0.5295 -0.7203
vn -0.3700 0.8987 -0.2354
vn -0.4208 0.8998 -0.1152
vn -0.2867 0.9580 0.0052
vn -0.6249 0.5297 -0.5735
vn -0.7965 0.2821 -0.5348
vn -0.8604 0.3516 -0.3690
vn -0.1857 0.8131 0.5516
vn -0.1021 0.2409 0.9652
vn 0.0319 -0.6826 -0.7301
vn 0.3955 -0.2886 -0.8719
vn -0.3374 0.7701 0.5414
vn -0.6065 0.7822 -0.1427
vn -0.3180 0.7712 -0.5515
vn 0.5828 0.7667 -0.2694
vn 0.0187 0.9307 0.3653
vn -0.1512 0.9574 0.2461
vn -0.0462 0.9642 0.2612
vn 0.5047 0.7695 -0.3913
vn -0.1397 0.9540 0.2652
vn 0.0651 0.9786 -0.1951
vn -0.2047 0.7820 -0.5887
vn -0.1183 0.9578 0.2619
vn -0.4420 0.8944 -0.0684
vn -0.6246 0.7809 -0.0073
vn -0.0967 0.9948 0.0325
vn -0.1879 0.9785 0.0854
vn -0.2084 0.7673 0.6065
vn 0.0034 0.9969 0.0781
vn 0.0262 0.9824 0.1850
vn 0.1462 0.9606 0.2366
vn 0.7615 0.4482 0.4683
vn 0.9767 0.1891 0.1019
vn 0.8119 0.4866 -0.3226
vn 0.5573 0.8024 -0.2134
vn 0.3577 0.4398 -0.8238
vn -0.2285 0.8133 -0.5351
vn -0.3775 0.6817 -0.6268
vn -0.6531 0.4761 -0.5890
vn -0.5827 0.8121 0.0314
vn -0.5557 0.8135 -0.1717
vn -0.7818 0.4421 0.4397
vn -0.1555 0.8028 0.5756
vn -0.3488 0.8059 0.4784
vn 0.1873 0.3770 0.9071
vn 0.3600 0.6109 0.7052
vn 0.8045 0.5152 -0.2955
vn 0.4637 -0.7379 -0.4904
vn 0.5283 -0.6996 -0.4811
vn -0.3168 0.5727 -0.7561
vn 0.0848 -0.7273 -0.6810
vn 0.7260 0.2087 0.6552
vn 0.4710 -0.7171 0.5138
vn 0.3216 -0.3638 0.8742
vn -0.1556 0.7815 -0.6042
vn 0.5373 0.7685 -0.3476
vn 0.6411 0.7451 0.1840
vn -0.2589 0.7683 0.5853
vn -0.2854 0.9259 -0.2474
vn -0.0957 0.9534 -0.2861
vn -0.1776 0.9584 -0.2237
vn -0.1212 0.7656 0.6319
vn -0.1161 0.9498 -0.2906
vn 0.0536 0.9827 0.1775
vn 0.5787 0.7588 0.2990
vn -0.1288 0.9532 -0.2737
vn 0.3465 0.8952 -0.2803
vn 0.4434 0.7713 -0.4566
vn 0.0096 0.9946 -0.1032
vn 0.0389 0.9782 -0.2041
vn -0.2824 0.7826 -0.5548
vn -0.0927 0.9935 -0.0657
vn -0.1782 0.9762 -0.1235
vn -0.2907 0.9537 -0.0776
vn -0.8328 0.5261 0.1723
vn -0.7643 0.2636 0.5885
vn -0.3746 0.4963 0.7831
vn -0.2791 0.8047 0.5240
vn 0.3132 0.3722 0.8737
vn 0.5541 0.7978 0.2377
vn 0.7493 0.6314 0.1996
vn 0.9240 0.3808 -0.0363
vn 0.3799 0.8067 -0.4527
vn 0.5202 0.8036 -0.2892
vn 0.2389 0.4467 -0.8622
vn -0.2985 0.8137 -0.4988
vn -0.1079 0.8125 -0.5728
vn -0.7280 0.4757 -0.4937
vn -0.7053 0.6657 -0.2436
vn -0.3882 0.5265 0.7564
vn 0.0345 -0.7480 0.6628
vn -0.0182 -0.7102 0.7038
vn 0.7979 0.4930 0.3468
vn 0.4077 -0.7522 0.5176
vn -0.9437 0.3298 0.0267
vn 0.6929 -0.6933 -0.1980
vn 0.2747 0.9524 -0.1318
vn 0.4291 -0.8953 -0.1198
vn 0.3772 -0.9056 -0.1939
vn 0.5454 -0.7560 -0.3620
vn 0.2621 0.9566 -0.1271
vn 0.6620 -0.5462 0.5133
vn 0.1061 -0.9908 0.0843
vn 0.1310 -0.9875 -0.0877
vn 0.3594 0.8646 -0.3512
vn 0.1879 0.9821 0.0110
vn 0.3745 -0.7583 0.5337
vn -0.0209 -0.9970 0.0740
vn -0.1816 -0.9325 -0.3121
vn 0.1774 0.9455 -0.2730
vn -0.0122 0.9558 0.2937
vn -0.3147 -0.6085 0.7285
vn -0.6653 -0.6936 0.2763
vn -0.6933 0.7190 -0.0484
vn -0.1036 0.9946 -0.0067
vn -0.8823 -0.3861 0.2693
vn -0.9724 0.1842 0.1430
vn -0.9964 0.0778 -0.0342
vn -0.2891 0.9542 0.0766
vn -0.6106 0.7843 -0.1100
vn -0.9389 0.3166 -0.1350
vn -0.2946 0.9508 0.0956
vn -0.8184 -0.3318 0.4691
vn -0.2928 -0.8253 0.4828
vn -0.5299 0.8457 0.0633
vn -0.4217 0.3632 0.8308
vn -0.0166 0.9179 0.3965
vn -0.8674 -0.3567 0.3471
vn -0.1279 0.9812 0.1444
vn -0.0774 0.9963 0.0376
vn -0.0599 0.9955 -0.0735
vn -0.0706 0.9720 -0.2241
vn -0.2146 0.9204 -0.3268
vn -0.7519 -0.1980 -0.6289
vn -0.3434 -0.8901 -0.2995
vn -0.3262 -0.9258 -0.1908
vn -0.2631 -0.9568 0.1240
vn -0.1028 -0.9838 0.1467
vn -0.1491 -0.9415 0.3023
vn -0.2111 -0.7070 0.6750
vn 0.0427 -0.3316 0.9425
vn -0.1210 0.9621 0.2446
vn -0.2694 0.7816 0.5626
vn 0.0250 0.9974 0.0673
vn -0.0509 0.9983 0.0285
vn -0.3172 0.7542 -0.5749
vn 0.0025 0.3985 -0.9172
vn 0.1207 -0.7617 -0.6365
vn -0.1599 -0.9857 -0.0524
vn -0.0064 -0.9999 -0.0117
vn -0.0039 -0.9999 -0.0097
vn -0.0541 -0.9452 0.3220
vn 0.1125 -0.9784 0.1733
vn 0.2588 -0.9484 0.1833
vn -0.8596 0.4189 0.2925
vn 0.3544 0.8932 0.2770
vn 0.2752 0.9610 0.0263
vn -0.0029 0.9979 -0.0641
vn 0.1526 0.9775 -0.1457
vn 0.2128 0.9393 -0.2692
vn 0.2316 0.8953 -0.3805
vn 0.5281 -0.6729 -0.5180
vn 0.2878 -0.8654 -0.4102
vn 0.1252 -0.9882 -0.0879
vn 0.1099 -0.9879 -0.1098
vn 0.0797 -0.9961 -0.0384
vn 0.1405 -0.9885 0.0562
vn 0.2301 -0.9708 0.0673
vn 0.2875 -0.9449 0.1566
vn 0.2236 0.9346 -0.2767
vn 0.3189 0.9163 -0.2424
vn 0.8015 -0.4345 -0.4109
vn 0.4536 -0.8665 0.2082
vn 0.8626 -0.4915 -0.1194
vn 0.3464 0.9352 -0.0735
vn 0.0765 -0.6662 -0.7419
vn -0.0168 0.9484 -0.3165
vn 0.0483 -0.8959 -0.4416
vn -0.0437 -0.9070 -0.4189
vn -0.1422 -0.7392 -0.6583
vn -0.0171 0.9525 -0.3039
vn 0.7443 -0.5179 -0.4218
vn 0.1159 -0.9923 -0.0437
vn -0.0359 -0.9904 -0.1332
vn -0.1816 0.8663 -0.4655
vn 0.0812 0.9785 -0.1896
vn 0.6444 -0.7533 -0.1314
vn 0.0578 -0.9958 0.0705
vn -0.3559 -0.9317 0.0726
vn -0.1797 0.9424 -0.2820
vn 0.2729 0.9568 0.0999
vn 0.5375 -0.6305 0.5600
vn 0.0063 -0.7167 0.6974
vn -0.3177 0.6977 0.6421
vn -0.0425 0.9966 0.0708
vn -0.0764 -0.4493 0.8901
vn -0.2326 0.0986 0.9676
vn -0.4044 -0.0074 0.9146
vn -0.0350 0.9584 0.2834
vn -0.3440 0.7730 0.5331
vn -0.4880 0.2461 0.8374
vn -0.0189 0.9549 0.2964
vn 0.1247 -0.3984 0.9087
vn 0.3237 -0.8297 0.4547
vn -0.1433 0.8411 0.5216
vn 0.6289 0.3146 0.7110
vn 0.3684 0.9184 0.1443
vn -0.0018 -0.4225 0.9063
vn 0.0906 0.9842 0.1522
vn 0.0089 0.9980 0.0628
vn -0.0879 0.9961 0.0044
vn -0.2314 0.9720 -0.0418
vn -0.3850 0.9213 0.0551
vn -0.8532 -0.2452 0.4604
vn -0.3978 -0.8904 0.2215
vn -0.2927 -0.9240 0.2460
vn 0.0140 -0.9527 0.3037
vn 0.0935 -0.9808 0.1711
vn 0.2168 -0.9388 0.2676
vn 0.5285 -0.7187 0.4519
vn 0.8815 -0.3474 0.3196
vn 0.1880 0.9646 0.1848
vn 0.4389 0.7726 0.4588
vn 0.0744 0.9970 -0.0216
vn 0.0103 0.9994 0.0344
vn -0.6577 0.7508 0.0613
vn -0.8385 0.4157 -0.3522
vn -0.5607 -0.7545 -0.3411
vn -0.1090 -0.9827 0.1496
vn -0.0160 -0.9996 0.0252
vn -0.0132 -0.9996 0.0236
vn 0.2716 -0.9433 0.1906
vn 0.2010 -0.9795 -0.0162
vn 0.2693 -0.9510 -0.1520
vn -0.0494 0.3520 0.9347
vn 0.3807 0.8932 -0.2393
vn 0.1258 0.9572 -0.2607
vn -0.0576 0.9973 -0.0449
vn -0.0740 0.9738 -0.2149
vn -0.1629 0.9362 -0.3115
vn -0.2555 0.8946 -0.3667
vn -0.2999 -0.6462 -0.7018
vn -0.2863 -0.8632 -0.4159
vn -0.0383 -0.9911 -0.1277
vn -0.0646 -0.9905 -0.1215
vn -0.0088 -0.9978 -0.0654
vn 0.1030 -0.9909 -0.0869
vn 0.1486 -0.9744 -0.1689
vn 0.2560 -0.9478 -0.1902
vn -0.1656 0.9316 -0.3235
vn -0.0996 0.9141 -0.3932
vn -0.0875 -0.3707 -0.9246
vn 0.3735 -0.8652 -0.3346
vn 0.2189 -0.4345 -0.8737
vn 0.0610 0.9319 -0.3576
vn -0.3897 0.9106 -0.1375
vn 0.6876 0.7240 0.0558
vn 0.1196 0.9827 0.1415
vn 0.3088 0.9479 -0.0786
vn -0.2145 0.9533 0.2124
vn -0.1469 0.8672 -0.4758
vn -0.0858 0.9941 -0.0670
vn -0.8157 0.2093 -0.5393
vn -0.7154 0.0928 -0.6925
vn -0.8655 -0.3431 -0.3649
vn -0.4428 0.7338 -0.5152
vn -0.5817 0.7381 -0.3419
vn -0.8886 0.2862 0.3583
vn -0.4392 0.7824 0.4416
vn -0.2025 0.9789 0.0282
vn -0.0957 0.9953 -0.0166
vn -0.0088 0.9961 -0.0876
vn 0.0857 0.9741 -0.2091
vn -0.0266 0.7391 -0.6731
vn -0.4376 0.7681 0.4675
vn -0.5676 0.7893 0.2342
vn -0.0397 0.9965 0.0735
vn -0.0702 0.9975 -0.0057
vn -0.0530 0.7765 -0.6279
vn 0.6755 0.2627 -0.6890
vn 0.4570 0.8747 0.1614
vn -0.0291 0.7282 0.6847
vn 0.1230 0.6676 0.7343
vn 0.3434 0.8375 0.4250
vn 0.0274 0.9987 -0.0425
vn 0.2006 0.9797 0.0011
vn 0.6123 0.7859 -0.0859
vn 0.6224 0.7705 0.1379
vn 0.5423 0.7615 0.3550
vn 0.4885 0.8720 -0.0318
vn -0.4089 0.9108 -0.0565
vn 0.6808 0.7267 -0.0915
vn 0.1491 0.9827 0.1098
vn 0.2861 0.9473 -0.1442
vn -0.1637 0.9541 0.2507
vn -0.2401 0.8673 -0.4360
vn -0.0954 0.9941 -0.0512
vn -0.9108 0.2057 -0.3579
vn -0.8443 0.0920 -0.5279
vn -0.9210 -0.3486 -0.1739
vn -0.5387 0.7340 -0.4137
vn -0.6403 0.7371 -0.2159
vn -0.7972 0.2727 0.5387
vn -0.3382 0.7800 0.5266
vn -0.1901 0.9795 0.0666
vn -0.0946 0.9955 0.0001
vn -0.0244 0.9959 -0.0875
vn 0.0422 0.9734 -0.2251
vn -0.1640 0.7413 -0.6509
vn -0.3312 0.7653 0.5519
vn -0.5087 0.7873 0.3485
vn -0.0209 0.9968 0.0767
vn -0.0673 0.9977 0.0055
vn -0.1802 0.7779 -0.6020
vn 0.5136 0.2773 -0.8120
vn 0.4808 0.8749 0.0586
vn 0.1180 0.7252 0.6784
vn 0.2774 0.6645 0.6939
vn 0.4272 0.8374 0.3409
vn 0.0204 0.9985 -0.0509
vn 0.1982 0.9792 -0.0444
vn 0.5777 0.7879 -0.2134
vn 0.6355 0.7721 0.0016
vn 0.6050 0.7622 0.2302
vn 0.4698 0.8723 -0.1357
vn 0.6809 0.7267 -0.0915
vn -0.9109 0.2056 -0.3578
vn -0.8443 0.0919 -0.5279
vn -0.9210 -0.3485 -0.1739
vn -0.5087 0.7872 0.3485
vn 0.1179 0.7253 0.6783
vn 0.2774 0.6644 0.6939
vn 0.5777 0.7879 -0.2135
vn 0.6808 0.7267 -0.0916
vn 0.2861 0.9473 -0.1443
vn -0.9108 0.2057 -0.3578
vn -0.8443 0.0920 -0.5280
vn -0.5387 0.7339 -0.4137
vn -0.3382 0.7800 0.5265
vn 0.1181 0.7253 0.6782
vn 0.2862 0.9473 -0.1442
vn -0.9109 0.2056 -0.3579
vn -0.7972 0.2727 0.5386
vn 0.1182 0.7253 0.6782
vn -0.6403 0.7372 -0.2159
vn 0.1180 0.7253 0.6782
vn 0.3967 0.9139 0.0863
vn -0.6607 0.7505 -0.0161
vn -0.1582 0.9758 -0.1512
vn -0.3214 0.9439 0.0763
vn 0.1634 0.9531 -0.2547
vn 0.1713 0.8637 0.4739
vn 0.0591 0.9977 0.0339
vn 0.8770 0.0574 0.4771
vn 0.7732 -0.0662 0.6306
vn 0.8464 -0.4524 0.2809
vn 0.5110 0.6948 0.5061
vn 0.6462 0.7012 0.3013
vn 0.8642 0.2276 -0.4487
vn 0.3738 0.7823 -0.4982
vn 0.1704 0.9827 -0.0726
vn 0.0644 0.9978 -0.0180
vn -0.0172 0.9980 0.0609
vn -0.1012 0.9761 0.1923
vn 0.0646 0.7137 0.6975
vn 0.3694 0.7688 -0.5220
vn 0.5401 0.7809 -0.3139
vn -0.0002 0.9948 -0.1023
vn 0.0373 0.9989 -0.0269
vn 0.0876 0.7574 0.6471
vn -0.6223 0.2665 0.7360
vn -0.4617 0.8767 -0.1350
vn -0.0516 0.7501 -0.6593
vn -0.1927 0.7050 -0.6825
vn -0.3723 0.8461 -0.3813
vn -0.0571 0.9982 0.0181
vn -0.2257 0.9742 -0.0100
vn -0.5917 0.7987 0.1089
vn -0.6051 0.7902 -0.0974
vn -0.5421 0.7855 -0.2986
vn -0.4840 0.8739 0.0465
vn -0.3214 0.9439 0.0762
vn 0.8464 -0.4525 0.2809
vn 0.0373 0.9989 -0.0268
vn -0.6223 0.2664 0.7360
vn -0.0520 0.7500 -0.6594
vn 0.8642 0.2277 -0.4487
vn 0.3738 0.7824 -0.4982
vn 0.0876 0.7574 0.6470
vn -0.0515 0.7501 -0.6593
vn 0.8770 0.0575 0.4771
vn 0.7732 -0.0662 0.6307
vn -0.0001 0.9948 -0.1023
vn -0.0515 0.7501 -0.6594
vn 0.5401 0.7808 -0.3139
vn 0.1714 0.8637 0.4739
vn 0.7732 -0.0661 0.6307
vn -0.6223 0.2664 0.7361
vn -0.0522 0.7501 -0.6593
vn -0.2256 0.9742 -0.0100
vn -0.0517 0.7500 -0.6594
vn -0.0172 0.9980 0.0608
vn 0.0646 0.7136 0.6975
vn -0.0518 0.7500 -0.6594
vn 0.5017 0.7791 -0.3758
vn 0.6105 0.7778 -0.1491
vn -0.7987 0.2858 0.5295
vn 0.1328 0.7468 -0.6517
vn -0.2557 0.8459 -0.4680
vn 0.5671 -0.0637 0.8212
vn 0.7344 -0.4561 0.5026
vn 0.5343 0.7003 0.4733
vn 0.1328 0.7468 -0.6516
vn 0.1328 0.7469 -0.6516
vn -0.5968 0.8003 -0.0570
vn 0.5670 -0.0636 0.8212
vn 0.3453 0.6962 0.6293
vn -0.7987 0.2859 0.5296
vn 0.5604 0.4019 -0.7241
vn -0.3686 0.9122 -0.1788
vn 0.0976 0.9934 -0.0599
vn 0.1642 0.9768 0.1376
vn -0.3753 0.4594 0.8051
vn -0.2449 0.9694 0.0170
vn -0.2693 0.9518 0.1468
vn -0.2594 0.9589 0.1146
vn -0.2622 0.9355 0.2366
vn -0.1494 0.9711 0.1863
vn -0.1405 0.9366 0.3210
vn 0.0529 0.6505 0.7577
vn -0.0280 0.9962 0.0829
vn 0.0898 0.9952 0.0398
vn 0.1472 0.9890 -0.0160
vn -0.0744 0.9957 0.0552
vn 0.0193 0.9996 -0.0182
vn -0.0522 0.9948 -0.0875
vn -0.2639 0.9635 0.0445
vn -0.3531 0.9281 -0.1176
vn -0.3232 0.9362 -0.1384
vn -0.5596 0.8288 0.0053
vn -0.4678 0.8304 0.3027
vn -0.4279 0.7047 0.5659
vn 0.8450 0.5162 0.1394
vn 0.8135 0.5814 -0.0123
vn 0.3576 0.9292 -0.0933
vn 0.1814 0.9694 -0.1656
vn 0.1784 0.9625 -0.2043
vn 0.0592 0.9748 -0.2149
vn -0.4979 0.2177 -0.8395
vn -0.6003 0.5086 -0.6173
vn 0.3302 0.9292 -0.1663
vn 0.6024 0.7953 -0.0689
vn 0.4293 0.5538 -0.7134
vn -0.4407 0.1270 -0.8886
vt 0.181819 0.000000
vt 0.227273 0.078731
vt 0.136365 0.078731
vt 0.681818 0.078731
vt 0.727273 0.157461
vt 0.681818 0.236191
vt 0.636364 0.157461
vt 0.909091 0.000000
vt 0.954545 0.078731
vt 0.863636 0.078731
vt 0.727273 0.000000
vt 0.772727 0.078731
vt 0.545455 0.000000
vt 0.590909 0.078731
vt 0.500000 0.078731
vt 0.090910 0.157461
vt 0.181819 0.157461
vt 0.136365 0.236191
vt 0.818182 0.157461
vt 0.909091 0.157461
vt 0.863636 0.236191
vt 0.772727 0.393651
vt 0.863636 0.393651
vt 0.636364 0.472382
vt 0.590909 0.393651
vt 0.454546 0.157461
vt 0.545455 0.157461
vt 0.500000 0.236191
vt 0.272728 0.157461
vt 0.318182 0.236191
vt 0.227273 0.236191
vt 0.045455 0.236191
vt 0.772727 0.236191
vt 0.590909 0.236191
vt 0.409092 0.236191
vt 0.181819 0.314921
vt 0.272728 0.314921
vt 0.227273 0.393651
vt 0.000000 0.314921
vt 0.090910 0.314921
vt 0.045455 0.393651
vt 0.727273 0.314921
vt 0.818182 0.314921
vt 0.545455 0.314921
vt 0.636364 0.314921
vt 0.363637 0.314921
vt 0.454546 0.314921
vt 0.409092 0.393651
vt 0.500000 0.393651
vt 0.272728 0.472382
vt 0.681818 0.393651
vt 0.909091 0.314921
vt 0.136365 0.393651
vt 0.090910 0.472382
vt 0.318182 0.393651
vt 0.363637 0.157461
vt 0.318182 0.078731
vt 0.954545 0.236191
vt 1.000000 0.157461
vt 0.409092 0.078731
vt 0.363637 0.000000
vt 0.363637 0.157461
vt 0.318182 0.157461
vt 0.340910 0.118096
vt 0.295455 0.118096
vt 0.886364 0.039365
vt 0.909091 0.078731
vt 0.909091 0.000000
vt 0.931818 0.039365
vt 0.704546 0.039365
vt 0.727273 0.078731
vt 0.727273 0.000000
vt 0.750000 0.039365
vt 0.522728 0.039365
vt 0.545455 0.078731
vt 0.545455 0.000000
vt 0.568182 0.039365
vt 0.318183 0.236191
vt 0.295455 0.196826
vt 0.340910 0.196826
vt 0.136364 0.236191
vt 0.113637 0.196826
vt 0.159092 0.196826
vt 0.136365 0.157461
vt 0.181819 0.157461
vt 0.863637 0.236191
vt 0.840909 0.196826
vt 0.886364 0.196826
vt 0.863636 0.157461
vt 0.909091 0.157461
vt 0.681819 0.236191
vt 0.659091 0.196826
vt 0.704546 0.196826
vt 0.681819 0.157461
vt 0.727273 0.157461
vt 0.500001 0.236191
vt 0.477273 0.196826
vt 0.522728 0.196826
vt 0.500001 0.157461
vt 0.545455 0.157461
vt 0.227274 0.236191
vt 0.250001 0.196826
vt 0.272728 0.236191
vt 0.068183 0.196826
vt 0.090910 0.236191
vt 0.772728 0.236191
vt 0.795455 0.196826
vt 0.818182 0.236191
vt 0.590910 0.236191
vt 0.613637 0.196826
vt 0.636364 0.236191
vt 0.409092 0.236191
vt 0.431819 0.196826
vt 0.454546 0.236191
vt 0.204546 0.354286
vt 0.250001 0.354286
vt 0.227274 0.314921
vt 0.272728 0.314921
vt 0.022728 0.354286
vt 0.068182 0.354286
vt 0.045455 0.314921
vt 0.090910 0.314921
vt 0.750000 0.354286
vt 0.795455 0.354286
vt 0.772728 0.314921
vt 0.818182 0.314921
vt 0.568182 0.354286
vt 0.613637 0.354286
vt 0.590910 0.314921
vt 0.636364 0.314921
vt 0.386364 0.354286
vt 0.431819 0.354286
vt 0.409092 0.314921
vt 0.454546 0.314921
vt 0.454546 0.472382
vt 0.431819 0.433017
vt 0.477273 0.433017
vt 0.454546 0.393652
vt 0.477273 0.354286
vt 0.522728 0.354286
vt 0.500001 0.314921
vt 0.636364 0.472382
vt 0.613637 0.433017
vt 0.659091 0.433017
vt 0.636364 0.393652
vt 0.659091 0.354286
vt 0.704546 0.354286
vt 0.681819 0.314921
vt 0.818182 0.472382
vt 0.795455 0.433017
vt 0.840909 0.433017
vt 0.818182 0.393652
vt 0.840909 0.354286
vt 0.886364 0.354286
vt 0.863637 0.314921
vt 0.090910 0.472382
vt 0.068183 0.433017
vt 0.113637 0.433017
vt 0.090910 0.393652
vt 0.113637 0.354286
vt 0.159092 0.354286
vt 0.136364 0.314921
vt 0.272728 0.472382
vt 0.250001 0.433017
vt 0.295455 0.433017
vt 0.272728 0.393652
vt 0.295455 0.354286
vt 0.340910 0.354286
vt 0.318182 0.314921
vt 0.386364 0.275556
vt 0.431819 0.275556
vt 0.477273 0.275556
vt 0.522728 0.275556
vt 0.568182 0.275556
vt 0.613637 0.275556
vt 0.659091 0.275556
vt 0.704546 0.275556
vt 0.750000 0.275556
vt 0.795455 0.275556
vt 0.840909 0.275556
vt 0.886364 0.275556
vt 0.022728 0.275556
vt 0.068182 0.275556
vt 0.113637 0.275556
vt 0.159092 0.275556
vt 0.204546 0.275556
vt 0.250001 0.275556
vt 0.295455 0.275556
vt 0.340910 0.275556
vt 0.545455 0.236191
vt 0.568182 0.196826
vt 0.590910 0.157461
vt 0.727273 0.236191
vt 0.750000 0.196826
vt 0.772728 0.157461
vt 0.931818 0.275556
vt 0.909091 0.236191
vt 0.931818 0.196826
vt 0.977273 0.196826
vt 0.954546 0.157461
vt 0.181819 0.236191
vt 0.204546 0.196826
vt 0.227274 0.157461
vt 0.363637 0.236191
vt 0.386364 0.196826
vt 0.409092 0.157461
vt 0.477273 0.118096
vt 0.522728 0.118096
vt 0.568182 0.118096
vt 0.613637 0.118096
vt 0.659091 0.118096
vt 0.704546 0.118096
vt 0.750000 0.118096
vt 0.795455 0.118096
vt 0.840909 0.118096
vt 0.886364 0.118096
vt 0.931818 0.118096
vt 0.977273 0.118096
vt 0.431819 0.118096
vt 0.386364 0.118096
vt 0.363637 0.078731
vt 0.386364 0.039365
vt 0.340910 0.039365
vt 0.363637 0.000000
vt 0.113637 0.118096
vt 0.159092 0.118096
vt 0.204546 0.118096
vt 0.181819 0.078731
vt 0.250001 0.118096
vt 0.204546 0.039365
vt 0.159092 0.039365
vt 0.181819 0.000000
vt 0.454546 0.472382
vt 0.818182 0.472382
s 0
usemtl Material.001
f 1/1/1 14/2/1 13/3/1
f 20/4/1 21/5/1 29/6/1 5/7/1
f 1/8/1 13/9/1 18/10/1
f 1/11/1 18/12/1 20/4/1
f 1/13/1 20/14/1 17/15/1
f 3/16/1 15/17/1 25/18/1
f 4/19/1 19/20/1 27/21/1
f 41/22/2 40/23/2 12/24/2 42/25/2
f 6/26/3 22/27/3 31/28/3
f 2/29/4 23/30/4 26/31/4
f 3/16/1 25/18/1 28/32/1
f 4/19/1 27/21/1 30/33/1
f 5/7/1 29/6/1 32/34/1
f 6/26/5 31/28/5 24/35/5
f 7/36/6 33/37/6 38/38/6
f 8/39/1 34/40/1 40/41/1
f 9/42/1 35/43/1 41/22/1
f 10/44/7 36/45/7 42/25/7
f 11/46/8 37/47/8 39/48/8
f 39/48/9 37/47/9 42/49/9
f 37/47/10 10/44/10 42/49/10
f 38/38/11 39/48/11 42/49/11 12/50/11
f 42/25/12 36/45/12 41/51/12
f 36/45/13 9/42/13 41/51/13
f 41/22/1 35/43/1 40/23/1
f 35/43/1 8/52/1 40/23/1
f 40/41/14 38/53/14 12/54/14
f 40/41/15 34/40/15 38/53/15
f 34/40/16 7/36/16 38/53/16
f 38/38/17 33/37/17 39/55/17
f 33/37/18 11/46/18 39/55/18
f 24/35/19 37/47/19 11/46/19
f 24/35/20 31/28/20 37/47/20
f 31/28/21 10/44/21 37/47/21
f 32/34/1 36/45/1 10/44/1
f 32/34/1 29/6/1 36/45/1
f 29/6/1 9/42/1 36/45/1
f 30/33/1 35/43/1 9/42/1
f 30/33/1 27/21/1 35/43/1
f 27/21/1 8/52/1 35/43/1
f 28/32/1 34/40/1 8/39/1
f 28/32/1 25/18/1 34/40/1
f 25/18/22 7/36/22 34/40/22
f 26/31/23 33/37/23 7/36/23
f 26/31/24 23/30/24 33/37/24
f 23/30/25 11/46/25 33/37/25
f 31/28/26 32/34/26 10/44/26
f 31/28/27 22/27/27 32/34/27
f 22/27/1 5/7/1 32/34/1
f 29/6/1 30/33/1 9/42/1
f 16/56/28 23/30/28 2/29/28 14/57/28
f 27/21/1 28/58/1 8/52/1
f 27/21/1 19/20/1 28/58/1
f 19/20/1 3/59/1 28/58/1
f 25/18/29 26/31/29 7/36/29
f 25/18/30 15/17/30 26/31/30
f 15/17/31 2/29/31 26/31/31
f 23/30/32 24/35/32 11/46/32
f 23/30/33 16/56/33 24/35/33
f 21/5/1 4/19/1 30/33/1 29/6/1
f 17/15/34 22/27/34 6/26/34
f 17/15/1 20/14/1 22/27/1
f 20/14/1 5/7/1 22/27/1
f 20/4/1 18/12/1 21/5/1
f 18/12/1 4/19/1 21/5/1
f 18/10/1 19/20/1 4/19/1
f 18/10/1 13/9/1 19/20/1
f 13/9/1 3/59/1 19/20/1
f 16/56/35 14/57/35 17/60/35
f 14/57/1 1/61/1 17/60/1
f 13/3/1 15/17/1 3/16/1
f 13/3/1 14/2/1 15/17/1
f 14/2/36 2/29/36 15/17/36
f 16/56/37 17/60/37 6/26/37 24/35/37
f 58/62/38 88/63/38 200/64/38
f 44/29/38 86/65/38 88/63/38
f 56/57/38 200/64/38 86/65/38
f 60/10/38 90/66/38 197/67/38
f 43/68/38 85/69/38 90/66/38
f 55/9/38 197/67/38 85/69/38
f 62/4/38 92/70/38 194/71/38
f 43/72/38 90/73/38 92/70/38
f 60/12/38 194/71/38 90/73/38
f 59/15/38 119/74/38 191/75/38
f 43/76/38 92/77/38 119/74/38
f 62/14/38 191/75/38 92/77/38
f 65/78/38 95/79/38 188/80/38
f 44/29/38 88/63/38 95/79/38
f 58/62/38 188/80/38 88/63/38
f 67/81/38 97/82/38 185/83/38
f 45/16/38 87/84/38 97/82/38
f 57/85/38 185/83/38 87/84/38
f 69/86/39 99/87/39 182/88/39
f 46/19/38 91/89/38 99/87/38
f 61/90/40 182/88/40 91/89/40
f 71/91/38 101/92/38 179/93/38
f 47/7/38 93/94/38 101/92/38
f 63/95/38 179/93/38 93/94/38
f 73/96/38 103/97/38 176/98/38
f 48/26/38 94/99/38 103/97/38
f 64/100/38 176/98/38 94/99/38
f 68/101/38 128/102/38 173/103/38
f 44/29/38 95/79/38 128/102/38
f 65/78/38 173/103/38 95/79/38
f 70/32/41 130/104/41 170/105/41
f 45/16/40 97/82/40 130/104/40
f 67/81/42 170/105/42 97/82/42
f 72/106/38 132/107/38 167/108/38
f 46/19/38 99/87/38 132/107/38
f 69/86/43 167/108/43 99/87/43
f 74/109/38 134/110/38 164/111/38
f 47/7/38 101/92/38 134/110/38
f 71/91/38 164/111/38 101/92/38
f 66/112/38 126/113/38 161/114/38
f 48/26/38 103/97/38 126/113/38
f 73/96/38 161/114/38 103/97/38
f 80/38/44 110/115/44 158/116/44
f 49/36/45 105/117/45 110/115/45
f 75/118/46 158/116/46 105/117/46
f 82/41/47 112/119/47 155/120/47
f 50/39/48 106/121/48 112/119/48
f 76/122/49 155/120/49 106/121/49
f 83/22/50 113/123/50 152/124/50
f 51/42/51 107/125/51 113/123/51
f 77/126/52 152/124/52 107/125/52
f 84/25/53 114/127/53 149/128/53
f 52/44/54 108/129/54 114/127/54
f 78/130/55 149/128/55 108/129/55
f 81/48/56 141/131/56 146/132/56
f 53/46/57 109/133/57 141/131/57
f 79/134/58 146/132/58 109/133/58
f 54/135/59 111/136/59 144/137/59
f 81/48/60 145/138/60 111/136/60
f 84/49/61 144/137/61 145/138/61
f 84/49/62 145/138/62 147/139/62
f 81/48/63 146/132/63 145/138/63
f 79/134/64 147/139/64 146/132/64
f 84/49/65 147/139/65 114/140/65
f 79/134/66 139/141/66 147/139/66
f 52/44/67 114/140/67 139/141/67
f 54/142/68 144/143/68 143/144/68
f 84/25/69 148/145/69 144/143/69
f 83/51/70 143/144/70 148/145/70
f 83/51/71 148/145/71 150/146/71
f 84/25/72 149/128/72 148/145/72
f 78/130/73 150/146/73 149/128/73
f 83/51/74 150/146/74 113/147/74
f 78/130/75 138/148/75 150/146/75
f 51/42/76 113/147/76 138/148/76
f 54/149/77 143/150/77 142/151/77
f 83/22/78 151/152/78 143/150/78
f 82/23/79 142/151/79 151/152/79
f 82/23/80 151/152/80 153/153/80
f 83/22/81 152/124/81 151/152/81
f 77/126/82 153/153/82 152/124/82
f 82/23/83 153/153/83 112/154/83
f 77/126/84 137/155/84 153/153/84
f 50/52/85 112/154/85 137/155/85
f 54/156/86 142/157/86 140/158/86
f 82/41/87 154/159/87 142/157/87
f 80/53/88 140/158/88 154/159/88
f 80/53/89 154/159/89 156/160/89
f 82/41/90 155/120/90 154/159/90
f 76/122/91 156/160/91 155/120/91
f 80/53/92 156/160/92 110/161/92
f 76/122/93 136/162/93 156/160/93
f 49/36/94 110/161/94 136/162/94
f 54/163/95 140/164/95 111/165/95
f 80/38/96 157/166/96 140/164/96
f 81/55/97 111/165/97 157/166/97
f 81/55/98 157/166/98 159/167/98
f 80/38/99 158/116/99 157/166/99
f 75/118/100 159/167/100 158/116/100
f 81/55/101 159/167/101 141/168/101
f 75/118/102 135/169/102 159/167/102
f 53/46/103 141/168/103 135/169/103
f 53/46/104 96/170/104 109/133/104
f 66/112/105 160/171/105 96/170/105
f 79/134/106 109/133/106 160/171/106
f 79/134/107 160/171/107 162/172/107
f 66/112/108 161/114/108 160/171/108
f 73/96/109 162/172/109 161/114/109
f 79/134/110 162/172/110 139/141/110
f 73/96/111 133/173/111 162/172/111
f 52/44/112 139/141/112 133/173/112
f 52/44/38 104/174/38 108/129/38
f 74/109/38 163/175/38 104/174/38
f 78/130/38 108/129/38 163/175/38
f 78/130/38 163/175/38 165/176/38
f 74/109/38 164/111/38 163/175/38
f 71/91/38 165/176/38 164/111/38
f 78/130/38 165/176/38 138/148/38
f 71/91/38 131/177/38 165/176/38
f 51/42/38 138/148/38 131/177/38
f 51/42/113 102/178/113 107/125/113
f 72/106/40 166/179/40 102/178/40
f 77/126/114 107/125/114 166/179/114
f 77/126/115 166/179/115 168/180/115
f 72/106/38 167/108/38 166/179/38
f 69/86/116 168/180/116 167/108/116
f 77/126/117 168/180/117 137/155/117
f 69/86/118 129/181/118 168/180/118
f 50/52/119 137/155/119 129/181/119
f 50/39/120 100/182/120 106/121/120
f 70/32/121 169/183/121 100/182/121
f 76/122/122 106/121/122 169/183/122
f 76/122/123 169/183/123 171/184/123
f 70/32/124 170/105/124 169/183/124
f 67/81/125 171/184/125 170/105/125
f 76/122/126 171/184/126 136/162/126
f 67/81/127 127/185/127 171/184/127
f 49/36/128 136/162/128 127/185/128
f 49/36/129 98/186/129 105/117/129
f 68/101/38 172/187/38 98/186/38
f 75/118/130 105/117/130 172/187/130
f 75/118/131 172/187/131 174/188/131
f 68/101/38 173/103/38 172/187/38
f 65/78/38 174/188/38 173/103/38
f 75/118/132 174/188/132 135/169/132
f 65/78/40 125/189/40 174/188/40
f 53/46/133 135/169/133 125/189/133
f 52/44/38 133/173/38 104/174/38
f 73/96/38 175/190/38 133/173/38
f 74/109/38 104/174/38 175/190/38
f 74/109/38 175/190/38 177/191/38
f 73/96/38 176/98/38 175/190/38
f 64/100/38 177/191/38 176/98/38
f 74/109/38 177/191/38 134/110/38
f 64/100/38 124/192/38 177/191/38
f 47/7/38 134/110/38 124/192/38
f 51/42/38 131/177/38 102/178/38
f 71/91/38 178/193/38 131/177/38
f 72/106/38 102/178/38 178/193/38
f 72/106/38 178/193/38 180/194/38
f 71/91/38 179/93/38 178/193/38
f 63/95/38 180/194/38 179/93/38
f 72/106/38 180/194/38 132/107/38
f 63/95/38 123/195/38 180/194/38
f 46/19/38 132/107/38 123/195/38
f 50/52/134 129/181/134 100/196/134
f 69/86/135 181/197/135 129/181/135
f 70/58/136 100/196/136 181/197/136
f 70/58/137 181/197/137 183/198/137
f 69/86/138 182/88/138 181/197/138
f 61/90/139 183/198/139 182/88/139
f 70/58/140 183/198/140 130/199/140
f 61/90/141 121/200/141 183/198/141
f 45/59/40 130/199/40 121/200/40
f 49/36/142 127/185/142 98/186/142
f 67/81/143 184/201/143 127/185/143
f 68/101/38 98/186/38 184/201/38
f 68/101/38 184/201/38 186/202/38
f 67/81/38 185/83/38 184/201/38
f 57/85/38 186/202/38 185/83/38
f 68/101/38 186/202/38 128/102/38
f 57/85/38 117/203/38 186/202/38
f 44/29/38 128/102/38 117/203/38
f 53/46/144 125/189/144 96/170/144
f 65/78/38 187/204/38 125/189/38
f 66/112/40 96/170/40 187/204/40
f 66/112/38 187/204/38 189/205/38
f 65/78/38 188/80/38 187/204/38
f 58/62/38 189/205/38 188/80/38
f 66/112/38 189/205/38 126/113/38
f 58/62/38 118/206/38 189/205/38
f 48/26/38 126/113/38 118/206/38
f 48/26/38 89/207/38 94/99/38
f 59/15/38 190/208/38 89/207/38
f 64/100/38 94/99/38 190/208/38
f 64/100/38 190/208/38 192/209/38
f 59/15/38 191/75/38 190/208/38
f 62/14/38 192/209/38 191/75/38
f 64/100/38 192/209/38 124/192/38
f 62/14/38 122/210/38 192/209/38
f 47/7/38 124/192/38 122/210/38
f 47/7/38 122/211/38 93/94/38
f 62/4/38 193/212/38 122/211/38
f 63/95/38 93/94/38 193/212/38
f 63/95/38 193/212/38 195/213/38
f 62/4/38 194/71/38 193/212/38
f 60/12/38 195/213/38 194/71/38
f 63/95/38 195/213/38 123/195/38
f 60/12/38 120/214/38 195/213/38
f 46/19/38 123/195/38 120/214/38
f 46/19/38 120/215/38 91/89/38
f 60/10/38 196/216/38 120/215/38
f 61/90/38 91/89/38 196/216/38
f 61/90/38 196/216/38 198/217/38
f 60/10/38 197/67/38 196/216/38
f 55/9/38 198/217/38 197/67/38
f 61/90/38 198/217/38 121/200/38
f 55/9/38 115/218/38 198/217/38
f 45/59/38 121/200/38 115/218/38
f 48/26/38 118/206/38 89/219/38
f 58/62/38 199/220/38 118/206/38
f 59/60/38 89/219/38 199/220/38
f 59/60/38 199/220/38 201/221/38
f 58/62/38 200/64/38 199/220/38
f 56/57/38 201/221/38 200/64/38
f 59/60/38 201/221/38 119/222/38
f 56/57/38 116/223/38 201/221/38
f 43/224/38 119/222/38 116/223/38
f 45/16/38 115/225/38 87/84/38
f 55/3/38 202/226/38 115/225/38
f 57/85/38 87/84/38 202/226/38
f 57/85/38 202/226/38 204/227/38
f 55/3/38 203/228/38 202/226/38
f 56/2/38 204/227/38 203/228/38
f 57/85/38 204/227/38 117/203/38
f 56/2/38 86/229/38 204/227/38
f 44/29/38 117/203/38 86/229/38
f 220/62/145 250/63/145 362/64/145
f 206/29/145 248/65/145 250/63/145
f 218/57/145 362/64/145 248/65/145
f 222/10/145 252/66/145 359/67/145
f 205/68/145 247/69/145 252/66/145
f 217/9/145 359/67/145 247/69/145
f 224/4/145 254/70/145 356/71/145
f 205/72/145 252/73/145 254/70/145
f 222/12/145 356/71/145 252/73/145
f 221/15/145 281/74/145 353/75/145
f 205/76/145 254/77/145 281/74/145
f 224/14/145 353/75/145 254/77/145
f 227/78/145 257/79/145 350/80/145
f 206/29/145 250/63/145 257/79/145
f 220/62/145 350/80/145 250/63/145
f 229/81/145 259/82/145 347/83/145
f 207/16/145 249/84/145 259/82/145
f 219/85/145 347/83/145 249/84/145
f 231/86/146 261/87/146 344/88/146
f 208/19/145 253/89/145 261/87/145
f 223/90/147 344/88/147 253/89/147
f 233/91/145 263/92/145 341/93/145
f 209/7/145 255/94/145 263/92/145
f 225/95/145 341/93/145 255/94/145
f 235/96/145 265/97/145 338/98/145
f 210/26/145 256/99/145 265/97/145
f 226/100/145 338/98/145 256/99/145
f 230/101/145 290/102/145 335/103/145
f 206/29/145 257/79/145 290/102/145
f 227/78/145 335/103/145 257/79/145
f 232/32/148 292/104/148 332/105/148
f 207/16/147 259/82/147 292/104/147
f 229/81/149 332/105/149 259/82/149
f 234/106/145 294/107/145 329/108/145
f 208/19/145 261/87/145 294/107/145
f 231/86/150 329/108/150 261/87/150
f 236/109/145 296/110/145 326/111/145
f 209/7/145 263/92/145 296/110/145
f 233/91/145 326/111/145 263/92/145
f 228/112/145 288/113/145 323/114/145
f 210/26/145 265/97/145 288/113/145
f 235/96/145 323/114/145 265/97/145
f 242/38/151 272/115/151 320/116/151
f 211/36/152 267/117/152 272/115/152
f 237/118/153 320/116/153 267/117/153
f 244/41/154 274/119/154 317/120/154
f 212/39/155 268/121/155 274/119/155
f 238/122/156 317/120/156 268/121/156
f 245/22/157 275/123/157 314/124/157
f 213/42/158 269/125/158 275/123/158
f 239/126/159 314/124/159 269/125/159
f 246/25/160 276/127/160 311/128/160
f 214/44/161 270/129/161 276/127/161
f 240/130/162 311/128/162 270/129/162
f 243/48/163 303/131/163 308/132/163
f 215/46/164 271/133/164 303/131/164
f 241/134/165 308/132/165 271/133/165
f 216/135/166 273/136/166 306/137/166
f 243/48/167 307/138/167 273/136/167
f 246/49/168 306/137/168 307/138/168
f 246/49/169 307/138/169 309/139/169
f 243/48/170 308/132/170 307/138/170
f 241/134/171 309/139/171 308/132/171
f 246/49/172 309/139/172 276/140/172
f 241/134/173 301/141/173 309/139/173
f 214/44/174 276/140/174 301/141/174
f 216/142/175 306/143/175 305/144/175
f 246/25/176 310/145/176 306/143/176
f 245/51/177 305/144/177 310/145/177
f 245/51/178 310/145/178 312/146/178
f 246/25/179 311/128/179 310/145/179
f 240/130/180 312/146/180 311/128/180
f 245/51/181 312/146/181 275/147/181
f 240/130/182 300/148/182 312/146/182
f 213/42/183 275/147/183 300/148/183
f 216/149/184 305/150/184 304/151/184
f 245/22/185 313/152/185 305/150/185
f 244/23/186 304/151/186 313/152/186
f 244/23/187 313/152/187 315/153/187
f 245/22/188 314/124/188 313/152/188
f 239/126/189 315/153/189 314/124/189
f 244/23/190 315/153/190 274/154/190
f 239/126/191 299/155/191 315/153/191
f 212/52/192 274/154/192 299/155/192
f 216/156/193 304/157/193 302/158/193
f 244/41/194 316/159/194 304/157/194
f 242/53/195 302/158/195 316/159/195
f 242/53/196 316/159/196 318/160/196
f 244/41/197 317/120/197 316/159/197
f 238/122/198 318/160/198 317/120/198
f 242/53/199 318/160/199 272/161/199
f 238/122/200 298/162/200 318/160/200
f 211/36/201 272/161/201 298/162/201
f 216/163/202 302/164/202 273/165/202
f 242/38/203 319/166/203 302/164/203
f 243/55/204 273/165/204 319/166/204
f 243/55/205 319/166/205 321/167/205
f 242/38/206 320/116/206 319/166/206
f 237/118/207 321/167/207 320/116/207
f 243/55/208 321/167/208 303/168/208
f 237/118/209 297/169/209 321/167/209
f 215/46/210 303/168/210 297/169/210
f 215/46/211 258/170/211 271/133/211
f 228/112/212 322/171/212 258/170/212
f 241/134/213 271/133/213 322/171/213
f 241/134/214 322/171/214 324/172/214
f 228/112/215 323/114/215 322/171/215
f 235/96/216 324/172/216 323/114/216
f 241/134/217 324/172/217 301/141/217
f 235/96/218 295/173/218 324/172/218
f 214/44/219 301/141/219 295/173/219
f 214/44/145 266/174/145 270/129/145
f 236/109/145 325/175/145 266/174/145
f 240/130/145 270/129/145 325/175/145
f 240/130/145 325/175/145 327/176/145
f 236/109/145 326/111/145 325/175/145
f 233/91/145 327/176/145 326/111/145
f 240/130/145 327/176/145 300/148/145
f 233/91/145 293/177/145 327/176/145
f 213/42/145 300/148/145 293/177/145
f 213/42/220 264/178/220 269/125/220
f 234/106/147 328/179/147 264/178/147
f 239/126/221 269/125/221 328/179/221
f 239/126/222 328/179/222 330/180/222
f 234/106/145 329/108/145 328/179/145
f 231/86/223 330/180/223 329/108/223
f 239/126/224 330/180/224 299/155/224
f 231/86/225 291/181/225 330/180/225
f 212/52/226 299/155/226 291/181/226
f 212/39/227 262/182/227 268/121/227
f 232/32/228 331/183/228 262/182/228
f 238/122/229 268/121/229 331/183/229
f 238/122/230 331/183/230 333/184/230
f 232/32/231 332/105/231 331/183/231
f 229/81/232 333/184/232 332/105/232
f 238/122/233 333/184/233 298/162/233
f 229/81/234 289/185/234 333/184/234
f 211/36/235 298/162/235 289/185/235
f 211/36/236 260/186/236 267/117/236
f 230/101/145 334/187/145 260/186/145
f 237/118/237 267/117/237 334/187/237
f 237/118/238 334/187/238 336/188/238
f 230/101/145 335/103/145 334/187/145
f 227/78/145 336/188/145 335/103/145
f 237/118/239 336/188/239 297/169/239
f 227/78/147 287/189/147 336/188/147
f 215/46/240 297/169/240 287/189/240
f 214/44/145 295/173/145 266/174/145
f 235/96/145 337/190/145 295/173/145
f 236/109/145 266/174/145 337/190/145
f 236/109/145 337/190/145 339/191/145
f 235/96/145 338/98/145 337/190/145
f 226/100/145 339/191/145 338/98/145
f 236/109/145 339/191/145 296/110/145
f 226/100/145 286/192/145 339/191/145
f 209/7/145 296/110/145 286/192/145
f 213/42/145 293/177/145 264/178/145
f 233/91/145 340/193/145 293/177/145
f 234/106/145 264/178/145 340/193/145
f 234/106/145 340/193/145 342/194/145
f 233/91/145 341/93/145 340/193/145
f 225/95/145 342/194/145 341/93/145
f 234/106/145 342/194/145 294/107/145
f 225/95/145 285/195/145 342/194/145
f 208/19/145 294/107/145 285/195/145
f 212/52/241 291/181/241 262/196/241
f 231/86/242 343/197/242 291/181/242
f 232/58/243 262/196/243 343/197/243
f 232/58/244 343/197/244 345/198/244
f 231/86/245 344/88/245 343/197/245
f 223/90/246 345/198/246 344/88/246
f 232/58/247 345/198/247 292/199/247
f 223/90/248 283/200/248 345/198/248
f 207/59/147 292/199/147 283/200/147
f 211/36/249 289/185/249 260/186/249
f 229/81/250 346/201/250 289/185/250
f 230/101/145 260/186/145 346/201/145
f 230/101/145 346/201/145 348/202/145
f 229/81/145 347/83/145 346/201/145
f 219/85/145 348/202/145 347/83/145
f 230/101/145 348/202/145 290/102/145
f 219/85/145 279/203/145 348/202/145
f 206/29/145 290/102/145 279/203/145
f 215/46/251 287/189/251 258/170/251
f 227/78/145 349/204/145 287/189/145
f 228/112/147 258/170/147 349/204/147
f 228/112/145 349/204/145 351/205/145
f 227/78/145 350/80/145 349/204/145
f 220/62/145 351/205/145 350/80/145
f 228/112/145 351/205/145 288/113/145
f 220/62/145 280/206/145 351/205/145
f 210/26/145 288/113/145 280/206/145
f 210/26/145 251/207/145 256/99/145
f 221/15/145 352/208/145 251/207/145
f 226/100/145 256/99/145 352/208/145
f 226/100/145 352/208/145 354/209/145
f 221/15/145 353/75/145 352/208/145
f 224/14/145 354/209/145 353/75/145
f 226/100/145 354/209/145 286/192/145
f 224/14/145 284/210/145 354/209/145
f 209/7/145 286/192/145 284/210/145
f 209/7/145 284/211/145 255/94/145
f 224/4/145 355/212/145 284/211/145
f 225/95/145 255/94/145 355/212/145
f 225/95/145 355/212/145 357/213/145
f 224/4/145 356/71/145 355/212/145
f 222/12/145 357/213/145 356/71/145
f 225/95/145 357/213/145 285/195/145
f 222/12/145 282/214/145 357/213/145
f 208/19/145 285/195/145 282/214/145
f 208/19/145 282/215/145 253/89/145
f 222/10/145 358/216/145 282/215/145
f 223/90/145 253/89/145 358/216/145
f 223/90/145 358/216/145 360/217/145
f 222/10/145 359/67/145 358/216/145
f 217/9/145 360/217/145 359/67/145
f 223/90/145 360/217/145 283/200/145
f 217/9/145 277/218/145 360/217/145
f 207/59/145 283/200/145 277/218/145
f 210/26/145 280/206/145 251/219/145
f 220/62/145 361/220/145 280/206/145
f 221/60/145 251/219/145 361/220/145
f 221/60/145 361/220/145 363/221/145
f 220/62/145 362/64/145 361/220/145
f 218/57/145 363/221/145 362/64/145
f 221/60/145 363/221/145 281/222/145
f 218/57/145 278/223/145 363/221/145
f 205/224/145 281/222/145 278/223/145
f 207/16/145 277/225/145 249/84/145
f 217/3/145 364/226/145 277/225/145
f 219/85/145 249/84/145 364/226/145
f 219/85/145 364/226/145 366/227/145
f 217/3/145 365/228/145 364/226/145
f 218/2/145 366/227/145 365/228/145
f 219/85/145 366/227/145 279/203/145
f 218/2/145 248/229/145 366/227/145
f 206/29/145 279/203/145 248/229/145
f 218/2/145 365/228/145 278/230/145
f 217/3/145 247/231/145 365/228/145
f 205/232/145 278/230/145 247/231/145
f 365/228/145 247/231/145 278/230/145
f 362/64/145 250/63/145 248/65/145
f 359/67/145 252/66/145 247/69/145
f 356/71/145 254/70/145 252/73/145
f 353/75/145 281/74/145 254/77/145
f 350/80/145 257/79/145 250/63/145
f 347/83/145 259/82/145 249/84/145
f 344/88/147 261/87/147 253/89/147
f 341/93/145 263/92/145 255/94/145
f 338/98/145 265/97/145 256/99/145
f 335/103/145 290/102/145 257/79/145
f 332/105/252 292/104/252 259/82/252
f 329/108/145 294/107/145 261/87/145
f 326/111/145 296/110/145 263/92/145
f 323/114/145 288/113/145 265/97/145
f 320/116/253 272/115/253 267/117/253
f 317/120/254 274/119/254 268/121/254
f 314/124/255 275/123/255 269/125/255
f 311/128/256 276/127/256 270/129/256
f 308/132/257 303/131/257 271/133/257
f 306/137/258 273/136/258 307/138/258
f 309/139/259 307/138/259 308/132/259
f 276/140/260 309/139/260 301/141/260
f 305/144/261 306/143/261 310/145/261
f 312/146/262 310/145/262 311/128/262
f 275/147/263 312/146/263 300/148/263
f 304/151/264 305/150/264 313/152/264
f 315/153/265 313/152/265 314/124/265
f 274/154/266 315/153/266 299/155/266
f 302/158/267 304/157/267 316/159/267
f 318/160/268 316/159/268 317/120/268
f 272/161/269 318/160/269 298/162/269
f 273/165/270 302/164/270 319/166/270
f 321/167/271 319/166/271 320/116/271
f 303/168/272 321/167/272 297/169/272
f 271/133/273 258/170/273 322/171/273
f 324/172/274 322/171/274 323/114/274
f 301/141/275 324/172/275 295/173/275
f 270/129/145 266/174/145 325/175/145
f 327/176/145 325/175/145 326/111/145
f 300/148/145 327/176/145 293/177/145
f 269/125/276 264/178/276 328/179/276
f 330/180/277 328/179/277 329/108/277
f 299/155/278 330/180/278 291/181/278
f 268/121/279 262/182/279 331/183/279
f 333/184/280 331/183/280 332/105/280
f 298/162/281 333/184/281 289/185/281
f 267/117/282 260/186/282 334/187/282
f 336/188/147 334/187/147 335/103/147
f 297/169/283 336/188/283 287/189/283
f 266/174/145 295/173/145 337/190/145
f 339/191/145 337/190/145 338/98/145
f 296/110/145 339/191/145 286/192/145
f 264/178/145 293/177/145 340/193/145
f 342/194/145 340/193/145 341/93/145
f 294/107/145 342/194/145 285/195/145
f 262/196/284 291/181/284 343/197/284
f 345/198/285 343/197/285 344/88/285
f 292/199/286 345/198/286 283/200/286
f 260/186/287 289/185/287 346/201/287
f 348/202/145 346/201/145 347/83/145
f 290/102/145 348/202/145 279/203/145
f 258/170/147 287/189/147 349/204/147
f 351/205/145 349/204/145 350/80/145
f 288/113/145 351/205/145 280/206/145
f 256/99/145 251/207/145 352/208/145
f 354/209/145 352/208/145 353/75/145
f 286/192/145 354/209/145 284/210/145
f 255/94/145 284/211/145 355/212/145
f 357/213/145 355/212/145 356/71/145
f 285/195/145 357/213/145 282/214/145
f 253/89/145 282/215/145 358/216/145
f 360/217/145 358/216/145 359/67/145
f 283/200/145 360/217/145 277/218/145
f 251/219/145 280/206/145 361/220/145
f 363/221/145 361/220/145 362/64/145
f 281/222/145 363/221/145 278/223/145
f 249/84/145 277/225/145 364/226/145
f 366/227/145 364/226/145 365/228/145
f 279/203/145 366/227/145 248/229/145
f 382/62/1 412/63/1 524/64/1
f 368/29/13 410/65/13 412/63/13
f 380/57/1 524/64/1 410/65/1
f 384/10/1 414/66/1 521/67/1
f 367/68/1 409/69/1 414/66/1
f 379/9/1 521/67/1 409/69/1
f 386/4/1 416/70/1 518/71/1
f 367/72/1 414/73/1 416/70/1
f 384/12/1 518/71/1 414/73/1
f 383/15/1 443/74/1 515/75/1
f 367/76/1 416/77/1 443/74/1
f 386/14/1 515/75/1 416/77/1
f 389/78/288 419/79/288 512/80/288
f 368/29/289 412/63/289 419/79/289
f 382/62/290 512/80/290 412/63/290
f 391/81/291 421/82/291 509/83/291
f 369/16/1 411/84/1 421/82/1
f 381/85/13 509/83/13 411/84/13
f 393/86/1 423/87/1 506/88/1
f 370/19/1 415/89/1 423/87/1
f 385/90/1 506/88/1 415/89/1
f 395/91/1 425/92/1 503/93/1
f 371/7/1 417/94/1 425/92/1
f 387/95/1 503/93/1 417/94/1
f 397/96/1 427/97/1 500/98/1
f 372/26/1 418/99/1 427/97/1
f 388/100/1 500/98/1 418/99/1
f 392/101/292 452/102/292 497/103/292
f 368/29/293 419/79/293 452/102/293
f 389/78/294 497/103/294 419/79/294
f 394/32/13 454/104/13 494/105/13
f 369/16/1 421/82/1 454/104/1
f 391/81/295 494/105/295 421/82/295
f 396/106/1 456/107/1 491/108/1
f 370/19/1 423/87/1 456/107/1
f 393/86/1 491/108/1 423/87/1
f 398/109/1 458/110/1 488/111/1
f 371/7/1 425/92/1 458/110/1
f 395/91/1 488/111/1 425/92/1
f 390/112/296 450/113/296 485/114/296
f 372/26/1 427/97/1 450/113/1
f 397/96/13 485/114/13 427/97/13
f 404/38/297 434/115/297 482/116/297
f 373/36/298 429/117/298 434/115/298
f 399/118/299 482/116/299 429/117/299
f 406/41/300 436/119/300 479/120/300
f 374/39/301 430/121/301 436/119/301
f 400/122/302 479/120/302 430/121/302
f 407/22/303 437/123/303 476/124/303
f 375/42/304 431/125/304 437/123/304
f 401/126/305 476/124/305 431/125/305
f 408/25/306 438/127/306 473/128/306
f 376/44/307 432/129/307 438/127/307
f 402/130/308 473/128/308 432/129/308
f 405/48/309 465/131/309 470/132/309
f 377/46/310 433/133/310 465/131/310
f 403/134/311 470/132/311 433/133/311
f 378/135/312 435/136/312 468/137/312
f 405/48/313 469/138/313 435/136/313
f 408/49/314 468/137/314 469/138/314
f 408/49/315 469/138/315 471/139/315
f 405/48/316 470/132/316 469/138/316
f 403/134/317 471/139/317 470/132/317
f 408/49/318 471/139/318 438/140/318
f 403/134/319 463/141/319 471/139/319
f 376/44/320 438/140/320 463/141/320
f 378/142/321 468/143/321 467/144/321
f 408/25/322 472/145/322 468/143/322
f 407/51/323 467/144/323 472/145/323
f 407/51/324 472/145/324 474/146/324
f 408/25/325 473/128/325 472/145/325
f 402/130/326 474/146/326 473/128/326
f 407/51/327 474/146/327 437/147/327
f 402/130/328 462/148/328 474/146/328
f 375/42/329 437/147/329 462/148/329
f 378/149/330 467/150/330 466/151/330
f 407/22/331 475/152/331 467/150/331
f 406/23/332 466/151/332 475/152/332
f 406/23/333 475/152/333 477/153/333
f 407/22/334 476/124/334 475/152/334
f 401/126/335 477/153/335 476/124/335
f 406/23/336 477/153/336 436/154/336
f 401/126/337 461/155/337 477/153/337
f 374/52/338 436/154/338 461/155/338
f 378/156/339 466/157/339 464/158/339
f 406/41/340 478/159/340 466/157/340
f 404/53/341 464/158/341 478/159/341
f 404/53/342 478/159/342 480/160/342
f 406/41/343 479/120/343 478/159/343
f 400/122/344 480/160/344 479/120/344
f 404/53/345 480/160/345 434/161/345
f 400/122/346 460/162/346 480/160/346
f 373/36/347 434/161/347 460/162/347
f 378/163/348 464/164/348 435/165/348
f 404/38/349 481/166/349 464/164/349
f 405/55/350 435/165/350 481/166/350
f 405/55/351 481/166/351 483/167/351
f 404/38/352 482/116/352 481/166/352
f 399/118/353 483/167/353 482/116/353
f 405/55/354 483/167/354 465/168/354
f 399/118/355 459/169/355 483/167/355
f 377/46/356 465/168/356 459/169/356
f 377/46/357 420/170/357 433/133/357
f 390/112/358 484/171/358 420/170/358
f 403/134/359 433/133/359 484/171/359
f 403/134/360 484/171/360 486/172/360
f 390/112/361 485/114/361 484/171/361
f 397/96/362 486/172/362 485/114/362
f 403/134/363 486/172/363 463/141/363
f 397/96/364 457/173/364 486/172/364
f 376/44/365 463/141/365 457/173/365
f 376/44/13 428/174/13 432/129/13
f 398/109/1 487/175/1 428/174/1
f 402/130/1 432/129/1 487/175/1
f 402/130/1 487/175/1 489/176/1
f 398/109/1 488/111/1 487/175/1
f 395/91/1 489/176/1 488/111/1
f 402/130/1 489/176/1 462/148/1
f 395/91/1 455/177/1 489/176/1
f 375/42/1 462/148/1 455/177/1
f 375/42/1 426/178/1 431/125/1
f 396/106/1 490/179/1 426/178/1
f 401/126/1 431/125/1 490/179/1
f 401/126/1 490/179/1 492/180/1
f 396/106/1 491/108/1 490/179/1
f 393/86/1 492/180/1 491/108/1
f 401/126/13 492/180/13 461/155/13
f 393/86/1 453/181/1 492/180/1
f 374/52/13 461/155/13 453/181/13
f 374/39/366 424/182/366 430/121/366
f 394/32/13 493/183/13 424/182/13
f 400/122/367 430/121/367 493/183/367
f 400/122/368 493/183/368 495/184/368
f 394/32/13 494/105/13 493/183/13
f 391/81/369 495/184/369 494/105/369
f 400/122/370 495/184/370 460/162/370
f 391/81/371 451/185/371 495/184/371
f 373/36/372 460/162/372 451/185/372
f 373/36/373 422/186/373 429/117/373
f 392/101/374 496/187/374 422/186/374
f 399/118/375 429/117/375 496/187/375
f 399/118/376 496/187/376 498/188/376
f 392/101/377 497/103/377 496/187/377
f 389/78/378 498/188/378 497/103/378
f 399/118/379 498/188/379 459/169/379
f 389/78/380 449/189/380 498/188/380
f 377/46/381 459/169/381 449/189/381
f 376/44/13 457/173/13 428/174/13
f 397/96/1 499/190/1 457/173/1
f 398/109/1 428/174/1 499/190/1
f 398/109/1 499/190/1 501/191/1
f 397/96/1 500/98/1 499/190/1
f 388/100/1 501/191/1 500/98/1
f 398/109/1 501/191/1 458/110/1
f 388/100/1 448/192/1 501/191/1
f 371/7/1 458/110/1 448/192/1
f 375/42/1 455/177/1 426/178/1
f 395/91/1 502/193/1 455/177/1
f 396/106/1 426/178/1 502/193/1
f 396/106/1 502/193/1 504/194/1
f 395/91/1 503/93/1 502/193/1
f 387/95/1 504/194/1 503/93/1
f 396/106/1 504/194/1 456/107/1
f 387/95/1 447/195/1 504/194/1
f 370/19/1 456/107/1 447/195/1
f 374/52/1 453/181/1 424/196/1
f 393/86/1 505/197/1 453/181/1
f 394/58/1 424/196/1 505/197/1
f 394/58/1 505/197/1 507/198/1
f 393/86/1 506/88/1 505/197/1
f 385/90/1 507/198/1 506/88/1
f 394/58/1 507/198/1 454/199/1
f 385/90/1 445/200/1 507/198/1
f 369/59/1 454/199/1 445/200/1
f 373/36/382 451/185/382 422/186/382
f 391/81/383 508/201/383 451/185/383
f 392/101/384 422/186/384 508/201/384
f 392/101/385 508/201/385 510/202/385
f 391/81/386 509/83/386 508/201/386
f 381/85/1 510/202/1 509/83/1
f 392/101/387 510/202/387 452/102/387
f 381/85/388 441/203/388 510/202/388
f 368/29/389 452/102/389 441/203/389
f 377/46/390 449/189/390 420/170/390
f 389/78/391 511/204/391 449/189/391
f 390/112/392 420/170/392 511/204/392
f 390/112/393 511/204/393 513/205/393
f 389/78/394 512/80/394 511/204/394
f 382/62/395 513/205/395 512/80/395
f 390/112/396 513/205/396 450/113/396
f 382/62/13 442/206/13 513/205/13
f 372/26/1 450/113/1 442/206/1
f 372/26/1 413/207/1 418/99/1
f 383/15/1 514/208/1 413/207/1
f 388/100/1 418/99/1 514/208/1
f 388/100/1 514/208/1 516/209/1
f 383/15/1 515/75/1 514/208/1
f 386/14/1 516/209/1 515/75/1
f 388/100/1 516/209/1 448/192/1
f 386/14/1 446/210/1 516/209/1
f 371/7/1 448/192/1 446/210/1
f 371/7/1 446/211/1 417/94/1
f 386/4/1 517/212/1 446/211/1
f 387/95/1 417/94/1 517/212/1
f 387/95/1 517/212/1 519/213/1
f 386/4/1 518/71/1 517/212/1
f 384/12/1 519/213/1 518/71/1
f 387/95/1 519/213/1 447/195/1
f 384/12/1 444/214/1 519/213/1
f 370/19/1 447/195/1 444/214/1
f 370/19/1 444/215/1 415/89/1
f 384/10/1 520/216/1 444/215/1
f 385/90/1 415/89/1 520/216/1
f 385/90/1 520/216/1 522/217/1
f 384/10/1 521/67/1 520/216/1
f 379/9/1 522/217/1 521/67/1
f 385/90/1 522/217/1 445/200/1
f 379/9/1 439/218/1 522/217/1
f 369/59/1 445/200/1 439/218/1
f 372/26/1 442/206/1 413/219/1
f 382/62/1 523/220/1 442/206/1
f 383/60/1 413/219/1 523/220/1
f 383/60/1 523/220/1 525/221/1
f 382/62/1 524/64/1 523/220/1
f 380/57/1 525/221/1 524/64/1
f 383/60/1 525/221/1 443/222/1
f 380/57/1 440/223/1 525/221/1
f 367/224/1 443/222/1 440/223/1
f 369/16/1 439/225/1 411/84/1
f 379/3/1 526/226/1 439/225/1
f 381/85/1 411/84/1 526/226/1
f 381/85/1 526/226/1 528/227/1
f 379/3/1 527/228/1 526/226/1
f 380/2/1 528/227/1 527/228/1
f 381/85/1 528/227/1 441/203/1
f 380/2/1 410/229/1 528/227/1
f 368/29/1 441/203/1 410/229/1
f 380/2/1 527/228/1 440/230/1
f 379/3/1 409/231/1 527/228/1
f 367/232/1 440/230/1 409/231/1
f 527/228/1 409/231/1 440/230/1
f 524/64/1 412/63/1 410/65/1
f 521/67/1 414/66/1 409/69/1
f 518/71/1 416/70/1 414/73/1
f 515/75/1 443/74/1 416/77/1
f 512/80/397 419/79/397 412/63/397
f 509/83/13 421/82/13 411/84/13
f 506/88/1 423/87/1 415/89/1
f 503/93/1 425/92/1 417/94/1
f 500/98/1 427/97/1 418/99/1
f 497/103/398 452/102/398 419/79/398
f 494/105/13 454/104/13 421/82/13
f 491/108/1 456/107/1 423/87/1
f 488/111/1 458/110/1 425/92/1
f 485/114/13 450/113/13 427/97/13
f 482/116/399 434/115/399 429/117/399
f 479/120/400 436/119/400 430/121/400
f 476/124/401 437/123/401 431/125/401
f 473/128/402 438/127/402 432/129/402
f 470/132/403 465/131/403 433/133/403
f 468/137/404 435/136/404 469/138/404
f 471/139/405 469/138/405 470/132/405
f 438/140/406 471/139/406 463/141/406
f 467/144/407 468/143/407 472/145/407
f 474/146/408 472/145/408 473/128/408
f 437/147/409 474/146/409 462/148/409
f 466/151/410 467/150/410 475/152/410
f 477/153/411 475/152/411 476/124/411
f 436/154/412 477/153/412 461/155/412
f 464/158/413 466/157/413 478/159/413
f 480/160/414 478/159/414 479/120/414
f 434/161/415 480/160/415 460/162/415
f 435/165/416 464/164/416 481/166/416
f 483/167/417 481/166/417 482/116/417
f 465/168/418 483/167/418 459/169/418
f 433/133/419 420/170/419 484/171/419
f 486/172/420 484/171/420 485/114/420
f 463/141/421 486/172/421 457/173/421
f 432/129/1 428/174/1 487/175/1
f 489/176/1 487/175/1 488/111/1
f 462/148/1 489/176/1 455/177/1
f 431/125/1 426/178/1 490/179/1
f 492/180/1 490/179/1 491/108/1
f 461/155/1 492/180/1 453/181/1
f 430/121/422 424/182/422 493/183/422
f 495/184/423 493/183/423 494/105/423
f 460/162/424 495/184/424 451/185/424
f 429/117/425 422/186/425 496/187/425
f 498/188/426 496/187/426 497/103/426
f 459/169/427 498/188/427 449/189/427
f 428/174/1 457/173/1 499/190/1
f 501/191/1 499/190/1 500/98/1
f 458/110/1 501/191/1 448/192/1
f 426/178/1 455/177/1 502/193/1
f 504/194/1 502/193/1 503/93/1
f 456/107/1 504/194/1 447/195/1
f 424/196/1 453/181/1 505/197/1
f 507/198/1 505/197/1 506/88/1
f 454/199/1 507/198/1 445/200/1
f 422/186/428 451/185/428 508/201/428
f 510/202/429 508/201/429 509/83/429
f 452/102/430 510/202/430 441/203/430
f 420/170/431 449/189/431 511/204/431
f 513/205/432 511/204/432 512/80/432
f 450/113/13 513/205/13 442/206/13
f 418/99/1 413/207/1 514/208/1
f 516/209/1 514/208/1 515/75/1
f 448/192/1 516/209/1 446/210/1
f 417/94/1 446/211/1 517/212/1
f 519/213/1 517/212/1 518/71/1
f 447/195/1 519/213/1 444/214/1
f 415/89/1 444/215/1 520/216/1
f 522/217/1 520/216/1 521/67/1
f 445/200/1 522/217/1 439/218/1
f 413/219/1 442/206/1 523/220/1
f 525/221/1 523/220/1 524/64/1
f 443/222/1 525/221/1 440/223/1
f 411/84/1 439/225/1 526/226/1
f 528/227/1 526/226/1 527/228/1
f 441/203/1 528/227/1 410/229/1
f 544/62/433 574/63/433 686/64/433
f 530/29/433 572/65/433 574/63/433
f 542/57/433 686/64/433 572/65/433
f 546/10/433 576/66/433 683/67/433
f 529/68/433 571/69/433 576/66/433
f 541/9/433 683/67/433 571/69/433
f 548/4/433 578/70/433 680/71/433
f 529/72/433 576/73/433 578/70/433
f 546/12/433 680/71/433 576/73/433
f 545/15/433 605/74/433 677/75/433
f 529/76/433 578/77/433 605/74/433
f 548/14/433 677/75/433 578/77/433
f 551/78/433 581/79/433 674/80/433
f 530/29/433 574/63/433 581/79/433
f 544/62/433 674/80/433 574/63/433
f 553/81/433 583/82/433 671/83/433
f 531/16/433 573/84/433 583/82/433
f 543/85/433 671/83/433 573/84/433
f 555/86/434 585/87/434 668/88/434
f 532/19/433 577/89/433 585/87/433
f 547/90/435 668/88/435 577/89/435
f 557/91/433 587/92/433 665/93/433
f 533/7/433 579/94/433 587/92/433
f 549/95/433 665/93/433 579/94/433
f 559/96/433 589/97/433 662/98/433
f 534/26/433 580/99/433 589/97/433
f 550/100/433 662/98/433 580/99/433
f 554/101/433 614/102/433 659/103/433
f 530/29/433 581/79/433 614/102/433
f 551/78/433 659/103/433 581/79/433
f 556/32/436 616/104/436 656/105/436
f 531/16/435 583/82/435 616/104/435
f 553/81/437 656/105/437 583/82/437
f 558/106/433 618/107/433 653/108/433
f 532/19/433 585/87/433 618/107/433
f 555/86/438 653/108/438 585/87/438
f 560/109/433 620/110/433 650/111/433
f 533/7/433 587/92/433 620/110/433
f 557/91/433 650/111/433 587/92/433
f 552/112/433 612/113/433 647/114/433
f 534/26/433 589/97/433 612/113/433
f 559/96/433 647/114/433 589/97/433
f 566/38/439 596/115/439 644/116/439
f 535/36/440 591/117/440 596/115/440
f 561/118/441 644/116/441 591/117/441
f 568/41/442 598/119/442 641/120/442
f 536/39/443 592/121/443 598/119/443
f 562/122/444 641/120/444 592/121/444
f 569/22/445 599/123/445 638/124/445
f 537/42/446 593/125/446 599/123/446
f 563/126/447 638/124/447 593/125/447
f 570/25/448 600/127/448 635/128/448
f 538/44/449 594/129/449 600/127/449
f 564/130/450 635/128/450 594/129/450
f 567/48/451 627/131/451 632/132/451
f 539/46/452 595/133/452 627/131/452
f 565/134/453 632/132/453 595/133/453
f 540/135/454 597/136/454 630/137/454
f 567/48/455 631/138/455 597/136/455
f 570/49/456 630/137/456 631/138/456
f 570/49/457 631/138/457 633/139/457
f 567/48/458 632/132/458 631/138/458
f 565/134/459 633/139/459 632/132/459
f 570/49/460 633/139/460 600/140/460
f 565/134/461 625/141/461 633/139/461
f 538/44/462 600/140/462 625/141/462
f 540/142/463 630/143/463 629/144/463
f 570/25/464 634/145/464 630/143/464
f 569/51/465 629/144/465 634/145/465
f 569/51/466 634/145/466 636/146/466
f 570/25/467 635/128/467 634/145/467
f 564/130/468 636/146/468 635/128/468
f 569/51/469 636/146/469 599/147/469
f 564/130/470 624/148/470 636/146/470
f 537/42/471 599/147/471 624/148/471
f 540/149/472 629/150/472 628/151/472
f 569/22/473 637/152/473 629/150/473
f 568/23/474 628/151/474 637/152/474
f 568/23/475 637/152/475 639/153/475
f 569/22/476 638/124/476 637/152/476
f 563/126/477 639/153/477 638/124/477
f 568/23/478 639/153/478 598/154/478
f 563/126/479 623/155/479 639/153/479
f 536/52/480 598/154/480 623/155/480
f 540/156/481 628/157/481 626/158/481
f 568/41/482 640/159/482 628/157/482
f 566/53/483 626/158/483 640/159/483
f 566/53/484 640/159/484 642/160/484
f 568/41/485 641/120/485 640/159/485
f 562/122/486 642/160/486 641/120/486
f 566/53/487 642/160/487 596/161/487
f 562/122/488 622/162/488 642/160/488
f 535/36/489 596/161/489 622/162/489
f 540/163/490 626/164/490 597/165/490
f 566/38/491 643/166/491 626/164/491
f 567/55/492 597/165/492 643/166/492
f 567/55/493 643/166/493 645/167/493
f 566/38/494 644/116/494 643/166/494
f 561/118/495 645/167/495 644/116/495
f 567/55/496 645/167/496 627/168/496
f 561/118/497 621/169/497 645/167/497
f 539/46/498 627/168/498 621/169/498
f 539/46/499 582/170/499 595/133/499
f 552/112/500 646/171/500 582/170/500
f 565/134/501 595/133/501 646/171/501
f 565/134/502 646/171/502 648/172/502
f 552/112/503 647/114/503 646/171/503
f 559/96/504 648/172/504 647/114/504
f 565/134/505 648/172/505 625/141/505
f 559/96/506 619/173/506 648/172/506
f 538/44/507 625/141/507 619/173/507
f 538/44/433 590/174/433 594/129/433
f 560/109/433 649/175/433 590/174/433
f 564/130/433 594/129/433 649/175/433
f 564/130/433 649/175/433 651/176/433
f 560/109/433 650/111/433 649/175/433
f 557/91/433 651/176/433 650/111/433
f 564/130/433 651/176/433 624/148/433
f 557/91/433 617/177/433 651/176/433
f 537/42/433 624/148/433 617/177/433
f 537/42/508 588/178/508 593/125/508
f 558/106/435 652/179/435 588/178/435
f 563/126/509 593/125/509 652/179/509
f 563/126/510 652/179/510 654/180/510
f 558/106/511 653/108/511 652/179/511
f 555/86/512 654/180/512 653/108/512
f 563/126/513 654/180/513 623/155/513
f 555/86/514 615/181/514 654/180/514
f 536/52/515 623/155/515 615/181/515
f 536/39/516 586/182/516 592/121/516
f 556/32/517 655/183/517 586/182/517
f 562/122/518 592/121/518 655/183/518
f 562/122/519 655/183/519 657/184/519
f 556/32/520 656/105/520 655/183/520
f 553/81/521 657/184/521 656/105/521
f 562/122/522 657/184/522 622/162/522
f 553/81/523 613/185/523 657/184/523
f 535/36/524 622/162/524 613/185/524
f 535/36/525 584/186/525 591/117/525
f 554/101/433 658/187/433 584/186/433
f 561/118/526 591/117/526 658/187/526
f 561/118/527 658/187/527 660/188/527
f 554/101/433 659/103/433 658/187/433
f 551/78/433 660/188/433 659/103/433
f 561/118/528 660/188/528 621/169/528
f 551/78/435 611/189/435 660/188/435
f 539/46/529 621/169/529 611/189/529
f 538/44/433 619/173/433 590/174/433
f 559/96/433 661/190/433 619/173/433
f 560/109/433 590/174/433 661/190/433
f 560/109/433 661/190/433 663/191/433
f 559/96/433 662/98/433 661/190/433
f 550/100/433 663/191/433 662/98/433
f 560/109/433 663/191/433 620/110/433
f 550/100/433 610/192/433 663/191/433
f 533/7/433 620/110/433 610/192/433
f 537/42/433 617/177/433 588/178/433
f 557/91/433 664/193/433 617/177/433
f 558/106/433 588/178/433 664/193/433
f 558/106/433 664/193/433 666/194/433
f 557/91/433 665/93/433 664/193/433
f 549/95/433 666/194/433 665/93/433
f 558/106/433 666/194/433 618/107/433
f 549/95/433 609/195/433 666/194/433
f 532/19/433 618/107/433 609/195/433
f 536/52/530 615/181/530 586/196/530
f 555/86/531 667/197/531 615/181/531
f 556/58/532 586/196/532 667/197/532
f 556/58/533 667/197/533 669/198/533
f 555/86/534 668/88/534 667/197/534
f 547/90/535 669/198/535 668/88/535
f 556/58/536 669/198/536 616/199/536
f 547/90/537 607/200/537 669/198/537
f 531/59/435 616/199/435 607/200/435
f 535/36/538 613/185/538 584/186/538
f 553/81/539 670/201/539 613/185/539
f 554/101/433 584/186/433 670/201/433
f 554/101/433 670/201/433 672/202/433
f 553/81/433 671/83/433 670/201/433
f 543/85/433 672/202/433 671/83/433
f 554/101/433 672/202/433 614/102/433
f 543/85/433 603/203/433 672/202/433
f 530/29/433 614/102/433 603/203/433
f 539/46/540 611/189/540 582/170/540
f 551/78/433 673/204/433 611/189/433
f 552/112/435 582/170/435 673/204/435
f 552/112/433 673/204/433 675/205/433
f 551/78/433 674/80/433 673/204/433
f 544/62/433 675/205/433 674/80/433
f 552/112/433 675/205/433 612/113/433
f 544/62/433 604/206/433 675/205/433
f 534/26/433 612/113/433 604/206/433
f 534/26/433 575/207/433 580/99/433
f 545/15/433 676/208/433 575/207/433
f 550/100/433 580/99/433 676/208/433
f 550/100/433 676/208/433 678/209/433
f 545/15/433 677/75/433 676/208/433
f 548/14/433 678/209/433 677/75/433
f 550/100/433 678/209/433 610/192/433
f 548/14/433 608/210/433 678/209/433
f 533/7/433 610/192/433 608/210/433
f 533/7/433 608/211/433 579/94/433
f 548/4/433 679/212/433 608/211/433
f 549/95/433 579/94/433 679/212/433
f 549/95/433 679/212/433 681/213/433
f 548/4/433 680/71/433 679/212/433
f 546/12/433 681/213/433 680/71/433
f 549/95/433 681/213/433 609/195/433
f 546/12/433 606/214/433 681/213/433
f 532/19/433 609/195/433 606/214/433
f 532/19/433 606/215/433 577/89/433
f 546/10/433 682/216/433 606/215/433
f 547/90/433 577/89/433 682/216/433
f 547/90/433 682/216/433 684/217/433
f 546/10/433 683/67/433 682/216/433
f 541/9/433 684/217/433 683/67/433
f 547/90/433 684/217/433 607/200/433
f 541/9/433 601/218/433 684/217/433
f 531/59/433 607/200/433 601/218/433
f 534/26/433 604/206/433 575/219/433
f 544/62/433 685/220/433 604/206/433
f 545/60/433 575/219/433 685/220/433
f 545/60/433 685/220/433 687/221/433
f 544/62/433 686/64/433 685/220/433
f 542/57/433 687/221/433 686/64/433
f 545/60/433 687/221/433 605/222/433
f 542/57/433 602/223/433 687/221/433
f 529/224/433 605/222/433 602/223/433
f 531/16/433 601/225/433 573/84/433
f 541/3/433 688/226/433 601/225/433
f 543/85/433 573/84/433 688/226/433
f 543/85/433 688/226/433 690/227/433
f 541/3/433 689/228/433 688/226/433
f 542/2/433 690/227/433 689/228/433
f 543/85/433 690/227/433 603/203/433
f 542/2/433 572/229/433 690/227/433
f 530/29/433 603/203/433 572/229/433
f 542/2/433 689/228/433 602/230/433
f 541/3/433 571/231/433 689/228/433
f 529/232/433 602/230/433 571/231/433
f 689/228/433 571/231/433 602/230/433
f 686/64/433 574/63/433 572/65/433
f 683/67/433 576/66/433 571/69/433
f 680/71/433 578/70/433 576/73/433
f 677/75/433 605/74/433 578/77/433
f 674/80/433 581/79/433 574/63/433
f 671/83/433 583/82/433 573/84/433
f 668/88/435 585/87/435 577/89/435
f 665/93/433 587/92/433 579/94/433
f 662/98/433 589/97/433 580/99/433
f 659/103/433 614/102/433 581/79/433
f 656/105/541 616/104/541 583/82/541
f 653/108/433 618/107/433 585/87/433
f 650/111/433 620/110/433 587/92/433
f 647/114/433 612/113/433 589/97/433
f 644/116/542 596/115/542 591/117/542
f 641/120/543 598/119/543 592/121/543
f 638/124/544 599/123/544 593/125/544
f 635/128/545 600/127/545 594/129/545
f 632/132/546 627/131/546 595/133/546
f 630/137/547 597/136/547 631/138/547
f 633/139/548 631/138/548 632/132/548
f 600/140/549 633/139/549 625/141/549
f 629/144/550 630/143/550 634/145/550
f 636/146/551 634/145/551 635/128/551
f 599/147/552 636/146/552 624/148/552
f 628/151/553 629/150/553 637/152/553
f 639/153/554 637/152/554 638/124/554
f 598/154/555 639/153/555 623/155/555
f 626/158/556 628/157/556 640/159/556
f 642/160/557 640/159/557 641/120/557
f 596/161/558 642/160/558 622/162/558
f 597/165/559 626/164/559 643/166/559
f 645/167/560 643/166/560 644/116/560
f 627/168/561 645/167/561 621/169/561
f 595/133/562 582/170/562 646/171/562
f 648/172/563 646/171/563 647/114/563
f 625/141/564 648/172/564 619/173/564
f 594/129/433 590/174/433 649/175/433
f 651/176/433 649/175/433 650/111/433
f 624/148/433 651/176/433 617/177/433
f 593/125/565 588/178/565 652/179/565
f 654/180/566 652/179/566 653/108/566
f 623/155/567 654/180/567 615/181/567
f 592/121/568 586/182/568 655/183/568
f 657/184/569 655/183/569 656/105/569
f 622/162/570 657/184/570 613/185/570
f 591/117/571 584/186/571 658/187/571
f 660/188/572 658/187/572 659/103/572
f 621/169/573 660/188/573 611/189/573
f 590/174/433 619/173/433 661/190/433
f 663/191/433 661/190/433 662/98/433
f 620/110/433 663/191/433 610/192/433
f 588/178/433 617/177/433 664/193/433
f 666/194/433 664/193/433 665/93/433
f 618/107/433 666/194/433 609/195/433
f 586/196/574 615/181/574 667/197/574
f 669/198/575 667/197/575 668/88/575
f 616/199/576 669/198/576 607/200/576
f 584/186/577 613/185/577 670/201/577
f 672/202/433 670/201/433 671/83/433
f 614/102/433 672/202/433 603/203/433
f 582/170/435 611/189/435 673/204/435
f 675/205/433 673/204/433 674/80/433
f 612/113/433 675/205/433 604/206/433
f 580/99/433 575/207/433 676/208/433
f 678/209/433 676/208/433 677/75/433
f 610/192/433 678/209/433 608/210/433
f 579/94/433 608/211/433 679/212/433
f 681/213/433 679/212/433 680/71/433
f 609/195/433 681/213/433 606/214/433
f 577/89/433 606/215/433 682/216/433
f 684/217/433 682/216/433 683/67/433
f 607/200/433 684/217/433 601/218/433
f 575/219/433 604/206/433 685/220/433
f 687/221/433 685/220/433 686/64/433
f 605/222/433 687/221/433 602/223/433
f 573/84/433 601/225/433 688/226/433
f 690/227/433 688/226/433 689/228/433
f 603/203/433 690/227/433 572/229/433
f 706/62/1 736/63/1 848/64/1
f 692/29/13 734/65/13 736/63/13
f 704/57/1 848/64/1 734/65/1
f 708/10/1 738/66/1 845/67/1
f 691/68/1 733/69/1 738/66/1
f 703/9/1 845/67/1 733/69/1
f 710/4/1 740/70/1 842/71/1
f 691/72/1 738/73/1 740/70/1
f 708/12/1 842/71/1 738/73/1
f 707/15/1 767/74/1 839/75/1
f 691/76/1 740/77/1 767/74/1
f 710/14/1 839/75/1 740/77/1
f 713/78/578 743/79/578 836/80/578
f 692/29/579 736/63/579 743/79/579
f 706/62/580 836/80/580 736/63/580
f 715/81/581 745/82/581 833/83/581
f 693/16/1 735/84/1 745/82/1
f 705/85/13 833/83/13 735/84/13
f 717/86/1 747/87/1 830/88/1
f 694/19/1 739/89/1 747/87/1
f 709/90/1 830/88/1 739/89/1
f 719/91/1 749/92/1 827/93/1
f 695/7/1 741/94/1 749/92/1
f 711/95/1 827/93/1 741/94/1
f 721/96/1 751/97/1 824/98/1
f 696/26/1 742/99/1 751/97/1
f 712/100/1 824/98/1 742/99/1
f 716/101/582 776/102/582 821/103/582
f 692/29/583 743/79/583 776/102/583
f 713/78/584 821/103/584 743/79/584
f 718/32/13 778/104/13 818/105/13
f 693/16/1 745/82/1 778/104/1
f 715/81/585 818/105/585 745/82/585
f 720/106/1 780/107/1 815/108/1
f 694/19/1 747/87/1 780/107/1
f 717/86/1 815/108/1 747/87/1
f 722/109/1 782/110/1 812/111/1
f 695/7/1 749/92/1 782/110/1
f 719/91/1 812/111/1 749/92/1
f 714/112/586 774/113/586 809/114/586
f 696/26/1 751/97/1 774/113/1
f 721/96/13 809/114/13 751/97/13
f 728/38/587 758/115/587 806/116/587
f 697/36/588 753/117/588 758/115/588
f 723/118/589 806/116/589 753/117/589
f 730/41/590 760/119/590 803/120/590
f 698/39/591 754/121/591 760/119/591
f 724/122/592 803/120/592 754/121/592
f 731/22/593 761/123/593 800/124/593
f 699/42/594 755/125/594 761/123/594
f 725/126/595 800/124/595 755/125/595
f 732/25/596 762/127/596 797/128/596
f 700/44/597 756/129/597 762/127/597
f 726/130/598 797/128/598 756/129/598
f 729/48/599 789/131/599 794/132/599
f 701/46/600 757/133/600 789/131/600
f 727/134/601 794/132/601 757/133/601
f 702/135/602 759/136/602 792/137/602
f 729/48/603 793/138/603 759/136/603
f 732/49/604 792/137/604 793/138/604
f 732/49/605 793/138/605 795/139/605
f 729/48/606 794/132/606 793/138/606
f 727/134/607 795/139/607 794/132/607
f 732/49/608 795/139/608 762/140/608
f 727/134/609 787/141/609 795/139/609
f 700/44/610 762/140/610 787/141/610
f 702/142/611 792/143/611 791/144/611
f 732/25/612 796/145/612 792/143/612
f 731/51/613 791/144/613 796/145/613
f 731/51/614 796/145/614 798/146/614
f 732/25/615 797/128/615 796/145/615
f 726/130/616 798/146/616 797/128/616
f 731/51/617 798/146/617 761/147/617
f 726/130/618 786/148/618 798/146/618
f 699/42/619 761/147/619 786/148/619
f 702/149/620 791/150/620 790/151/620
f 731/22/621 799/152/621 791/150/621
f 730/23/622 790/151/622 799/152/622
f 730/23/623 799/152/623 801/153/623
f 731/22/624 800/124/624 799/152/624
f 725/126/625 801/153/625 800/124/625
f 730/23/626 801/153/626 760/154/626
f 725/126/627 785/155/627 801/153/627
f 698/52/628 760/154/628 785/155/628
f 702/156/629 790/157/629 788/158/629
f 730/41/630 802/159/630 790/157/630
f 728/53/631 788/158/631 802/159/631
f 728/53/632 802/159/632 804/160/632
f 730/41/633 803/120/633 802/159/633
f 724/122/634 804/160/634 803/120/634
f 728/53/635 804/160/635 758/161/635
f 724/122/636 784/162/636 804/160/636
f 697/36/637 758/161/637 784/162/637
f 702/163/638 788/164/638 759/165/638
f 728/38/639 805/166/639 788/164/639
f 729/55/640 759/165/640 805/166/640
f 729/55/641 805/166/641 807/167/641
f 728/38/642 806/116/642 805/166/642
f 723/118/643 807/167/643 806/116/643
f 729/55/644 807/167/644 789/168/644
f 723/118/645 783/169/645 807/167/645
f 701/46/646 789/168/646 783/169/646
f 701/46/647 744/170/647 757/133/647
f 714/112/648 808/171/648 744/170/648
f 727/134/649 757/133/649 808/171/649
f 727/134/650 808/171/650 810/172/650
f 714/112/651 809/114/651 808/171/651
f 721/96/652 810/172/652 809/114/652
f 727/134/653 810/172/653 787/141/653
f 721/96/654 781/173/654 810/172/654
f 700/44/655 787/141/655 781/173/655
f 700/44/13 752/174/13 756/129/13
f 722/109/1 811/175/1 752/174/1
f 726/130/1 756/129/1 811/175/1
f 726/130/1 811/175/1 813/176/1
f 722/109/1 812/111/1 811/175/1
f 719/91/1 813/176/1 812/111/1
f 726/130/1 813/176/1 786/148/1
f 719/91/1 779/177/1 813/176/1
f 699/42/1 786/148/1 779/177/1
f 699/42/1 750/178/1 755/125/1
f 720/106/1 814/179/1 750/178/1
f 725/126/1 755/125/1 814/179/1
f 725/126/1 814/179/1 816/180/1
f 720/106/1 815/108/1 814/179/1
f 717/86/1 816/180/1 815/108/1
f 725/126/13 816/180/13 785/155/13
f 717/86/1 777/181/1 816/180/1
f 698/52/13 785/155/13 777/181/13
f 698/39/656 748/182/656 754/121/656
f 718/32/13 817/183/13 748/182/13
f 724/122/657 754/121/657 817/183/657
f 724/122/658 817/183/658 819/184/658
f 718/32/13 818/105/13 817/183/13
f 715/81/659 819/184/659 818/105/659
f 724/122/660 819/184/660 784/162/660
f 715/81/661 775/185/661 819/184/661
f 697/36/662 784/162/662 775/185/662
f 697/36/663 746/186/663 753/117/663
f 716/101/664 820/187/664 746/186/664
f 723/118/665 753/117/665 820/187/665
f 723/118/666 820/187/666 822/188/666
f 716/101/667 821/103/667 820/187/667
f 713/78/668 822/188/668 821/103/668
f 723/118/669 822/188/669 783/169/669
f 713/78/670 773/189/670 822/188/670
f 701/46/671 783/169/671 773/189/671
f 700/44/13 781/173/13 752/174/13
f 721/96/1 823/190/1 781/173/1
f 722/109/1 752/174/1 823/190/1
f 722/109/1 823/190/1 825/191/1
f 721/96/1 824/98/1 823/190/1
f 712/100/1 825/191/1 824/98/1
f 722/109/1 825/191/1 782/110/1
f 712/100/1 772/192/1 825/191/1
f 695/7/1 782/110/1 772/192/1
f 699/42/1 779/177/1 750/178/1
f 719/91/1 826/193/1 779/177/1
f 720/106/1 750/178/1 826/193/1
f 720/106/1 826/193/1 828/194/1
f 719/91/1 827/93/1 826/193/1
f 711/95/1 828/194/1 827/93/1
f 720/106/1 828/194/1 780/107/1
f 711/95/1 771/195/1 828/194/1
f 694/19/1 780/107/1 771/195/1
f 698/52/672 777/181/672 748/196/672
f 717/86/1 829/197/1 777/181/1
f 718/58/1 748/196/1 829/197/1
f 718/58/1 829/197/1 831/198/1
f 717/86/1 830/88/1 829/197/1
f 709/90/1 831/198/1 830/88/1
f 718/58/1 831/198/1 778/199/1
f 709/90/1 769/200/1 831/198/1
f 693/59/1 778/199/1 769/200/1
f 697/36/673 775/185/673 746/186/673
f 715/81/674 832/201/674 775/185/674
f 716/101/675 746/186/675 832/201/675
f 716/101/676 832/201/676 834/202/676
f 715/81/677 833/83/677 832/201/677
f 705/85/1 834/202/1 833/83/1
f 716/101/678 834/202/678 776/102/678
f 705/85/13 765/203/13 834/202/13
f 692/29/679 776/102/679 765/203/679
f 701/46/680 773/189/680 744/170/680
f 713/78/681 835/204/681 773/189/681
f 714/112/682 744/170/682 835/204/682
f 714/112/683 835/204/683 837/205/683
f 713/78/684 836/80/684 835/204/684
f 706/62/685 837/205/685 836/80/685
f 714/112/686 837/205/686 774/113/686
f 706/62/13 766/206/13 837/205/13
f 696/26/1 774/113/1 766/206/1
f 696/26/1 737/207/1 742/99/1
f 707/15/1 838/208/1 737/207/1
f 712/100/1 742/99/1 838/208/1
f 712/100/1 838/208/1 840/209/1
f 707/15/1 839/75/1 838/208/1
f 710/14/1 840/209/1 839/75/1
f 712/100/1 840/209/1 772/192/1
f 710/14/1 770/210/1 840/209/1
f 695/7/1 772/192/1 770/210/1
f 695/7/1 770/211/1 741/94/1
f 710/4/1 841/212/1 770/211/1
f 711/95/1 741/94/1 841/212/1
f 711/95/1 841/212/1 843/213/1
f 710/4/1 842/71/1 841/212/1
f 708/12/1 843/213/1 842/71/1
f 711/95/1 843/213/1 771/195/1
f 708/12/1 768/214/1 843/213/1
f 694/19/1 771/195/1 768/214/1
f 694/19/1 768/215/1 739/89/1
f 708/10/1 844/216/1 768/215/1
f 709/90/1 739/89/1 844/216/1
f 709/90/1 844/216/1 846/217/1
f 708/10/1 845/67/1 844/216/1
f 703/9/1 846/217/1 845/67/1
f 709/90/1 846/217/1 769/200/1
f 703/9/1 763/218/1 846/217/1
f 693/59/1 769/200/1 763/218/1
f 696/26/1 766/206/1 737/219/1
f 706/62/1 847/220/1 766/206/1
f 707/60/1 737/219/1 847/220/1
f 707/60/1 847/220/1 849/221/1
f 706/62/1 848/64/1 847/220/1
f 704/57/1 849/221/1 848/64/1
f 707/60/1 849/221/1 767/222/1
f 704/57/1 764/223/1 849/221/1
f 691/224/1 767/222/1 764/223/1
f 693/16/1 763/225/1 735/84/1
f 703/3/1 850/226/1 763/225/1
f 705/85/1 735/84/1 850/226/1
f 705/85/1 850/226/1 852/227/1
f 703/3/1 851/228/1 850/226/1
f 704/2/1 852/227/1 851/228/1
f 705/85/1 852/227/1 765/203/1
f 704/2/1 734/229/1 852/227/1
f 692/29/672 765/203/672 734/229/672
f 704/2/1 851/228/1 764/230/1
f 703/3/1 733/231/1 851/228/1
f 691/232/1 764/230/1 733/231/1
f 851/228/1 733/231/1 764/230/1
f 848/64/1 736/63/1 734/65/1
f 845/67/1 738/66/1 733/69/1
f 842/71/1 740/70/1 738/73/1
f 839/75/1 767/74/1 740/77/1
f 836/80/687 743/79/687 736/63/687
f 833/83/13 745/82/13 735/84/13
f 830/88/1 747/87/1 739/89/1
f 827/93/1 749/92/1 741/94/1
f 824/98/1 751/97/1 742/99/1
f 821/103/688 776/102/688 743/79/688
f 818/105/13 778/104/13 745/82/13
f 815/108/1 780/107/1 747/87/1
f 812/111/1 782/110/1 749/92/1
f 809/114/13 774/113/13 751/97/13
f 806/116/689 758/115/689 753/117/689
f 803/120/690 760/119/690 754/121/690
f 800/124/691 761/123/691 755/125/691
f 797/128/692 762/127/692 756/129/692
f 794/132/693 789/131/693 757/133/693
f 792/137/694 759/136/694 793/138/694
f 795/139/695 793/138/695 794/132/695
f 762/140/696 795/139/696 787/141/696
f 791/144/697 792/143/697 796/145/697
f 798/146/698 796/145/698 797/128/698
f 761/147/699 798/146/699 786/148/699
f 790/151/700 791/150/700 799/152/700
f 801/153/701 799/152/701 800/124/701
f 760/154/702 801/153/702 785/155/702
f 788/158/703 790/157/703 802/159/703
f 804/160/704 802/159/704 803/120/704
f 758/161/705 804/160/705 784/162/705
f 759/165/706 788/164/706 805/166/706
f 807/167/707 805/166/707 806/116/707
f 789/168/708 807/167/708 783/169/708
f 757/133/709 744/170/709 808/171/709
f 810/172/710 808/171/710 809/114/710
f 787/141/711 810/172/711 781/173/711
f 756/129/1 752/174/1 811/175/1
f 813/176/1 811/175/1 812/111/1
f 786/148/1 813/176/1 779/177/1
f 755/125/1 750/178/1 814/179/1
f 816/180/1 814/179/1 815/108/1
f 785/155/1 816/180/1 777/181/1
f 754/121/712 748/182/712 817/183/712
f 819/184/713 817/183/713 818/105/713
f 784/162/714 819/184/714 775/185/714
f 753/117/715 746/186/715 820/187/715
f 822/188/716 820/187/716 821/103/716
f 783/169/717 822/188/717 773/189/717
f 752/174/1 781/173/1 823/190/1
f 825/191/1 823/190/1 824/98/1
f 782/110/1 825/191/1 772/192/1
f 750/178/1 779/177/1 826/193/1
f 828/194/1 826/193/1 827/93/1
f 780/107/1 828/194/1 771/195/1
f 748/196/1 777/181/1 829/197/1
f 831/198/1 829/197/1 830/88/1
f 778/199/1 831/198/1 769/200/1
f 746/186/718 775/185/718 832/201/718
f 834/202/719 832/201/719 833/83/719
f 776/102/720 834/202/720 765/203/720
f 744/170/721 773/189/721 835/204/721
f 837/205/722 835/204/722 836/80/722
f 774/113/13 837/205/13 766/206/13
f 742/99/1 737/207/1 838/208/1
f 840/209/1 838/208/1 839/75/1
f 772/192/1 840/209/1 770/210/1
f 741/94/1 770/211/1 841/212/1
f 843/213/1 841/212/1 842/71/1
f 771/195/1 843/213/1 768/214/1
f 739/89/1 768/215/1 844/216/1
f 846/217/1 844/216/1 845/67/1
f 769/200/1 846/217/1 763/218/1
f 737/219/1 766/206/1 847/220/1
f 849/221/1 847/220/1 848/64/1
f 767/222/1 849/221/1 764/223/1
f 735/84/1 763/225/1 850/226/1
f 852/227/1 850/226/1 851/228/1
f 765/203/1 852/227/1 734/229/1
f 868/62/1 898/63/1 1010/64/1
f 854/29/13 896/65/13 898/63/13
f 866/57/1 1010/64/1 896/65/1
f 870/10/1 900/66/1 1007/67/1
f 853/68/1 895/69/1 900/66/1
f 865/9/1 1007/67/1 895/69/1
f 872/4/1 902/70/1 1004/71/1
f 853/72/1 900/73/1 902/70/1
f 870/12/1 1004/71/1 900/73/1
f 869/15/1 929/74/1 1001/75/1
f 853/76/1 902/77/1 929/74/1
f 872/14/1 1001/75/1 902/77/1
f 875/78/723 905/79/723 998/80/723
f 854/29/724 898/63/724 905/79/724
f 868/62/725 998/80/725 898/63/725
f 877/81/726 907/82/726 995/83/726
f 855/16/1 897/84/1 907/82/1
f 867/85/13 995/83/13 897/84/13
f 879/86/1 909/87/1 992/88/1
f 856/19/1 901/89/1 909/87/1
f 871/90/1 992/88/1 901/89/1
f 881/91/1 911/92/1 989/93/1
f 857/7/1 903/94/1 911/92/1
f 873/95/1 989/93/1 903/94/1
f 883/96/1 913/97/1 986/98/1
f 858/26/1 904/99/1 913/97/1
f 874/100/1 986/98/1 904/99/1
f 878/101/727 938/102/727 983/103/727
f 854/29/728 905/79/728 938/102/728
f 875/78/729 983/103/729 905/79/729
f 880/32/13 940/104/13 980/105/13
f 855/16/1 907/82/1 940/104/1
f 877/81/730 980/105/730 907/82/730
f 882/106/1 942/107/1 977/108/1
f 856/19/1 909/87/1 942/107/1
f 879/86/1 977/108/1 909/87/1
f 884/109/1 944/110/1 974/111/1
f 857/7/1 911/92/1 944/110/1
f 881/91/1 974/111/1 911/92/1
f 876/112/731 936/113/731 971/114/731
f 858/26/1 913/97/1 936/113/1
f 883/96/13 971/114/13 913/97/13
f 890/38/732 920/115/732 968/116/732
f 859/36/733 915/117/733 920/115/733
f 885/118/734 968/116/734 915/117/734
f 892/41/735 922/119/735 965/120/735
f 860/39/736 916/121/736 922/119/736
f 886/122/737 965/120/737 916/121/737
f 893/22/738 923/123/738 962/124/738
f 861/42/739 917/125/739 923/123/739
f 887/126/740 962/124/740 917/125/740
f 894/25/741 924/127/741 959/128/741
f 862/44/742 918/129/742 924/127/742
f 888/130/743 959/128/743 918/129/743
f 891/48/744 951/131/744 956/132/744
f 863/46/745 919/133/745 951/131/745
f 889/134/746 956/132/746 919/133/746
f 864/135/747 921/136/747 954/137/747
f 891/48/748 955/138/748 921/136/748
f 894/49/749 954/137/749 955/138/749
f 894/49/750 955/138/750 957/139/750
f 891/48/751 956/132/751 955/138/751
f 889/134/752 957/139/752 956/132/752
f 894/49/753 957/139/753 924/140/753
f 889/134/754 949/141/754 957/139/754
f 862/44/755 924/140/755 949/141/755
f 864/142/756 954/143/756 953/144/756
f 894/25/757 958/145/757 954/143/757
f 893/51/758 953/144/758 958/145/758
f 893/51/759 958/145/759 960/146/759
f 894/25/760 959/128/760 958/145/760
f 888/130/761 960/146/761 959/128/761
f 893/51/762 960/146/762 923/147/762
f 888/130/763 948/148/763 960/146/763
f 861/42/764 923/147/764 948/148/764
f 864/149/765 953/150/765 952/151/765
f 893/22/766 961/152/766 953/150/766
f 892/23/767 952/151/767 961/152/767
f 892/23/768 961/152/768 963/153/768
f 893/22/769 962/124/769 961/152/769
f 887/126/770 963/153/770 962/124/770
f 892/23/771 963/153/771 922/154/771
f 887/126/772 947/155/772 963/153/772
f 860/52/773 922/154/773 947/155/773
f 864/156/774 952/157/774 950/158/774
f 892/41/775 964/159/775 952/157/775
f 890/53/776 950/158/776 964/159/776
f 890/53/777 964/159/777 966/160/777
f 892/41/778 965/120/778 964/159/778
f 886/122/779 966/160/779 965/120/779
f 890/53/780 966/160/780 920/161/780
f 886/122/781 946/162/781 966/160/781
f 859/36/782 920/161/782 946/162/782
f 864/163/783 950/164/783 921/165/783
f 890/38/784 967/166/784 950/164/784
f 891/55/785 921/165/785 967/166/785
f 891/55/786 967/166/786 969/167/786
f 890/38/787 968/116/787 967/166/787
f 885/118/788 969/167/788 968/116/788
f 891/55/789 969/167/789 951/168/789
f 885/118/790 945/169/790 969/167/790
f 863/46/791 951/168/791 945/169/791
f 863/46/792 906/170/792 919/133/792
f 876/112/793 970/171/793 906/170/793
f 889/134/794 919/133/794 970/171/794
f 889/134/795 970/171/795 972/172/795
f 876/112/796 971/114/796 970/171/796
f 883/96/797 972/172/797 971/114/797
f 889/134/798 972/172/798 949/141/798
f 883/96/799 943/173/799 972/172/799
f 862/44/800 949/141/800 943/173/800
f 862/44/13 914/174/13 918/129/13
f 884/109/1 973/175/1 914/174/1
f 888/130/1 918/129/1 973/175/1
f 888/130/1 973/175/1 975/176/1
f 884/109/1 974/111/1 973/175/1
f 881/91/1 975/176/1 974/111/1
f 888/130/1 975/176/1 948/148/1
f 881/91/1 941/177/1 975/176/1
f 861/42/1 948/148/1 941/177/1
f 861/42/1 912/178/1 917/125/1
f 882/106/1 976/179/1 912/178/1
f 887/126/1 917/125/1 976/179/1
f 887/126/1 976/179/1 978/180/1
f 882/106/1 977/108/1 976/179/1
f 879/86/1 978/180/1 977/108/1
f 887/126/13 978/180/13 947/155/13
f 879/86/1 939/181/1 978/180/1
f 860/52/13 947/155/13 939/181/13
f 860/39/801 910/182/801 916/121/801
f 880/32/13 979/183/13 910/182/13
f 886/122/802 916/121/802 979/183/802
f 886/122/803 979/183/803 981/184/803
f 880/32/13 980/105/13 979/183/13
f 877/81/804 981/184/804 980/105/804
f 886/122/805 981/184/805 946/162/805
f 877/81/806 937/185/806 981/184/806
f 859/36/807 946/162/807 937/185/807
f 859/36/808 908/186/808 915/117/808
f 878/101/809 982/187/809 908/186/809
f 885/118/810 915/117/810 982/187/810
f 885/118/811 982/187/811 984/188/811
f 878/101/812 983/103/812 982/187/812
f 875/78/813 984/188/813 983/103/813
f 885/118/814 984/188/814 945/169/814
f 875/78/815 935/189/815 984/188/815
f 863/46/816 945/169/816 935/189/816
f 862/44/13 943/173/13 914/174/13
f 883/96/1 985/190/1 943/173/1
f 884/109/1 914/174/1 985/190/1
f 884/109/1 985/190/1 987/191/1
f 883/96/1 986/98/1 985/190/1
f 874/100/1 987/191/1 986/98/1
f 884/109/1 987/191/1 944/110/1
f 874/100/1 934/192/1 987/191/1
f 857/7/1 944/110/1 934/192/1
f 861/42/1 941/177/1 912/178/1
f 881/91/1 988/193/1 941/177/1
f 882/106/1 912/178/1 988/193/1
f 882/106/1 988/193/1 990/194/1
f 881/91/1 989/93/1 988/193/1
f 873/95/1 990/194/1 989/93/1
f 882/106/1 990/194/1 942/107/1
f 873/95/1 933/195/1 990/194/1
f 856/19/1 942/107/1 933/195/1
f 860/52/1 939/181/1 910/196/1
f 879/86/1 991/197/1 939/181/1
f 880/58/1 910/196/1 991/197/1
f 880/58/1 991/197/1 993/198/1
f 879/86/1 992/88/1 991/197/1
f 871/90/1 993/198/1 992/88/1
f 880/58/1 993/198/1 940/199/1
f 871/90/1 931/200/1 993/198/1
f 855/59/1 940/199/1 931/200/1
f 859/36/817 937/185/817 908/186/817
f 877/81/818 994/201/818 937/185/818
f 878/101/819 908/186/819 994/201/819
f 878/101/820 994/201/820 996/202/820
f 877/81/821 995/83/821 994/201/821
f 867/85/822 996/202/822 995/83/822
f 878/101/823 996/202/823 938/102/823
f 867/85/13 927/203/13 996/202/13
f 854/29/824 938/102/824 927/203/824
f 863/46/825 935/189/825 906/170/825
f 875/78/826 997/204/826 935/189/826
f 876/112/827 906/170/827 997/204/827
f 876/112/828 997/204/828 999/205/828
f 875/78/829 998/80/829 997/204/829
f 868/62/830 999/205/830 998/80/830
f 876/112/831 999/205/831 936/113/831
f 868/62/13 928/206/13 999/205/13
f 858/26/1 936/113/1 928/206/1
f 858/26/1 899/207/1 904/99/1
f 869/15/1 1000/208/1 899/207/1
f 874/100/1 904/99/1 1000/208/1
f 874/100/1 1000/208/1 1002/209/1
f 869/15/1 1001/75/1 1000/208/1
f 872/14/1 1002/209/1 1001/75/1
f 874/100/1 1002/209/1 934/192/1
f 872/14/1 932/210/1 1002/209/1
f 857/7/1 934/192/1 932/210/1
f 857/7/1 932/211/1 903/94/1
f 872/4/1 1003/212/1 932/211/1
f 873/95/1 903/94/1 1003/212/1
f 873/95/1 1003/212/1 1005/213/1
f 872/4/1 1004/71/1 1003/212/1
f 870/12/1 1005/213/1 1004/71/1
f 873/95/1 1005/213/1 933/195/1
f 870/12/1 930/214/1 1005/213/1
f 856/19/1 933/195/1 930/214/1
f 856/19/1 930/215/1 901/89/1
f 870/10/1 1006/216/1 930/215/1
f 871/90/1 901/89/1 1006/216/1
f 871/90/1 1006/216/1 1008/217/1
f 870/10/1 1007/67/1 1006/216/1
f 865/9/1 1008/217/1 1007/67/1
f 871/90/1 1008/217/1 931/200/1
f 865/9/1 925/218/1 1008/217/1
f 855/59/1 931/200/1 925/218/1
f 858/26/1 928/206/1 899/219/1
f 868/62/1 1009/220/1 928/206/1
f 869/60/1 899/219/1 1009/220/1
f 869/60/1 1009/220/1 1011/221/1
f 868/62/1 1010/64/1 1009/220/1
f 866/57/1 1011/221/1 1010/64/1
f 869/60/1 1011/221/1 929/222/1
f 866/57/1 926/223/1 1011/221/1
f 853/224/1 929/222/1 926/223/1
f 855/16/1 925/225/1 897/84/1
f 865/3/1 1012/226/1 925/225/1
f 867/85/1 897/84/1 1012/226/1
f 867/85/1 1012/226/1 1014/227/1
f 865/3/1 1013/228/1 1012/226/1
f 866/2/1 1014/227/1 1013/228/1
f 867/85/1 1014/227/1 927/203/1
f 866/2/1 896/229/1 1014/227/1
f 854/29/1 927/203/1 896/229/1
f 866/2/1 1013/228/1 926/230/1
f 865/3/1 895/231/1 1013/228/1
f 853/232/1 926/230/1 895/231/1
f 1013/228/1 895/231/1 926/230/1
f 1010/64/1 898/63/1 896/65/1
f 1007/67/1 900/66/1 895/69/1
f 1004/71/1 902/70/1 900/73/1
f 1001/75/1 929/74/1 902/77/1
f 998/80/832 905/79/832 898/63/832
f 995/83/13 907/82/13 897/84/13
f 992/88/1 909/87/1 901/89/1
f 989/93/1 911/92/1 903/94/1
f 986/98/1 913/97/1 904/99/1
f 983/103/833 938/102/833 905/79/833
f 980/105/13 940/104/13 907/82/13
f 977/108/1 942/107/1 909/87/1
f 974/111/1 944/110/1 911/92/1
f 971/114/13 936/113/13 913/97/13
f 968/116/834 920/115/834 915/117/834
f 965/120/835 922/119/835 916/121/835
f 962/124/836 923/123/836 917/125/836
f 959/128/837 924/127/837 918/129/837
f 956/132/838 951/131/838 919/133/838
f 954/137/839 921/136/839 955/138/839
f 957/139/840 955/138/840 956/132/840
f 924/140/841 957/139/841 949/141/841
f 953/144/842 954/143/842 958/145/842
f 960/146/843 958/145/843 959/128/843
f 923/147/844 960/146/844 948/148/844
f 952/151/845 953/150/845 961/152/845
f 963/153/846 961/152/846 962/124/846
f 922/154/847 963/153/847 947/155/847
f 950/158/848 952/157/848 964/159/848
f 966/160/849 964/159/849 965/120/849
f 920/161/850 966/160/850 946/162/850
f 921/165/851 950/164/851 967/166/851
f 969/167/852 967/166/852 968/116/852
f 951/168/853 969/167/853 945/169/853
f 919/133/854 906/170/854 970/171/854
f 972/172/855 970/171/855 971/114/855
f 949/141/856 972/172/856 943/173/856
f 918/129/1 914/174/1 973/175/1
f 975/176/1 973/175/1 974/111/1
f 948/148/1 975/176/1 941/177/1
f 917/125/1 912/178/1 976/179/1
f 978/180/1 976/179/1 977/108/1
f 947/155/1 978/180/1 939/181/1
f 916/121/857 910/182/857 979/183/857
f 981/184/858 979/183/858 980/105/858
f 946/162/859 981/184/859 937/185/859
f 915/117/860 908/186/860 982/187/860
f 984/188/861 982/187/861 983/103/861
f 945/169/862 984/188/862 935/189/862
f 914/174/1 943/173/1 985/190/1
f 987/191/1 985/190/1 986/98/1
f 944/110/1 987/191/1 934/192/1
f 912/178/1 941/177/1 988/193/1
f 990/194/1 988/193/1 989/93/1
f 942/107/1 990/194/1 933/195/1
f 910/196/1 939/181/1 991/197/1
f 993/198/1 991/197/1 992/88/1
f 940/199/1 993/198/1 931/200/1
f 908/186/863 937/185/863 994/201/863
f 996/202/864 994/201/864 995/83/864
f 938/102/865 996/202/865 927/203/865
f 906/170/866 935/189/866 997/204/866
f 999/205/867 997/204/867 998/80/867
f 936/113/13 999/205/13 928/206/13
f 904/99/1 899/207/1 1000/208/1
f 1002/209/1 1000/208/1 1001/75/1
f 934/192/1 1002/209/1 932/210/1
f 903/94/1 932/211/1 1003/212/1
f 1005/213/1 1003/212/1 1004/71/1
f 933/195/1 1005/213/1 930/214/1
f 901/89/1 930/215/1 1006/216/1
f 1008/217/1 1006/216/1 1007/67/1
f 931/200/1 1008/217/1 925/218/1
f 899/219/1 928/206/1 1009/220/1
f 1011/221/1 1009/220/1 1010/64/1
f 929/222/1 1011/221/1 926/223/1
f 897/84/1 925/225/1 1012/226/1
f 1014/227/1 1012/226/1 1013/228/1
f 927/203/1 1014/227/1 896/229/1
f 1030/62/1 1060/63/1 1172/64/1
f 1016/29/13 1058/65/13 1060/63/13
f 1028/57/1 1172/64/1 1058/65/1
f 1032/10/1 1062/66/1 1169/67/1
f 1015/68/1 1057/69/1 1062/66/1
f 1027/9/1 1169/67/1 1057/69/1
f 1034/4/1 1064/70/1 1166/71/1
f 1015/72/1 1062/73/1 1064/70/1
f 1032/12/1 1166/71/1 1062/73/1
f 1031/15/1 1091/74/1 1163/75/1
f 1015/76/1 1064/77/1 1091/74/1
f 1034/14/1 1163/75/1 1064/77/1
f 1037/78/868 1067/79/868 1160/80/868
f 1016/29/869 1060/63/869 1067/79/869
f 1030/62/870 1160/80/870 1060/63/870
f 1039/81/871 1069/82/871 1157/83/871
f 1017/16/672 1059/84/672 1069/82/672
f 1029/85/13 1157/83/13 1059/84/13
f 1041/86/1 1071/87/1 1154/88/1
f 1018/19/1 1063/89/1 1071/87/1
f 1033/90/1 1154/88/1 1063/89/1
f 1043/91/1 1073/92/1 1151/93/1
f 1019/7/1 1065/94/1 1073/92/1
f 1035/95/1 1151/93/1 1065/94/1
f 1045/96/1 1075/97/1 1148/98/1
f 1020/26/1 1066/99/1 1075/97/1
f 1036/100/1 1148/98/1 1066/99/1
f 1040/101/872 1100/102/872 1145/103/872
f 1016/29/873 1067/79/873 1100/102/873
f 1037/78/874 1145/103/874 1067/79/874
f 1042/32/13 1102/104/13 1142/105/13
f 1017/16/1 1069/82/1 1102/104/1
f 1039/81/875 1142/105/875 1069/82/875
f 1044/106/1 1104/107/1 1139/108/1
f 1018/19/1 1071/87/1 1104/107/1
f 1041/86/1 1139/108/1 1071/87/1
f 1046/109/1 1106/110/1 1136/111/1
f 1019/7/1 1073/92/1 1106/110/1
f 1043/91/1 1136/111/1 1073/92/1
f 1038/112/876 1098/113/876 1133/114/876
f 1020/26/1 1075/97/1 1098/113/1
f 1045/96/13 1133/114/13 1075/97/13
f 1052/38/877 1082/115/877 1130/116/877
f 1021/36/878 1077/117/878 1082/115/878
f 1047/118/879 1130/116/879 1077/117/879
f 1054/41/880 1084/119/880 1127/120/880
f 1022/39/881 1078/121/881 1084/119/881
f 1048/122/882 1127/120/882 1078/121/882
f 1055/22/883 1085/123/883 1124/124/883
f 1023/42/884 1079/125/884 1085/123/884
f 1049/126/885 1124/124/885 1079/125/885
f 1056/25/886 1086/127/886 1121/128/886
f 1024/44/887 1080/129/887 1086/127/887
f 1050/130/888 1121/128/888 1080/129/888
f 1053/48/889 1113/131/889 1118/132/889
f 1025/46/890 1081/133/890 1113/131/890
f 1051/134/891 1118/132/891 1081/133/891
f 1026/135/892 1083/136/892 1116/137/892
f 1053/48/893 1117/138/893 1083/136/893
f 1056/49/894 1116/137/894 1117/138/894
f 1056/49/895 1117/138/895 1119/139/895
f 1053/48/896 1118/132/896 1117/138/896
f 1051/134/897 1119/139/897 1118/132/897
f 1056/49/898 1119/139/898 1086/140/898
f 1051/134/899 1111/141/899 1119/139/899
f 1024/44/900 1086/140/900 1111/141/900
f 1026/142/901 1116/143/901 1115/144/901
f 1056/25/902 1120/145/902 1116/143/902
f 1055/51/903 1115/144/903 1120/145/903
f 1055/51/904 1120/145/904 1122/146/904
f 1056/25/905 1121/128/905 1120/145/905
f 1050/130/906 1122/146/906 1121/128/906
f 1055/51/907 1122/146/907 1085/147/907
f 1050/130/908 1110/148/908 1122/146/908
f 1023/42/909 1085/147/909 1110/148/909
f 1026/149/910 1115/150/910 1114/151/910
f 1055/22/911 1123/152/911 1115/150/911
f 1054/23/912 1114/151/912 1123/152/912
f 1054/23/913 1123/152/913 1125/153/913
f 1055/22/914 1124/124/914 1123/152/914
f 1049/126/915 1125/153/915 1124/124/915
f 1054/23/916 1125/153/916 1084/154/916
f 1049/126/917 1109/155/917 1125/153/917
f 1022/52/918 1084/154/918 1109/155/918
f 1026/156/919 1114/157/919 1112/158/919
f 1054/41/920 1126/159/920 1114/157/920
f 1052/53/921 1112/158/921 1126/159/921
f 1052/53/922 1126/159/922 1128/160/922
f 1054/41/923 1127/120/923 1126/159/923
f 1048/122/924 1128/160/924 1127/120/924
f 1052/53/925 1128/160/925 1082/161/925
f 1048/122/926 1108/162/926 1128/160/926
f 1021/36/927 1082/161/927 1108/162/927
f 1026/163/928 1112/164/928 1083/165/928
f 1052/38/929 1129/166/929 1112/164/929
f 1053/55/930 1083/165/930 1129/166/930
f 1053/55/931 1129/166/931 1131/167/931
f 1052/38/932 1130/116/932 1129/166/932
f 1047/118/933 1131/167/933 1130/116/933
f 1053/55/934 1131/167/934 1113/168/934
f 1047/118/935 1107/169/935 1131/167/935
f 1025/46/936 1113/168/936 1107/169/936
f 1025/46/937 1068/170/937 1081/133/937
f 1038/112/938 1132/171/938 1068/170/938
f 1051/134/939 1081/133/939 1132/171/939
f 1051/134/940 1132/171/940 1134/172/940
f 1038/112/941 1133/114/941 1132/171/941
f 1045/96/942 1134/172/942 1133/114/942
f 1051/134/943 1134/172/943 1111/141/943
f 1045/96/944 1105/173/944 1134/172/944
f 1024/44/945 1111/141/945 1105/173/945
f 1024/44/13 1076/174/13 1080/129/13
f 1046/109/1 1135/175/1 1076/174/1
f 1050/130/1 1080/129/1 1135/175/1
f 1050/130/1 1135/175/1 1137/176/1
f 1046/109/1 1136/111/1 1135/175/1
f 1043/91/1 1137/176/1 1136/111/1
f 1050/130/1 1137/176/1 1110/148/1
f 1043/91/1 1103/177/1 1137/176/1
f 1023/42/1 1110/148/1 1103/177/1
f 1023/42/1 1074/178/1 1079/125/1
f 1044/106/1 1138/179/1 1074/178/1
f 1049/126/1 1079/125/1 1138/179/1
f 1049/126/1 1138/179/1 1140/180/1
f 1044/106/1 1139/108/1 1138/179/1
f 1041/86/1 1140/180/1 1139/108/1
f 1049/126/388 1140/180/388 1109/155/388
f 1041/86/1 1101/181/1 1140/180/1
f 1022/52/13 1109/155/13 1101/181/13
f 1022/39/946 1072/182/946 1078/121/946
f 1042/32/13 1141/183/13 1072/182/13
f 1048/122/947 1078/121/947 1141/183/947
f 1048/122/948 1141/183/948 1143/184/948
f 1042/32/388 1142/105/388 1141/183/388
f 1039/81/949 1143/184/949 1142/105/949
f 1048/122/950 1143/184/950 1108/162/950
f 1039/81/951 1099/185/951 1143/184/951
f 1021/36/952 1108/162/952 1099/185/952
f 1021/36/953 1070/186/953 1077/117/953
f 1040/101/954 1144/187/954 1070/186/954
f 1047/118/955 1077/117/955 1144/187/955
f 1047/118/956 1144/187/956 1146/188/956
f 1040/101/957 1145/103/957 1144/187/957
f 1037/78/958 1146/188/958 1145/103/958
f 1047/118/959 1146/188/959 1107/169/959
f 1037/78/960 1097/189/960 1146/188/960
f 1025/46/961 1107/169/961 1097/189/961
f 1024/44/13 1105/173/13 1076/174/13
f 1045/96/1 1147/190/1 1105/173/1
f 1046/109/1 1076/174/1 1147/190/1
f 1046/109/1 1147/190/1 1149/191/1
f 1045/96/1 1148/98/1 1147/190/1
f 1036/100/1 1149/191/1 1148/98/1
f 1046/109/1 1149/191/1 1106/110/1
f 1036/100/1 1096/192/1 1149/191/1
f 1019/7/1 1106/110/1 1096/192/1
f 1023/42/1 1103/177/1 1074/178/1
f 1043/91/1 1150/193/1 1103/177/1
f 1044/106/1 1074/178/1 1150/193/1
f 1044/106/1 1150/193/1 1152/194/1
f 1043/91/1 1151/93/1 1150/193/1
f 1035/95/1 1152/194/1 1151/93/1
f 1044/106/1 1152/194/1 1104/107/1
f 1035/95/1 1095/195/1 1152/194/1
f 1018/19/1 1104/107/1 1095/195/1
f 1022/52/672 1101/181/672 1072/196/672
f 1041/86/1 1153/197/1 1101/181/1
f 1042/58/1 1072/196/1 1153/197/1
f 1042/58/1 1153/197/1 1155/198/1
f 1041/86/1 1154/88/1 1153/197/1
f 1033/90/1 1155/198/1 1154/88/1
f 1042/58/1 1155/198/1 1102/199/1
f 1033/90/1 1093/200/1 1155/198/1
f 1017/59/1 1102/199/1 1093/200/1
f 1021/36/962 1099/185/962 1070/186/962
f 1039/81/963 1156/201/963 1099/185/963
f 1040/101/964 1070/186/964 1156/201/964
f 1040/101/965 1156/201/965 1158/202/965
f 1039/81/966 1157/83/966 1156/201/966
f 1029/85/967 1158/202/967 1157/83/967
f 1040/101/968 1158/202/968 1100/102/968
f 1029/85/13 1089/203/13 1158/202/13
f 1016/29/969 1100/102/969 1089/203/969
f 1025/46/970 1097/189/970 1068/170/970
f 1037/78/971 1159/204/971 1097/189/971
f 1038/112/972 1068/170/972 1159/204/972
f 1038/112/973 1159/204/973 1161/205/973
f 1037/78/974 1160/80/974 1159/204/974
f 1030/62/975 1161/205/975 1160/80/975
f 1038/112/976 1161/205/976 1098/113/976
f 1030/62/388 1090/206/388 1161/205/388
f 1020/26/1 1098/113/1 1090/206/1
f 1020/26/1 1061/207/1 1066/99/1
f 1031/15/1 1162/208/1 1061/207/1
f 1036/100/1 1066/99/1 1162/208/1
f 1036/100/1 1162/208/1 1164/209/1
f 1031/15/1 1163/75/1 1162/208/1
f 1034/14/1 1164/209/1 1163/75/1
f 1036/100/1 1164/209/1 1096/192/1
f 1034/14/1 1094/210/1 1164/209/1
f 1019/7/1 1096/192/1 1094/210/1
f 1019/7/1 1094/211/1 1065/94/1
f 1034/4/1 1165/212/1 1094/211/1
f 1035/95/1 1065/94/1 1165/212/1
f 1035/95/1 1165/212/1 1167/213/1
f 1034/4/1 1166/71/1 1165/212/1
f 1032/12/1 1167/213/1 1166/71/1
f 1035/95/1 1167/213/1 1095/195/1
f 1032/12/1 1092/214/1 1167/213/1
f 1018/19/1 1095/195/1 1092/214/1
f 1018/19/1 1092/215/1 1063/89/1
f 1032/10/1 1168/216/1 1092/215/1
f 1033/90/1 1063/89/1 1168/216/1
f 1033/90/1 1168/216/1 1170/217/1
f 1032/10/1 1169/67/1 1168/216/1
f 1027/9/1 1170/217/1 1169/67/1
f 1033/90/1 1170/217/1 1093/200/1
f 1027/9/1 1087/218/1 1170/217/1
f 1017/59/1 1093/200/1 1087/218/1
f 1020/26/1 1090/206/1 1061/219/1
f 1030/62/1 1171/220/1 1090/206/1
f 1031/60/1 1061/219/1 1171/220/1
f 1031/60/1 1171/220/1 1173/221/1
f 1030/62/1 1172/64/1 1171/220/1
f 1028/57/1 1173/221/1 1172/64/1
f 1031/60/1 1173/221/1 1091/222/1
f 1028/57/1 1088/223/1 1173/221/1
f 1015/224/1 1091/222/1 1088/223/1
f 1017/16/1 1087/225/1 1059/84/1
f 1027/3/1 1174/226/1 1087/225/1
f 1029/85/1 1059/84/1 1174/226/1
f 1029/85/1 1174/226/1 1176/227/1
f 1027/3/1 1175/228/1 1174/226/1
f 1028/2/1 1176/227/1 1175/228/1
f 1029/85/1 1176/227/1 1089/203/1
f 1028/2/1 1058/229/1 1176/227/1
f 1016/29/977 1089/203/977 1058/229/977
f 1028/2/1 1175/228/1 1088/230/1
f 1027/3/1 1057/231/1 1175/228/1
f 1015/232/1 1088/230/1 1057/231/1
f 1175/228/1 1057/231/1 1088/230/1
f 1172/64/1 1060/63/1 1058/65/1
f 1169/67/1 1062/66/1 1057/69/1
f 1166/71/1 1064/70/1 1062/73/1
f 1163/75/1 1091/74/1 1064/77/1
f 1160/80/978 1067/79/978 1060/63/978
f 1157/83/13 1069/82/13 1059/84/13
f 1154/88/1 1071/87/1 1063/89/1
f 1151/93/1 1073/92/1 1065/94/1
f 1148/98/1 1075/97/1 1066/99/1
f 1145/103/979 1100/102/979 1067/79/979
f 1142/105/13 1102/104/13 1069/82/13
f 1139/108/1 1104/107/1 1071/87/1
f 1136/111/1 1106/110/1 1073/92/1
f 1133/114/13 1098/113/13 1075/97/13
f 1130/116/980 1082/115/980 1077/117/980
f 1127/120/981 1084/119/981 1078/121/981
f 1124/124/982 1085/123/982 1079/125/982
f 1121/128/983 1086/127/983 1080/129/983
f 1118/132/984 1113/131/984 1081/133/984
f 1116/137/985 1083/136/985 1117/138/985
f 1119/139/986 1117/138/986 1118/132/986
f 1086/140/987 1119/139/987 1111/141/987
f 1115/144/988 1116/143/988 1120/145/988
f 1122/146/989 1120/145/989 1121/128/989
f 1085/147/990 1122/146/990 1110/148/990
f 1114/151/991 1115/150/991 1123/152/991
f 1125/153/992 1123/152/992 1124/124/992
f 1084/154/993 1125/153/993 1109/155/993
f 1112/158/994 1114/157/994 1126/159/994
f 1128/160/995 1126/159/995 1127/120/995
f 1082/161/996 1128/160/996 1108/162/996
f 1083/165/997 1112/164/997 1129/166/997
f 1131/167/998 1129/166/998 1130/116/998
f 1113/168/999 1131/167/999 1107/169/999
f 1081/133/1000 1068/170/1000 1132/171/1000
f 1134/172/1001 1132/171/1001 1133/114/1001
f 1111/141/1002 1134/172/1002 1105/173/1002
f 1080/129/1 1076/174/1 1135/175/1
f 1137/176/1 1135/175/1 1136/111/1
f 1110/148/1 1137/176/1 1103/177/1
f 1079/125/1 1074/178/1 1138/179/1
f 1140/180/1 1138/179/1 1139/108/1
f 1109/155/1 1140/180/1 1101/181/1
f 1078/121/1003 1072/182/1003 1141/183/1003
f 1143/184/1004 1141/183/1004 1142/105/1004
f 1108/162/1005 1143/184/1005 1099/185/1005
f 1077/117/1006 1070/186/1006 1144/187/1006
f 1146/188/1007 1144/187/1007 1145/103/1007
f 1107/169/1008 1146/188/1008 1097/189/1008
f 1076/174/1 1105/173/1 1147/190/1
f 1149/191/1 1147/190/1 1148/98/1
f 1106/110/1 1149/191/1 1096/192/1
f 1074/178/1 1103/177/1 1150/193/1
f 1152/194/1 1150/193/1 1151/93/1
f 1104/107/1 1152/194/1 1095/195/1
f 1072/196/1 1101/181/1 1153/197/1
f 1155/198/1 1153/197/1 1154/88/1
f 1102/199/1 1155/198/1 1093/200/1
f 1070/186/1009 1099/185/1009 1156/201/1009
f 1158/202/1010 1156/201/1010 1157/83/1010
f 1100/102/1011 1158/202/1011 1089/203/1011
f 1068/170/1012 1097/189/1012 1159/204/1012
f 1161/205/1013 1159/204/1013 1160/80/1013
f 1098/113/13 1161/205/13 1090/206/13
f 1066/99/1 1061/207/1 1162/208/1
f 1164/209/1 1162/208/1 1163/75/1
f 1096/192/1 1164/209/1 1094/210/1
f 1065/94/1 1094/211/1 1165/212/1
f 1167/213/1 1165/212/1 1166/71/1
f 1095/195/1 1167/213/1 1092/214/1
f 1063/89/1 1092/215/1 1168/216/1
f 1170/217/1 1168/216/1 1169/67/1
f 1093/200/1 1170/217/1 1087/218/1
f 1061/219/1 1090/206/1 1171/220/1
f 1173/221/1 1171/220/1 1172/64/1
f 1091/222/1 1173/221/1 1088/223/1
f 1059/84/1 1087/225/1 1174/226/1
f 1176/227/1 1174/226/1 1175/228/1
f 1089/203/1 1176/227/1 1058/229/1
f 1177/1/1 1190/2/1 1189/3/1
f 1178/29/1 1190/57/1 1192/56/1
f 1177/8/1 1189/9/1 1194/10/1
f 1177/11/1 1194/12/1 1196/4/1
f 1177/13/1 1196/14/1 1193/15/1
f 1178/29/1 1192/56/1 1199/30/1
f 1179/16/1 1191/17/1 1201/18/1
f 1180/19/1 1195/20/1 1203/21/1
f 1181/7/1014 1197/5/1014 1205/6/1014
f 1182/26/1 1198/27/1 1207/28/1
f 1178/29/1 1199/30/1 1202/31/1
f 1179/16/1 1201/18/1 1204/32/1
f 1180/19/1 1203/21/1 1206/33/1
f 1181/7/1015 1205/6/1015 1208/34/1015
f 1182/26/1 1207/28/1 1200/35/1
f 1183/36/1016 1209/37/1016 1214/38/1016
f 1184/39/1017 1210/40/1017 1216/41/1017
f 1185/42/1018 1211/43/1018 1217/22/1018
f 1186/44/1019 1212/45/1019 1218/25/1019
f 1187/46/1020 1213/47/1020 1215/48/1020
f 1215/48/1021 1218/49/1021 1188/233/1021
f 1215/48/1022 1213/47/1022 1218/49/1022
f 1213/47/1023 1186/44/1023 1218/49/1023
f 1218/25/1024 1217/51/1024 1188/24/1024
f 1218/25/1025 1212/45/1025 1217/51/1025
f 1212/45/1026 1185/42/1026 1217/51/1026
f 1217/22/1027 1216/23/1027 1188/234/1027
f 1217/22/1028 1211/43/1028 1216/23/1028
f 1211/43/1029 1184/52/1029 1216/23/1029
f 1216/41/1030 1214/53/1030 1188/54/1030
f 1216/41/1031 1210/40/1031 1214/53/1031
f 1210/40/1032 1183/36/1032 1214/53/1032
f 1214/38/1033 1215/55/1033 1188/50/1033
f 1214/38/1034 1209/37/1034 1215/55/1034
f 1209/37/1035 1187/46/1035 1215/55/1035
f 1200/35/1036 1213/47/1036 1187/46/1036
f 1200/35/1037 1207/28/1037 1213/47/1037
f 1207/28/1038 1186/44/1038 1213/47/1038
f 1208/34/1039 1212/45/1039 1186/44/1039
f 1208/34/1040 1205/6/1040 1212/45/1040
f 1205/6/1041 1185/42/1041 1212/45/1041
f 1206/33/1042 1211/43/1042 1185/42/1042
f 1206/33/1043 1203/21/1043 1211/43/1043
f 1203/21/1044 1184/52/1044 1211/43/1044
f 1204/32/1045 1210/40/1045 1184/39/1045
f 1204/32/1046 1201/18/1046 1210/40/1046
f 1201/18/1047 1183/36/1047 1210/40/1047
f 1202/31/1048 1209/37/1048 1183/36/1048
f 1202/31/1049 1199/30/1049 1209/37/1049
f 1199/30/1050 1187/46/1050 1209/37/1050
f 1207/28/1051 1208/34/1051 1186/44/1051
f 1207/28/1052 1198/27/1052 1208/34/1052
f 1198/27/1053 1181/7/1053 1208/34/1053
f 1205/6/1054 1206/33/1054 1185/42/1054
f 1205/6/1055 1197/5/1055 1206/33/1055
f 1197/5/1 1180/19/1 1206/33/1
f 1203/21/13 1204/58/13 1184/52/13
f 1203/21/1 1195/20/1 1204/58/1
f 1195/20/1 1179/59/1 1204/58/1
f 1201/18/13 1202/31/13 1183/36/13
f 1201/18/1 1191/17/1 1202/31/1
f 1191/17/1 1178/29/1 1202/31/1
f 1199/30/1056 1200/35/1056 1187/46/1056
f 1199/30/1 1192/56/1 1200/35/1
f 1192/56/1 1182/26/1 1200/35/1
f 1193/15/1 1198/27/1 1182/26/1
f 1193/15/1 1196/14/1 1198/27/1
f 1196/14/1 1181/7/1 1198/27/1
f 1196/4/1 1197/5/1 1181/7/1
f 1196/4/1 1194/12/1 1197/5/1
f 1194/12/1 1180/19/1 1197/5/1
f 1194/10/1 1195/20/1 1180/19/1
f 1194/10/1 1189/9/1 1195/20/1
f 1189/9/1 1179/59/1 1195/20/1
f 1192/56/1 1193/60/1 1182/26/1
f 1192/56/1 1190/57/1 1193/60/1
f 1190/57/1 1177/61/1 1193/60/1
f 1189/3/1 1191/17/1 1179/16/1
f 1189/3/1 1190/2/1 1191/17/1
f 1190/2/1 1178/29/1 1191/17/1
f 1219/1/1 1232/2/1 1231/3/1
f 1220/29/1 1232/57/1 1234/56/1
f 1219/8/1 1231/9/1 1236/10/1
f 1219/11/1 1236/12/1 1238/4/1
f 1219/13/1 1238/14/1 1235/15/1
f 1220/29/1 1234/56/1 1241/30/1
f 1221/16/1 1233/17/1 1243/18/1
f 1222/19/1 1237/20/1 1245/21/1
f 1223/7/1057 1239/5/1057 1247/6/1057
f 1224/26/1 1240/27/1 1249/28/1
f 1220/29/1 1241/30/1 1244/31/1
f 1221/16/1 1243/18/1 1246/32/1
f 1222/19/1 1245/21/1 1248/33/1
f 1223/7/1058 1247/6/1058 1250/34/1058
f 1224/26/1 1249/28/1 1242/35/1
f 1225/36/1059 1251/37/1059 1256/38/1059
f 1226/39/1060 1252/40/1060 1258/41/1060
f 1227/42/1061 1253/43/1061 1259/22/1061
f 1228/44/1062 1254/45/1062 1260/25/1062
f 1229/46/1063 1255/47/1063 1257/48/1063
f 1257/48/1064 1260/49/1064 1230/233/1064
f 1257/48/1065 1255/47/1065 1260/49/1065
f 1255/47/1066 1228/44/1066 1260/49/1066
f 1260/25/1067 1259/51/1067 1230/24/1067
f 1260/25/1068 1254/45/1068 1259/51/1068
f 1254/45/1069 1227/42/1069 1259/51/1069
f 1259/22/1070 1258/23/1070 1230/234/1070
f 1259/22/1071 1253/43/1071 1258/23/1071
f 1253/43/1072 1226/52/1072 1258/23/1072
f 1258/41/1073 1256/53/1073 1230/54/1073
f 1258/41/1074 1252/40/1074 1256/53/1074
f 1252/40/1075 1225/36/1075 1256/53/1075
f 1256/38/1076 1257/55/1076 1230/50/1076
f 1256/38/1077 1251/37/1077 1257/55/1077
f 1251/37/1078 1229/46/1078 1257/55/1078
f 1242/35/1079 1255/47/1079 1229/46/1079
f 1242/35/1080 1249/28/1080 1255/47/1080
f 1249/28/1081 1228/44/1081 1255/47/1081
f 1250/34/1082 1254/45/1082 1228/44/1082
f 1250/34/1083 1247/6/1083 1254/45/1083
f 1247/6/1084 1227/42/1084 1254/45/1084
f 1248/33/1085 1253/43/1085 1227/42/1085
f 1248/33/1086 1245/21/1086 1253/43/1086
f 1245/21/1087 1226/52/1087 1253/43/1087
f 1246/32/1088 1252/40/1088 1226/39/1088
f 1246/32/1089 1243/18/1089 1252/40/1089
f 1243/18/1090 1225/36/1090 1252/40/1090
f 1244/31/1091 1251/37/1091 1225/36/1091
f 1244/31/1092 1241/30/1092 1251/37/1092
f 1241/30/1093 1229/46/1093 1251/37/1093
f 1249/28/1094 1250/34/1094 1228/44/1094
f 1249/28/1095 1240/27/1095 1250/34/1095
f 1240/27/1096 1223/7/1096 1250/34/1096
f 1247/6/1097 1248/33/1097 1227/42/1097
f 1247/6/1098 1239/5/1098 1248/33/1098
f 1239/5/1 1222/19/1 1248/33/1
f 1245/21/13 1246/58/13 1226/52/13
f 1245/21/1 1237/20/1 1246/58/1
f 1237/20/1 1221/59/1 1246/58/1
f 1243/18/13 1244/31/13 1225/36/13
f 1243/18/1 1233/17/1 1244/31/1
f 1233/17/1 1220/29/1 1244/31/1
f 1241/30/1099 1242/35/1099 1229/46/1099
f 1241/30/1 1234/56/1 1242/35/1
f 1234/56/1 1224/26/1 1242/35/1
f 1235/15/1 1240/27/1 1224/26/1
f 1235/15/1 1238/14/1 1240/27/1
f 1238/14/1 1223/7/1 1240/27/1
f 1238/4/1 1239/5/1 1223/7/1
f 1238/4/1 1236/12/1 1239/5/1
f 1236/12/1 1222/19/1 1239/5/1
f 1236/10/1 1237/20/1 1222/19/1
f 1236/10/1 1231/9/1 1237/20/1
f 1231/9/1 1221/59/1 1237/20/1
f 1234/56/1 1235/60/1 1224/26/1
f 1234/56/1 1232/57/1 1235/60/1
f 1232/57/1 1219/61/1 1235/60/1
f 1231/3/1 1233/17/1 1221/16/1
f 1231/3/1 1232/2/1 1233/17/1
f 1232/2/1 1220/29/1 1233/17/1
f 1261/1/1100 1274/2/1100 1273/3/1100
f 1262/29/1101 1274/57/1101 1276/56/1101
f 1261/8/1102 1273/9/1102 1278/10/1102
f 1261/11/1103 1278/12/1103 1280/4/1103
f 1261/13/1104 1280/14/1104 1277/15/1104
f 1262/29/1105 1276/56/1105 1283/30/1105
f 1263/16/1106 1275/17/1106 1285/18/1106
f 1264/19/1107 1279/20/1107 1287/21/1107
f 1265/7/1108 1281/5/1108 1289/6/1108
f 1266/26/1109 1282/27/1109 1291/28/1109
f 1262/29/1110 1283/30/1110 1286/31/1110
f 1263/16/1111 1285/18/1111 1288/32/1111
f 1264/19/1112 1287/21/1112 1290/33/1112
f 1265/7/1113 1289/6/1113 1292/34/1113
f 1266/26/1114 1291/28/1114 1284/35/1114
f 1267/36/1115 1293/37/1115 1298/38/1115
f 1268/39/1116 1294/40/1116 1300/41/1116
f 1269/42/1117 1295/43/1117 1301/22/1117
f 1270/44/1118 1296/45/1118 1302/25/1118
f 1271/46/1119 1297/47/1119 1299/48/1119
f 1299/48/1120 1302/49/1120 1272/233/1120
f 1299/48/1121 1297/47/1121 1302/49/1121
f 1297/47/1122 1270/44/1122 1302/49/1122
f 1302/25/1123 1301/51/1123 1272/24/1123
f 1302/25/1124 1296/45/1124 1301/51/1124
f 1296/45/1125 1269/42/1125 1301/51/1125
f 1301/22/1126 1300/23/1126 1272/234/1126
f 1301/22/1127 1295/43/1127 1300/23/1127
f 1295/43/1128 1268/52/1128 1300/23/1128
f 1300/41/1129 1298/53/1129 1272/54/1129
f 1300/41/1130 1294/40/1130 1298/53/1130
f 1294/40/1131 1267/36/1131 1298/53/1131
f 1298/38/1132 1299/55/1132 1272/50/1132
f 1298/38/1133 1293/37/1133 1299/55/1133
f 1293/37/1134 1271/46/1134 1299/55/1134
f 1284/35/1135 1297/47/1135 1271/46/1135
f 1284/35/1136 1291/28/1136 1297/47/1136
f 1291/28/1137 1270/44/1137 1297/47/1137
f 1292/34/1138 1296/45/1138 1270/44/1138
f 1292/34/1139 1289/6/1139 1296/45/1139
f 1289/6/1140 1269/42/1140 1296/45/1140
f 1290/33/1141 1295/43/1141 1269/42/1141
f 1290/33/1142 1287/21/1142 1295/43/1142
f 1287/21/1143 1268/52/1143 1295/43/1143
f 1288/32/1144 1294/40/1144 1268/39/1144
f 1288/32/1145 1285/18/1145 1294/40/1145
f 1285/18/1146 1267/36/1146 1294/40/1146
f 1286/31/1147 1293/37/1147 1267/36/1147
f 1286/31/1148 1283/30/1148 1293/37/1148
f 1283/30/1149 1271/46/1149 1293/37/1149
f 1291/28/1150 1292/34/1150 1270/44/1150
f 1291/28/1151 1282/27/1151 1292/34/1151
f 1282/27/1152 1265/7/1152 1292/34/1152
f 1289/6/1153 1290/33/1153 1269/42/1153
f 1289/6/1154 1281/5/1154 1290/33/1154
f 1281/5/1155 1264/19/1155 1290/33/1155
f 1287/21/1156 1288/58/1156 1268/52/1156
f 1287/21/1157 1279/20/1157 1288/58/1157
f 1279/20/1158 1263/59/1158 1288/58/1158
f 1285/18/1159 1286/31/1159 1267/36/1159
f 1285/18/1160 1275/17/1160 1286/31/1160
f 1275/17/1161 1262/29/1161 1286/31/1161
f 1283/30/1162 1284/35/1162 1271/46/1162
f 1283/30/1163 1276/56/1163 1284/35/1163
f 1276/56/1164 1266/26/1164 1284/35/1164
f 1277/15/1165 1282/27/1165 1266/26/1165
f 1277/15/1166 1280/14/1166 1282/27/1166
f 1280/14/1167 1265/7/1167 1282/27/1167
f 1280/4/1168 1281/5/1168 1265/7/1168
f 1280/4/1169 1278/12/1169 1281/5/1169
f 1278/12/1170 1264/19/1170 1281/5/1170
f 1278/10/1171 1279/20/1171 1264/19/1171
f 1278/10/1172 1273/9/1172 1279/20/1172
f 1273/9/1173 1263/59/1173 1279/20/1173
f 1276/56/1174 1277/60/1174 1266/26/1174
f 1276/56/1175 1274/57/1175 1277/60/1175
f 1274/57/1176 1261/61/1176 1277/60/1176
f 1273/3/1177 1275/17/1177 1263/16/1177
f 1273/3/1178 1274/2/1178 1275/17/1178
f 1274/2/1179 1262/29/1179 1275/17/1179
f 1303/1/1180 1316/2/1180 1315/3/1180
f 1304/29/1181 1316/57/1181 1318/56/1181
f 1303/8/1182 1315/9/1182 1320/10/1182
f 1303/11/1183 1320/12/1183 1322/4/1183
f 1303/13/1184 1322/14/1184 1319/15/1184
f 1304/29/1185 1318/56/1185 1325/30/1185
f 1305/16/1186 1317/17/1186 1327/18/1186
f 1306/19/1187 1321/20/1187 1329/21/1187
f 1307/7/1188 1323/5/1188 1331/6/1188
f 1308/26/1189 1324/27/1189 1333/28/1189
f 1304/29/1190 1325/30/1190 1328/31/1190
f 1305/16/1191 1327/18/1191 1330/32/1191
f 1306/19/1192 1329/21/1192 1332/33/1192
f 1307/7/1193 1331/6/1193 1334/34/1193
f 1308/26/1194 1333/28/1194 1326/35/1194
f 1309/36/1195 1335/37/1195 1340/38/1195
f 1310/39/1196 1336/40/1196 1342/41/1196
f 1311/42/1197 1337/43/1197 1343/22/1197
f 1312/44/1198 1338/45/1198 1344/25/1198
f 1313/46/1199 1339/47/1199 1341/48/1199
f 1341/48/1200 1344/49/1200 1314/233/1200
f 1341/48/1201 1339/47/1201 1344/49/1201
f 1339/47/1202 1312/44/1202 1344/49/1202
f 1344/25/1203 1343/51/1203 1314/24/1203
f 1344/25/1204 1338/45/1204 1343/51/1204
f 1338/45/1205 1311/42/1205 1343/51/1205
f 1343/22/1206 1342/23/1206 1314/234/1206
f 1343/22/1207 1337/43/1207 1342/23/1207
f 1337/43/1208 1310/52/1208 1342/23/1208
f 1342/41/1209 1340/53/1209 1314/54/1209
f 1342/41/1210 1336/40/1210 1340/53/1210
f 1336/40/1211 1309/36/1211 1340/53/1211
f 1340/38/1212 1341/55/1212 1314/50/1212
f 1340/38/1213 1335/37/1213 1341/55/1213
f 1335/37/1214 1313/46/1214 1341/55/1214
f 1326/35/1215 1339/47/1215 1313/46/1215
f 1326/35/1216 1333/28/1216 1339/47/1216
f 1333/28/1217 1312/44/1217 1339/47/1217
f 1334/34/1218 1338/45/1218 1312/44/1218
f 1334/34/1219 1331/6/1219 1338/45/1219
f 1331/6/1220 1311/42/1220 1338/45/1220
f 1332/33/1221 1337/43/1221 1311/42/1221
f 1332/33/1222 1329/21/1222 1337/43/1222
f 1329/21/1223 1310/52/1223 1337/43/1223
f 1330/32/1224 1336/40/1224 1310/39/1224
f 1330/32/1225 1327/18/1225 1336/40/1225
f 1327/18/1226 1309/36/1226 1336/40/1226
f 1328/31/1227 1335/37/1227 1309/36/1227
f 1328/31/1228 1325/30/1228 1335/37/1228
f 1325/30/1229 1313/46/1229 1335/37/1229
f 1333/28/1230 1334/34/1230 1312/44/1230
f 1333/28/1231 1324/27/1231 1334/34/1231
f 1324/27/1232 1307/7/1232 1334/34/1232
f 1331/6/1233 1332/33/1233 1311/42/1233
f 1331/6/1234 1323/5/1234 1332/33/1234
f 1323/5/1235 1306/19/1235 1332/33/1235
f 1329/21/1236 1330/58/1236 1310/52/1236
f 1329/21/1237 1321/20/1237 1330/58/1237
f 1321/20/1238 1305/59/1238 1330/58/1238
f 1327/18/1239 1328/31/1239 1309/36/1239
f 1327/18/1240 1317/17/1240 1328/31/1240
f 1317/17/1241 1304/29/1241 1328/31/1241
f 1325/30/1242 1326/35/1242 1313/46/1242
f 1325/30/1243 1318/56/1243 1326/35/1243
f 1318/56/1244 1308/26/1244 1326/35/1244
f 1319/15/1245 1324/27/1245 1308/26/1245
f 1319/15/1246 1322/14/1246 1324/27/1246
f 1322/14/1247 1307/7/1247 1324/27/1247
f 1322/4/1248 1323/5/1248 1307/7/1248
f 1322/4/1249 1320/12/1249 1323/5/1249
f 1320/12/1250 1306/19/1250 1323/5/1250
f 1320/10/1251 1321/20/1251 1306/19/1251
f 1320/10/1252 1315/9/1252 1321/20/1252
f 1315/9/1253 1305/59/1253 1321/20/1253
f 1318/56/1254 1319/60/1254 1308/26/1254
f 1318/56/1255 1316/57/1255 1319/60/1255
f 1316/57/1256 1303/61/1256 1319/60/1256
f 1315/3/1257 1317/17/1257 1305/16/1257
f 1315/3/1258 1316/2/1258 1317/17/1258
f 1316/2/1259 1304/29/1259 1317/17/1259
f 1345/1/1 1358/2/1 1357/3/1
f 1364/4/1 1365/5/1 1373/6/1 1349/7/1
f 1345/8/1 1357/9/1 1362/10/1
f 1345/11/1 1362/12/1 1364/4/1
f 1345/13/1 1364/14/1 1361/15/1
f 1347/16/1 1359/17/1 1369/18/1
f 1348/19/1 1363/20/1 1371/21/1
f 1385/22/1260 1384/23/1260 1356/24/1260 1386/25/1260
f 1350/26/1261 1366/27/1261 1375/28/1261
f 1346/29/1262 1367/30/1262 1370/31/1262
f 1347/16/1 1369/18/1 1372/32/1
f 1348/19/1 1371/21/1 1374/33/1
f 1349/7/1 1373/6/1 1376/34/1
f 1350/26/1263 1375/28/1263 1368/35/1263
f 1351/36/1264 1377/37/1264 1382/38/1264
f 1352/39/1 1378/40/1 1384/41/1
f 1353/42/672 1379/43/672 1385/22/672
f 1354/44/1265 1380/45/1265 1386/25/1265
f 1355/46/1266 1381/47/1266 1383/48/1266
f 1383/48/1267 1381/47/1267 1386/49/1267
f 1381/47/1268 1354/44/1268 1386/49/1268
f 1382/38/1269 1383/48/1269 1386/49/1269 1356/50/1269
f 1386/25/1270 1380/45/1270 1385/51/1270
f 1380/45/388 1353/42/388 1385/51/388
f 1385/22/1 1379/43/1 1384/23/1
f 1379/43/1 1352/52/1 1384/23/1
f 1384/41/1271 1382/53/1271 1356/54/1271
f 1384/41/1272 1378/40/1272 1382/53/1272
f 1378/40/1273 1351/36/1273 1382/53/1273
f 1382/38/1274 1377/37/1274 1383/55/1274
f 1377/37/1275 1355/46/1275 1383/55/1275
f 1368/35/1276 1381/47/1276 1355/46/1276
f 1368/35/1277 1375/28/1277 1381/47/1277
f 1375/28/1278 1354/44/1278 1381/47/1278
f 1376/34/672 1380/45/672 1354/44/672
f 1376/34/1 1373/6/1 1380/45/1
f 1373/6/1 1353/42/1 1380/45/1
f 1374/33/1 1379/43/1 1353/42/1
f 1374/33/1 1371/21/1 1379/43/1
f 1371/21/1 1352/52/1 1379/43/1
f 1372/32/1 1378/40/1 1352/39/1
f 1372/32/672 1369/18/672 1378/40/672
f 1369/18/1279 1351/36/1279 1378/40/1279
f 1370/31/1280 1377/37/1280 1351/36/1280
f 1370/31/1281 1367/30/1281 1377/37/1281
f 1367/30/1282 1355/46/1282 1377/37/1282
f 1375/28/1283 1376/34/1283 1354/44/1283
f 1375/28/1284 1366/27/1284 1376/34/1284
f 1366/27/1 1349/7/1 1376/34/1
f 1373/6/1 1374/33/1 1353/42/1
f 1360/56/1285 1367/30/1285 1346/29/1285 1358/57/1285
f 1371/21/1 1372/58/1 1352/52/1
f 1371/21/1 1363/20/1 1372/58/1
f 1363/20/1 1347/59/1 1372/58/1
f 1369/18/1286 1370/31/1286 1351/36/1286
f 1369/18/1287 1359/17/1287 1370/31/1287
f 1359/17/1288 1346/29/1288 1370/31/1288
f 1367/30/1289 1368/35/1289 1355/46/1289
f 1367/30/1290 1360/56/1290 1368/35/1290
f 1365/5/1 1348/19/1 1374/33/1 1373/6/1
f 1361/15/1291 1366/27/1291 1350/26/1291
f 1361/15/1 1364/14/1 1366/27/1
f 1364/14/1 1349/7/1 1366/27/1
f 1364/4/1 1362/12/1 1365/5/1
f 1362/12/1 1348/19/1 1365/5/1
f 1362/10/1 1363/20/1 1348/19/1
f 1362/10/1 1357/9/1 1363/20/1
f 1357/9/1 1347/59/1 1363/20/1
f 1360/56/1292 1358/57/1292 1361/60/1292
f 1358/57/1 1345/61/1 1361/60/1
f 1357/3/1 1359/17/1 1347/16/1
f 1357/3/1 1358/2/1 1359/17/1
f 1358/2/1293 1346/29/1293 1359/17/1293
f 1360/56/1294 1361/60/1294 1350/26/1294 1368/35/1294
f 1387/1/1 1400/2/1 1399/3/1
f 1406/4/1 1407/5/1 1415/6/1 1391/7/1
f 1387/8/1 1399/9/1 1404/10/1
f 1387/11/1 1404/12/1 1406/4/1
f 1387/13/1 1406/14/1 1403/15/1
f 1389/16/672 1401/17/672 1411/18/672
f 1390/19/1 1405/20/1 1413/21/1
f 1427/22/1295 1426/23/1295 1398/24/1295 1428/25/1295
f 1392/26/1296 1408/27/1296 1417/28/1296
f 1388/29/1297 1409/30/1297 1412/31/1297
f 1389/16/1 1411/18/1 1414/32/1
f 1390/19/1 1413/21/1 1416/33/1
f 1391/7/1 1415/6/1 1418/34/1
f 1392/26/1298 1417/28/1298 1410/35/1298
f 1393/36/1299 1419/37/1299 1424/38/1299
f 1394/39/1 1420/40/1 1426/41/1
f 1395/42/1 1421/43/1 1427/22/1
f 1396/44/1300 1422/45/1300 1428/25/1300
f 1397/46/1301 1423/47/1301 1425/48/1301
f 1425/48/1302 1423/47/1302 1428/49/1302
f 1423/47/1303 1396/44/1303 1428/49/1303
f 1424/38/1304 1425/48/1304 1428/49/1304 1398/50/1304
f 1428/25/1305 1422/45/1305 1427/51/1305
f 1422/45/13 1395/42/13 1427/51/13
f 1427/22/1 1421/43/1 1426/23/1
f 1421/43/1 1394/52/1 1426/23/1
f 1426/41/1306 1424/53/1306 1398/54/1306
f 1426/41/1307 1420/40/1307 1424/53/1307
f 1420/40/1308 1393/36/1308 1424/53/1308
f 1424/38/1309 1419/37/1309 1425/55/1309
f 1419/37/1310 1397/46/1310 1425/55/1310
f 1410/35/1311 1423/47/1311 1397/46/1311
f 1410/35/1312 1417/28/1312 1423/47/1312
f 1417/28/1313 1396/44/1313 1423/47/1313
f 1418/34/1 1422/45/1 1396/44/1
f 1418/34/1 1415/6/1 1422/45/1
f 1415/6/1 1395/42/1 1422/45/1
f 1416/33/1 1421/43/1 1395/42/1
f 1416/33/1 1413/21/1 1421/43/1
f 1413/21/1 1394/52/1 1421/43/1
f 1414/32/1 1420/40/1 1394/39/1
f 1414/32/672 1411/18/672 1420/40/672
f 1411/18/1314 1393/36/1314 1420/40/1314
f 1412/31/1315 1419/37/1315 1393/36/1315
f 1412/31/1316 1409/30/1316 1419/37/1316
f 1409/30/1317 1397/46/1317 1419/37/1317
f 1417/28/1318 1418/34/1318 1396/44/1318
f 1417/28/1319 1408/27/1319 1418/34/1319
f 1408/27/1 1391/7/1 1418/34/1
f 1415/6/1 1416/33/1 1395/42/1
f 1402/56/1320 1409/30/1320 1388/29/1320 1400/57/1320
f 1413/21/1 1414/58/1 1394/52/1
f 1413/21/1 1405/20/1 1414/58/1
f 1405/20/1 1389/59/1 1414/58/1
f 1411/18/1321 1412/31/1321 1393/36/1321
f 1411/18/1322 1401/17/1322 1412/31/1322
f 1401/17/1323 1388/29/1323 1412/31/1323
f 1409/30/1324 1410/35/1324 1397/46/1324
f 1409/30/1325 1402/56/1325 1410/35/1325
f 1407/5/1 1390/19/1 1416/33/1 1415/6/1
f 1403/15/1326 1408/27/1326 1392/26/1326
f 1403/15/1 1406/14/1 1408/27/1
f 1406/14/1 1391/7/1 1408/27/1
f 1406/4/1 1404/12/1 1407/5/1
f 1404/12/1 1390/19/1 1407/5/1
f 1404/10/1 1405/20/1 1390/19/1
f 1404/10/1 1399/9/1 1405/20/1
f 1399/9/1 1389/59/1 1405/20/1
f 1402/56/1327 1400/57/1327 1403/60/1327
f 1400/57/1 1387/61/1 1403/60/1
f 1399/3/1 1401/17/1 1389/16/1
f 1399/3/1 1400/2/1 1401/17/1
f 1400/2/1328 1388/29/1328 1401/17/1328
f 1402/56/1329 1403/60/1329 1392/26/1329 1410/35/1329
f 1429/1/1 1442/2/1 1441/3/1
f 1448/4/1 1449/5/1 1457/6/1 1433/7/1
f 1429/8/1 1441/9/1 1446/10/1
f 1429/11/1 1446/12/1 1448/4/1
f 1429/13/1 1448/14/1 1445/15/1
f 1431/16/1 1443/17/1 1453/18/1
f 1432/19/1 1447/20/1 1455/21/1
f 1469/22/1295 1468/23/1295 1440/24/1295 1470/25/1295
f 1434/26/1330 1450/27/1330 1459/28/1330
f 1430/29/1297 1451/30/1297 1454/31/1297
f 1431/16/1 1453/18/1 1456/32/1
f 1432/19/1 1455/21/1 1458/33/1
f 1433/7/1 1457/6/1 1460/34/1
f 1434/26/1298 1459/28/1298 1452/35/1298
f 1435/36/1299 1461/37/1299 1466/38/1299
f 1436/39/1 1462/40/1 1468/41/1
f 1437/42/1 1463/43/1 1469/22/1
f 1438/44/1300 1464/45/1300 1470/25/1300
f 1439/46/1301 1465/47/1301 1467/48/1301
f 1467/48/1331 1465/47/1331 1470/49/1331
f 1465/47/1332 1438/44/1332 1470/49/1332
f 1466/38/1333 1467/48/1333 1470/49/1333 1440/50/1333
f 1470/25/1305 1464/45/1305 1469/51/1305
f 1464/45/13 1437/42/13 1469/51/13
f 1469/22/1 1463/43/1 1468/23/1
f 1463/43/1 1436/52/1 1468/23/1
f 1468/41/1306 1466/53/1306 1440/54/1306
f 1468/41/1307 1462/40/1307 1466/53/1307
f 1462/40/1308 1435/36/1308 1466/53/1308
f 1466/38/1309 1461/37/1309 1467/55/1309
f 1461/37/1310 1439/46/1310 1467/55/1310
f 1452/35/1311 1465/47/1311 1439/46/1311
f 1452/35/1312 1459/28/1312 1465/47/1312
f 1459/28/1313 1438/44/1313 1465/47/1313
f 1460/34/1 1464/45/1 1438/44/1
f 1460/34/1 1457/6/1 1464/45/1
f 1457/6/1 1437/42/1 1464/45/1
f 1458/33/1 1463/43/1 1437/42/1
f 1458/33/1 1455/21/1 1463/43/1
f 1455/21/1 1436/52/1 1463/43/1
f 1456/32/1 1462/40/1 1436/39/1
f 1456/32/1 1453/18/1 1462/40/1
f 1453/18/1314 1435/36/1314 1462/40/1314
f 1454/31/1334 1461/37/1334 1435/36/1334
f 1454/31/1316 1451/30/1316 1461/37/1316
f 1451/30/1317 1439/46/1317 1461/37/1317
f 1459/28/1318 1460/34/1318 1438/44/1318
f 1459/28/1319 1450/27/1319 1460/34/1319
f 1450/27/1 1433/7/1 1460/34/1
f 1457/6/1 1458/33/1 1437/42/1
f 1444/56/1320 1451/30/1320 1430/29/1320 1442/57/1320
f 1455/21/1 1456/58/1 1436/52/1
f 1455/21/1 1447/20/1 1456/58/1
f 1447/20/1 1431/59/1 1456/58/1
f 1453/18/1335 1454/31/1335 1435/36/1335
f 1453/18/1336 1443/17/1336 1454/31/1336
f 1443/17/1323 1430/29/1323 1454/31/1323
f 1451/30/1324 1452/35/1324 1439/46/1324
f 1451/30/1325 1444/56/1325 1452/35/1325
f 1449/5/1 1432/19/1 1458/33/1 1457/6/1
f 1445/15/1337 1450/27/1337 1434/26/1337
f 1445/15/1 1448/14/1 1450/27/1
f 1448/14/1 1433/7/1 1450/27/1
f 1448/4/1 1446/12/1 1449/5/1
f 1446/12/1 1432/19/1 1449/5/1
f 1446/10/1 1447/20/1 1432/19/1
f 1446/10/1 1441/9/1 1447/20/1
f 1441/9/1 1431/59/1 1447/20/1
f 1444/56/1327 1442/57/1327 1445/60/1327
f 1442/57/1 1429/61/1 1445/60/1
f 1441/3/1 1443/17/1 1431/16/1
f 1441/3/1 1442/2/1 1443/17/1
f 1442/2/1328 1430/29/1328 1443/17/1328
f 1444/56/1329 1445/60/1329 1434/26/1329 1452/35/1329
f 1471/1/1 1484/2/1 1483/3/1
f 1490/4/1 1491/5/1 1499/6/1 1475/7/1
f 1471/8/1 1483/9/1 1488/10/1
f 1471/11/1 1488/12/1 1490/4/1
f 1471/13/1 1490/14/1 1487/15/1
f 1473/16/1 1485/17/1 1495/18/1
f 1474/19/1 1489/20/1 1497/21/1
f 1511/22/1295 1510/23/1295 1482/24/1295 1512/25/1295
f 1476/26/1338 1492/27/1338 1501/28/1338
f 1472/29/1297 1493/30/1297 1496/31/1297
f 1473/16/1 1495/18/1 1498/32/1
f 1474/19/1 1497/21/1 1500/33/1
f 1475/7/1 1499/6/1 1502/34/1
f 1476/26/1339 1501/28/1339 1494/35/1339
f 1477/36/1299 1503/37/1299 1508/38/1299
f 1478/39/1 1504/40/1 1510/41/1
f 1479/42/1 1505/43/1 1511/22/1
f 1480/44/1300 1506/45/1300 1512/25/1300
f 1481/46/1301 1507/47/1301 1509/48/1301
f 1509/48/1340 1507/47/1340 1512/49/1340
f 1507/47/1341 1480/44/1341 1512/49/1341
f 1508/38/1333 1509/48/1333 1512/49/1333 1482/50/1333
f 1512/25/1342 1506/45/1342 1511/51/1342
f 1506/45/13 1479/42/13 1511/51/13
f 1511/22/1 1505/43/1 1510/23/1
f 1505/43/1 1478/52/1 1510/23/1
f 1510/41/1306 1508/53/1306 1482/54/1306
f 1510/41/1307 1504/40/1307 1508/53/1307
f 1504/40/1343 1477/36/1343 1508/53/1343
f 1508/38/1309 1503/37/1309 1509/55/1309
f 1503/37/1310 1481/46/1310 1509/55/1310
f 1494/35/1311 1507/47/1311 1481/46/1311
f 1494/35/1312 1501/28/1312 1507/47/1312
f 1501/28/1313 1480/44/1313 1507/47/1313
f 1502/34/1 1506/45/1 1480/44/1
f 1502/34/1 1499/6/1 1506/45/1
f 1499/6/1 1479/42/1 1506/45/1
f 1500/33/1 1505/43/1 1479/42/1
f 1500/33/1 1497/21/1 1505/43/1
f 1497/21/1 1478/52/1 1505/43/1
f 1498/32/1 1504/40/1 1478/39/1
f 1498/32/1 1495/18/1 1504/40/1
f 1495/18/1314 1477/36/1314 1504/40/1314
f 1496/31/1334 1503/37/1334 1477/36/1334
f 1496/31/1316 1493/30/1316 1503/37/1316
f 1493/30/1317 1481/46/1317 1503/37/1317
f 1501/28/1318 1502/34/1318 1480/44/1318
f 1501/28/1319 1492/27/1319 1502/34/1319
f 1492/27/1 1475/7/1 1502/34/1
f 1499/6/1 1500/33/1 1479/42/1
f 1486/56/1320 1493/30/1320 1472/29/1320 1484/57/1320
f 1497/21/1 1498/58/1 1478/52/1
f 1497/21/1 1489/20/1 1498/58/1
f 1489/20/1 1473/59/1 1498/58/1
f 1495/18/1344 1496/31/1344 1477/36/1344
f 1495/18/1336 1485/17/1336 1496/31/1336
f 1485/17/1323 1472/29/1323 1496/31/1323
f 1493/30/1324 1494/35/1324 1481/46/1324
f 1493/30/1325 1486/56/1325 1494/35/1325
f 1491/5/1 1474/19/1 1500/33/1 1499/6/1
f 1487/15/1326 1492/27/1326 1476/26/1326
f 1487/15/1 1490/14/1 1492/27/1
f 1490/14/1 1475/7/1 1492/27/1
f 1490/4/1 1488/12/1 1491/5/1
f 1488/12/1 1474/19/1 1491/5/1
f 1488/10/1 1489/20/1 1474/19/1
f 1488/10/1 1483/9/1 1489/20/1
f 1483/9/1 1473/59/1 1489/20/1
f 1486/56/1327 1484/57/1327 1487/60/1327
f 1484/57/1 1471/61/1 1487/60/1
f 1483/3/1 1485/17/1 1473/16/1
f 1483/3/1 1484/2/1 1485/17/1
f 1484/2/1328 1472/29/1328 1485/17/1328
f 1486/56/1329 1487/60/1329 1476/26/1329 1494/35/1329
f 1513/1/1 1526/2/1 1525/3/1
f 1532/4/1 1533/5/1 1541/6/1 1517/7/1
f 1513/8/1 1525/9/1 1530/10/1
f 1513/11/1 1530/12/1 1532/4/1
f 1513/13/1 1532/14/1 1529/15/1
f 1515/16/672 1527/17/672 1537/18/672
f 1516/19/1 1531/20/1 1539/21/1
f 1553/22/1295 1552/23/1295 1524/24/1295 1554/25/1295
f 1518/26/1296 1534/27/1296 1543/28/1296
f 1514/29/1297 1535/30/1297 1538/31/1297
f 1515/16/1 1537/18/1 1540/32/1
f 1516/19/1 1539/21/1 1542/33/1
f 1517/7/1 1541/6/1 1544/34/1
f 1518/26/1345 1543/28/1345 1536/35/1345
f 1519/36/1299 1545/37/1299 1550/38/1299
f 1520/39/1 1546/40/1 1552/41/1
f 1521/42/1 1547/43/1 1553/22/1
f 1522/44/1300 1548/45/1300 1554/25/1300
f 1523/46/1301 1549/47/1301 1551/48/1301
f 1551/48/1346 1549/47/1346 1554/49/1346
f 1549/47/1332 1522/44/1332 1554/49/1332
f 1550/38/1304 1551/48/1304 1554/49/1304 1524/50/1304
f 1554/25/1305 1548/45/1305 1553/51/1305
f 1548/45/13 1521/42/13 1553/51/13
f 1553/22/672 1547/43/672 1552/23/672
f 1547/43/1 1520/52/1 1552/23/1
f 1552/41/1306 1550/53/1306 1524/54/1306
f 1552/41/1347 1546/40/1347 1550/53/1347
f 1546/40/1308 1519/36/1308 1550/53/1308
f 1550/38/1309 1545/37/1309 1551/55/1309
f 1545/37/1310 1523/46/1310 1551/55/1310
f 1536/35/1311 1549/47/1311 1523/46/1311
f 1536/35/1312 1543/28/1312 1549/47/1312
f 1543/28/1313 1522/44/1313 1549/47/1313
f 1544/34/672 1548/45/672 1522/44/672
f 1544/34/1 1541/6/1 1548/45/1
f 1541/6/1 1521/42/1 1548/45/1
f 1542/33/1 1547/43/1 1521/42/1
f 1542/33/1 1539/21/1 1547/43/1
f 1539/21/1 1520/52/1 1547/43/1
f 1540/32/1 1546/40/1 1520/39/1
f 1540/32/1 1537/18/1 1546/40/1
f 1537/18/1314 1519/36/1314 1546/40/1314
f 1538/31/1315 1545/37/1315 1519/36/1315
f 1538/31/1316 1535/30/1316 1545/37/1316
f 1535/30/1317 1523/46/1317 1545/37/1317
f 1543/28/1318 1544/34/1318 1522/44/1318
f 1543/28/1319 1534/27/1319 1544/34/1319
f 1534/27/1 1517/7/1 1544/34/1
f 1541/6/1 1542/33/1 1521/42/1
f 1528/56/1320 1535/30/1320 1514/29/1320 1526/57/1320
f 1539/21/1 1540/58/1 1520/52/1
f 1539/21/1 1531/20/1 1540/58/1
f 1531/20/1 1515/59/1 1540/58/1
f 1537/18/1348 1538/31/1348 1519/36/1348
f 1537/18/1336 1527/17/1336 1538/31/1336
f 1527/17/1323 1514/29/1323 1538/31/1323
f 1535/30/1324 1536/35/1324 1523/46/1324
f 1535/30/1325 1528/56/1325 1536/35/1325
f 1533/5/1 1516/19/1 1542/33/1 1541/6/1
f 1529/15/1326 1534/27/1326 1518/26/1326
f 1529/15/1 1532/14/1 1534/27/1
f 1532/14/1 1517/7/1 1534/27/1
f 1532/4/1 1530/12/1 1533/5/1
f 1530/12/1 1516/19/1 1533/5/1
f 1530/10/1 1531/20/1 1516/19/1
f 1530/10/1 1525/9/1 1531/20/1
f 1525/9/1 1515/59/1 1531/20/1
f 1528/56/1327 1526/57/1327 1529/60/1327
f 1526/57/1 1513/61/1 1529/60/1
f 1525/3/1 1527/17/1 1515/16/1
f 1525/3/1 1526/2/1 1527/17/1
f 1526/2/1328 1514/29/1328 1527/17/1328
f 1528/56/1329 1529/60/1329 1518/26/1329 1536/35/1329
f 1555/1/1 1568/2/1 1567/3/1
f 1574/4/1 1575/5/1 1583/6/1 1559/7/1
f 1555/8/1 1567/9/1 1572/10/1
f 1555/11/1 1572/12/1 1574/4/1
f 1555/13/1 1574/14/1 1571/15/1
f 1557/16/1 1569/17/1 1579/18/1
f 1558/19/1 1573/20/1 1581/21/1
f 1595/22/1295 1594/23/1295 1566/24/1295 1596/25/1295
f 1560/26/1338 1576/27/1338 1585/28/1338
f 1556/29/1297 1577/30/1297 1580/31/1297
f 1557/16/1 1579/18/1 1582/32/1
f 1558/19/1 1581/21/1 1584/33/1
f 1559/7/1 1583/6/1 1586/34/1
f 1560/26/1339 1585/28/1339 1578/35/1339
f 1561/36/1299 1587/37/1299 1592/38/1299
f 1562/39/1 1588/40/1 1594/41/1
f 1563/42/1 1589/43/1 1595/22/1
f 1564/44/1300 1590/45/1300 1596/25/1300
f 1565/46/1301 1591/47/1301 1593/48/1301
f 1593/48/1302 1591/47/1302 1596/49/1302
f 1591/47/1303 1564/44/1303 1596/49/1303
f 1592/38/1333 1593/48/1333 1596/49/1333 1566/50/1333
f 1596/25/1305 1590/45/1305 1595/51/1305
f 1590/45/13 1563/42/13 1595/51/13
f 1595/22/1 1589/43/1 1594/23/1
f 1589/43/1 1562/52/1 1594/23/1
f 1594/41/1349 1592/53/1349 1566/54/1349
f 1594/41/1307 1588/40/1307 1592/53/1307
f 1588/40/1343 1561/36/1343 1592/53/1343
f 1592/38/1309 1587/37/1309 1593/55/1309
f 1587/37/1310 1565/46/1310 1593/55/1310
f 1578/35/1311 1591/47/1311 1565/46/1311
f 1578/35/1312 1585/28/1312 1591/47/1312
f 1585/28/1313 1564/44/1313 1591/47/1313
f 1586/34/1 1590/45/1 1564/44/1
f 1586/34/1 1583/6/1 1590/45/1
f 1583/6/1 1563/42/1 1590/45/1
f 1584/33/1 1589/43/1 1563/42/1
f 1584/33/1 1581/21/1 1589/43/1
f 1581/21/1 1562/52/1 1589/43/1
f 1582/32/1 1588/40/1 1562/39/1
f 1582/32/1 1579/18/1 1588/40/1
f 1579/18/1314 1561/36/1314 1588/40/1314
f 1580/31/1334 1587/37/1334 1561/36/1334
f 1580/31/1316 1577/30/1316 1587/37/1316
f 1577/30/1317 1565/46/1317 1587/37/1317
f 1585/28/1318 1586/34/1318 1564/44/1318
f 1585/28/1319 1576/27/1319 1586/34/1319
f 1576/27/1 1559/7/1 1586/34/1
f 1583/6/1 1584/33/1 1563/42/1
f 1570/56/1320 1577/30/1320 1556/29/1320 1568/57/1320
f 1581/21/1 1582/58/1 1562/52/1
f 1581/21/1 1573/20/1 1582/58/1
f 1573/20/1 1557/59/1 1582/58/1
f 1579/18/1350 1580/31/1350 1561/36/1350
f 1579/18/1336 1569/17/1336 1580/31/1336
f 1569/17/1323 1556/29/1323 1580/31/1323
f 1577/30/1324 1578/35/1324 1565/46/1324
f 1577/30/1325 1570/56/1325 1578/35/1325
f 1575/5/1 1558/19/1 1584/33/1 1583/6/1
f 1571/15/1326 1576/27/1326 1560/26/1326
f 1571/15/1 1574/14/1 1576/27/1
f 1574/14/1 1559/7/1 1576/27/1
f 1574/4/1 1572/12/1 1575/5/1
f 1572/12/1 1558/19/1 1575/5/1
f 1572/10/1 1573/20/1 1558/19/1
f 1572/10/1 1567/9/1 1573/20/1
f 1567/9/1 1557/59/1 1573/20/1
f 1570/56/1327 1568/57/1327 1571/60/1327
f 1568/57/1 1555/61/1 1571/60/1
f 1567/3/1 1569/17/1 1557/16/1
f 1567/3/1 1568/2/1 1569/17/1
f 1568/2/1328 1556/29/1328 1569/17/1328
f 1570/56/1329 1571/60/1329 1560/26/1329 1578/35/1329
f 1597/1/1 1610/2/1 1609/3/1
f 1616/4/1 1617/5/1 1625/6/1 1601/7/1
f 1597/8/1 1609/9/1 1614/10/1
f 1597/11/1 1614/12/1 1616/4/1
f 1597/13/1 1616/14/1 1613/15/1
f 1599/16/1 1611/17/1 1621/18/1
f 1600/19/1 1615/20/1 1623/21/1
f 1637/22/1351 1636/23/1351 1608/24/1351 1638/25/1351
f 1602/26/1352 1618/27/1352 1627/28/1352
f 1598/29/1353 1619/30/1353 1622/31/1353
f 1599/16/1 1621/18/1 1624/32/1
f 1600/19/1 1623/21/1 1626/33/1
f 1601/7/1 1625/6/1 1628/34/1
f 1602/26/1354 1627/28/1354 1620/35/1354
f 1603/36/1355 1629/37/1355 1634/38/1355
f 1604/39/1 1630/40/1 1636/41/1
f 1605/42/1 1631/43/1 1637/22/1
f 1606/44/1356 1632/45/1356 1638/25/1356
f 1607/46/1357 1633/47/1357 1635/48/1357
f 1635/48/1358 1633/47/1358 1638/49/1358
f 1633/47/1359 1606/44/1359 1638/49/1359
f 1634/38/1360 1635/48/1360 1638/49/1360 1608/50/1360
f 1638/25/1361 1632/45/1361 1637/51/1361
f 1632/45/13 1605/42/13 1637/51/13
f 1637/22/1 1631/43/1 1636/23/1
f 1631/43/1 1604/52/1 1636/23/1
f 1636/41/1362 1634/53/1362 1608/54/1362
f 1636/41/1363 1630/40/1363 1634/53/1363
f 1630/40/1364 1603/36/1364 1634/53/1364
f 1634/38/1365 1629/37/1365 1635/55/1365
f 1629/37/1366 1607/46/1366 1635/55/1366
f 1620/35/1367 1633/47/1367 1607/46/1367
f 1620/35/1368 1627/28/1368 1633/47/1368
f 1627/28/1369 1606/44/1369 1633/47/1369
f 1628/34/1 1632/45/1 1606/44/1
f 1628/34/1 1625/6/1 1632/45/1
f 1625/6/1 1605/42/1 1632/45/1
f 1626/33/1 1631/43/1 1605/42/1
f 1626/33/1 1623/21/1 1631/43/1
f 1623/21/1 1604/52/1 1631/43/1
f 1624/32/1 1630/40/1 1604/39/1
f 1624/32/1 1621/18/1 1630/40/1
f 1621/18/1370 1603/36/1370 1630/40/1370
f 1622/31/1371 1629/37/1371 1603/36/1371
f 1622/31/1372 1619/30/1372 1629/37/1372
f 1619/30/1373 1607/46/1373 1629/37/1373
f 1627/28/1374 1628/34/1374 1606/44/1374
f 1627/28/1375 1618/27/1375 1628/34/1375
f 1618/27/1 1601/7/1 1628/34/1
f 1625/6/1 1626/33/1 1605/42/1
f 1612/56/1376 1619/30/1376 1598/29/1376 1610/57/1376
f 1623/21/1 1624/58/1 1604/52/1
f 1623/21/1 1615/20/1 1624/58/1
f 1615/20/1 1599/59/1 1624/58/1
f 1621/18/1377 1622/31/1377 1603/36/1377
f 1621/18/1378 1611/17/1378 1622/31/1378
f 1611/17/1379 1598/29/1379 1622/31/1379
f 1619/30/1380 1620/35/1380 1607/46/1380
f 1619/30/1381 1612/56/1381 1620/35/1381
f 1617/5/1 1600/19/1 1626/33/1 1625/6/1
f 1613/15/1382 1618/27/1382 1602/26/1382
f 1613/15/1 1616/14/1 1618/27/1
f 1616/14/1 1601/7/1 1618/27/1
f 1616/4/1 1614/12/1 1617/5/1
f 1614/12/1 1600/19/1 1617/5/1
f 1614/10/1 1615/20/1 1600/19/1
f 1614/10/1 1609/9/1 1615/20/1
f 1609/9/1 1599/59/1 1615/20/1
f 1612/56/1383 1610/57/1383 1613/60/1383
f 1610/57/1 1597/61/1 1613/60/1
f 1609/3/1 1611/17/1 1599/16/1
f 1609/3/1 1610/2/1 1611/17/1
f 1610/2/1384 1598/29/1384 1611/17/1384
f 1612/56/1385 1613/60/1385 1602/26/1385 1620/35/1385
f 1639/1/1 1652/2/1 1651/3/1
f 1658/4/1 1659/5/1 1667/6/1 1643/7/1
f 1639/8/1 1651/9/1 1656/10/1
f 1639/11/1 1656/12/1 1658/4/1
f 1639/13/1 1658/14/1 1655/15/1
f 1641/16/1 1653/17/1 1663/18/1
f 1642/19/1 1657/20/1 1665/21/1
f 1679/22/1351 1678/23/1351 1650/24/1351 1680/25/1351
f 1644/26/1352 1660/27/1352 1669/28/1352
f 1640/29/1353 1661/30/1353 1664/31/1353
f 1641/16/1 1663/18/1 1666/32/1
f 1642/19/1 1665/21/1 1668/33/1
f 1643/7/1 1667/6/1 1670/34/1
f 1644/26/1386 1669/28/1386 1662/35/1386
f 1645/36/1355 1671/37/1355 1676/38/1355
f 1646/39/1 1672/40/1 1678/41/1
f 1647/42/1 1673/43/1 1679/22/1
f 1648/44/1356 1674/45/1356 1680/25/1356
f 1649/46/1357 1675/47/1357 1677/48/1357
f 1677/48/1358 1675/47/1358 1680/49/1358
f 1675/47/1359 1648/44/1359 1680/49/1359
f 1676/38/1387 1677/48/1387 1680/49/1387 1650/50/1387
f 1680/25/1361 1674/45/1361 1679/51/1361
f 1674/45/13 1647/42/13 1679/51/13
f 1679/22/1 1673/43/1 1678/23/1
f 1673/43/1 1646/52/1 1678/23/1
f 1678/41/1362 1676/53/1362 1650/54/1362
f 1678/41/1363 1672/40/1363 1676/53/1363
f 1672/40/1364 1645/36/1364 1676/53/1364
f 1676/38/1365 1671/37/1365 1677/55/1365
f 1671/37/1366 1649/46/1366 1677/55/1366
f 1662/35/1367 1675/47/1367 1649/46/1367
f 1662/35/1368 1669/28/1368 1675/47/1368
f 1669/28/1369 1648/44/1369 1675/47/1369
f 1670/34/1 1674/45/1 1648/44/1
f 1670/34/1 1667/6/1 1674/45/1
f 1667/6/1 1647/42/1 1674/45/1
f 1668/33/1 1673/43/1 1647/42/1
f 1668/33/1 1665/21/1 1673/43/1
f 1665/21/1 1646/52/1 1673/43/1
f 1666/32/1 1672/40/1 1646/39/1
f 1666/32/1 1663/18/1 1672/40/1
f 1663/18/1370 1645/36/1370 1672/40/1370
f 1664/31/1371 1671/37/1371 1645/36/1371
f 1664/31/1372 1661/30/1372 1671/37/1372
f 1661/30/1388 1649/46/1388 1671/37/1388
f 1669/28/1374 1670/34/1374 1648/44/1374
f 1669/28/1389 1660/27/1389 1670/34/1389
f 1660/27/1 1643/7/1 1670/34/1
f 1667/6/1 1668/33/1 1647/42/1
f 1654/56/1376 1661/30/1376 1640/29/1376 1652/57/1376
f 1665/21/1 1666/58/1 1646/52/1
f 1665/21/1 1657/20/1 1666/58/1
f 1657/20/1 1641/59/1 1666/58/1
f 1663/18/1390 1664/31/1390 1645/36/1390
f 1663/18/1378 1653/17/1378 1664/31/1378
f 1653/17/1379 1640/29/1379 1664/31/1379
f 1661/30/1380 1662/35/1380 1649/46/1380
f 1661/30/1381 1654/56/1381 1662/35/1381
f 1659/5/1 1642/19/1 1668/33/1 1667/6/1
f 1655/15/1382 1660/27/1382 1644/26/1382
f 1655/15/1 1658/14/1 1660/27/1
f 1658/14/1 1643/7/1 1660/27/1
f 1658/4/1 1656/12/1 1659/5/1
f 1656/12/1 1642/19/1 1659/5/1
f 1656/10/1 1657/20/1 1642/19/1
f 1656/10/1 1651/9/1 1657/20/1
f 1651/9/1 1641/59/1 1657/20/1
f 1654/56/1383 1652/57/1383 1655/60/1383
f 1652/57/1 1639/61/1 1655/60/1
f 1651/3/1 1653/17/1 1641/16/1
f 1651/3/1 1652/2/1 1653/17/1
f 1652/2/1384 1640/29/1384 1653/17/1384
f 1654/56/1385 1655/60/1385 1644/26/1385 1662/35/1385
f 1681/1/1 1694/2/1 1693/3/1
f 1700/4/1 1701/5/1 1709/6/1 1685/7/1
f 1681/8/1 1693/9/1 1698/10/1
f 1681/11/1 1698/12/1 1700/4/1
f 1681/13/1 1700/14/1 1697/15/1
f 1683/16/1 1695/17/1 1705/18/1
f 1684/19/1 1699/20/1 1707/21/1
f 1721/22/1351 1720/23/1351 1692/24/1351 1722/25/1351
f 1686/26/1352 1702/27/1352 1711/28/1352
f 1682/29/1353 1703/30/1353 1706/31/1353
f 1683/16/1 1705/18/1 1708/32/1
f 1684/19/1 1707/21/1 1710/33/1
f 1685/7/1 1709/6/1 1712/34/1
f 1686/26/1354 1711/28/1354 1704/35/1354
f 1687/36/1355 1713/37/1355 1718/38/1355
f 1688/39/1 1714/40/1 1720/41/1
f 1689/42/1 1715/43/1 1721/22/1
f 1690/44/1356 1716/45/1356 1722/25/1356
f 1691/46/1357 1717/47/1357 1719/48/1357
f 1719/48/1358 1717/47/1358 1722/49/1358
f 1717/47/1359 1690/44/1359 1722/49/1359
f 1718/38/1360 1719/48/1360 1722/49/1360 1692/50/1360
f 1722/25/1361 1716/45/1361 1721/51/1361
f 1716/45/13 1689/42/13 1721/51/13
f 1721/22/672 1715/43/672 1720/23/672
f 1715/43/1 1688/52/1 1720/23/1
f 1720/41/1362 1718/53/1362 1692/54/1362
f 1720/41/1391 1714/40/1391 1718/53/1391
f 1714/40/1392 1687/36/1392 1718/53/1392
f 1718/38/1365 1713/37/1365 1719/55/1365
f 1713/37/1366 1691/46/1366 1719/55/1366
f 1704/35/1367 1717/47/1367 1691/46/1367
f 1704/35/1368 1711/28/1368 1717/47/1368
f 1711/28/1369 1690/44/1369 1717/47/1369
f 1712/34/672 1716/45/672 1690/44/672
f 1712/34/1 1709/6/1 1716/45/1
f 1709/6/1 1689/42/1 1716/45/1
f 1710/33/1 1715/43/1 1689/42/1
f 1710/33/1 1707/21/1 1715/43/1
f 1707/21/1 1688/52/1 1715/43/1
f 1708/32/1 1714/40/1 1688/39/1
f 1708/32/1 1705/18/1 1714/40/1
f 1705/18/1370 1687/36/1370 1714/40/1370
f 1706/31/1371 1713/37/1371 1687/36/1371
f 1706/31/1372 1703/30/1372 1713/37/1372
f 1703/30/1373 1691/46/1373 1713/37/1373
f 1711/28/1393 1712/34/1393 1690/44/1393
f 1711/28/1375 1702/27/1375 1712/34/1375
f 1702/27/1 1685/7/1 1712/34/1
f 1709/6/1 1710/33/1 1689/42/1
f 1696/56/1376 1703/30/1376 1682/29/1376 1694/57/1376
f 1707/21/1 1708/58/1 1688/52/1
f 1707/21/1 1699/20/1 1708/58/1
f 1699/20/1 1683/59/1 1708/58/1
f 1705/18/1394 1706/31/1394 1687/36/1394
f 1705/18/1378 1695/17/1378 1706/31/1378
f 1695/17/1379 1682/29/1379 1706/31/1379
f 1703/30/1380 1704/35/1380 1691/46/1380
f 1703/30/1381 1696/56/1381 1704/35/1381
f 1701/5/1 1684/19/1 1710/33/1 1709/6/1
f 1697/15/1382 1702/27/1382 1686/26/1382
f 1697/15/1 1700/14/1 1702/27/1
f 1700/14/1 1685/7/1 1702/27/1
f 1700/4/1 1698/12/1 1701/5/1
f 1698/12/1 1684/19/1 1701/5/1
f 1698/10/1 1699/20/1 1684/19/1
f 1698/10/1 1693/9/1 1699/20/1
f 1693/9/1 1683/59/1 1699/20/1
f 1696/56/1383 1694/57/1383 1697/60/1383
f 1694/57/1 1681/61/1 1697/60/1
f 1693/3/1 1695/17/1 1683/16/1
f 1693/3/1 1694/2/1 1695/17/1
f 1694/2/1384 1682/29/1384 1695/17/1384
f 1696/56/1385 1697/60/1385 1686/26/1385 1704/35/1385
f 1723/1/1 1736/2/1 1735/3/1
f 1742/4/1 1743/5/1 1751/6/1 1727/7/1
f 1723/8/1 1735/9/1 1740/10/1
f 1723/11/1 1740/12/1 1742/4/1
f 1723/13/1 1742/14/1 1739/15/1
f 1725/16/1 1737/17/1 1747/18/1
f 1726/19/1 1741/20/1 1749/21/1
f 1763/22/1351 1762/23/1351 1734/24/1351 1764/25/1351
f 1728/26/1352 1744/27/1352 1753/28/1352
f 1724/29/1353 1745/30/1353 1748/31/1353
f 1725/16/1 1747/18/1 1750/32/1
f 1726/19/1 1749/21/1 1752/33/1
f 1727/7/1 1751/6/1 1754/34/1
f 1728/26/1354 1753/28/1354 1746/35/1354
f 1729/36/1355 1755/37/1355 1760/38/1355
f 1730/39/1 1756/40/1 1762/41/1
f 1731/42/1 1757/43/1 1763/22/1
f 1732/44/1356 1758/45/1356 1764/25/1356
f 1733/46/1357 1759/47/1357 1761/48/1357
f 1761/48/1358 1759/47/1358 1764/49/1358
f 1759/47/1359 1732/44/1359 1764/49/1359
f 1760/38/1360 1761/48/1360 1764/49/1360 1734/50/1360
f 1764/25/1361 1758/45/1361 1763/51/1361
f 1758/45/388 1731/42/388 1763/51/388
f 1763/22/1 1757/43/1 1762/23/1
f 1757/43/1 1730/52/1 1762/23/1
f 1762/41/1362 1760/53/1362 1734/54/1362
f 1762/41/1363 1756/40/1363 1760/53/1363
f 1756/40/1364 1729/36/1364 1760/53/1364
f 1760/38/1365 1755/37/1365 1761/55/1365
f 1755/37/1366 1733/46/1366 1761/55/1366
f 1746/35/1367 1759/47/1367 1733/46/1367
f 1746/35/1368 1753/28/1368 1759/47/1368
f 1753/28/1369 1732/44/1369 1759/47/1369
f 1754/34/1 1758/45/1 1732/44/1
f 1754/34/1 1751/6/1 1758/45/1
f 1751/6/1 1731/42/1 1758/45/1
f 1752/33/1 1757/43/1 1731/42/1
f 1752/33/1 1749/21/1 1757/43/1
f 1749/21/1 1730/52/1 1757/43/1
f 1750/32/1 1756/40/1 1730/39/1
f 1750/32/1 1747/18/1 1756/40/1
f 1747/18/1370 1729/36/1370 1756/40/1370
f 1748/31/1371 1755/37/1371 1729/36/1371
f 1748/31/1372 1745/30/1372 1755/37/1372
f 1745/30/1373 1733/46/1373 1755/37/1373
f 1753/28/1374 1754/34/1374 1732/44/1374
f 1753/28/1375 1744/27/1375 1754/34/1375
f 1744/27/1 1727/7/1 1754/34/1
f 1751/6/1 1752/33/1 1731/42/1
f 1738/56/1376 1745/30/1376 1724/29/1376 1736/57/1376
f 1749/21/1 1750/58/1 1730/52/1
f 1749/21/1 1741/20/1 1750/58/1
f 1741/20/1 1725/59/1 1750/58/1
f 1747/18/1394 1748/31/1394 1729/36/1394
f 1747/18/1378 1737/17/1378 1748/31/1378
f 1737/17/1379 1724/29/1379 1748/31/1379
f 1745/30/1380 1746/35/1380 1733/46/1380
f 1745/30/1381 1738/56/1381 1746/35/1381
f 1743/5/1 1726/19/1 1752/33/1 1751/6/1
f 1739/15/1382 1744/27/1382 1728/26/1382
f 1739/15/1 1742/14/1 1744/27/1
f 1742/14/1 1727/7/1 1744/27/1
f 1742/4/1 1740/12/1 1743/5/1
f 1740/12/1 1726/19/1 1743/5/1
f 1740/10/1 1741/20/1 1726/19/1
f 1740/10/1 1735/9/1 1741/20/1
f 1735/9/1 1725/59/1 1741/20/1
f 1738/56/1383 1736/57/1383 1739/60/1383
f 1736/57/1 1723/61/1 1739/60/1
f 1735/3/1 1737/17/1 1725/16/1
f 1735/3/672 1736/2/672 1737/17/672
f 1736/2/1384 1724/29/1384 1737/17/1384
f 1738/56/1385 1739/60/1385 1728/26/1385 1746/35/1385
f 1765/1/1 1778/2/1 1777/3/1
f 1784/4/1 1785/5/1 1793/6/1 1769/7/1
f 1765/8/1 1777/9/1 1782/10/1
f 1765/11/1 1782/12/1 1784/4/1
f 1765/13/1 1784/14/1 1781/15/1
f 1767/16/1 1779/17/1 1789/18/1
f 1768/19/1 1783/20/1 1791/21/1
f 1805/22/1351 1804/23/1351 1776/24/1351 1806/25/1351
f 1770/26/1352 1786/27/1352 1795/28/1352
f 1766/29/1353 1787/30/1353 1790/31/1353
f 1767/16/1 1789/18/1 1792/32/1
f 1768/19/1 1791/21/1 1794/33/1
f 1769/7/1 1793/6/1 1796/34/1
f 1770/26/1354 1795/28/1354 1788/35/1354
f 1771/36/1355 1797/37/1355 1802/38/1355
f 1772/39/1 1798/40/1 1804/41/1
f 1773/42/1 1799/43/1 1805/22/1
f 1774/44/1356 1800/45/1356 1806/25/1356
f 1775/46/1357 1801/47/1357 1803/48/1357
f 1803/48/1395 1801/47/1395 1806/49/1395
f 1801/47/1396 1774/44/1396 1806/49/1396
f 1802/38/1360 1803/48/1360 1806/49/1360 1776/50/1360
f 1806/25/1361 1800/45/1361 1805/51/1361
f 1800/45/13 1773/42/13 1805/51/13
f 1805/22/1 1799/43/1 1804/23/1
f 1799/43/1 1772/52/1 1804/23/1
f 1804/41/1362 1802/53/1362 1776/54/1362
f 1804/41/1363 1798/40/1363 1802/53/1363
f 1798/40/1364 1771/36/1364 1802/53/1364
f 1802/38/1365 1797/37/1365 1803/55/1365
f 1797/37/1366 1775/46/1366 1803/55/1366
f 1788/35/1367 1801/47/1367 1775/46/1367
f 1788/35/1368 1795/28/1368 1801/47/1368
f 1795/28/1369 1774/44/1369 1801/47/1369
f 1796/34/672 1800/45/672 1774/44/672
f 1796/34/1 1793/6/1 1800/45/1
f 1793/6/1 1773/42/1 1800/45/1
f 1794/33/1 1799/43/1 1773/42/1
f 1794/33/1 1791/21/1 1799/43/1
f 1791/21/1 1772/52/1 1799/43/1
f 1792/32/1 1798/40/1 1772/39/1
f 1792/32/672 1789/18/672 1798/40/672
f 1789/18/1370 1771/36/1370 1798/40/1370
f 1790/31/1371 1797/37/1371 1771/36/1371
f 1790/31/1397 1787/30/1397 1797/37/1397
f 1787/30/1373 1775/46/1373 1797/37/1373
f 1795/28/1374 1796/34/1374 1774/44/1374
f 1795/28/1375 1786/27/1375 1796/34/1375
f 1786/27/1 1769/7/1 1796/34/1
f 1793/6/1 1794/33/1 1773/42/1
f 1780/56/1376 1787/30/1376 1766/29/1376 1778/57/1376
f 1791/21/1 1792/58/1 1772/52/1
f 1791/21/1 1783/20/1 1792/58/1
f 1783/20/1 1767/59/1 1792/58/1
f 1789/18/1398 1790/31/1398 1771/36/1398
f 1789/18/1378 1779/17/1378 1790/31/1378
f 1779/17/1379 1766/29/1379 1790/31/1379
f 1787/30/1380 1788/35/1380 1775/46/1380
f 1787/30/1381 1780/56/1381 1788/35/1381
f 1785/5/1 1768/19/1 1794/33/1 1793/6/1
f 1781/15/1382 1786/27/1382 1770/26/1382
f 1781/15/1 1784/14/1 1786/27/1
f 1784/14/1 1769/7/1 1786/27/1
f 1784/4/1 1782/12/1 1785/5/1
f 1782/12/1 1768/19/1 1785/5/1
f 1782/10/1 1783/20/1 1768/19/1
f 1782/10/1 1777/9/1 1783/20/1
f 1777/9/1 1767/59/1 1783/20/1
f 1780/56/1383 1778/57/1383 1781/60/1383
f 1778/57/672 1765/61/672 1781/60/672
f 1777/3/1 1779/17/1 1767/16/1
f 1777/3/1 1778/2/1 1779/17/1
f 1778/2/1384 1766/29/1384 1779/17/1384
f 1780/56/1385 1781/60/1385 1770/26/1385 1788/35/1385
f 1807/1/1 1820/2/1 1819/3/1
f 1826/4/1 1827/5/1 1835/6/1 1811/7/1
f 1807/8/1 1819/9/1 1824/10/1
f 1807/11/1 1824/12/1 1826/4/1
f 1807/13/1 1826/14/1 1823/15/1
f 1809/16/1 1821/17/1 1831/18/1
f 1810/19/1 1825/20/1 1833/21/1
f 1847/22/1351 1846/23/1351 1818/24/1351 1848/25/1351
f 1812/26/1352 1828/27/1352 1837/28/1352
f 1808/29/1353 1829/30/1353 1832/31/1353
f 1809/16/1 1831/18/1 1834/32/1
f 1810/19/1 1833/21/1 1836/33/1
f 1811/7/1 1835/6/1 1838/34/1
f 1812/26/1386 1837/28/1386 1830/35/1386
f 1813/36/1355 1839/37/1355 1844/38/1355
f 1814/39/1 1840/40/1 1846/41/1
f 1815/42/1 1841/43/1 1847/22/1
f 1816/44/1356 1842/45/1356 1848/25/1356
f 1817/46/1357 1843/47/1357 1845/48/1357
f 1845/48/1358 1843/47/1358 1848/49/1358
f 1843/47/1359 1816/44/1359 1848/49/1359
f 1844/38/1387 1845/48/1387 1848/49/1387 1818/50/1387
f 1848/25/1361 1842/45/1361 1847/51/1361
f 1842/45/13 1815/42/13 1847/51/13
f 1847/22/1 1841/43/1 1846/23/1
f 1841/43/1 1814/52/1 1846/23/1
f 1846/41/1362 1844/53/1362 1818/54/1362
f 1846/41/1363 1840/40/1363 1844/53/1363
f 1840/40/1364 1813/36/1364 1844/53/1364
f 1844/38/1365 1839/37/1365 1845/55/1365
f 1839/37/1366 1817/46/1366 1845/55/1366
f 1830/35/1367 1843/47/1367 1817/46/1367
f 1830/35/1368 1837/28/1368 1843/47/1368
f 1837/28/1369 1816/44/1369 1843/47/1369
f 1838/34/1 1842/45/1 1816/44/1
f 1838/34/1 1835/6/1 1842/45/1
f 1835/6/1 1815/42/1 1842/45/1
f 1836/33/1 1841/43/1 1815/42/1
f 1836/33/1 1833/21/1 1841/43/1
f 1833/21/1 1814/52/1 1841/43/1
f 1834/32/1 1840/40/1 1814/39/1
f 1834/32/1 1831/18/1 1840/40/1
f 1831/18/1370 1813/36/1370 1840/40/1370
f 1832/31/1399 1839/37/1399 1813/36/1399
f 1832/31/1372 1829/30/1372 1839/37/1372
f 1829/30/1388 1817/46/1388 1839/37/1388
f 1837/28/1374 1838/34/1374 1816/44/1374
f 1837/28/1375 1828/27/1375 1838/34/1375
f 1828/27/1 1811/7/1 1838/34/1
f 1835/6/1 1836/33/1 1815/42/1
f 1822/56/1376 1829/30/1376 1808/29/1376 1820/57/1376
f 1833/21/1 1834/58/1 1814/52/1
f 1833/21/1 1825/20/1 1834/58/1
f 1825/20/1 1809/59/1 1834/58/1
f 1831/18/1377 1832/31/1377 1813/36/1377
f 1831/18/1378 1821/17/1378 1832/31/1378
f 1821/17/1379 1808/29/1379 1832/31/1379
f 1829/30/1380 1830/35/1380 1817/46/1380
f 1829/30/1381 1822/56/1381 1830/35/1381
f 1827/5/1 1810/19/1 1836/33/1 1835/6/1
f 1823/15/1382 1828/27/1382 1812/26/1382
f 1823/15/1 1826/14/1 1828/27/1
f 1826/14/1 1811/7/1 1828/27/1
f 1826/4/1 1824/12/1 1827/5/1
f 1824/12/1 1810/19/1 1827/5/1
f 1824/10/1 1825/20/1 1810/19/1
f 1824/10/1 1819/9/1 1825/20/1
f 1819/9/1 1809/59/1 1825/20/1
f 1822/56/1383 1820/57/1383 1823/60/1383
f 1820/57/1 1807/61/1 1823/60/1
f 1819/3/1 1821/17/1 1809/16/1
f 1819/3/1 1820/2/1 1821/17/1
f 1820/2/1384 1808/29/1384 1821/17/1384
f 1822/56/1385 1823/60/1385 1812/26/1385 1830/35/1385
f 1849/1/1 1862/2/1 1861/3/1
f 1868/4/1 1869/5/1 1877/6/1 1853/7/1
f 1849/8/1 1861/9/1 1866/10/1
f 1849/11/1 1866/12/1 1868/4/1
f 1849/13/1 1868/14/1 1865/15/1
f 1851/16/1 1863/17/1 1873/18/1
f 1852/19/1 1867/20/1 1875/21/1
f 1889/22/1351 1888/23/1351 1860/24/1351 1890/25/1351
f 1854/26/1352 1870/27/1352 1879/28/1352
f 1850/29/1353 1871/30/1353 1874/31/1353
f 1851/16/672 1873/18/672 1876/32/672
f 1852/19/1 1875/21/1 1878/33/1
f 1853/7/1 1877/6/1 1880/34/1
f 1854/26/1386 1879/28/1386 1872/35/1386
f 1855/36/1355 1881/37/1355 1886/38/1355
f 1856/39/1 1882/40/1 1888/41/1
f 1857/42/1 1883/43/1 1889/22/1
f 1858/44/1400 1884/45/1400 1890/25/1400
f 1859/46/1357 1885/47/1357 1887/48/1357
f 1887/48/1395 1885/47/1395 1890/49/1395
f 1885/47/1401 1858/44/1401 1890/49/1401
f 1886/38/1387 1887/48/1387 1890/49/1387 1860/50/1387
f 1890/25/1361 1884/45/1361 1889/51/1361
f 1884/45/388 1857/42/388 1889/51/388
f 1889/22/1 1883/43/1 1888/23/1
f 1883/43/1 1856/52/1 1888/23/1
f 1888/41/1362 1886/53/1362 1860/54/1362
f 1888/41/1363 1882/40/1363 1886/53/1363
f 1882/40/1364 1855/36/1364 1886/53/1364
f 1886/38/1365 1881/37/1365 1887/55/1365
f 1881/37/1366 1859/46/1366 1887/55/1366
f 1872/35/1367 1885/47/1367 1859/46/1367
f 1872/35/1368 1879/28/1368 1885/47/1368
f 1879/28/1369 1858/44/1369 1885/47/1369
f 1880/34/1 1884/45/1 1858/44/1
f 1880/34/1 1877/6/1 1884/45/1
f 1877/6/1 1857/42/1 1884/45/1
f 1878/33/1 1883/43/1 1857/42/1
f 1878/33/1 1875/21/1 1883/43/1
f 1875/21/1 1856/52/1 1883/43/1
f 1876/32/1 1882/40/1 1856/39/1
f 1876/32/672 1873/18/672 1882/40/672
f 1873/18/1370 1855/36/1370 1882/40/1370
f 1874/31/1371 1881/37/1371 1855/36/1371
f 1874/31/1372 1871/30/1372 1881/37/1372
f 1871/30/1388 1859/46/1388 1881/37/1388
f 1879/28/1374 1880/34/1374 1858/44/1374
f 1879/28/1402 1870/27/1402 1880/34/1402
f 1870/27/1 1853/7/1 1880/34/1
f 1877/6/1 1878/33/1 1857/42/1
f 1864/56/1376 1871/30/1376 1850/29/1376 1862/57/1376
f 1875/21/1 1876/58/1 1856/52/1
f 1875/21/1 1867/20/1 1876/58/1
f 1867/20/1 1851/59/1 1876/58/1
f 1873/18/1403 1874/31/1403 1855/36/1403
f 1873/18/1378 1863/17/1378 1874/31/1378
f 1863/17/1379 1850/29/1379 1874/31/1379
f 1871/30/1380 1872/35/1380 1859/46/1380
f 1871/30/1404 1864/56/1404 1872/35/1404
f 1869/5/1 1852/19/1 1878/33/1 1877/6/1
f 1865/15/1382 1870/27/1382 1854/26/1382
f 1865/15/1 1868/14/1 1870/27/1
f 1868/14/1 1853/7/1 1870/27/1
f 1868/4/1 1866/12/1 1869/5/1
f 1866/12/1 1852/19/1 1869/5/1
f 1866/10/1 1867/20/1 1852/19/1
f 1866/10/1 1861/9/1 1867/20/1
f 1861/9/1 1851/59/1 1867/20/1
f 1864/56/1383 1862/57/1383 1865/60/1383
f 1862/57/672 1849/61/672 1865/60/672
f 1861/3/1 1863/17/1 1851/16/1
f 1861/3/1 1862/2/1 1863/17/1
f 1862/2/1384 1850/29/1384 1863/17/1384
f 1864/56/1385 1865/60/1385 1854/26/1385 1872/35/1385
f 1891/1/1 1904/2/1 1903/3/1
f 1910/4/1 1911/5/1 1919/6/1 1895/7/1
f 1891/8/1 1903/9/1 1908/10/1
f 1891/11/1 1908/12/1 1910/4/1
f 1891/13/1 1910/14/1 1907/15/1
f 1893/16/1 1905/17/1 1915/18/1
f 1894/19/1 1909/20/1 1917/21/1
f 1931/22/1351 1930/23/1351 1902/24/1351 1932/25/1351
f 1896/26/1352 1912/27/1352 1921/28/1352
f 1892/29/1353 1913/30/1353 1916/31/1353
f 1893/16/1 1915/18/1 1918/32/1
f 1894/19/1 1917/21/1 1920/33/1
f 1895/7/1 1919/6/1 1922/34/1
f 1896/26/1386 1921/28/1386 1914/35/1386
f 1897/36/1355 1923/37/1355 1928/38/1355
f 1898/39/1 1924/40/1 1930/41/1
f 1899/42/1 1925/43/1 1931/22/1
f 1900/44/1356 1926/45/1356 1932/25/1356
f 1901/46/1357 1927/47/1357 1929/48/1357
f 1929/48/1395 1927/47/1395 1932/49/1395
f 1927/47/1396 1900/44/1396 1932/49/1396
f 1928/38/1360 1929/48/1360 1932/49/1360 1902/50/1360
f 1932/25/1361 1926/45/1361 1931/51/1361
f 1926/45/13 1899/42/13 1931/51/13
f 1931/22/1 1925/43/1 1930/23/1
f 1925/43/1 1898/52/1 1930/23/1
f 1930/41/1362 1928/53/1362 1902/54/1362
f 1930/41/1363 1924/40/1363 1928/53/1363
f 1924/40/1364 1897/36/1364 1928/53/1364
f 1928/38/1365 1923/37/1365 1929/55/1365
f 1923/37/1366 1901/46/1366 1929/55/1366
f 1914/35/1367 1927/47/1367 1901/46/1367
f 1914/35/1368 1921/28/1368 1927/47/1368
f 1921/28/1369 1900/44/1369 1927/47/1369
f 1922/34/672 1926/45/672 1900/44/672
f 1922/34/1 1919/6/1 1926/45/1
f 1919/6/1 1899/42/1 1926/45/1
f 1920/33/1 1925/43/1 1899/42/1
f 1920/33/1 1917/21/1 1925/43/1
f 1917/21/1 1898/52/1 1925/43/1
f 1918/32/1 1924/40/1 1898/39/1
f 1918/32/1 1915/18/1 1924/40/1
f 1915/18/1370 1897/36/1370 1924/40/1370
f 1916/31/1371 1923/37/1371 1897/36/1371
f 1916/31/1372 1913/30/1372 1923/37/1372
f 1913/30/1388 1901/46/1388 1923/37/1388
f 1921/28/1374 1922/34/1374 1900/44/1374
f 1921/28/1389 1912/27/1389 1922/34/1389
f 1912/27/1 1895/7/1 1922/34/1
f 1919/6/1 1920/33/1 1899/42/1
f 1906/56/1376 1913/30/1376 1892/29/1376 1904/57/1376
f 1917/21/1 1918/58/1 1898/52/1
f 1917/21/1 1909/20/1 1918/58/1
f 1909/20/1 1893/59/1 1918/58/1
f 1915/18/1405 1916/31/1405 1897/36/1405
f 1915/18/1378 1905/17/1378 1916/31/1378
f 1905/17/1379 1892/29/1379 1916/31/1379
f 1913/30/1380 1914/35/1380 1901/46/1380
f 1913/30/1381 1906/56/1381 1914/35/1381
f 1911/5/1 1894/19/1 1920/33/1 1919/6/1
f 1907/15/1382 1912/27/1382 1896/26/1382
f 1907/15/1 1910/14/1 1912/27/1
f 1910/14/1 1895/7/1 1912/27/1
f 1910/4/1 1908/12/1 1911/5/1
f 1908/12/1 1894/19/1 1911/5/1
f 1908/10/1 1909/20/1 1894/19/1
f 1908/10/1 1903/9/1 1909/20/1
f 1903/9/1 1893/59/1 1909/20/1
f 1906/56/1383 1904/57/1383 1907/60/1383
f 1904/57/1 1891/61/1 1907/60/1
f 1903/3/1 1905/17/1 1893/16/1
f 1903/3/1 1904/2/1 1905/17/1
f 1904/2/1384 1892/29/1384 1905/17/1384
f 1906/56/1385 1907/60/1385 1896/26/1385 1914/35/1385
f 1933/1/1 1946/2/1 1945/3/1
f 1952/4/1 1953/5/1 1961/6/1 1937/7/1
f 1933/8/1 1945/9/1 1950/10/1
f 1933/11/1 1950/12/1 1952/4/1
f 1933/13/1 1952/14/1 1949/15/1
f 1935/16/1 1947/17/1 1957/18/1
f 1936/19/1 1951/20/1 1959/21/1
f 1973/22/1351 1972/23/1351 1944/24/1351 1974/25/1351
f 1938/26/1352 1954/27/1352 1963/28/1352
f 1934/29/1353 1955/30/1353 1958/31/1353
f 1935/16/1 1957/18/1 1960/32/1
f 1936/19/1 1959/21/1 1962/33/1
f 1937/7/1 1961/6/1 1964/34/1
f 1938/26/1386 1963/28/1386 1956/35/1386
f 1939/36/1355 1965/37/1355 1970/38/1355
f 1940/39/1 1966/40/1 1972/41/1
f 1941/42/1 1967/43/1 1973/22/1
f 1942/44/1356 1968/45/1356 1974/25/1356
f 1943/46/1357 1969/47/1357 1971/48/1357
f 1971/48/1395 1969/47/1395 1974/49/1395
f 1969/47/1396 1942/44/1396 1974/49/1396
f 1970/38/1360 1971/48/1360 1974/49/1360 1944/50/1360
f 1974/25/1361 1968/45/1361 1973/51/1361
f 1968/45/13 1941/42/13 1973/51/13
f 1973/22/1 1967/43/1 1972/23/1
f 1967/43/1 1940/52/1 1972/23/1
f 1972/41/1362 1970/53/1362 1944/54/1362
f 1972/41/1391 1966/40/1391 1970/53/1391
f 1966/40/1392 1939/36/1392 1970/53/1392
f 1970/38/1365 1965/37/1365 1971/55/1365
f 1965/37/1366 1943/46/1366 1971/55/1366
f 1956/35/1406 1969/47/1406 1943/46/1406
f 1956/35/1368 1963/28/1368 1969/47/1368
f 1963/28/1407 1942/44/1407 1969/47/1407
f 1964/34/1 1968/45/1 1942/44/1
f 1964/34/1 1961/6/1 1968/45/1
f 1961/6/1 1941/42/1 1968/45/1
f 1962/33/1 1967/43/1 1941/42/1
f 1962/33/1 1959/21/1 1967/43/1
f 1959/21/1 1940/52/1 1967/43/1
f 1960/32/1 1966/40/1 1940/39/1
f 1960/32/672 1957/18/672 1966/40/672
f 1957/18/1370 1939/36/1370 1966/40/1370
f 1958/31/1371 1965/37/1371 1939/36/1371
f 1958/31/1372 1955/30/1372 1965/37/1372
f 1955/30/1373 1943/46/1373 1965/37/1373
f 1963/28/1374 1964/34/1374 1942/44/1374
f 1963/28/1389 1954/27/1389 1964/34/1389
f 1954/27/1 1937/7/1 1964/34/1
f 1961/6/1 1962/33/1 1941/42/1
f 1948/56/1376 1955/30/1376 1934/29/1376 1946/57/1376
f 1959/21/1 1960/58/1 1940/52/1
f 1959/21/1 1951/20/1 1960/58/1
f 1951/20/1 1935/59/1 1960/58/1
f 1957/18/1377 1958/31/1377 1939/36/1377
f 1957/18/1378 1947/17/1378 1958/31/1378
f 1947/17/1379 1934/29/1379 1958/31/1379
f 1955/30/1380 1956/35/1380 1943/46/1380
f 1955/30/1381 1948/56/1381 1956/35/1381
f 1953/5/1 1936/19/1 1962/33/1 1961/6/1
f 1949/15/1382 1954/27/1382 1938/26/1382
f 1949/15/1 1952/14/1 1954/27/1
f 1952/14/1 1937/7/1 1954/27/1
f 1952/4/1 1950/12/1 1953/5/1
f 1950/12/1 1936/19/1 1953/5/1
f 1950/10/1 1951/20/1 1936/19/1
f 1950/10/1 1945/9/1 1951/20/1
f 1945/9/1 1935/59/1 1951/20/1
f 1948/56/1383 1946/57/1383 1949/60/1383
f 1946/57/1 1933/61/1 1949/60/1
f 1945/3/1 1947/17/1 1935/16/1
f 1945/3/672 1946/2/672 1947/17/672
f 1946/2/1384 1934/29/1384 1947/17/1384
f 1948/56/1385 1949/60/1385 1938/26/1385 1956/35/1385
f 1975/1/1 1988/2/1 1987/3/1
f 1994/4/1 1995/5/1 2003/6/1 1979/7/1
f 1975/8/1 1987/9/1 1992/10/1
f 1975/11/1 1992/12/1 1994/4/1
f 1975/13/1 1994/14/1 1991/15/1
f 1977/16/1 1989/17/1 1999/18/1
f 1978/19/1 1993/20/1 2001/21/1
f 2015/22/1351 2014/23/1351 1986/24/1351 2016/25/1351
f 1980/26/1352 1996/27/1352 2005/28/1352
f 1976/29/1353 1997/30/1353 2000/31/1353
f 1977/16/1 1999/18/1 2002/32/1
f 1978/19/1 2001/21/1 2004/33/1
f 1979/7/1 2003/6/1 2006/34/1
f 1980/26/1354 2005/28/1354 1998/35/1354
f 1981/36/1355 2007/37/1355 2012/38/1355
f 1982/39/1 2008/40/1 2014/41/1
f 1983/42/1 2009/43/1 2015/22/1
f 1984/44/1356 2010/45/1356 2016/25/1356
f 1985/46/1357 2011/47/1357 2013/48/1357
f 2013/48/1358 2011/47/1358 2016/49/1358
f 2011/47/1359 1984/44/1359 2016/49/1359
f 2012/38/1387 2013/48/1387 2016/49/1387 1986/50/1387
f 2016/25/1361 2010/45/1361 2015/51/1361
f 2010/45/13 1983/42/13 2015/51/13
f 2015/22/1 2009/43/1 2014/23/1
f 2009/43/1 1982/52/1 2014/23/1
f 2014/41/1362 2012/53/1362 1986/54/1362
f 2014/41/1363 2008/40/1363 2012/53/1363
f 2008/40/1364 1981/36/1364 2012/53/1364
f 2012/38/1365 2007/37/1365 2013/55/1365
f 2007/37/1366 1985/46/1366 2013/55/1366
f 1998/35/1406 2011/47/1406 1985/46/1406
f 1998/35/1368 2005/28/1368 2011/47/1368
f 2005/28/1369 1984/44/1369 2011/47/1369
f 2006/34/1 2010/45/1 1984/44/1
f 2006/34/1 2003/6/1 2010/45/1
f 2003/6/1 1983/42/1 2010/45/1
f 2004/33/1 2009/43/1 1983/42/1
f 2004/33/1 2001/21/1 2009/43/1
f 2001/21/1 1982/52/1 2009/43/1
f 2002/32/1 2008/40/1 1982/39/1
f 2002/32/1 1999/18/1 2008/40/1
f 1999/18/1370 1981/36/1370 2008/40/1370
f 2000/31/1371 2007/37/1371 1981/36/1371
f 2000/31/1397 1997/30/1397 2007/37/1397
f 1997/30/1373 1985/46/1373 2007/37/1373
f 2005/28/1374 2006/34/1374 1984/44/1374
f 2005/28/1375 1996/27/1375 2006/34/1375
f 1996/27/1 1979/7/1 2006/34/1
f 2003/6/1 2004/33/1 1983/42/1
f 1990/56/1376 1997/30/1376 1976/29/1376 1988/57/1376
f 2001/21/1 2002/58/1 1982/52/1
f 2001/21/1 1993/20/1 2002/58/1
f 1993/20/1 1977/59/1 2002/58/1
f 1999/18/1377 2000/31/1377 1981/36/1377
f 1999/18/1378 1989/17/1378 2000/31/1378
f 1989/17/1379 1976/29/1379 2000/31/1379
f 1997/30/1380 1998/35/1380 1985/46/1380
f 1997/30/1381 1990/56/1381 1998/35/1381
f 1995/5/1 1978/19/1 2004/33/1 2003/6/1
f 1991/15/1382 1996/27/1382 1980/26/1382
f 1991/15/1 1994/14/1 1996/27/1
f 1994/14/1 1979/7/1 1996/27/1
f 1994/4/1 1992/12/1 1995/5/1
f 1992/12/1 1978/19/1 1995/5/1
f 1992/10/1 1993/20/1 1978/19/1
f 1992/10/1 1987/9/1 1993/20/1
f 1987/9/1 1977/59/1 1993/20/1
f 1990/56/1383 1988/57/1383 1991/60/1383
f 1988/57/1 1975/61/1 1991/60/1
f 1987/3/1 1989/17/1 1977/16/1
f 1987/3/1 1988/2/1 1989/17/1
f 1988/2/1384 1976/29/1384 1989/17/1384
f 1990/56/1385 1991/60/1385 1980/26/1385 1998/35/1385
f 2017/1/1 2030/2/1 2029/3/1
f 2036/4/1 2037/5/1 2045/6/1 2021/7/1
f 2017/8/1 2029/9/1 2034/10/1
f 2017/11/1 2034/12/1 2036/4/1
f 2017/13/1 2036/14/1 2033/15/1
f 2019/16/1 2031/17/1 2041/18/1
f 2020/19/1 2035/20/1 2043/21/1
f 2057/22/1351 2056/23/1351 2028/24/1351 2058/25/1351
f 2022/26/1352 2038/27/1352 2047/28/1352
f 2018/29/1353 2039/30/1353 2042/31/1353
f 2019/16/1 2041/18/1 2044/32/1
f 2020/19/1 2043/21/1 2046/33/1
f 2021/7/1 2045/6/1 2048/34/1
f 2022/26/1386 2047/28/1386 2040/35/1386
f 2023/36/1355 2049/37/1355 2054/38/1355
f 2024/39/1 2050/40/1 2056/41/1
f 2025/42/1 2051/43/1 2057/22/1
f 2026/44/1356 2052/45/1356 2058/25/1356
f 2027/46/1357 2053/47/1357 2055/48/1357
f 2055/48/1358 2053/47/1358 2058/49/1358
f 2053/47/1359 2026/44/1359 2058/49/1359
f 2054/38/1360 2055/48/1360 2058/49/1360 2028/50/1360
f 2058/25/1361 2052/45/1361 2057/51/1361
f 2052/45/13 2025/42/13 2057/51/13
f 2057/22/1 2051/43/1 2056/23/1
f 2051/43/1 2024/52/1 2056/23/1
f 2056/41/1362 2054/53/1362 2028/54/1362
f 2056/41/1363 2050/40/1363 2054/53/1363
f 2050/40/1364 2023/36/1364 2054/53/1364
f 2054/38/1365 2049/37/1365 2055/55/1365
f 2049/37/1366 2027/46/1366 2055/55/1366
f 2040/35/1367 2053/47/1367 2027/46/1367
f 2040/35/1368 2047/28/1368 2053/47/1368
f 2047/28/1369 2026/44/1369 2053/47/1369
f 2048/34/1 2052/45/1 2026/44/1
f 2048/34/1 2045/6/1 2052/45/1
f 2045/6/1 2025/42/1 2052/45/1
f 2046/33/1 2051/43/1 2025/42/1
f 2046/33/1 2043/21/1 2051/43/1
f 2043/21/1 2024/52/1 2051/43/1
f 2044/32/1 2050/40/1 2024/39/1
f 2044/32/1 2041/18/1 2050/40/1
f 2041/18/1370 2023/36/1370 2050/40/1370
f 2042/31/1371 2049/37/1371 2023/36/1371
f 2042/31/1372 2039/30/1372 2049/37/1372
f 2039/30/1388 2027/46/1388 2049/37/1388
f 2047/28/1374 2048/34/1374 2026/44/1374
f 2047/28/1389 2038/27/1389 2048/34/1389
f 2038/27/1 2021/7/1 2048/34/1
f 2045/6/1 2046/33/1 2025/42/1
f 2032/56/1376 2039/30/1376 2018/29/1376 2030/57/1376
f 2043/21/1 2044/58/1 2024/52/1
f 2043/21/1 2035/20/1 2044/58/1
f 2035/20/1 2019/59/1 2044/58/1
f 2041/18/1408 2042/31/1408 2023/36/1408
f 2041/18/1378 2031/17/1378 2042/31/1378
f 2031/17/1379 2018/29/1379 2042/31/1379
f 2039/30/1380 2040/35/1380 2027/46/1380
f 2039/30/1381 2032/56/1381 2040/35/1381
f 2037/5/1 2020/19/1 2046/33/1 2045/6/1
f 2033/15/1382 2038/27/1382 2022/26/1382
f 2033/15/1 2036/14/1 2038/27/1
f 2036/14/1 2021/7/1 2038/27/1
f 2036/4/1 2034/12/1 2037/5/1
f 2034/12/1 2020/19/1 2037/5/1
f 2034/10/1 2035/20/1 2020/19/1
f 2034/10/1 2029/9/1 2035/20/1
f 2029/9/1 2019/59/1 2035/20/1
f 2032/56/1383 2030/57/1383 2033/60/1383
f 2030/57/1 2017/61/1 2033/60/1
f 2029/3/1 2031/17/1 2019/16/1
f 2029/3/1 2030/2/1 2031/17/1
f 2030/2/1384 2018/29/1384 2031/17/1384
f 2032/56/1385 2033/60/1385 2022/26/1385 2040/35/1385
f 2059/1/1 2072/2/1 2071/3/1
f 2078/4/1 2079/5/1 2087/6/1 2063/7/1
f 2059/8/1 2071/9/1 2076/10/1
f 2059/11/1 2076/12/1 2078/4/1
f 2059/13/1 2078/14/1 2075/15/1
f 2061/16/1 2073/17/1 2083/18/1
f 2062/19/1 2077/20/1 2085/21/1
f 2099/22/2 2098/23/2 2070/24/2 2100/25/2
f 2064/26/3 2080/27/3 2089/28/3
f 2060/29/4 2081/30/4 2084/31/4
f 2061/16/1 2083/18/1 2086/32/1
f 2062/19/1 2085/21/1 2088/33/1
f 2063/7/1 2087/6/1 2090/34/1
f 2064/26/5 2089/28/5 2082/35/5
f 2065/36/6 2091/37/6 2096/38/6
f 2066/39/1 2092/40/1 2098/41/1
f 2067/42/1 2093/43/1 2099/22/1
f 2068/44/7 2094/45/7 2100/25/7
f 2069/46/8 2095/47/8 2097/48/8
f 2097/48/9 2095/47/9 2100/49/9
f 2095/47/10 2068/44/10 2100/49/10
f 2096/38/11 2097/48/11 2100/49/11 2070/50/11
f 2100/25/12 2094/45/12 2099/51/12
f 2094/45/13 2067/42/13 2099/51/13
f 2099/22/1 2093/43/1 2098/23/1
f 2093/43/1 2066/52/1 2098/23/1
f 2098/41/14 2096/53/14 2070/54/14
f 2098/41/15 2092/40/15 2096/53/15
f 2092/40/1409 2065/36/1409 2096/53/1409
f 2096/38/17 2091/37/17 2097/55/17
f 2091/37/18 2069/46/18 2097/55/18
f 2082/35/19 2095/47/19 2069/46/19
f 2082/35/20 2089/28/20 2095/47/20
f 2089/28/21 2068/44/21 2095/47/21
f 2090/34/1 2094/45/1 2068/44/1
f 2090/34/1 2087/6/1 2094/45/1
f 2087/6/1 2067/42/1 2094/45/1
f 2088/33/1 2093/43/1 2067/42/1
f 2088/33/1 2085/21/1 2093/43/1
f 2085/21/1 2066/52/1 2093/43/1
f 2086/32/1 2092/40/1 2066/39/1
f 2086/32/1 2083/18/1 2092/40/1
f 2083/18/22 2065/36/22 2092/40/22
f 2084/31/1410 2091/37/1410 2065/36/1410
f 2084/31/24 2081/30/24 2091/37/24
f 2081/30/25 2069/46/25 2091/37/25
f 2089/28/26 2090/34/26 2068/44/26
f 2089/28/1411 2080/27/1411 2090/34/1411
f 2080/27/1 2063/7/1 2090/34/1
f 2087/6/1 2088/33/1 2067/42/1
f 2074/56/28 2081/30/28 2060/29/28 2072/57/28
f 2085/21/1 2086/58/1 2066/52/1
f 2085/21/1 2077/20/1 2086/58/1
f 2077/20/1 2061/59/1 2086/58/1
f 2083/18/1412 2084/31/1412 2065/36/1412
f 2083/18/30 2073/17/30 2084/31/30
f 2073/17/1413 2060/29/1413 2084/31/1413
f 2081/30/32 2082/35/32 2069/46/32
f 2081/30/33 2074/56/33 2082/35/33
f 2079/5/1 2062/19/1 2088/33/1 2087/6/1
f 2075/15/34 2080/27/34 2064/26/34
f 2075/15/1 2078/14/1 2080/27/1
f 2078/14/1 2063/7/1 2080/27/1
f 2078/4/1 2076/12/1 2079/5/1
f 2076/12/1 2062/19/1 2079/5/1
f 2076/10/1 2077/20/1 2062/19/1
f 2076/10/1 2071/9/1 2077/20/1
f 2071/9/1 2061/59/1 2077/20/1
f 2074/56/35 2072/57/35 2075/60/35
f 2072/57/1 2059/61/1 2075/60/1
f 2071/3/1 2073/17/1 2061/16/1
f 2071/3/1 2072/2/1 2073/17/1
f 2072/2/36 2060/29/36 2073/17/36
f 2074/56/37 2075/60/37 2064/26/37 2082/35/37
f 2101/1/1 2114/2/1 2113/3/1
f 2120/4/1 2121/5/1 2129/6/1 2105/7/1
f 2101/8/1 2113/9/1 2118/10/1
f 2101/11/1 2118/12/1 2120/4/1
f 2101/13/1 2120/14/1 2117/15/1
f 2103/16/1 2115/17/1 2125/18/1
f 2104/19/1 2119/20/1 2127/21/1
f 2141/22/2 2140/23/2 2112/24/2 2142/25/2
f 2106/26/3 2122/27/3 2131/28/3
f 2102/29/4 2123/30/4 2126/31/4
f 2103/16/1 2125/18/1 2128/32/1
f 2104/19/1 2127/21/1 2130/33/1
f 2105/7/1 2129/6/1 2132/34/1
f 2106/26/5 2131/28/5 2124/35/5
f 2107/36/6 2133/37/6 2138/38/6
f 2108/39/1 2134/40/1 2140/41/1
f 2109/42/1 2135/43/1 2141/22/1
f 2110/44/7 2136/45/7 2142/25/7
f 2111/46/8 2137/47/8 2139/48/8
f 2139/48/9 2137/47/9 2142/49/9
f 2137/47/1414 2110/44/1414 2142/49/1414
f 2138/38/1415 2139/48/1415 2142/49/1415 2112/50/1415
f 2142/25/12 2136/45/12 2141/51/12
f 2136/45/13 2109/42/13 2141/51/13
f 2141/22/672 2135/43/672 2140/23/672
f 2135/43/1 2108/52/1 2140/23/1
f 2140/41/1416 2138/53/1416 2112/54/1416
f 2140/41/15 2134/40/15 2138/53/15
f 2134/40/16 2107/36/16 2138/53/16
f 2138/38/17 2133/37/17 2139/55/17
f 2133/37/18 2111/46/18 2139/55/18
f 2124/35/19 2137/47/19 2111/46/19
f 2124/35/20 2131/28/20 2137/47/20
f 2131/28/21 2110/44/21 2137/47/21
f 2132/34/1 2136/45/1 2110/44/1
f 2132/34/1 2129/6/1 2136/45/1
f 2129/6/1 2109/42/1 2136/45/1
f 2130/33/1 2135/43/1 2109/42/1
f 2130/33/1 2127/21/1 2135/43/1
f 2127/21/1 2108/52/1 2135/43/1
f 2128/32/1 2134/40/1 2108/39/1
f 2128/32/1 2125/18/1 2134/40/1
f 2125/18/22 2107/36/22 2134/40/22
f 2126/31/1410 2133/37/1410 2107/36/1410
f 2126/31/24 2123/30/24 2133/37/24
f 2123/30/25 2111/46/25 2133/37/25
f 2131/28/26 2132/34/26 2110/44/26
f 2131/28/27 2122/27/27 2132/34/27
f 2122/27/1 2105/7/1 2132/34/1
f 2129/6/1 2130/33/1 2109/42/1
f 2116/56/28 2123/30/28 2102/29/28 2114/57/28
f 2127/21/1 2128/58/1 2108/52/1
f 2127/21/1 2119/20/1 2128/58/1
f 2119/20/1 2103/59/1 2128/58/1
f 2125/18/1417 2126/31/1417 2107/36/1417
f 2125/18/30 2115/17/30 2126/31/30
f 2115/17/1413 2102/29/1413 2126/31/1413
f 2123/30/32 2124/35/32 2111/46/32
f 2123/30/33 2116/56/33 2124/35/33
f 2121/5/1 2104/19/1 2130/33/1 2129/6/1
f 2117/15/34 2122/27/34 2106/26/34
f 2117/15/1 2120/14/1 2122/27/1
f 2120/14/1 2105/7/1 2122/27/1
f 2120/4/1 2118/12/1 2121/5/1
f 2118/12/1 2104/19/1 2121/5/1
f 2118/10/1 2119/20/1 2104/19/1
f 2118/10/1 2113/9/1 2119/20/1
f 2113/9/1 2103/59/1 2119/20/1
f 2116/56/35 2114/57/35 2117/60/35
f 2114/57/1 2101/61/1 2117/60/1
f 2113/3/1 2115/17/1 2103/16/1
f 2113/3/1 2114/2/1 2115/17/1
f 2114/2/36 2102/29/36 2115/17/36
f 2116/56/37 2117/60/37 2106/26/37 2124/35/37
f 2143/1/1 2156/2/1 2155/3/1
f 2162/4/1 2163/5/1 2171/6/1 2147/7/1
f 2143/8/1 2155/9/1 2160/10/1
f 2143/11/1 2160/12/1 2162/4/1
f 2143/13/1 2162/14/1 2159/15/1
f 2145/16/1 2157/17/1 2167/18/1
f 2146/19/1 2161/20/1 2169/21/1
f 2183/22/2 2182/23/2 2154/24/2 2184/25/2
f 2148/26/3 2164/27/3 2173/28/3
f 2144/29/4 2165/30/4 2168/31/4
f 2145/16/1 2167/18/1 2170/32/1
f 2146/19/1 2169/21/1 2172/33/1
f 2147/7/1 2171/6/1 2174/34/1
f 2148/26/5 2173/28/5 2166/35/5
f 2149/36/6 2175/37/6 2180/38/6
f 2150/39/1 2176/40/1 2182/41/1
f 2151/42/1 2177/43/1 2183/22/1
f 2152/44/7 2178/45/7 2184/25/7
f 2153/46/8 2179/47/8 2181/48/8
f 2181/48/9 2179/47/9 2184/49/9
f 2179/47/1414 2152/44/1414 2184/49/1414
f 2180/38/1415 2181/48/1415 2184/49/1415 2154/50/1415
f 2184/25/12 2178/45/12 2183/51/12
f 2178/45/13 2151/42/13 2183/51/13
f 2183/22/1 2177/43/1 2182/23/1
f 2177/43/1 2150/52/1 2182/23/1
f 2182/41/14 2180/53/14 2154/54/14
f 2182/41/15 2176/40/15 2180/53/15
f 2176/40/16 2149/36/16 2180/53/16
f 2180/38/17 2175/37/17 2181/55/17
f 2175/37/18 2153/46/18 2181/55/18
f 2166/35/19 2179/47/19 2153/46/19
f 2166/35/20 2173/28/20 2179/47/20
f 2173/28/21 2152/44/21 2179/47/21
f 2174/34/1 2178/45/1 2152/44/1
f 2174/34/1 2171/6/1 2178/45/1
f 2171/6/1 2151/42/1 2178/45/1
f 2172/33/1 2177/43/1 2151/42/1
f 2172/33/1 2169/21/1 2177/43/1
f 2169/21/1 2150/52/1 2177/43/1
f 2170/32/1 2176/40/1 2150/39/1
f 2170/32/1 2167/18/1 2176/40/1
f 2167/18/22 2149/36/22 2176/40/22
f 2168/31/1410 2175/37/1410 2149/36/1410
f 2168/31/24 2165/30/24 2175/37/24
f 2165/30/25 2153/46/25 2175/37/25
f 2173/28/26 2174/34/26 2152/44/26
f 2173/28/27 2164/27/27 2174/34/27
f 2164/27/1 2147/7/1 2174/34/1
f 2171/6/1 2172/33/1 2151/42/1
f 2158/56/28 2165/30/28 2144/29/28 2156/57/28
f 2169/21/1 2170/58/1 2150/52/1
f 2169/21/1 2161/20/1 2170/58/1
f 2161/20/1 2145/59/1 2170/58/1
f 2167/18/1418 2168/31/1418 2149/36/1418
f 2167/18/30 2157/17/30 2168/31/30
f 2157/17/1413 2144/29/1413 2168/31/1413
f 2165/30/32 2166/35/32 2153/46/32
f 2165/30/33 2158/56/33 2166/35/33
f 2163/5/1 2146/19/1 2172/33/1 2171/6/1
f 2159/15/1419 2164/27/1419 2148/26/1419
f 2159/15/1 2162/14/1 2164/27/1
f 2162/14/1 2147/7/1 2164/27/1
f 2162/4/1 2160/12/1 2163/5/1
f 2160/12/1 2146/19/1 2163/5/1
f 2160/10/1 2161/20/1 2146/19/1
f 2160/10/1 2155/9/1 2161/20/1
f 2155/9/1 2145/59/1 2161/20/1
f 2158/56/35 2156/57/35 2159/60/35
f 2156/57/1 2143/61/1 2159/60/1
f 2155/3/1 2157/17/1 2145/16/1
f 2155/3/1 2156/2/1 2157/17/1
f 2156/2/36 2144/29/36 2157/17/36
f 2158/56/37 2159/60/37 2148/26/37 2166/35/37
f 2185/1/1 2198/2/1 2197/3/1
f 2204/4/1 2205/5/1 2213/6/1 2189/7/1
f 2185/8/1 2197/9/1 2202/10/1
f 2185/11/1 2202/12/1 2204/4/1
f 2185/13/1 2204/14/1 2201/15/1
f 2187/16/1 2199/17/1 2209/18/1
f 2188/19/1 2203/20/1 2211/21/1
f 2225/22/2 2224/23/2 2196/24/2 2226/25/2
f 2190/26/3 2206/27/3 2215/28/3
f 2186/29/4 2207/30/4 2210/31/4
f 2187/16/1 2209/18/1 2212/32/1
f 2188/19/1 2211/21/1 2214/33/1
f 2189/7/1 2213/6/1 2216/34/1
f 2190/26/5 2215/28/5 2208/35/5
f 2191/36/6 2217/37/6 2222/38/6
f 2192/39/1 2218/40/1 2224/41/1
f 2193/42/1 2219/43/1 2225/22/1
f 2194/44/7 2220/45/7 2226/25/7
f 2195/46/8 2221/47/8 2223/48/8
f 2223/48/9 2221/47/9 2226/49/9
f 2221/47/1420 2194/44/1420 2226/49/1420
f 2222/38/1415 2223/48/1415 2226/49/1415 2196/50/1415
f 2226/25/12 2220/45/12 2225/51/12
f 2220/45/13 2193/42/13 2225/51/13
f 2225/22/1 2219/43/1 2224/23/1
f 2219/43/1 2192/52/1 2224/23/1
f 2224/41/14 2222/53/14 2196/54/14
f 2224/41/15 2218/40/15 2222/53/15
f 2218/40/1409 2191/36/1409 2222/53/1409
f 2222/38/17 2217/37/17 2223/55/17
f 2217/37/18 2195/46/18 2223/55/18
f 2208/35/19 2221/47/19 2195/46/19
f 2208/35/20 2215/28/20 2221/47/20
f 2215/28/21 2194/44/21 2221/47/21
f 2216/34/1 2220/45/1 2194/44/1
f 2216/34/1 2213/6/1 2220/45/1
f 2213/6/1 2193/42/1 2220/45/1
f 2214/33/1 2219/43/1 2193/42/1
f 2214/33/1 2211/21/1 2219/43/1
f 2211/21/1 2192/52/1 2219/43/1
f 2212/32/1 2218/40/1 2192/39/1
f 2212/32/672 2209/18/672 2218/40/672
f 2209/18/22 2191/36/22 2218/40/22
f 2210/31/23 2217/37/23 2191/36/23
f 2210/31/24 2207/30/24 2217/37/24
f 2207/30/25 2195/46/25 2217/37/25
f 2215/28/26 2216/34/26 2194/44/26
f 2215/28/27 2206/27/27 2216/34/27
f 2206/27/1 2189/7/1 2216/34/1
f 2213/6/1 2214/33/1 2193/42/1
f 2200/56/28 2207/30/28 2186/29/28 2198/57/28
f 2211/21/1 2212/58/1 2192/52/1
f 2211/21/1 2203/20/1 2212/58/1
f 2203/20/1 2187/59/1 2212/58/1
f 2209/18/29 2210/31/29 2191/36/29
f 2209/18/30 2199/17/30 2210/31/30
f 2199/17/1413 2186/29/1413 2210/31/1413
f 2207/30/32 2208/35/32 2195/46/32
f 2207/30/33 2200/56/33 2208/35/33
f 2205/5/1 2188/19/1 2214/33/1 2213/6/1
f 2201/15/34 2206/27/34 2190/26/34
f 2201/15/1 2204/14/1 2206/27/1
f 2204/14/1 2189/7/1 2206/27/1
f 2204/4/1 2202/12/1 2205/5/1
f 2202/12/1 2188/19/1 2205/5/1
f 2202/10/1 2203/20/1 2188/19/1
f 2202/10/1 2197/9/1 2203/20/1
f 2197/9/1 2187/59/1 2203/20/1
f 2200/56/35 2198/57/35 2201/60/35
f 2198/57/672 2185/61/672 2201/60/672
f 2197/3/1 2199/17/1 2187/16/1
f 2197/3/1 2198/2/1 2199/17/1
f 2198/2/36 2186/29/36 2199/17/36
f 2200/56/37 2201/60/37 2190/26/37 2208/35/37
f 2227/1/1 2240/2/1 2239/3/1
f 2246/4/1 2247/5/1 2255/6/1 2231/7/1
f 2227/8/1 2239/9/1 2244/10/1
f 2227/11/1 2244/12/1 2246/4/1
f 2227/13/1 2246/14/1 2243/15/1
f 2229/16/1 2241/17/1 2251/18/1
f 2230/19/1 2245/20/1 2253/21/1
f 2267/22/2 2266/23/2 2238/24/2 2268/25/2
f 2232/26/3 2248/27/3 2257/28/3
f 2228/29/4 2249/30/4 2252/31/4
f 2229/16/1 2251/18/1 2254/32/1
f 2230/19/1 2253/21/1 2256/33/1
f 2231/7/1 2255/6/1 2258/34/1
f 2232/26/5 2257/28/5 2250/35/5
f 2233/36/6 2259/37/6 2264/38/6
f 2234/39/1 2260/40/1 2266/41/1
f 2235/42/1 2261/43/1 2267/22/1
f 2236/44/7 2262/45/7 2268/25/7
f 2237/46/8 2263/47/8 2265/48/8
f 2265/48/9 2263/47/9 2268/49/9
f 2263/47/10 2236/44/10 2268/49/10
f 2264/38/11 2265/48/11 2268/49/11 2238/50/11
f 2268/25/1421 2262/45/1421 2267/51/1421
f 2262/45/13 2235/42/13 2267/51/13
f 2267/22/1 2261/43/1 2266/23/1
f 2261/43/1 2234/52/1 2266/23/1
f 2266/41/14 2264/53/14 2238/54/14
f 2266/41/15 2260/40/15 2264/53/15
f 2260/40/16 2233/36/16 2264/53/16
f 2264/38/17 2259/37/17 2265/55/17
f 2259/37/18 2237/46/18 2265/55/18
f 2250/35/19 2263/47/19 2237/46/19
f 2250/35/20 2257/28/20 2263/47/20
f 2257/28/21 2236/44/21 2263/47/21
f 2258/34/1 2262/45/1 2236/44/1
f 2258/34/1 2255/6/1 2262/45/1
f 2255/6/1 2235/42/1 2262/45/1
f 2256/33/1 2261/43/1 2235/42/1
f 2256/33/1 2253/21/1 2261/43/1
f 2253/21/1 2234/52/1 2261/43/1
f 2254/32/1 2260/40/1 2234/39/1
f 2254/32/1 2251/18/1 2260/40/1
f 2251/18/22 2233/36/22 2260/40/22
f 2252/31/1410 2259/37/1410 2233/36/1410
f 2252/31/24 2249/30/24 2259/37/24
f 2249/30/25 2237/46/25 2259/37/25
f 2257/28/26 2258/34/26 2236/44/26
f 2257/28/1422 2248/27/1422 2258/34/1422
f 2248/27/1 2231/7/1 2258/34/1
f 2255/6/1 2256/33/1 2235/42/1
f 2242/56/28 2249/30/28 2228/29/28 2240/57/28
f 2253/21/1 2254/58/1 2234/52/1
f 2253/21/1 2245/20/1 2254/58/1
f 2245/20/1 2229/59/1 2254/58/1
f 2251/18/1417 2252/31/1417 2233/36/1417
f 2251/18/30 2241/17/30 2252/31/30
f 2241/17/1413 2228/29/1413 2252/31/1413
f 2249/30/32 2250/35/32 2237/46/32
f 2249/30/33 2242/56/33 2250/35/33
f 2247/5/1 2230/19/1 2256/33/1 2255/6/1
f 2243/15/34 2248/27/34 2232/26/34
f 2243/15/1 2246/14/1 2248/27/1
f 2246/14/1 2231/7/1 2248/27/1
f 2246/4/1 2244/12/1 2247/5/1
f 2244/12/1 2230/19/1 2247/5/1
f 2244/10/1 2245/20/1 2230/19/1
f 2244/10/1 2239/9/1 2245/20/1
f 2239/9/1 2229/59/1 2245/20/1
f 2242/56/35 2240/57/35 2243/60/35
f 2240/57/1 2227/61/1 2243/60/1
f 2239/3/1 2241/17/1 2229/16/1
f 2239/3/1 2240/2/1 2241/17/1
f 2240/2/36 2228/29/36 2241/17/36
f 2242/56/37 2243/60/37 2232/26/37 2250/35/37
f 56/2/38 203/228/38 116/230/38
f 55/3/38 85/231/38 203/228/38
f 43/232/38 116/230/38 85/231/38
f 203/228/38 85/231/38 116/230/38
f 200/64/38 88/63/38 86/65/38
f 197/67/38 90/66/38 85/69/38
f 194/71/38 92/70/38 90/73/38
f 191/75/38 119/74/38 92/77/38
f 188/80/38 95/79/38 88/63/38
f 185/83/38 97/82/38 87/84/38
f 182/88/40 99/87/40 91/89/40
f 179/93/38 101/92/38 93/94/38
f 176/98/38 103/97/38 94/99/38
f 173/103/38 128/102/38 95/79/38
f 170/105/1423 130/104/1423 97/82/1423
f 167/108/38 132/107/38 99/87/38
f 164/111/38 134/110/38 101/92/38
f 161/114/38 126/113/38 103/97/38
f 158/116/1424 110/115/1424 105/117/1424
f 155/120/1425 112/119/1425 106/121/1425
f 152/124/1426 113/123/1426 107/125/1426
f 149/128/1427 114/127/1427 108/129/1427
f 146/132/1428 141/131/1428 109/133/1428
f 144/137/1429 111/136/1429 145/138/1429
f 147/139/1430 145/138/1430 146/132/1430
f 114/140/1431 147/139/1431 139/141/1431
f 143/144/1432 144/143/1432 148/145/1432
f 150/146/1433 148/145/1433 149/128/1433
f 113/147/1434 150/146/1434 138/148/1434
f 142/151/1435 143/150/1435 151/152/1435
f 153/153/1436 151/152/1436 152/124/1436
f 112/154/1437 153/153/1437 137/155/1437
f 140/158/1438 142/157/1438 154/159/1438
f 156/160/1439 154/159/1439 155/120/1439
f 110/161/1440 156/160/1440 136/162/1440
f 111/165/1441 140/164/1441 157/166/1441
f 159/167/1442 157/166/1442 158/116/1442
f 141/168/1443 159/167/1443 135/169/1443
f 109/133/1444 96/170/1444 160/171/1444
f 162/172/1445 160/171/1445 161/114/1445
f 139/141/1446 162/172/1446 133/173/1446
f 108/129/38 104/174/38 163/175/38
f 165/176/38 163/175/38 164/111/38
f 138/148/38 165/176/38 131/177/38
f 107/125/1447 102/178/1447 166/179/1447
f 168/180/1448 166/179/1448 167/108/1448
f 137/155/1449 168/180/1449 129/181/1449
f 106/121/1450 100/182/1450 169/183/1450
f 171/184/1451 169/183/1451 170/105/1451
f 136/162/1452 171/184/1452 127/185/1452
f 105/117/1453 98/186/1453 172/187/1453
f 174/188/40 172/187/40 173/103/40
f 135/169/1454 174/188/1454 125/189/1454
f 104/174/38 133/173/38 175/190/38
f 177/191/38 175/190/38 176/98/38
f 134/110/38 177/191/38 124/192/38
f 102/178/38 131/177/38 178/193/38
f 180/194/38 178/193/38 179/93/38
f 132/107/38 180/194/38 123/195/38
f 100/196/1455 129/181/1455 181/197/1455
f 183/198/1456 181/197/1456 182/88/1456
f 130/199/1457 183/198/1457 121/200/1457
f 98/186/1458 127/185/1458 184/201/1458
f 186/202/38 184/201/38 185/83/38
f 128/102/38 186/202/38 117/203/38
f 96/170/40 125/189/40 187/204/40
f 189/205/38 187/204/38 188/80/38
f 126/113/38 189/205/38 118/206/38
f 94/99/38 89/207/38 190/208/38
f 192/209/38 190/208/38 191/75/38
f 124/192/38 192/209/38 122/210/38
f 93/94/38 122/211/38 193/212/38
f 195/213/38 193/212/38 194/71/38
f 123/195/38 195/213/38 120/214/38
f 91/89/38 120/215/38 196/216/38
f 198/217/38 196/216/38 197/67/38
f 121/200/38 198/217/38 115/218/38
f 89/219/38 118/206/38 199/220/38
f 201/221/38 199/220/38 200/64/38
f 119/222/38 201/221/38 116/223/38
f 87/84/38 115/225/38 202/226/38
f 204/227/38 202/226/38 203/228/38
f 117/203/38 204/227/38 86/229/38
