# Blender 4.1.1
# www.blender.org
mtllib Gold_Deposits.mtl
o Gold_Deposits
v -0.134603 -0.003987 0.023753
v -0.125354 0.005562 0.018925
v -0.117377 -0.003921 0.011772
v -0.121322 -0.003824 0.028045
v -0.135541 -0.003837 0.042935
v -0.134324 0.003805 0.038551
v -0.116927 0.003174 0.014181
v -0.110433 -0.003770 0.021929
v -0.116366 -0.003648 0.043472
v -0.128638 -0.003730 0.047885
v -0.123367 0.007832 0.032493
v -0.115068 0.001331 0.034341
v -0.128171 -0.003996 0.015214
v -0.133184 -0.004016 0.018690
v -0.125258 -0.004006 0.010685
v -0.131188 0.005438 0.028189
v -0.138581 -0.003969 0.030546
v -0.130453 -0.003939 0.024730
v -0.118784 -0.003881 0.018226
v -0.136876 -0.003924 0.034087
v -0.127490 -0.003808 0.037099
v -0.139403 -0.003890 0.041091
v -0.124640 0.007944 0.024730
v -0.129901 0.006994 0.035807
v -0.114415 -0.003900 0.010905
v -0.118237 0.005766 0.015295
v -0.114022 -0.003791 0.023554
v -0.112453 -0.003851 0.014532
v -0.130097 -0.003785 0.042892
v -0.116867 -0.003702 0.037576
v -0.136813 0.002035 0.043497
v -0.135447 -0.003803 0.046975
v -0.117211 0.007149 0.023429
v -0.109953 -0.003808 0.016819
v -0.110426 -0.003670 0.033915
v -0.124562 -0.003693 0.047555
v -0.122714 0.006229 0.043986
v -0.109071 0.003856 0.025764
v -0.114786 0.006383 0.035983
v -0.107513 -0.003680 0.029386
v -0.112894 -0.003635 0.041050
v -0.121560 0.001519 0.043103
v -0.035262 -0.007871 0.072115
v -0.040041 -0.007982 0.067636
v -0.032320 -0.007920 0.066153
v -0.029600 -0.007796 0.073209
v -0.036830 -0.007827 0.076638
v -0.043041 -0.007937 0.073323
v -0.038577 0.001512 0.066079
v -0.032171 0.000720 0.070117
v -0.030259 -0.007732 0.078507
v -0.039624 -0.007858 0.076525
v -0.044136 -0.005554 0.070257
v -0.038488 0.001573 0.072506
v -0.031713 -0.007878 0.068744
v -0.037645 -0.007928 0.069774
v -0.035078 -0.007952 0.065940
v -0.043401 -0.007972 0.071012
v -0.040046 -0.007908 0.073136
v -0.031465 -0.007825 0.072528
v -0.029484 -0.007852 0.068965
v -0.036870 -0.007848 0.075092
v -0.032883 -0.007793 0.076080
v -0.040379 -0.007882 0.075336
v -0.044032 -0.008004 0.069134
v -0.044770 -0.007972 0.072122
v -0.035584 -0.007975 0.064626
v -0.038867 -0.007993 0.065857
v -0.029805 -0.003526 0.071489
v -0.032355 -0.001767 0.067229
v -0.032981 -0.007766 0.078153
v -0.029007 -0.007742 0.076826
v -0.042676 -0.007912 0.074919
v -0.037498 -0.007831 0.076854
v -0.041293 -0.002718 0.067560
v -0.035923 0.002348 0.067666
v -0.030153 -0.001133 0.074916
v -0.034122 -0.007770 0.078737
v -0.043235 -0.005126 0.072837
v -0.039017 0.002572 0.068853
v -0.042024 -0.002281 0.070311
v -0.034745 0.002581 0.071625
v -0.033339 0.000257 0.076663
v -0.039132 -0.002146 0.075407
v -0.033281 -0.007871 0.070556
v -0.038980 -0.007959 0.068492
v -0.033419 -0.007936 0.065760
v -0.041987 -0.007981 0.069249
v -0.041869 -0.007926 0.073255
v -0.033264 -0.007847 0.072338
v -0.029265 -0.007821 0.071068
v -0.036081 -0.007859 0.073659
v -0.035133 -0.007810 0.076602
v -0.041926 -0.007912 0.074321
v -0.042301 -0.007997 0.068261
v -0.044751 -0.007984 0.071197
v -0.033869 -0.007950 0.065078
v -0.038661 -0.007994 0.065622
v -0.029282 -0.007804 0.072387
v -0.032300 -0.000220 0.068607
v -0.035096 -0.007799 0.077358
v -0.029299 -0.007729 0.078010
v -0.043178 -0.007928 0.074121
v -0.038477 -0.007841 0.076921
v -0.039787 -0.000135 0.066611
v -0.033957 0.001781 0.068844
v -0.029756 -0.002618 0.077194
v -0.036957 -0.007813 0.077815
v -0.044036 -0.005371 0.071334
v -0.038934 0.002419 0.067297
v -0.040463 -0.000019 0.071355
v -0.033246 0.001898 0.070824
v -0.031252 -0.001833 0.078013
v -0.039407 -0.003872 0.076277
v -0.031584 -0.007898 0.067165
v -0.036267 -0.007896 0.071016
v -0.037490 -0.007968 0.066621
v -0.043519 -0.007956 0.072285
v -0.037658 -0.007888 0.072729
v -0.030275 -0.007809 0.072799
v -0.030701 -0.007887 0.067307
v -0.037161 -0.007838 0.076058
v -0.030839 -0.007788 0.074808
v -0.038628 -0.007853 0.076100
v -0.044444 -0.008000 0.069775
v -0.044113 -0.007956 0.072810
v -0.037299 0.000648 0.065123
v -0.039433 -0.007989 0.066586
v -0.030869 -0.001182 0.070664
v -0.032268 -0.007917 0.066338
v -0.031146 -0.007739 0.078709
v -0.029222 -0.007768 0.075040
v -0.041297 -0.007886 0.075745
v -0.037157 -0.007829 0.076767
v -0.043036 -0.004570 0.068903
v -0.037506 0.002447 0.066616
v -0.031074 0.000057 0.072290
v -0.031778 -0.007742 0.079003
v -0.041648 -0.005133 0.074866
v -0.038984 0.002339 0.070600
v -0.043288 -0.004184 0.070022
v -0.036685 0.002571 0.072167
v -0.036138 0.001385 0.074601
v -0.038919 -0.000095 0.073987
v -0.041065 -0.002148 0.072729
v -0.042869 -0.003863 0.071544
v -0.041485 -0.003639 0.073992
v -0.036153 -0.000625 0.076418
v -0.036433 -0.002992 0.077544
v -0.033405 -0.001983 0.078206
v -0.033874 0.001763 0.074259
v -0.031385 -0.000097 0.076043
v -0.032205 0.001079 0.073378
v -0.037085 0.003169 0.070107
v -0.035475 0.002871 0.069514
v -0.037506 0.003158 0.068284
v -0.040679 0.000278 0.069389
v -0.040264 0.000179 0.067924
v -0.041838 -0.002517 0.068707
v -0.044314 -0.006498 0.072446
v -0.044061 -0.007945 0.073524
v -0.043263 -0.006489 0.073989
v -0.035560 -0.007795 0.078025
v -0.035144 -0.007795 0.077679
v -0.033231 -0.007761 0.078747
v -0.028979 -0.007751 0.076134
v -0.028991 -0.007774 0.074363
v -0.029735 -0.002306 0.073324
v -0.034169 0.000551 0.067178
v -0.034056 -0.001300 0.065610
v -0.035877 0.000881 0.065815
v -0.040311 -0.007998 0.066597
v -0.041583 -0.008002 0.067361
v -0.042787 -0.008004 0.068166
v -0.040261 -0.007872 0.075992
v -0.041646 -0.007897 0.075238
v -0.039250 -0.007860 0.076067
v -0.030654 -0.007744 0.077927
v -0.032926 -0.007777 0.077319
v -0.030662 -0.007761 0.076693
v -0.030884 -0.002577 0.069109
v -0.029524 -0.007839 0.069930
v -0.030617 -0.004182 0.067886
v -0.037064 -0.007988 0.064832
v -0.035205 -0.007968 0.064819
v -0.036884 -0.007977 0.065495
v -0.044969 -0.007992 0.070744
v -0.044233 -0.007993 0.070090
v -0.044603 -0.007977 0.071589
v -0.040427 -0.007896 0.074364
v -0.038568 -0.007877 0.074260
v -0.038932 -0.007866 0.075376
v -0.034939 -0.007820 0.075644
v -0.034107 -0.007832 0.074084
v -0.032258 -0.007808 0.074434
v -0.029858 -0.007834 0.070631
v -0.031100 -0.007848 0.070542
v -0.030130 -0.007863 0.068680
v -0.041878 -0.007942 0.072061
v -0.040814 -0.007952 0.070434
v -0.039121 -0.007919 0.071589
v -0.033197 -0.007915 0.067182
v -0.034406 -0.007902 0.069137
v -0.036023 -0.007938 0.067707
v -0.045250 -0.004895 -0.036660
v -0.038553 -0.003597 -0.026814
v -0.052840 -0.004836 -0.027253
v -0.054860 -0.006019 -0.040852
v -0.040670 -0.005059 -0.044060
v -0.030970 -0.003618 -0.035710
v -0.041494 0.012281 -0.024350
v -0.051280 0.009196 -0.034087
v -0.051586 -0.006422 -0.049990
v -0.035759 -0.004546 -0.042749
v -0.030175 0.000979 -0.029763
v -0.039098 0.011588 -0.035786
v -0.052888 -0.005200 -0.032091
v -0.041953 -0.004237 -0.031560
v -0.048032 -0.004321 -0.025778
v -0.031249 -0.003326 -0.031468
v -0.036357 -0.004137 -0.036569
v -0.051822 -0.005617 -0.038903
v -0.056754 -0.005622 -0.033369
v -0.041214 -0.004900 -0.041302
v -0.047895 -0.005712 -0.044639
v -0.034892 -0.004294 -0.040340
v -0.030877 -0.003028 -0.027885
v -0.028380 -0.003190 -0.032891
v -0.047658 -0.004101 -0.023248
v -0.041344 -0.003633 -0.024125
v -0.055058 0.001417 -0.037591
v -0.052174 0.005396 -0.028965
v -0.046898 -0.005899 -0.048279
v -0.054474 -0.006481 -0.047505
v -0.030983 -0.003841 -0.038686
v -0.039400 -0.004960 -0.044177
v -0.036210 0.005518 -0.026023
v -0.045550 0.012972 -0.028196
v -0.053009 0.005098 -0.043462
v -0.044640 -0.005751 -0.048862
v -0.030738 0.001210 -0.034686
v -0.039581 0.013816 -0.029064
v -0.033806 0.006065 -0.030601
v -0.046062 0.012654 -0.035683
v -0.046621 0.007856 -0.045251
v -0.036911 0.005106 -0.040789
v -0.049386 -0.005097 -0.034682
v -0.040095 -0.003872 -0.028755
v -0.051047 -0.004601 -0.026119
v -0.034460 -0.003407 -0.028901
v -0.033076 -0.003822 -0.036055
v -0.048706 -0.005276 -0.037850
v -0.056307 -0.005869 -0.037189
v -0.043183 -0.004900 -0.039074
v -0.043696 -0.005360 -0.044672
v -0.032551 -0.003916 -0.037924
v -0.034295 -0.003253 -0.027024
v -0.028782 -0.003102 -0.031258
v -0.050520 -0.004453 -0.024730
v -0.041802 -0.003646 -0.023790
v -0.055752 -0.005995 -0.039520
v -0.051679 0.007822 -0.031385
v -0.043460 -0.005441 -0.046026
v -0.053485 -0.006545 -0.049489
v -0.030409 -0.003672 -0.037071
v -0.037636 -0.004791 -0.043907
v -0.039184 0.009684 -0.024862
v -0.048586 0.011487 -0.031086
v -0.052851 0.002246 -0.047706
v -0.039977 -0.005152 -0.046097
v -0.029921 0.001138 -0.031707
v -0.040353 0.013731 -0.026342
v -0.036097 0.009438 -0.033006
v -0.049060 0.011305 -0.034878
v -0.049849 0.003762 -0.048541
v -0.036127 0.002149 -0.042276
v -0.053743 -0.005068 -0.029342
v -0.043905 -0.004607 -0.034311
v -0.043482 -0.003955 -0.026028
v -0.030534 -0.003430 -0.033679
v -0.040756 -0.004526 -0.036796
v -0.053825 -0.005857 -0.039856
v -0.055253 -0.005241 -0.029944
v -0.040313 -0.004942 -0.042900
v -0.052027 -0.005954 -0.043196
v -0.037694 -0.004683 -0.042391
v -0.029891 -0.003017 -0.028858
v -0.029272 -0.003375 -0.034374
v -0.044168 0.010689 -0.023187
v -0.040050 -0.003603 -0.025193
v -0.053430 0.005672 -0.035633
v -0.052859 -0.004864 -0.027602
v -0.049931 -0.006283 -0.049995
v -0.054803 -0.006267 -0.044251
v -0.033100 -0.004169 -0.040701
v -0.040040 -0.005013 -0.044160
v -0.032637 0.002583 -0.027768
v -0.043155 0.013579 -0.025701
v -0.052383 0.007600 -0.038399
v -0.048693 -0.006198 -0.050264
v -0.032747 0.000641 -0.038917
v -0.038954 0.013206 -0.032184
v -0.031735 0.003147 -0.029642
v -0.042404 0.012954 -0.035873
v -0.042442 0.010555 -0.040446
v -0.037794 0.008687 -0.038293
v -0.034544 0.005807 -0.035269
v -0.031863 0.003421 -0.032500
v -0.033340 0.003228 -0.037387
v -0.041751 0.006955 -0.043723
v -0.040876 0.002890 -0.045681
v -0.045956 0.003911 -0.048031
v -0.046584 0.010786 -0.040727
v -0.050345 0.006949 -0.044940
v -0.049915 0.009412 -0.039849
v -0.042496 0.014288 -0.032040
v -0.045597 0.013541 -0.031638
v -0.042473 0.014573 -0.028638
v -0.036487 0.010218 -0.029424
v -0.037807 0.010147 -0.026992
v -0.034781 0.005825 -0.027835
v -0.029017 -0.000839 -0.033605
v -0.029080 -0.003455 -0.035660
v -0.030269 -0.001218 -0.036760
v -0.042372 -0.005423 -0.047025
v -0.043248 -0.005464 -0.046578
v -0.046218 -0.005912 -0.049233
v -0.054800 -0.006418 -0.046288
v -0.055483 -0.006242 -0.043141
v -0.054417 0.003234 -0.040837
v -0.048908 0.009661 -0.028083
v -0.049785 0.006713 -0.025400
v -0.046409 0.010718 -0.024975
v -0.038486 -0.003446 -0.024864
v -0.035927 -0.003293 -0.025713
v -0.033471 -0.003156 -0.026662
v -0.034840 -0.004380 -0.041550
v -0.032682 -0.004057 -0.039662
v -0.036605 -0.004569 -0.042085
v -0.051114 -0.006294 -0.048803
v -0.047326 -0.005827 -0.046821
v -0.051591 -0.006171 -0.046611
v -0.054060 0.003515 -0.032910
v -0.056299 -0.005710 -0.035065
v -0.055066 0.000908 -0.030895
v -0.044950 -0.003855 -0.023024
v -0.048253 -0.004188 -0.023739
v -0.045005 -0.003953 -0.024271
v -0.028575 -0.003019 -0.030368
v -0.030141 -0.003086 -0.029501
v -0.028888 -0.003167 -0.032013
v -0.035193 -0.004190 -0.038597
v -0.038533 -0.004513 -0.039151
v -0.037443 -0.004558 -0.040986
v -0.044420 -0.005300 -0.043049
v -0.046517 -0.005296 -0.040613
v -0.049659 -0.005663 -0.041969
v -0.055429 -0.005719 -0.036176
v -0.053260 -0.005487 -0.035524
v -0.055721 -0.005478 -0.032607
v -0.033535 -0.003703 -0.033934
v -0.036069 -0.003734 -0.031470
v -0.038613 -0.004151 -0.034192
v -0.050875 -0.004780 -0.028731
v -0.047953 -0.004756 -0.031717
v -0.045653 -0.004325 -0.028538
v 0.130458 -0.002632 -0.108134
v 0.117103 -0.002607 -0.101438
v 0.120015 -0.002988 -0.119136
v 0.137263 -0.002826 -0.119393
v 0.138903 -0.002389 -0.101210
v 0.126911 -0.002259 -0.090530
v 0.114923 0.013961 -0.105590
v 0.128616 0.012245 -0.116139
v 0.148087 -0.002591 -0.113804
v 0.136459 -0.002276 -0.095319
v 0.119485 0.001947 -0.090550
v 0.128749 0.014162 -0.100712
v 0.126041 -0.002912 -0.118393
v 0.123569 -0.002624 -0.104880
v 0.117385 -0.002881 -0.113401
v 0.121682 -0.002334 -0.091581
v 0.128872 -0.002391 -0.097087
v 0.134336 -0.002774 -0.115937
v 0.128270 -0.002997 -0.122990
v 0.135563 -0.002448 -0.102345
v 0.140820 -0.002576 -0.110100
v 0.133320 -0.002291 -0.094640
v 0.117163 -0.002381 -0.091712
v 0.122976 -0.002233 -0.087776
v 0.114175 -0.002911 -0.113355
v 0.114221 -0.002726 -0.105355
v 0.133421 0.004663 -0.120218
v 0.122291 0.007842 -0.118079
v 0.145182 -0.002491 -0.108256
v 0.145474 -0.002709 -0.117808
v 0.130614 -0.002212 -0.090052
v 0.138839 -0.002352 -0.099611
v 0.115951 0.006715 -0.098702
v 0.120411 0.015293 -0.110005
v 0.140481 0.008942 -0.116717
v 0.145533 -0.002420 -0.105352
v 0.125717 0.002685 -0.090437
v 0.120513 0.015893 -0.102438
v 0.121265 0.007570 -0.094957
v 0.129815 0.015694 -0.109400
v 0.141708 0.011604 -0.108487
v 0.134452 0.007713 -0.097129
v 0.128683 -0.002776 -0.113606
v 0.119773 -0.002618 -0.103034
v 0.118308 -0.002958 -0.117094
v 0.119021 -0.002462 -0.096001
v 0.127689 -0.002310 -0.093092
v 0.132510 -0.002706 -0.112235
v 0.132947 -0.002924 -0.121800
v 0.133118 -0.002537 -0.105163
v 0.140165 -0.002461 -0.104872
v 0.129926 -0.002266 -0.092129
v 0.116659 -0.002488 -0.096106
v 0.121012 -0.002270 -0.088547
v 0.116493 -0.002965 -0.116669
v 0.113880 -0.002744 -0.105980
v 0.135755 -0.002871 -0.120723
v 0.125283 0.010578 -0.117074
v 0.141811 -0.002433 -0.104354
v 0.147779 -0.002650 -0.116250
v 0.128511 -0.002222 -0.089606
v 0.138211 -0.002309 -0.097462
v 0.115108 0.011149 -0.102617
v 0.124483 0.014196 -0.113296
v 0.145671 0.006345 -0.115802
v 0.141322 -0.002337 -0.100010
v 0.121868 0.002280 -0.089912
v 0.117249 0.015596 -0.103848
v 0.124729 0.011467 -0.097427
v 0.129281 0.014390 -0.113256
v 0.146245 0.007827 -0.111937
v 0.136098 0.004710 -0.095890
v 0.122763 -0.002979 -0.119913
v 0.127314 -0.002633 -0.106851
v 0.116941 -0.002754 -0.107699
v 0.124313 -0.002279 -0.090325
v 0.129883 -0.002507 -0.102522
v 0.135853 -0.002813 -0.118271
v 0.123762 -0.003011 -0.121692
v 0.137402 -0.002398 -0.100959
v 0.139710 -0.002711 -0.115480
v 0.136334 -0.002335 -0.097785
v 0.118210 -0.002339 -0.090324
v 0.124968 -0.002234 -0.088640
v 0.113883 0.012349 -0.109101
v 0.115335 -0.002674 -0.103569
v 0.130814 0.008833 -0.118539
v 0.120452 -0.002983 -0.119102
v 0.147820 -0.002546 -0.111744
v 0.141482 -0.002770 -0.118758
v 0.133472 -0.002237 -0.092351
v 0.138923 -0.002370 -0.100409
v 0.117453 0.003589 -0.093952
v 0.116916 0.015547 -0.107440
v 0.134133 0.011047 -0.116789
v 0.147948 -0.002508 -0.110160
v 0.131311 0.002609 -0.092233
v 0.124278 0.015508 -0.101138
v 0.119650 0.004300 -0.092522
v 0.129446 0.015803 -0.104819
v 0.135088 0.013723 -0.104097
v 0.131580 0.011281 -0.098658
v 0.127196 0.007784 -0.095101
v 0.123238 0.004862 -0.092210
v 0.129568 0.005210 -0.093238
v 0.138965 0.010221 -0.102675
v 0.141156 0.006096 -0.101240
v 0.144960 0.007696 -0.107177
v 0.136139 0.014245 -0.109204
v 0.141922 0.010854 -0.113167
v 0.135569 0.012928 -0.113487
v 0.124720 0.016844 -0.105575
v 0.124720 0.016214 -0.109495
v 0.120486 0.016822 -0.106110
v 0.120352 0.011971 -0.098509
v 0.117542 0.011750 -0.100554
v 0.117977 0.007119 -0.096626
v 0.124030 0.000333 -0.088463
v 0.126536 -0.002208 -0.088187
v 0.128161 0.000309 -0.089496
v 0.142873 -0.002388 -0.102835
v 0.142462 -0.002419 -0.103998
v 0.146257 -0.002457 -0.107252
v 0.144014 -0.002737 -0.118416
v 0.140214 -0.002806 -0.119787
v 0.137402 0.006830 -0.118892
v 0.120751 0.012022 -0.114183
v 0.117483 0.008739 -0.115703
v 0.116487 0.012684 -0.111594
v 0.114666 -0.002636 -0.101678
v 0.115299 -0.002553 -0.098355
v 0.116072 -0.002471 -0.095141
v 0.134817 -0.002271 -0.094374
v 0.132110 -0.002242 -0.092004
v 0.135774 -0.002310 -0.096481
v 0.146533 -0.002597 -0.113415
v 0.143440 -0.002526 -0.109031
v 0.143886 -0.002645 -0.114370
v 0.127475 0.006359 -0.119763
v 0.130304 -0.002957 -0.122143
v 0.125069 0.003503 -0.121334
v 0.113449 -0.002841 -0.110024
v 0.114885 -0.002920 -0.114014
v 0.115008 -0.002823 -0.109885
v 0.119870 -0.002279 -0.088437
v 0.119052 -0.002335 -0.090528
v 0.121968 -0.002261 -0.088554
v 0.131201 -0.002327 -0.095304
v 0.132443 -0.002409 -0.099366
v 0.134546 -0.002350 -0.097705
v 0.138268 -0.002507 -0.106042
v 0.135584 -0.002603 -0.109055
v 0.137791 -0.002666 -0.112738
v 0.131542 -0.002916 -0.120876
v 0.130372 -0.002867 -0.118286
v 0.127151 -0.002981 -0.121832
v 0.125127 -0.002357 -0.094015
v 0.122482 -0.002465 -0.097576
v 0.126289 -0.002491 -0.100288
v 0.121528 -0.002911 -0.116447
v 0.124758 -0.002784 -0.112317
v 0.120423 -0.002772 -0.109983
v -0.099147 -0.003610 -0.084875
v -0.109980 -0.003791 -0.080165
v -0.102510 -0.003980 -0.097070
v -0.092945 -0.003724 -0.097027
v -0.087871 -0.003322 -0.085425
v -0.094806 -0.003222 -0.073038
v -0.100893 0.023238 -0.095481
v -0.095643 -0.003968 -0.104505
v -0.083677 -0.003505 -0.098252
v -0.082004 -0.003060 -0.080849
v -0.098243 0.040341 -0.076400
v -0.090664 0.026342 -0.089878
v -0.101971 -0.003839 -0.091572
v -0.107704 -0.003727 -0.080012
v -0.107280 -0.003964 -0.090849
v -0.105360 -0.003506 -0.073135
v -0.098650 -0.003416 -0.077015
v -0.095530 -0.003657 -0.091107
v -0.097677 -0.003876 -0.098154
v -0.091877 -0.003401 -0.084220
v -0.089621 -0.003484 -0.090427
v -0.088690 -0.003183 -0.078430
v -0.104621 0.030361 -0.077262
v -0.096204 0.026785 -0.073356
v -0.102017 0.004669 -0.096805
v -0.105440 0.019077 -0.090728
v -0.093958 -0.003899 -0.103449
v -0.098685 -0.003969 -0.101021
v -0.084429 -0.003384 -0.092129
v -0.087806 -0.003629 -0.098840
v -0.084457 -0.002992 -0.075051
v -0.083188 -0.003137 -0.082843
v -0.100451 0.037463 -0.085329
v -0.098251 0.013531 -0.099165
v -0.089502 -0.003765 -0.102787
v -0.081329 -0.003260 -0.090326
v -0.089011 0.030882 -0.077825
v -0.095803 0.031390 -0.092116
v -0.093235 0.037771 -0.082624
v -0.092834 0.015612 -0.098871
v -0.086744 0.010951 -0.095850
v -0.086135 0.022887 -0.085266
v -0.100829 -0.003725 -0.087911
v -0.110047 -0.003772 -0.079261
v -0.104854 -0.003987 -0.094651
v -0.108919 -0.003659 -0.075664
v -0.097066 -0.003312 -0.074330
v -0.097131 -0.003631 -0.088138
v -0.095241 -0.003806 -0.097907
v -0.095464 -0.003503 -0.084493
v -0.088657 -0.003396 -0.087739
v -0.091360 -0.003177 -0.075077
v -0.108029 0.020306 -0.078386
v -0.097581 0.035751 -0.074486
v -0.102611 -0.003984 -0.097114
v -0.103008 0.021897 -0.094021
v -0.093343 -0.003817 -0.100585
v -0.097271 -0.003987 -0.103432
v -0.086253 -0.003348 -0.088448
v -0.085248 -0.003566 -0.099084
v -0.089301 -0.003085 -0.073464
v -0.081616 -0.003064 -0.081485
v -0.100873 0.031000 -0.091327
v -0.097060 0.008666 -0.102290
v -0.086104 -0.003628 -0.100804
v -0.081173 -0.003136 -0.085122
v -0.094128 0.037647 -0.076543
v -0.098641 0.028462 -0.094116
v -0.091609 0.032694 -0.086110
v -0.094395 0.009597 -0.102581
v -0.084596 0.004850 -0.097797
v -0.083483 0.018597 -0.082805
v -0.102550 -0.003933 -0.094990
v -0.103470 -0.003667 -0.082342
v -0.109537 -0.003897 -0.085310
v -0.100253 -0.003353 -0.072435
v -0.099184 -0.003519 -0.080874
v -0.094191 -0.003691 -0.094132
v -0.100347 -0.003940 -0.097849
v -0.089557 -0.003348 -0.084628
v -0.091287 -0.003606 -0.093808
v -0.088014 -0.003249 -0.082095
v -0.101480 0.037652 -0.076192
v -0.095468 -0.003229 -0.072587
v -0.101562 0.014364 -0.096736
v -0.108334 0.014809 -0.085304
v -0.094941 -0.003959 -0.104933
v -0.100669 -0.003977 -0.099081
v -0.083349 -0.003440 -0.095800
v -0.090490 -0.003683 -0.098073
v -0.082296 -0.002993 -0.077601
v -0.085741 -0.003238 -0.084255
v -0.099779 0.040864 -0.079755
v -0.099621 0.018725 -0.097409
v -0.092904 -0.003894 -0.104470
v -0.082065 -0.003387 -0.095006
v -0.084538 0.021996 -0.078967
v -0.093043 0.030110 -0.090651
v -0.095879 0.040798 -0.078979
v -0.091592 0.021716 -0.094283
v -0.088810 0.018955 -0.092706
v -0.088574 0.025376 -0.087434
v -0.089538 0.031491 -0.083379
v -0.091286 0.036009 -0.079820
v -0.087232 0.028004 -0.081222
v -0.086098 0.016820 -0.090560
v -0.083037 0.014092 -0.087916
v -0.083468 0.008778 -0.093391
v -0.089816 0.013251 -0.097677
v -0.087900 0.006037 -0.099997
v -0.091128 0.008172 -0.101567
v -0.094282 0.024048 -0.095471
v -0.095746 0.015648 -0.099356
v -0.097076 0.022988 -0.096254
v -0.094589 0.036350 -0.087043
v -0.097940 0.036050 -0.088813
v -0.096995 0.039878 -0.083456
v -0.092102 0.030417 -0.075106
v -0.089786 -0.003104 -0.073739
v -0.085948 0.021973 -0.075887
v -0.081585 -0.003181 -0.086611
v -0.083628 -0.003261 -0.087698
v -0.082129 -0.003311 -0.091611
v -0.088257 -0.003705 -0.101652
v -0.090788 -0.003775 -0.101747
v -0.091696 -0.003851 -0.103994
v -0.098751 -0.003960 -0.100570
v -0.100356 -0.003966 -0.098932
v -0.100074 0.009156 -0.098282
v -0.103229 0.029802 -0.088385
v -0.105675 0.026353 -0.083850
v -0.102882 0.035742 -0.081221
v -0.082821 -0.003023 -0.078317
v -0.085861 -0.003056 -0.076198
v -0.085429 -0.003135 -0.080159
v -0.085735 -0.003501 -0.095699
v -0.086997 -0.003436 -0.091415
v -0.088418 -0.003548 -0.094610
v -0.096530 -0.003955 -0.102901
v -0.095870 -0.003898 -0.101176
v -0.098275 -0.003938 -0.100163
v -0.103907 0.011147 -0.094668
v -0.104845 -0.003983 -0.094492
v -0.106992 -0.003967 -0.091289
v -0.101211 0.030140 -0.074225
v -0.105585 0.020625 -0.074242
v -0.101323 -0.003388 -0.072704
v -0.093399 -0.003285 -0.077403
v -0.094673 -0.003391 -0.080557
v -0.090414 -0.003290 -0.081109
v -0.090629 -0.003436 -0.087198
v -0.093543 -0.003523 -0.087578
v -0.092457 -0.003560 -0.090442
v -0.096795 -0.003776 -0.094806
v -0.098638 -0.003753 -0.091684
v -0.099655 -0.003861 -0.095200
v -0.102720 -0.003460 -0.074227
v -0.107612 -0.003622 -0.075552
v -0.103944 -0.003571 -0.077617
v -0.105275 -0.003918 -0.091163
v -0.105260 -0.003799 -0.085984
v -0.108473 -0.003865 -0.085156
v -0.095956 -0.003408 0.297612
v -0.102657 0.004768 0.303471
v -0.108490 -0.003421 0.310658
v -0.107912 -0.003535 0.296232
v -0.098413 -0.003568 0.281234
v -0.098456 0.003076 0.285317
v -0.109056 0.002656 0.308855
v -0.116082 -0.003555 0.303247
v -0.114714 -0.003702 0.284028
v -0.105087 -0.003657 0.278218
v -0.106568 0.006482 0.292383
v -0.114105 0.000719 0.292080
v -0.099948 -0.003378 0.305920
v -0.096299 -0.003374 0.302132
v -0.101643 -0.003358 0.310243
v -0.099299 0.004602 0.294647
v -0.093744 -0.003440 0.291194
v -0.099630 -0.003445 0.297488
v -0.108394 -0.003467 0.304964
v -0.095785 -0.003482 0.288489
v -0.104231 -0.003572 0.287532
v -0.094835 -0.003526 0.282139
v -0.104171 0.006720 0.298736
v -0.101631 0.005804 0.288457
v -0.110848 -0.003433 0.311894
v -0.108055 0.004894 0.307749
v -0.113322 -0.003545 0.301265
v -0.113121 -0.003478 0.309159
v -0.103007 -0.003604 0.282192
v -0.113293 -0.003647 0.288928
v -0.097247 0.001508 0.280674
v -0.099176 -0.003603 0.277834
v -0.110258 0.005943 0.301075
v -0.115622 -0.003514 0.307649
v -0.118118 -0.003659 0.293114
v -0.108477 -0.003682 0.279187
v -0.109121 0.004907 0.282739
v -0.117643 0.002942 0.300404
v -0.114463 0.005047 0.290851
v -0.119813 -0.003639 0.297437
v -0.117240 -0.003704 0.286664
v -0.110095 0.000840 0.283576
v 0.461494 -0.006174 -0.291880
v 0.456042 0.002187 -0.284574
v 0.451783 -0.006138 -0.276195
v 0.449279 -0.006282 -0.290703
v 0.455548 -0.006363 -0.307686
v 0.456358 0.000420 -0.303579
v 0.450818 0.000057 -0.277848
v 0.442632 -0.006274 -0.281964
v 0.439891 -0.006461 -0.301420
v 0.448249 -0.006446 -0.309268
v 0.449770 0.003922 -0.294788
v 0.442206 -0.001940 -0.293503
v 0.459288 -0.006120 -0.282743
v 0.462118 -0.006130 -0.287299
v 0.458521 -0.006088 -0.278071
v 0.457506 0.001995 -0.294090
v 0.462329 -0.006223 -0.298752
v 0.457804 -0.006204 -0.291219
v 0.450663 -0.006196 -0.281893
v 0.459717 -0.006267 -0.301013
v 0.451092 -0.006343 -0.300164
v 0.459308 -0.006325 -0.307548
v 0.453516 0.004172 -0.288964
v 0.453856 0.003214 -0.299760
v 0.449696 -0.006143 -0.274460
v 0.451573 0.002335 -0.279156
v 0.444959 -0.006272 -0.284529
v 0.446846 -0.006189 -0.276701
v 0.451171 -0.006389 -0.305749
v 0.442354 -0.006400 -0.296837
v 0.456577 -0.001190 -0.308473
v 0.454061 -0.006404 -0.310913
v 0.447948 0.003396 -0.285336
v 0.444030 -0.006224 -0.277673
v 0.438438 -0.006394 -0.291633
v 0.445077 -0.006463 -0.307578
v 0.445169 0.002303 -0.303865
v 0.440450 0.000350 -0.284440
v 0.441575 0.002472 -0.294635
v 0.437670 -0.006363 -0.286961
v 0.437935 -0.006454 -0.298252
v 0.444388 -0.001840 -0.302838
v 0.307991 -0.002393 0.318317
v 0.302725 0.005683 0.325374
v 0.298612 -0.002357 0.333466
v 0.296194 -0.002497 0.319454
v 0.302248 -0.002575 0.303052
v 0.303031 0.003976 0.307018
v 0.297679 0.003625 0.331870
v 0.289773 -0.002489 0.327895
v 0.287126 -0.002670 0.309104
v 0.295199 -0.002655 0.301524
v 0.296668 0.007358 0.315509
v 0.289362 0.001697 0.316750
v 0.305860 -0.002340 0.327142
v 0.308593 -0.002350 0.322742
v 0.305120 -0.002310 0.331655
v 0.304139 0.005497 0.316183
v 0.308798 -0.002440 0.311681
v 0.304427 -0.002422 0.318956
v 0.297530 -0.002413 0.327962
v 0.306275 -0.002483 0.309496
v 0.297944 -0.002556 0.310317
v 0.305880 -0.002539 0.303185
v 0.300285 0.007600 0.321134
v 0.300614 0.006675 0.310707
v 0.296596 -0.002363 0.335142
v 0.298409 0.005825 0.330607
v 0.292022 -0.002488 0.325417
v 0.293843 -0.002407 0.332977
v 0.298021 -0.002600 0.304923
v 0.289506 -0.002611 0.313530
v 0.303242 0.002421 0.302292
v 0.300812 -0.002614 0.299935
v 0.294908 0.006850 0.324638
v 0.291124 -0.002441 0.332039
v 0.285723 -0.002605 0.318556
v 0.292135 -0.002671 0.303156
v 0.292224 0.005795 0.306742
v 0.287666 0.003908 0.325504
v 0.288753 0.005958 0.315657
v 0.284982 -0.002575 0.323069
v 0.285238 -0.002663 0.312163
v 0.291470 0.001793 0.307734
v 0.267302 -0.004582 -0.054414
v 0.268473 -0.003097 -0.055533
v 0.269362 -0.004583 -0.056960
v 0.269480 -0.004560 -0.054349
v 0.267998 -0.004551 -0.051498
v 0.267985 -0.003360 -0.052202
v 0.269531 -0.003475 -0.056613
v 0.270845 -0.004559 -0.055741
v 0.270895 -0.004529 -0.052253
v 0.269248 -0.004535 -0.051056
v 0.269361 -0.002738 -0.053584
v 0.270689 -0.003756 -0.053674
v 0.267894 -0.004589 -0.055974
v 0.267294 -0.004589 -0.055235
v 0.268133 -0.004593 -0.056780
v 0.268002 -0.003110 -0.053890
v 0.267002 -0.004575 -0.053222
v 0.267967 -0.004576 -0.054448
v 0.269432 -0.004574 -0.055932
v 0.267412 -0.004567 -0.052766
v 0.268950 -0.004552 -0.052723
v 0.267338 -0.004558 -0.051606
v 0.268832 -0.002723 -0.054692
v 0.268526 -0.002865 -0.052803
v 0.269768 -0.004581 -0.057220
v 0.269381 -0.003069 -0.056387
v 0.270378 -0.004560 -0.055341
v 0.270220 -0.004573 -0.056761
v 0.268812 -0.004545 -0.051742
v 0.270563 -0.004540 -0.053115
v 0.267828 -0.003634 -0.051353
v 0.268188 -0.004544 -0.050896
v 0.269889 -0.002851 -0.055211
v 0.270695 -0.004567 -0.056528
v 0.271369 -0.004539 -0.053944
v 0.269845 -0.004531 -0.051284
v 0.269961 -0.002985 -0.051891
v 0.271213 -0.003368 -0.055219
v 0.270800 -0.002967 -0.053436
v 0.271608 -0.004543 -0.054750
v 0.271310 -0.004530 -0.052767
v 0.270097 -0.003721 -0.052077
v -0.122147 -0.002479 -0.243427
v -0.116918 0.004154 -0.248424
v -0.112947 -0.002485 -0.254801
v -0.112420 -0.002383 -0.243138
v -0.119040 -0.002341 -0.230401
v -0.119098 0.002978 -0.233544
v -0.112193 0.002466 -0.253250
v -0.106320 -0.002376 -0.249353
v -0.106099 -0.002244 -0.233773
v -0.113456 -0.002271 -0.228430
v -0.112951 0.005756 -0.239718
v -0.107020 0.001210 -0.240121
v -0.119503 -0.002511 -0.250396
v -0.122183 -0.002510 -0.247093
v -0.118435 -0.002531 -0.253996
v -0.119019 0.004094 -0.241086
v -0.123488 -0.002448 -0.238104
v -0.119178 -0.002452 -0.243580
v -0.112633 -0.002444 -0.250207
v -0.121657 -0.002413 -0.236065
v -0.114786 -0.002345 -0.235875
v -0.121985 -0.002373 -0.230883
v -0.115315 0.005823 -0.244668
v -0.116678 0.005189 -0.236231
v -0.111132 -0.002477 -0.255959
v -0.112859 0.004277 -0.252239
v -0.108407 -0.002381 -0.247566
v -0.109112 -0.002440 -0.253912
v -0.115405 -0.002315 -0.231489
v -0.107581 -0.002290 -0.237624
v -0.119797 0.001757 -0.229755
v -0.118192 -0.002310 -0.227714
v -0.110592 0.005253 -0.246988
v -0.106994 -0.002411 -0.252868
v -0.103983 -0.002287 -0.241329
v -0.110791 -0.002253 -0.229444
v -0.110272 0.004655 -0.232156
v -0.104680 0.002945 -0.247022
v -0.106523 0.004735 -0.239057
v -0.102914 -0.002306 -0.244928
v -0.104245 -0.002245 -0.236071
v -0.109661 0.001368 -0.232990
v 0.196852 -0.001083 0.133343
v 0.202685 0.006315 0.127769
v 0.207114 -0.001090 0.120656
v 0.207702 -0.000976 0.133665
v 0.200317 -0.000929 0.147873
v 0.200253 0.005004 0.144366
v 0.207955 0.004432 0.122386
v 0.214506 -0.000968 0.126733
v 0.214752 -0.000821 0.144110
v 0.206547 -0.000851 0.150071
v 0.207110 0.008101 0.137480
v 0.213725 0.003032 0.137030
v 0.199801 -0.001119 0.125569
v 0.196813 -0.001118 0.129254
v 0.200993 -0.001141 0.121554
v 0.200341 0.006248 0.135953
v 0.195357 -0.001048 0.139280
v 0.200163 -0.001053 0.133172
v 0.207465 -0.001044 0.125781
v 0.197399 -0.001010 0.141555
v 0.205062 -0.000934 0.141766
v 0.197032 -0.000965 0.147334
v 0.204473 0.008177 0.131959
v 0.202952 0.007469 0.141370
v 0.209138 -0.001081 0.119364
v 0.207212 0.006452 0.123513
v 0.212178 -0.000974 0.128726
v 0.211391 -0.001040 0.121648
v 0.204373 -0.000900 0.146659
v 0.213099 -0.000873 0.139816
v 0.199474 0.003641 0.148593
v 0.201264 -0.000895 0.150869
v 0.209740 0.007541 0.129371
v 0.213754 -0.001008 0.122813
v 0.217113 -0.000869 0.135683
v 0.209518 -0.000832 0.148939
v 0.210097 0.006874 0.145914
v 0.216335 0.004967 0.129333
v 0.214279 0.006963 0.138216
v 0.218305 -0.000891 0.131668
v 0.216820 -0.000823 0.141548
v 0.210779 0.003207 0.144984
v -0.001766 -0.005270 0.251706
v 0.004196 0.002292 0.246008
v 0.008723 -0.005277 0.238738
v 0.009324 -0.005160 0.252035
v 0.001776 -0.005113 0.266557
v 0.001710 0.000952 0.262973
v 0.009582 0.000367 0.240506
v 0.016278 -0.005152 0.244950
v 0.016530 -0.005002 0.262712
v 0.008143 -0.005033 0.268804
v 0.008718 0.004118 0.255934
v 0.015481 -0.001064 0.255474
v 0.001248 -0.005307 0.243760
v -0.001806 -0.005305 0.247526
v 0.002466 -0.005329 0.239656
v 0.001800 0.002224 0.254374
v -0.003295 -0.005234 0.257775
v 0.001618 -0.005239 0.251531
v 0.009081 -0.005230 0.243976
v -0.001208 -0.005195 0.260100
v 0.006626 -0.005118 0.260315
v -0.001582 -0.005149 0.266007
v 0.006023 0.004195 0.250291
v 0.004469 0.003472 0.259910
v 0.010792 -0.005268 0.237418
v 0.008823 0.002433 0.241659
v 0.013899 -0.005158 0.246987
v 0.013095 -0.005226 0.239751
v 0.005921 -0.005083 0.265316
v 0.014840 -0.005055 0.258322
v 0.000913 -0.000441 0.267293
v 0.002743 -0.005078 0.269620
v 0.011407 0.003545 0.247646
v 0.015510 -0.005193 0.240942
v 0.018943 -0.005051 0.254098
v 0.011180 -0.005013 0.267648
v 0.011772 0.002864 0.264555
v 0.018148 0.000914 0.247607
v 0.016047 0.002955 0.256687
v 0.020161 -0.005073 0.249994
v 0.018644 -0.005004 0.260092
v 0.012469 -0.000884 0.263605
v -0.397473 -0.003013 0.128267
v -0.391006 0.005190 0.122087
v -0.386096 -0.003020 0.114201
v -0.385444 -0.002894 0.128624
v -0.393632 -0.002842 0.144376
v -0.393703 0.003735 0.140488
v -0.385164 0.003102 0.116119
v -0.377901 -0.002886 0.120938
v -0.377627 -0.002723 0.140205
v -0.386725 -0.002756 0.146813
v -0.386101 0.007170 0.132853
v -0.378766 0.001549 0.132355
v -0.394204 -0.003053 0.119649
v -0.397517 -0.003051 0.123733
v -0.392882 -0.003077 0.115197
v -0.393605 0.005115 0.131161
v -0.399131 -0.002975 0.134850
v -0.393802 -0.002979 0.128078
v -0.385707 -0.002969 0.119883
v -0.396867 -0.002932 0.137372
v -0.388371 -0.002848 0.137606
v -0.397274 -0.002883 0.143779
v -0.389024 0.007254 0.126732
v -0.390710 0.006469 0.137166
v -0.383852 -0.003011 0.112769
v -0.385988 0.005342 0.117369
v -0.380482 -0.002892 0.123148
v -0.381354 -0.002966 0.115300
v -0.389135 -0.002810 0.143030
v -0.379461 -0.002780 0.135443
v -0.394567 0.002225 0.145175
v -0.392582 -0.002805 0.147699
v -0.383184 0.006548 0.123863
v -0.378734 -0.002930 0.116592
v -0.375010 -0.002775 0.130862
v -0.383430 -0.002734 0.145559
v -0.382789 0.005809 0.142205
v -0.375873 0.003694 0.123821
v -0.378152 0.005908 0.133670
v -0.373689 -0.002800 0.126410
v -0.375335 -0.002724 0.137364
v -0.382032 0.001744 0.141173
v 0.064604 -0.003655 -0.203022
v 0.071198 0.004709 -0.209323
v 0.076205 -0.003663 -0.217365
v 0.076869 -0.003534 -0.202657
v 0.068521 -0.003481 -0.186595
v 0.068449 0.003226 -0.190560
v 0.077156 0.002580 -0.215409
v 0.084561 -0.003525 -0.210494
v 0.084840 -0.003359 -0.190848
v 0.075564 -0.003393 -0.184110
v 0.076200 0.006728 -0.198345
v 0.083679 0.000997 -0.198853
v 0.067938 -0.003696 -0.211810
v 0.064559 -0.003694 -0.207645
v 0.069285 -0.003721 -0.216349
v 0.068548 0.004633 -0.200070
v 0.062913 -0.003616 -0.196309
v 0.068347 -0.003621 -0.203215
v 0.076601 -0.003611 -0.211571
v 0.065221 -0.003572 -0.193738
v 0.073885 -0.003487 -0.193499
v 0.064807 -0.003522 -0.187204
v 0.073219 0.006814 -0.204587
v 0.071500 0.006014 -0.193947
v 0.078493 -0.003653 -0.218825
v 0.076315 0.004864 -0.214134
v 0.081929 -0.003532 -0.208241
v 0.081040 -0.003607 -0.216243
v 0.073106 -0.003448 -0.187968
v 0.082970 -0.003418 -0.195704
v 0.067567 0.001686 -0.185781
v 0.069591 -0.003443 -0.183208
v 0.079174 0.006094 -0.207512
v 0.083712 -0.003570 -0.214927
v 0.087509 -0.003413 -0.200376
v 0.078923 -0.003371 -0.185389
v 0.079578 0.005341 -0.188810
v 0.086629 0.003184 -0.207555
v 0.084305 0.005441 -0.197512
v 0.088856 -0.003437 -0.204915
v 0.087178 -0.003361 -0.193746
v 0.080349 0.001196 -0.189861
v -0.112967 -0.002360 0.151821
v -0.107005 0.005203 0.146123
v -0.102478 -0.002366 0.138853
v -0.101877 -0.002250 0.152150
v -0.109425 -0.002202 0.166672
v -0.109491 0.003862 0.163088
v -0.101619 0.003278 0.140621
v -0.094923 -0.002242 0.145064
v -0.094671 -0.002092 0.162827
v -0.103058 -0.002122 0.168919
v -0.102483 0.007028 0.156049
v -0.095721 0.001846 0.155589
v -0.109953 -0.002397 0.143875
v -0.113008 -0.002395 0.147641
v -0.108735 -0.002419 0.139771
v -0.109401 0.005134 0.154489
v -0.114496 -0.002324 0.157889
v -0.109583 -0.002328 0.151646
v -0.102120 -0.002319 0.144091
v -0.112409 -0.002285 0.160215
v -0.104575 -0.002207 0.160430
v -0.112783 -0.002239 0.166122
v -0.105178 0.007106 0.150406
v -0.106732 0.006382 0.160025
v -0.100409 -0.002357 0.137533
v -0.102378 0.005343 0.141774
v -0.097302 -0.002248 0.147101
v -0.098107 -0.002316 0.139867
v -0.105280 -0.002173 0.165431
v -0.096361 -0.002145 0.158437
v -0.110288 0.002469 0.167408
v -0.108458 -0.002167 0.169735
v -0.099794 0.006455 0.147761
v -0.095691 -0.002283 0.141057
v -0.092258 -0.002140 0.154213
v -0.100021 -0.002103 0.167762
v -0.099429 0.005774 0.164670
v -0.093053 0.003824 0.147722
v -0.095154 0.005865 0.156802
v -0.091040 -0.002163 0.150109
v -0.092557 -0.002093 0.160207
v -0.098732 0.002026 0.163719
v 0.077314 -0.001983 -0.039718
v 0.083111 0.005369 -0.045257
v 0.087512 -0.001990 -0.052326
v 0.088096 -0.001877 -0.039397
v 0.080757 -0.001830 -0.025278
v 0.080694 0.004066 -0.028763
v 0.088348 0.003498 -0.050606
v 0.094857 -0.001869 -0.046286
v 0.095102 -0.001723 -0.029017
v 0.086948 -0.001752 -0.023094
v 0.087507 0.007144 -0.035607
v 0.094082 0.002106 -0.036054
v 0.080245 -0.002019 -0.047443
v 0.077275 -0.002017 -0.043782
v 0.081429 -0.002041 -0.051433
v 0.080781 0.005303 -0.037123
v 0.075828 -0.001948 -0.033817
v 0.080604 -0.001953 -0.039887
v 0.087860 -0.001944 -0.047233
v 0.077857 -0.001910 -0.031557
v 0.085473 -0.001835 -0.031347
v 0.077493 -0.001866 -0.025814
v 0.084887 0.007219 -0.041093
v 0.083376 0.006516 -0.031741
v 0.089523 -0.001981 -0.053609
v 0.087609 0.005505 -0.049486
v 0.092544 -0.001875 -0.044306
v 0.091762 -0.001940 -0.051340
v 0.084788 -0.001801 -0.026485
v 0.093459 -0.001774 -0.033285
v 0.079919 0.002712 -0.024563
v 0.081698 -0.001796 -0.022301
v 0.090122 0.006587 -0.043665
v 0.094110 -0.001908 -0.050183
v 0.097448 -0.001770 -0.037392
v 0.089901 -0.001733 -0.024219
v 0.090476 0.005925 -0.027225
v 0.096675 0.004029 -0.043703
v 0.094632 0.006013 -0.034874
v 0.098633 -0.001792 -0.041382
v 0.097157 -0.001724 -0.031564
v 0.091154 0.002281 -0.028150
v -0.328811 -0.003676 -0.051754
v -0.323778 0.001520 -0.054382
v -0.319437 -0.003640 -0.058274
v -0.321584 -0.003587 -0.049419
v -0.329321 -0.003594 -0.041316
v -0.328659 0.000564 -0.043702
v -0.319192 0.000221 -0.056963
v -0.315659 -0.003558 -0.052747
v -0.318887 -0.003491 -0.041024
v -0.325565 -0.003536 -0.038623
v -0.322697 0.002756 -0.046998
v -0.318181 -0.000782 -0.045993
v -0.325311 -0.003681 -0.056401
v -0.328039 -0.003691 -0.054510
v -0.323726 -0.003686 -0.058865
v -0.326952 0.001453 -0.049340
v -0.330976 -0.003666 -0.048058
v -0.326553 -0.003650 -0.051222
v -0.320203 -0.003618 -0.054762
v -0.330048 -0.003641 -0.046131
v -0.324940 -0.003578 -0.044492
v -0.331423 -0.003623 -0.042320
v -0.323389 0.002817 -0.051223
v -0.326252 0.002300 -0.045195
v -0.317825 -0.003628 -0.058746
v -0.319905 0.001631 -0.056357
v -0.317612 -0.003569 -0.051863
v -0.316758 -0.003602 -0.056772
v -0.326359 -0.003566 -0.041340
v -0.319160 -0.003521 -0.044232
v -0.330013 -0.000399 -0.041010
v -0.329270 -0.003575 -0.039118
v -0.319347 0.002384 -0.051930
v -0.315397 -0.003578 -0.055528
v -0.315655 -0.003503 -0.046224
v -0.323347 -0.003516 -0.038802
v -0.322341 0.001883 -0.040744
v -0.314918 0.000592 -0.050660
v -0.318027 0.001967 -0.045099
v -0.314070 -0.003509 -0.048689
v -0.316998 -0.003484 -0.042342
v -0.321714 -0.000680 -0.041225
v -0.077002 -0.002582 0.161124
v -0.067753 0.006968 0.156296
v -0.059776 -0.002515 0.149144
v -0.063721 -0.002418 0.165416
v -0.077939 -0.002432 0.180306
v -0.076722 0.005211 0.175922
v -0.059325 0.004580 0.151552
v -0.052832 -0.002364 0.159300
v -0.058765 -0.002242 0.180843
v -0.071036 -0.002324 0.185256
v -0.065766 0.009238 0.169864
v -0.057467 0.002737 0.171712
v -0.070570 -0.002591 0.152585
v -0.075582 -0.002610 0.156061
v -0.067657 -0.002600 0.148056
v -0.073586 0.006844 0.165560
v -0.080980 -0.002564 0.167917
v -0.072852 -0.002534 0.162101
v -0.061183 -0.002475 0.155597
v -0.079275 -0.002518 0.171458
v -0.069888 -0.002402 0.174470
v -0.081802 -0.002484 0.178462
v -0.067038 0.009350 0.162101
v -0.072299 0.008399 0.173178
v -0.056813 -0.002494 0.148276
v -0.060635 0.007172 0.152666
v -0.056421 -0.002385 0.160925
v -0.054851 -0.002445 0.151903
v -0.072496 -0.002379 0.180263
v -0.059265 -0.002296 0.174947
v -0.079211 0.003440 0.180868
v -0.077846 -0.002397 0.184346
v -0.059609 0.008554 0.160800
v -0.052352 -0.002402 0.154190
v -0.052825 -0.002265 0.171286
v -0.066961 -0.002287 0.184926
v -0.065112 0.007634 0.181357
v -0.051470 0.005261 0.163135
v -0.057185 0.007789 0.173355
v -0.049912 -0.002274 0.166757
v -0.055292 -0.002229 0.178421
v -0.063959 0.002925 0.180473
vn 0.0096 -0.9999 0.0083
vn 0.6005 0.7234 0.3408
vn -0.8435 0.4725 -0.2553
vn -0.2046 0.9142 -0.3499
vn -0.5871 0.8095 -0.0057
vn 0.4353 0.8319 -0.3441
vn 0.0571 0.6292 0.7751
vn 0.1130 0.9849 0.1310
vn 0.7094 0.0418 0.7036
vn 0.5677 -0.0154 0.8231
vn 0.8049 -0.2237 0.5496
vn 0.4395 0.4236 0.7921
vn -0.0096 0.9999 -0.0083
vn 0.6767 0.4279 0.5991
vn 0.9755 0.1101 -0.1905
vn 0.6989 0.5077 -0.5038
vn 0.3791 0.9252 -0.0168
vn 0.1544 0.9875 0.0304
vn -0.0553 0.9885 0.1410
vn -0.2796 0.9016 0.3301
vn -0.1620 0.4418 0.8823
vn 0.6918 0.4909 -0.5296
vn 0.8401 0.5073 -0.1922
vn 0.0742 0.9815 -0.1762
vn 0.1059 0.9944 -0.0030
vn -0.1208 0.4871 0.8650
vn -0.8231 0.1360 0.5514
vn -0.6414 0.6577 -0.3951
vn 0.1902 0.4674 -0.8633
vn 0.0143 0.4182 -0.9082
vn -0.3762 0.6025 -0.7039
vn -0.1109 0.9933 0.0325
vn -0.4079 0.9056 -0.1160
vn -0.8430 0.5334 -0.0698
vn -0.7761 0.5209 -0.3554
vn -0.6101 0.5135 -0.6034
vn -0.7482 0.6518 -0.1237
vn 0.0106 -0.9999 0.0134
vn 0.9900 0.1002 -0.0992
vn -0.0106 0.9999 -0.0134
vn 0.7011 0.1119 -0.7042
vn 0.2527 0.0842 -0.9639
vn 0.9852 0.0897 -0.1464
vn -0.8673 0.4887 -0.0947
vn -0.7615 0.3930 -0.5155
vn -0.8500 0.3512 -0.3927
vn 0.4078 0.9129 -0.0157
vn 0.6260 0.7322 -0.2684
vn 0.4441 0.8281 -0.3422
vn 0.3249 0.7203 0.6128
vn 0.5373 0.1598 0.8281
vn 0.7506 0.6056 0.2642
vn -0.4596 0.4572 0.7614
vn -0.4352 0.0794 0.8968
vn -0.3094 0.0868 0.9470
vn -0.8355 0.5370 0.1162
vn -0.8509 0.5252 -0.0102
vn -0.7703 0.5510 0.3210
vn -0.7051 0.5638 0.4300
vn -0.8432 0.4389 0.3104
vn -0.7284 0.4395 0.5256
vn -0.6569 0.5865 0.4738
vn -0.7499 0.6066 0.2641
vn -0.7308 0.5798 0.3603
vn -0.6486 0.4226 0.6330
vn -0.7186 0.4079 0.5632
vn -0.5636 0.0817 0.8220
vn -0.4765 0.6493 0.5927
vn -0.5019 0.5270 0.6859
vn -0.2653 0.6476 0.7143
vn -0.2433 0.5551 0.7954
vn -0.4774 0.4229 0.7702
vn -0.2499 0.1191 0.9609
vn 0.0344 0.5663 0.8235
vn -0.1131 0.1046 0.9881
vn 0.3065 0.1306 0.9429
vn -0.3572 0.8055 0.4728
vn -0.0587 0.8401 0.5393
vn 0.0717 0.9590 0.2742
vn 0.4352 0.8905 0.1328
vn 0.2972 0.8375 0.4585
vn 0.6929 0.7138 0.1017
vn 0.4558 0.8847 0.0981
vn 0.7057 0.7048 0.0717
vn 0.6915 0.7102 -0.1323
vn -0.3749 0.8224 0.4280
vn 0.0692 0.9617 0.2654
vn -0.3685 0.9205 0.1299
vn -0.3367 0.9389 0.0721
vn 0.2040 0.9769 0.0636
vn 0.3248 0.8864 -0.3298
vn -0.3951 0.9120 -0.1106
vn 0.3027 0.8768 -0.3736
vn -0.3120 0.7159 -0.6246
vn -0.7052 0.5752 0.4145
vn -0.7956 0.5983 0.0952
vn -0.8459 0.5058 0.1692
vn -0.8962 0.4120 -0.1647
vn -0.8095 0.5243 -0.2642
vn -0.8215 0.3485 -0.4513
vn -0.8074 0.5630 -0.1766
vn -0.7899 0.4182 -0.4485
vn -0.8243 0.4518 -0.3412
vn -0.9642 0.2613 0.0454
vn -0.9536 0.3001 -0.0239
vn -0.7847 0.5226 0.3333
vn -0.7429 0.4412 0.5035
vn -0.8800 0.1748 0.4417
vn -0.7021 0.1630 0.6931
vn -0.6930 0.4739 0.5433
vn -0.4909 0.3254 0.8082
vn -0.4140 0.2288 0.8811
vn 0.4519 0.1799 0.8737
vn 0.9845 0.1626 -0.0653
vn 0.9746 0.1936 0.1128
vn 0.9872 0.1131 -0.1124
vn 0.8841 0.4555 -0.1039
vn 0.9117 0.3255 -0.2508
vn 0.8289 0.4906 -0.2687
vn 0.6680 0.6048 -0.4335
vn 0.6474 0.4941 -0.5803
vn 0.5185 0.6551 -0.5495
vn 0.5396 0.6663 -0.5147
vn 0.6632 0.5071 -0.5505
vn 0.0494 0.1345 -0.9897
vn 0.4154 0.7178 -0.5587
vn 0.4159 0.1345 -0.8994
vn -0.1561 0.6201 -0.7688
vn -0.4546 0.0468 -0.8894
vn -0.5810 0.0402 -0.8129
vn -0.5345 0.0544 -0.8434
vn -0.6760 0.1075 -0.7290
vn -0.8275 0.2071 -0.5218
vn 0.8158 0.4571 -0.3542
vn 0.9062 0.3102 -0.2873
vn 0.8005 0.3828 -0.4613
vn 0.7868 0.4514 -0.4210
vn 0.9207 0.1842 -0.3441
vn 0.9519 0.3043 0.0356
vn 0.5046 0.1308 -0.8534
vn 0.8030 0.0742 -0.5913
vn -0.5792 0.0443 -0.8140
vn -0.1380 0.0295 -0.9900
vn -0.9642 0.1627 -0.2096
vn 0.0839 -0.9937 0.0739
vn -0.9837 0.1257 -0.1288
vn -0.0840 0.9937 -0.0739
vn -0.8450 0.1255 0.5199
vn -0.0839 0.9937 -0.0739
vn -0.4665 0.0835 0.8806
vn -0.9901 0.1140 -0.0815
vn 0.8107 0.5312 0.2463
vn 0.6200 0.4212 0.6620
vn 0.7404 0.3725 0.5595
vn -0.4380 0.8873 -0.1442
vn -0.6784 0.7331 0.0494
vn -0.5421 0.8279 0.1441
vn -0.2291 0.7131 -0.6626
vn -0.3510 0.1903 -0.9168
vn -0.6638 0.6090 -0.4341
vn 0.5581 0.4862 -0.6724
vn 0.6115 0.0891 -0.7862
vn 0.4978 0.1002 -0.8615
vn 0.8122 0.5830 0.0195
vn 0.8062 0.5716 0.1523
vn 0.7793 0.5940 -0.1996
vn 0.7296 0.6044 -0.3200
vn 0.8663 0.4721 -0.1630
vn 0.7875 0.4711 -0.3975
vn 0.6847 0.6261 -0.3731
vn 0.7405 0.6543 -0.1532
vn 0.7415 0.6232 -0.2487
vn 0.7283 0.4522 -0.5149
vn 0.7884 0.4369 -0.4331
vn 0.7216 0.0881 -0.6866
vn 0.5148 0.6812 -0.5206
vn 0.5756 0.5583 -0.5975
vn 0.3323 0.6691 -0.6648
vn 0.3396 0.5794 -0.7409
vn 0.5824 0.4511 -0.6763
vn 0.4383 0.1360 -0.8885
vn 0.0835 0.5834 -0.8079
vn 0.3123 0.1235 -0.9419
vn -0.1053 0.1576 -0.9819
vn 0.3532 0.8272 -0.4369
vn 0.0835 0.8360 -0.5423
vn -0.0945 0.9367 -0.3370
vn -0.4278 0.8612 -0.2745
vn -0.2425 0.8151 -0.5261
vn -0.6486 0.7052 -0.2863
vn -0.4522 0.8566 -0.2484
vn -0.6663 0.6980 -0.2625
vn -0.7015 0.7079 -0.0826
vn 0.3597 0.8457 -0.3942
vn -0.0943 0.9396 -0.3291
vn 0.2849 0.9499 -0.1285
vn 0.2408 0.9670 -0.0826
vn -0.2523 0.9508 -0.1795
vn -0.4388 0.8856 0.1523
vn 0.2662 0.9582 0.1053
vn -0.4297 0.8809 0.1983
vn 0.1002 0.7762 0.6225
vn 0.7254 0.6166 -0.3059
vn 0.7592 0.6503 0.0255
vn 0.8362 0.5477 -0.0283
vn 0.8326 0.4433 0.3320
vn 0.7132 0.5730 0.4038
vn 0.6985 0.3693 0.6130
vn 0.7246 0.6160 0.3089
vn 0.6624 0.4506 0.5984
vn 0.7188 0.4897 0.4935
vn 0.9513 0.2709 0.1467
vn 0.9254 0.3148 0.2110
vn 0.8001 0.5633 -0.2061
vn 0.7980 0.4732 -0.3733
vn 0.9495 0.1792 -0.2574
vn 0.8239 0.1722 -0.5400
vn 0.7499 0.5075 -0.4243
vn 0.6169 0.3497 -0.7051
vn 0.5684 0.2491 -0.7841
vn 0.0839 -0.9937 0.0740
vn -0.2616 0.2100 -0.9421
vn -0.9678 0.1908 -0.1645
vn -0.9163 0.2239 -0.3322
vn 0.0838 -0.9937 0.0739
vn -0.9834 0.1390 -0.1164
vn -0.8698 0.4765 -0.1279
vn -0.9358 0.3523 0.0124
vn -0.8593 0.5106 0.0308
vn -0.7563 0.6214 0.2045
vn -0.7748 0.5187 0.3614
vn -0.6544 0.6751 0.3406
vn -0.6644 0.6839 0.3014
vn -0.7816 0.5308 0.3277
vn -0.2791 0.1344 0.9508
vn -0.5673 0.7381 0.3652
vn -0.6161 0.1422 0.7747
vn -0.0774 0.6697 0.7386
vn 0.2473 0.0293 0.9685
vn 0.3884 0.0205 0.9213
vn 0.3354 0.0365 0.9414
vn 0.0840 -0.9937 0.0740
vn 0.4981 0.0937 0.8620
vn 0.6934 0.2057 0.6905
vn -0.8697 0.4798 0.1157
vn -0.9402 0.3370 0.0493
vn -0.8840 0.4081 0.2281
vn -0.8604 0.4749 0.1849
vn -0.9713 0.2093 0.1131
vn -0.9064 0.3328 -0.2602
vn -0.6910 0.1403 0.7091
vn -0.9159 0.0884 0.3915
vn 0.3863 0.0250 0.9220
vn -0.0836 0.0156 0.9964
vn 0.8987 0.1567 0.4096
vn -0.7784 0.0885 0.6215
vn 0.7219 0.4119 0.5561
vn -0.5621 0.8265 0.0304
vn -0.4849 0.6207 -0.6161
vn 0.5904 0.1074 -0.7999
vn 0.7563 0.6536 0.0287
vn 0.7786 0.5362 -0.3260
vn 0.7771 0.5743 -0.2575
vn 0.7191 0.4685 -0.5132
vn 0.5204 0.6273 -0.5793
vn 0.4470 0.4645 -0.7645
vn 0.1208 0.1828 -0.9757
vn 0.0808 0.8824 -0.4636
vn -0.4356 0.8242 -0.3619
vn -0.6464 0.7434 -0.1719
vn 0.2660 0.9124 -0.3111
vn -0.2432 0.9667 -0.0794
vn 0.0230 0.9454 0.3252
vn 0.7911 0.6099 -0.0468
vn 0.7756 0.4581 0.4343
vn 0.7207 0.4869 0.4935
vn 0.9475 0.2721 0.1677
vn 0.8805 0.2795 -0.3828
vn 0.7226 0.1931 -0.6637
vn -0.9136 0.1432 -0.3807
vn -0.9625 0.1613 -0.2180
vn -0.8984 0.4378 -0.0348
vn -0.7434 0.6038 0.2876
vn -0.7244 0.5694 0.3887
vn -0.4580 0.6694 0.5849
vn 0.3072 0.0161 0.9515
vn 0.5183 0.0886 0.8506
vn -0.8867 0.4397 0.1430
vn -0.9550 0.2635 -0.1358
vn -0.7038 0.1295 0.6985
vn 0.2365 -0.0018 0.9716
vn 0.0098 -0.9997 0.0231
vn 0.2474 0.1410 -0.9586
vn -0.0098 0.9997 -0.0231
vn -0.4142 0.1551 -0.8969
vn -0.8130 0.1158 -0.5706
vn 0.2020 0.1278 -0.9710
vn -0.3650 0.5894 0.7206
vn -0.7165 0.4840 0.5023
vn -0.6423 0.4350 0.6311
vn 0.1020 0.9380 -0.3313
vn -0.0276 0.8050 -0.5926
vn -0.1337 0.8787 -0.4583
vn 0.5899 0.8011 -0.1014
vn 0.9527 0.2081 -0.2213
vn 0.4480 0.6985 -0.5580
vn 0.5282 0.5546 0.6430
vn 0.6917 0.0942 0.7160
vn 0.7818 0.1051 0.6146
vn -0.1657 0.6401 0.7502
vn -0.2820 0.6279 0.7254
vn 0.0342 0.6542 0.7555
vn 0.1493 0.6669 0.7300
vn 0.0013 0.5346 0.8451
vn 0.2322 0.5352 0.8122
vn 0.2013 0.6891 0.6961
vn -0.0084 0.7090 0.7051
vn 0.0804 0.6829 0.7261
vn 0.3559 0.5163 0.7790
vn 0.2710 0.4996 0.8228
vn 0.5773 0.0961 0.8109
vn 0.3524 0.7475 0.5631
vn 0.4393 0.6288 0.6416
vn 0.5179 0.7443 0.4216
vn 0.6099 0.6563 0.4441
vn 0.5347 0.5167 0.6687
vn 0.8143 0.1474 0.5615
vn 0.7153 0.6661 0.2113
vn 0.8869 0.1302 0.4432
vn 0.9852 0.1682 0.0335
vn 0.2724 0.8768 0.3964
vn 0.4034 0.8982 0.1748
vn 0.2235 0.9747 -0.0051
vn 0.2213 0.9235 -0.3134
vn 0.4381 0.8905 -0.1227
vn 0.2854 0.7907 -0.5417
vn 0.2013 0.9191 -0.3386
vn 0.2661 0.7832 -0.5619
vn 0.0992 0.7872 -0.6086
vn 0.2303 0.8896 0.3944
vn 0.2161 0.9764 -0.0057
vn -0.0018 0.9576 0.2881
vn -0.0362 0.9688 0.2453
vn 0.1033 0.9821 -0.1577
vn -0.1545 0.9207 -0.3584
vn -0.1911 0.9513 0.2420
vn -0.1941 0.9144 -0.3552
vn -0.5966 0.8013 0.0445
vn 0.1355 0.6782 0.7223
vn -0.1677 0.7011 0.6930
vn -0.1240 0.6076 0.7845
vn -0.4449 0.5048 0.7397
vn -0.4901 0.6269 0.6057
vn -0.6860 0.4320 0.5854
vn -0.4084 0.6661 0.6241
vn -0.6623 0.5124 0.5466
vn -0.5733 0.5496 0.6077
vn -0.2866 0.3243 0.9015
vn -0.3452 0.3724 0.8615
vn 0.0405 0.6251 0.7795
vn 0.2075 0.5372 0.8175
vn 0.1107 0.2144 0.9705
vn 0.4075 0.2002 0.8910
vn 0.2576 0.5730 0.7780
vn 0.5757 0.4035 0.7112
vn 0.6774 0.2856 0.6779
vn 0.9643 0.2324 -0.1268
vn -0.0098 0.9997 -0.0232
vn 0.2749 0.2193 -0.9361
vn 0.4339 0.2569 -0.8636
vn 0.2338 0.1573 -0.9595
vn 0.1927 0.5536 -0.8102
vn 0.0770 0.4134 -0.9073
vn 0.0328 0.5891 -0.8074
vn -0.1524 0.6975 -0.7002
vn -0.2902 0.5930 -0.7511
vn -0.2887 0.7424 -0.6046
vn -0.2530 0.7517 -0.6090
vn -0.2586 0.6058 -0.7524
vn -0.9035 0.1779 -0.3899
vn -0.3201 0.7952 -0.5149
vn -0.6923 0.1814 -0.6985
vn -0.6865 0.7163 -0.1254
vn -0.9913 0.0592 0.1175
vn -0.9636 0.0487 0.2629
vn -0.9757 0.0678 0.2081
vn 0.0097 -0.9997 0.0231
vn -0.9160 0.1345 0.3781
vn -0.7689 0.2594 0.5844
vn -0.0447 0.5554 -0.8304
vn 0.0427 0.3959 -0.9173
vn -0.1452 0.4769 -0.8669
vn -0.1117 0.5496 -0.8279
vn -0.0039 0.2464 -0.9692
vn 0.3477 0.3887 -0.8532
vn -0.6192 0.1775 -0.7649
vn -0.2755 0.1077 -0.9553
vn -0.9639 0.0541 0.2607
vn -0.9761 0.0409 -0.2136
vn -0.5283 0.2005 0.8250
vn 0.0097 -0.9997 0.0232
vn -0.5198 0.1138 -0.8466
vn -0.6344 0.4744 0.6103
vn -0.0318 0.8836 -0.4672
vn 0.6017 0.7119 -0.3623
vn 0.7066 0.1158 0.6980
vn -0.1704 0.7040 0.6895
vn 0.1573 0.6005 0.7840
vn 0.0895 0.6366 0.7660
vn 0.3530 0.5336 0.7686
vn 0.4169 0.6979 0.5824
vn 0.6401 0.5326 0.5537
vn 0.9445 0.2005 0.2604
vn 0.3230 0.9325 0.1618
vn 0.3087 0.8968 -0.3169
vn 0.1712 0.8222 -0.5428
vn 0.1595 0.9408 0.2991
vn 0.0148 0.9872 -0.1585
vn -0.3424 0.9393 0.0191
vn -0.1058 0.6661 0.7383
vn -0.5292 0.5194 0.6710
vn -0.5737 0.5470 0.6096
vn -0.3060 0.3259 0.8945
vn 0.2311 0.3272 0.9163
vn 0.5421 0.2220 0.8105
vn 0.4897 0.1575 -0.8575
vn 0.3309 0.1826 -0.9259
vn 0.1094 0.5103 -0.8530
vn -0.2291 0.6784 -0.6981
vn -0.3223 0.6426 -0.6951
vn -0.5215 0.7268 -0.4469
vn -0.9829 0.0436 0.1786
vn -0.9078 0.1284 0.3994
vn -0.0654 0.5118 -0.8566
vn 0.2369 0.3074 -0.9216
vn -0.6069 0.1644 -0.7776
vn -0.9942 0.0220 0.1054
vn 0.0267 -0.9994 0.0230
vn -0.0266 0.9994 -0.0230
vn -0.8455 0.2328 0.4806
vn -0.9718 0.0619 0.2274
vn -0.5798 0.0319 0.8141
vn -0.7590 0.0753 -0.6467
vn -0.0266 0.9994 -0.0229
vn -0.9222 0.2496 -0.2955
vn -0.9964 0.0823 -0.0215
vn -0.9444 0.3253 -0.0469
vn -0.0267 0.9994 -0.0230
vn -0.6263 0.0708 -0.7764
vn 0.1980 0.0300 0.9797
vn -0.0149 0.5737 -0.8189
vn -0.4907 0.4121 -0.7677
vn -0.5115 0.6022 -0.6129
vn 0.1490 0.4908 -0.8585
vn -0.1598 0.1530 -0.9752
vn -0.4150 0.4177 -0.8083
vn 0.6024 0.4272 -0.6743
vn 0.7169 0.1163 -0.6875
vn 0.4925 0.1629 -0.8549
vn 0.8806 0.3909 -0.2678
vn 0.9784 0.0839 0.1889
vn 0.9942 0.1023 -0.0324
vn 0.7152 0.6964 -0.0596
vn 0.4698 0.6883 0.5527
vn 0.7626 0.4987 0.4121
vn 0.7672 0.4078 -0.4951
vn 0.7805 0.5040 -0.3699
vn 0.8032 0.4120 -0.4303
vn 0.8714 0.4053 -0.2766
vn 0.8214 0.5134 -0.2484
vn 0.8946 0.4357 0.0996
vn 0.8809 0.3950 -0.2609
vn 0.8939 0.4374 0.0977
vn 0.9773 0.0843 0.1942
vn 0.7706 0.3872 -0.5062
vn 0.8019 0.3956 -0.4477
vn 0.7415 0.4023 -0.5369
vn 0.7069 0.4291 -0.5623
vn 0.7778 0.4160 -0.4712
vn 0.9729 0.1230 -0.1960
vn 0.7069 0.4284 -0.5628
vn 0.9784 0.1338 -0.1574
vn 0.8872 0.1218 -0.4451
vn 0.7186 0.3985 -0.5699
vn 0.6738 0.4143 -0.6118
vn 0.5920 0.4038 -0.6975
vn 0.5868 0.3914 -0.7088
vn 0.6667 0.3827 -0.6395
vn 0.5138 0.1562 -0.8436
vn 0.4245 0.3929 -0.8157
vn 0.4337 0.1499 -0.8885
vn 0.0089 0.1396 -0.9902
vn 0.7558 0.3657 -0.5432
vn 0.6295 0.3810 -0.6772
vn 0.5714 0.4361 -0.6953
vn 0.0890 0.4292 -0.8988
vn 0.1558 0.3921 -0.9066
vn -0.3342 0.3149 -0.8883
vn 0.2071 0.4068 -0.8897
vn -0.0739 0.3017 -0.9505
vn -0.2140 0.3323 -0.9186
vn 0.7850 0.3983 -0.4745
vn 0.5758 0.5114 -0.6379
vn 0.7582 0.5163 -0.3982
vn 0.5138 0.7584 -0.4011
vn 0.3129 0.6406 -0.7012
vn -0.2770 0.8042 -0.5259
vn 0.5159 0.8046 -0.2939
vn -0.3247 0.8243 -0.4638
vn -0.0154 0.9869 0.1608
vn 0.2945 0.4038 0.8662
vn 0.2638 0.1603 0.9512
vn 0.5999 0.3143 0.7358
vn 0.5853 0.3593 0.7269
vn 0.3446 0.0620 0.9367
vn 0.2380 0.0467 0.9701
vn 0.8422 0.3740 0.3882
vn 0.7612 0.0671 0.6451
vn 0.9918 0.0938 0.0872
vn 0.0266 -0.9994 0.0230
vn -0.0267 0.9994 -0.0229
vn -0.5490 0.0842 -0.8316
vn -0.8977 0.0607 -0.4365
vn -0.5859 0.0815 -0.8063
vn -0.6764 0.0509 -0.7348
vn -0.6182 0.1003 -0.7796
vn -0.6564 0.0362 -0.7535
vn -0.6174 0.1556 -0.7711
vn -0.6721 0.3507 -0.6521
vn -0.8704 0.2695 -0.4120
vn -0.7762 0.4554 -0.4361
vn -0.8436 0.4327 -0.3179
vn -0.9187 0.2553 -0.3014
vn -0.9563 0.2913 -0.0243
vn -0.7980 0.5525 -0.2408
vn -0.9185 0.3793 0.1120
vn -0.5774 0.7242 0.3770
vn -0.6258 0.1553 -0.7644
vn -0.6892 0.0375 -0.7236
vn -0.8400 0.1023 -0.5328
vn -0.8734 0.0705 -0.4818
vn -0.6940 0.0347 -0.7192
vn 0.0259 -0.9994 0.0224
vn -0.9023 0.0711 -0.4253
vn -0.9941 0.0640 -0.0871
vn -0.2292 0.3463 0.9097
vn -0.6490 0.1708 0.7413
vn -0.0983 0.1095 0.9891
vn -0.1413 0.0453 0.9889
vn -0.6266 0.2868 0.7246
vn -0.1073 0.0446 0.9932
vn -0.0207 0.0251 0.9995
vn 0.0280 -0.9993 0.0231
vn -0.8610 0.0889 0.5009
vn -0.9595 0.2396 -0.1482
vn -0.3146 0.5631 -0.7642
vn -0.2404 0.4142 -0.8779
vn 0.5884 0.1752 -0.7893
vn 0.9943 0.1065 -0.0071
vn 0.7137 0.6312 0.3035
vn 0.8043 0.4112 -0.4288
vn 0.8670 0.4687 -0.1693
vn 0.9207 0.3811 -0.0842
vn 0.7421 0.4088 -0.5312
vn 0.7779 0.4191 -0.4681
vn 0.9151 0.1550 -0.3723
vn 0.7136 0.3845 -0.5856
vn 0.5971 0.3849 -0.7038
vn 0.3583 0.1681 -0.9183
vn 0.6361 0.3964 -0.6620
vn 0.1020 0.4029 -0.9095
vn -0.1268 0.3293 -0.9357
vn 0.7304 0.4684 -0.4971
vn 0.2438 0.7682 -0.5920
vn 0.0592 0.9748 -0.2151
vn 0.3731 0.2803 0.8844
vn 0.1978 0.0536 0.9788
vn 0.9041 0.1038 0.4145
vn 0.0266 -0.9994 0.0231
vn -0.8867 0.0562 -0.4589
vn -0.7133 0.0500 -0.6991
vn -0.5228 0.1019 -0.8464
vn -0.7973 0.3356 -0.5018
vn -0.9116 0.3371 -0.2354
vn -0.8602 0.5078 0.0469
vn -0.7327 0.1018 -0.6728
vn -0.8298 0.0450 -0.5563
vn -0.9183 0.0592 -0.3915
vn -0.2926 0.2323 0.9276
vn -0.1026 0.0454 0.9937
vn -0.6488 0.7286 -0.2194
vn 0.8897 0.4495 0.0800
vn 0.2570 0.9196 0.2971
vn 0.5732 0.8100 -0.1242
vn -0.3751 0.8317 0.4093
vn -0.2157 0.6392 -0.7381
vn -0.1550 0.9807 -0.1191
vn -0.8314 0.0862 -0.5490
vn -0.7181 0.0289 -0.6954
vn -0.9053 -0.1836 -0.3831
vn -0.5800 0.4509 -0.6785
vn -0.7689 0.4557 -0.4485
vn -0.9174 0.1335 0.3749
vn -0.5943 0.5110 0.6211
vn -0.3813 0.9213 0.0761
vn -0.1761 0.9843 -0.0138
vn 0.0060 0.9867 -0.1627
vn 0.1900 0.9009 -0.3903
vn -0.0234 0.4580 -0.8886
vn -0.5825 0.4937 0.6457
vn -0.7841 0.5190 0.3404
vn -0.0587 0.9830 0.1739
vn -0.1232 0.9923 0.0092
vn -0.0606 0.5021 -0.8627
vn 0.6971 0.1287 -0.7053
vn 0.7168 0.6467 0.2606
vn -0.0272 0.4527 0.8912
vn 0.1589 0.3967 0.9041
vn 0.5113 0.5870 0.6278
vn 0.0821 0.9943 -0.0683
vn 0.4135 0.9103 0.0211
vn 0.8491 0.5173 -0.1072
vn 0.8441 0.4997 0.1942
vn 0.7283 0.4900 0.4790
vn 0.7655 0.6424 -0.0359
vn -0.6805 0.7283 -0.0804
vn 0.8857 0.4514 -0.1089
vn 0.3149 0.9197 0.2347
vn 0.5341 0.8099 -0.2425
vn -0.2808 0.8319 0.4786
vn -0.3640 0.6398 -0.6769
vn -0.1751 0.9808 -0.0862
vn -0.9279 0.0851 -0.3629
vn -0.8478 0.0286 -0.5296
vn -0.9652 -0.1853 -0.1845
vn -0.7084 0.4511 -0.5429
vn -0.8458 0.4549 -0.2787
vn -0.8191 0.1293 0.5589
vn -0.4517 0.5085 0.7330
vn -0.3563 0.9218 0.1526
vn -0.1738 0.9846 0.0213
vn -0.0267 0.9864 -0.1624
vn 0.1051 0.9004 -0.4222
vn -0.2079 0.4599 -0.8633
vn -0.4350 0.4911 0.7547
vn -0.6968 0.5167 0.4975
vn -0.0195 0.9834 0.1804
vn -0.1171 0.9926 0.0326
vn -0.2386 0.5037 -0.8303
vn 0.5336 0.1333 -0.8351
vn 0.7552 0.6473 0.1031
vn 0.1613 0.4506 0.8780
vn 0.3458 0.3949 0.8511
vn 0.6325 0.5868 0.5056
vn 0.0674 0.9940 -0.0861
vn 0.4093 0.9099 -0.0679
vn 0.8064 0.5192 -0.2830
vn 0.8653 0.5011 0.0119
vn 0.8126 0.4906 0.3145
vn 0.7399 0.6434 -0.1963
vn 0.8856 0.4514 -0.1089
vn 0.5340 0.8099 -0.2426
vn -0.8477 0.0287 -0.5296
vn 0.5336 0.1333 -0.8352
vn 0.1611 0.4505 0.8781
vn 0.6324 0.5868 0.5056
vn 0.6720 0.7237 0.1571
vn -0.8823 0.4706 -0.0111
vn -0.2922 0.9140 -0.2814
vn -0.5658 0.8095 0.1566
vn 0.3220 0.8317 -0.4524
vn 0.2733 0.6281 0.7286
vn 0.1470 0.9849 0.0912
vn 0.8777 0.0422 0.4774
vn 0.7749 -0.0161 0.6319
vn 0.9264 -0.2223 0.3039
vn 0.6445 0.4227 0.6371
vn 0.8175 0.4284 0.3848
vn 0.8829 0.1155 -0.4552
vn 0.5291 0.5109 -0.6775
vn 0.3602 0.9245 -0.1245
vn 0.1585 0.9872 -0.0169
vn -0.0118 0.9889 0.1481
vn -0.1753 0.9023 0.3938
vn 0.0919 0.4387 0.8939
vn 0.5152 0.4943 -0.7002
vn 0.7511 0.5102 -0.4190
vn 0.0239 0.9810 -0.1926
vn 0.1027 0.9941 -0.0354
vn 0.1268 0.4844 0.8656
vn -0.6370 0.1300 0.7599
vn -0.7260 0.6572 -0.2025
vn -0.0572 0.4704 -0.8806
vn -0.2384 0.4210 -0.8751
vn -0.5560 0.6030 -0.5721
vn -0.0956 0.9937 0.0593
vn -0.4232 0.9060 -0.0003
vn -0.8305 0.5313 0.1673
vn -0.8450 0.5196 -0.1263
vn -0.7535 0.5133 -0.4107
vn -0.7541 0.6508 0.0884
vn -0.5658 0.8096 0.1566
vn 0.3220 0.8316 -0.4524
vn 0.8777 0.0422 0.4773
vn 0.9264 -0.2222 0.3039
vn 0.8175 0.4284 0.3849
vn 0.3602 0.9246 -0.1245
vn 0.7511 0.5101 -0.4190
vn -0.6370 0.1299 0.7599
vn -0.0570 0.4703 -0.8806
vn -0.7536 0.5133 -0.4107
vn -0.8823 0.4706 -0.0110
vn 0.3602 0.9246 -0.1244
vn -0.0573 0.4704 -0.8806
vn -0.5657 0.8096 0.1566
vn 0.2733 0.6281 0.7285
vn 0.8829 0.1154 -0.4552
vn 0.7512 0.5101 -0.4190
vn -0.6369 0.1299 0.7599
vn -0.0570 0.4704 -0.8806
vn 0.2734 0.6281 0.7286
vn 0.0919 0.4388 0.8939
vn -0.0578 0.4702 -0.8806
vn -0.2384 0.4211 -0.8751
vn -0.7259 0.6572 -0.2025
vn -0.0576 0.4703 -0.8806
vn -0.2796 0.9016 0.3300
vn -0.1209 0.4870 0.8650
vn 0.1903 0.4673 -0.8634
vn -0.8430 0.5334 -0.0697
vn 0.7094 0.0417 0.7036
vn -0.1208 0.4870 0.8650
vn 0.6154 0.0800 -0.7841
vn -0.8341 0.3850 -0.3950
vn 0.4994 0.8356 -0.2290
vn 0.6014 0.6192 0.5049
vn -0.4140 0.0959 0.9052
vn -0.7938 0.6013 0.0912
vn -0.7409 0.4994 0.4491
vn -0.7560 0.5339 0.3787
vn -0.6424 0.4380 0.6289
vn -0.4624 0.5965 0.6561
vn -0.3288 0.4371 0.8371
vn 0.0772 0.1579 0.9844
vn -0.0802 0.8888 0.4512
vn 0.4709 0.8515 0.2307
vn 0.6565 0.7539 -0.0256
vn -0.3085 0.8959 0.3196
vn 0.1658 0.9852 -0.0443
vn -0.2007 0.9013 -0.3839
vn -0.8082 0.5627 0.1736
vn -0.8633 0.4247 -0.2727
vn -0.8258 0.4494 -0.3407
vn -0.9646 0.2625 0.0246
vn -0.7979 0.2638 0.5420
vn -0.5815 0.1795 0.7935
vn 0.9795 0.1141 0.1658
vn 0.9910 0.1333 -0.0085
vn 0.8874 0.4140 -0.2030
vn 0.6312 0.5835 -0.5110
vn 0.5848 0.5450 -0.6008
vn 0.2514 0.6351 -0.7304
vn -0.5085 0.0354 -0.8603
vn -0.6928 0.1030 -0.7137
vn 0.8261 0.4153 -0.3809
vn 0.9672 0.2348 -0.0970
vn 0.5206 0.1204 -0.8453
vn -0.4431 0.0181 -0.8963
vt 0.181819 0.000000
vt 0.227273 0.078731
vt 0.136365 0.078731
vt 0.681818 0.078731
vt 0.727273 0.157461
vt 0.681818 0.236191
vt 0.636364 0.157461
vt 0.909091 0.000000
vt 0.954545 0.078731
vt 0.863636 0.078731
vt 0.727273 0.000000
vt 0.772727 0.078731
vt 0.545455 0.000000
vt 0.590909 0.078731
vt 0.500000 0.078731
vt 0.090910 0.157461
vt 0.181819 0.157461
vt 0.136365 0.236191
vt 0.818182 0.157461
vt 0.909091 0.157461
vt 0.863636 0.236191
vt 0.772727 0.393651
vt 0.863636 0.393651
vt 0.636364 0.472382
vt 0.590909 0.393651
vt 0.454546 0.157461
vt 0.545455 0.157461
vt 0.500000 0.236191
vt 0.272728 0.157461
vt 0.318182 0.236191
vt 0.227273 0.236191
vt 0.045455 0.236191
vt 0.772727 0.236191
vt 0.590909 0.236191
vt 0.409092 0.236191
vt 0.181819 0.314921
vt 0.272728 0.314921
vt 0.227273 0.393651
vt 0.000000 0.314921
vt 0.090910 0.314921
vt 0.045455 0.393651
vt 0.727273 0.314921
vt 0.818182 0.314921
vt 0.545455 0.314921
vt 0.636364 0.314921
vt 0.363637 0.314921
vt 0.454546 0.314921
vt 0.409092 0.393651
vt 0.500000 0.393651
vt 0.272728 0.472382
vt 0.681818 0.393651
vt 0.909091 0.314921
vt 0.136365 0.393651
vt 0.090910 0.472382
vt 0.318182 0.393651
vt 0.363637 0.157461
vt 0.318182 0.078731
vt 0.954545 0.236191
vt 1.000000 0.157461
vt 0.409092 0.078731
vt 0.363637 0.000000
vt 0.363637 0.157461
vt 0.318182 0.157461
vt 0.340910 0.118096
vt 0.295455 0.118096
vt 0.886364 0.039365
vt 0.909091 0.078731
vt 0.909091 0.000000
vt 0.931818 0.039365
vt 0.704546 0.039365
vt 0.727273 0.078731
vt 0.727273 0.000000
vt 0.750000 0.039365
vt 0.522728 0.039365
vt 0.545455 0.078731
vt 0.545455 0.000000
vt 0.568182 0.039365
vt 0.318183 0.236191
vt 0.295455 0.196826
vt 0.340910 0.196826
vt 0.136364 0.236191
vt 0.113637 0.196826
vt 0.159092 0.196826
vt 0.136365 0.157461
vt 0.181819 0.157461
vt 0.863637 0.236191
vt 0.840909 0.196826
vt 0.886364 0.196826
vt 0.863636 0.157461
vt 0.909091 0.157461
vt 0.681819 0.236191
vt 0.659091 0.196826
vt 0.704546 0.196826
vt 0.681819 0.157461
vt 0.727273 0.157461
vt 0.500001 0.236191
vt 0.477273 0.196826
vt 0.522728 0.196826
vt 0.500001 0.157461
vt 0.545455 0.157461
vt 0.227274 0.236191
vt 0.250001 0.196826
vt 0.272728 0.236191
vt 0.068183 0.196826
vt 0.090910 0.236191
vt 0.772728 0.236191
vt 0.795455 0.196826
vt 0.818182 0.236191
vt 0.590910 0.236191
vt 0.613637 0.196826
vt 0.636364 0.236191
vt 0.409092 0.236191
vt 0.431819 0.196826
vt 0.454546 0.236191
vt 0.204546 0.354286
vt 0.250001 0.354286
vt 0.227274 0.314921
vt 0.272728 0.314921
vt 0.022728 0.354286
vt 0.068182 0.354286
vt 0.045455 0.314921
vt 0.090910 0.314921
vt 0.750000 0.354286
vt 0.795455 0.354286
vt 0.772728 0.314921
vt 0.818182 0.314921
vt 0.568182 0.354286
vt 0.613637 0.354286
vt 0.590910 0.314921
vt 0.636364 0.314921
vt 0.386364 0.354286
vt 0.431819 0.354286
vt 0.409092 0.314921
vt 0.454546 0.314921
vt 0.454546 0.472382
vt 0.431819 0.433017
vt 0.477273 0.433017
vt 0.454546 0.393652
vt 0.477273 0.354286
vt 0.522728 0.354286
vt 0.500001 0.314921
vt 0.636364 0.472382
vt 0.613637 0.433017
vt 0.659091 0.433017
vt 0.636364 0.393652
vt 0.659091 0.354286
vt 0.704546 0.354286
vt 0.681819 0.314921
vt 0.818182 0.472382
vt 0.795455 0.433017
vt 0.840909 0.433017
vt 0.818182 0.393652
vt 0.840909 0.354286
vt 0.886364 0.354286
vt 0.863637 0.314921
vt 0.090910 0.472382
vt 0.068183 0.433017
vt 0.113637 0.433017
vt 0.090910 0.393652
vt 0.113637 0.354286
vt 0.159092 0.354286
vt 0.136364 0.314921
vt 0.272728 0.472382
vt 0.250001 0.433017
vt 0.295455 0.433017
vt 0.272728 0.393652
vt 0.295455 0.354286
vt 0.340910 0.354286
vt 0.318182 0.314921
vt 0.386364 0.275556
vt 0.431819 0.275556
vt 0.477273 0.275556
vt 0.522728 0.275556
vt 0.568182 0.275556
vt 0.613637 0.275556
vt 0.659091 0.275556
vt 0.704546 0.275556
vt 0.750000 0.275556
vt 0.795455 0.275556
vt 0.840909 0.275556
vt 0.886364 0.275556
vt 0.022728 0.275556
vt 0.068182 0.275556
vt 0.113637 0.275556
vt 0.159092 0.275556
vt 0.204546 0.275556
vt 0.250001 0.275556
vt 0.295455 0.275556
vt 0.340910 0.275556
vt 0.545455 0.236191
vt 0.568182 0.196826
vt 0.590910 0.157461
vt 0.727273 0.236191
vt 0.750000 0.196826
vt 0.772728 0.157461
vt 0.931818 0.275556
vt 0.909091 0.236191
vt 0.931818 0.196826
vt 0.977273 0.196826
vt 0.954546 0.157461
vt 0.181819 0.236191
vt 0.204546 0.196826
vt 0.227274 0.157461
vt 0.363637 0.236191
vt 0.386364 0.196826
vt 0.409092 0.157461
vt 0.477273 0.118096
vt 0.522728 0.118096
vt 0.568182 0.118096
vt 0.613637 0.118096
vt 0.659091 0.118096
vt 0.704546 0.118096
vt 0.750000 0.118096
vt 0.795455 0.118096
vt 0.840909 0.118096
vt 0.886364 0.118096
vt 0.931818 0.118096
vt 0.977273 0.118096
vt 0.431819 0.118096
vt 0.386364 0.118096
vt 0.363637 0.078731
vt 0.386364 0.039365
vt 0.340910 0.039365
vt 0.363637 0.000000
vt 0.113637 0.118096
vt 0.159092 0.118096
vt 0.204546 0.118096
vt 0.181819 0.078731
vt 0.250001 0.118096
vt 0.204546 0.039365
vt 0.159092 0.039365
vt 0.181819 0.000000
s 0
usemtl Material.002
f 1/1/1 14/2/1 13/3/1
f 20/4/1 21/5/1 29/6/1 5/7/1
f 1/8/1 13/9/1 18/10/1
f 1/11/1 18/12/1 20/4/1
f 1/13/1 20/14/1 17/15/1
f 3/16/1 15/17/1 25/18/1
f 4/19/1 19/20/1 27/21/1
f 41/22/2 40/23/2 12/24/2 42/25/2
f 6/26/3 22/27/3 31/28/3
f 2/29/4 23/30/4 26/31/4
f 3/16/1 25/18/1 28/32/1
f 4/19/1 27/21/1 30/33/1
f 5/7/1 29/6/1 32/34/1
f 6/26/5 31/28/5 24/35/5
f 7/36/6 33/37/6 38/38/6
f 8/39/1 34/40/1 40/41/1
f 9/42/1 35/43/1 41/22/1
f 10/44/7 36/45/7 42/25/7
f 11/46/8 37/47/8 39/48/8
f 39/48/9 37/47/9 42/49/9
f 37/47/10 10/44/10 42/49/10
f 38/38/11 39/48/11 42/49/11 12/50/11
f 42/25/12 36/45/12 41/51/12
f 36/45/13 9/42/13 41/51/13
f 41/22/1 35/43/1 40/23/1
f 35/43/1 8/52/1 40/23/1
f 40/41/14 38/53/14 12/54/14
f 40/41/15 34/40/15 38/53/15
f 34/40/16 7/36/16 38/53/16
f 38/38/17 33/37/17 39/55/17
f 33/37/18 11/46/18 39/55/18
f 24/35/19 37/47/19 11/46/19
f 24/35/20 31/28/20 37/47/20
f 31/28/21 10/44/21 37/47/21
f 32/34/1 36/45/1 10/44/1
f 32/34/1 29/6/1 36/45/1
f 29/6/1 9/42/1 36/45/1
f 30/33/1 35/43/1 9/42/1
f 30/33/1 27/21/1 35/43/1
f 27/21/1 8/52/1 35/43/1
f 28/32/1 34/40/1 8/39/1
f 28/32/1 25/18/1 34/40/1
f 25/18/22 7/36/22 34/40/22
f 26/31/23 33/37/23 7/36/23
f 26/31/24 23/30/24 33/37/24
f 23/30/25 11/46/25 33/37/25
f 31/28/26 32/34/26 10/44/26
f 31/28/27 22/27/27 32/34/27
f 22/27/1 5/7/1 32/34/1
f 29/6/1 30/33/1 9/42/1
f 16/56/28 23/30/28 2/29/28 14/57/28
f 27/21/1 28/58/1 8/52/1
f 27/21/1 19/20/1 28/58/1
f 19/20/1 3/59/1 28/58/1
f 25/18/29 26/31/29 7/36/29
f 25/18/30 15/17/30 26/31/30
f 15/17/31 2/29/31 26/31/31
f 23/30/32 24/35/32 11/46/32
f 23/30/33 16/56/33 24/35/33
f 21/5/1 4/19/1 30/33/1 29/6/1
f 17/15/34 22/27/34 6/26/34
f 17/15/1 20/14/1 22/27/1
f 20/14/1 5/7/1 22/27/1
f 20/4/1 18/12/1 21/5/1
f 18/12/1 4/19/1 21/5/1
f 18/10/1 19/20/1 4/19/1
f 18/10/1 13/9/1 19/20/1
f 13/9/1 3/59/1 19/20/1
f 16/56/35 14/57/35 17/60/35
f 14/57/1 1/61/1 17/60/1
f 13/3/1 15/17/1 3/16/1
f 13/3/1 14/2/1 15/17/1
f 14/2/36 2/29/36 15/17/36
f 16/56/37 17/60/37 6/26/37 24/35/37
f 58/62/38 88/63/38 200/64/38
f 44/29/38 86/65/38 88/63/38
f 56/57/38 200/64/38 86/65/38
f 60/10/38 90/66/38 197/67/38
f 43/68/38 85/69/38 90/66/38
f 55/9/38 197/67/38 85/69/38
f 62/4/38 92/70/38 194/71/38
f 43/72/38 90/73/38 92/70/38
f 60/12/38 194/71/38 90/73/38
f 59/15/38 119/74/38 191/75/38
f 43/76/38 92/77/38 119/74/38
f 62/14/38 191/75/38 92/77/38
f 65/78/38 95/79/38 188/80/38
f 44/29/38 88/63/38 95/79/38
f 58/62/38 188/80/38 88/63/38
f 67/81/38 97/82/38 185/83/38
f 45/16/38 87/84/38 97/82/38
f 57/85/38 185/83/38 87/84/38
f 69/86/39 99/87/39 182/88/39
f 46/19/38 91/89/38 99/87/38
f 61/90/40 182/88/40 91/89/40
f 71/91/38 101/92/38 179/93/38
f 47/7/38 93/94/38 101/92/38
f 63/95/38 179/93/38 93/94/38
f 73/96/38 103/97/38 176/98/38
f 48/26/38 94/99/38 103/97/38
f 64/100/38 176/98/38 94/99/38
f 68/101/38 128/102/38 173/103/38
f 44/29/38 95/79/38 128/102/38
f 65/78/38 173/103/38 95/79/38
f 70/32/41 130/104/41 170/105/41
f 45/16/40 97/82/40 130/104/40
f 67/81/42 170/105/42 97/82/42
f 72/106/38 132/107/38 167/108/38
f 46/19/38 99/87/38 132/107/38
f 69/86/43 167/108/43 99/87/43
f 74/109/38 134/110/38 164/111/38
f 47/7/38 101/92/38 134/110/38
f 71/91/38 164/111/38 101/92/38
f 66/112/38 126/113/38 161/114/38
f 48/26/38 103/97/38 126/113/38
f 73/96/38 161/114/38 103/97/38
f 80/38/44 110/115/44 158/116/44
f 49/36/45 105/117/45 110/115/45
f 75/118/46 158/116/46 105/117/46
f 82/41/47 112/119/47 155/120/47
f 50/39/48 106/121/48 112/119/48
f 76/122/49 155/120/49 106/121/49
f 83/22/50 113/123/50 152/124/50
f 51/42/51 107/125/51 113/123/51
f 77/126/52 152/124/52 107/125/52
f 84/25/53 114/127/53 149/128/53
f 52/44/54 108/129/54 114/127/54
f 78/130/55 149/128/55 108/129/55
f 81/48/56 141/131/56 146/132/56
f 53/46/57 109/133/57 141/131/57
f 79/134/58 146/132/58 109/133/58
f 54/135/59 111/136/59 144/137/59
f 81/48/60 145/138/60 111/136/60
f 84/49/61 144/137/61 145/138/61
f 84/49/62 145/138/62 147/139/62
f 81/48/63 146/132/63 145/138/63
f 79/134/64 147/139/64 146/132/64
f 84/49/65 147/139/65 114/140/65
f 79/134/66 139/141/66 147/139/66
f 52/44/67 114/140/67 139/141/67
f 54/142/68 144/143/68 143/144/68
f 84/25/69 148/145/69 144/143/69
f 83/51/70 143/144/70 148/145/70
f 83/51/71 148/145/71 150/146/71
f 84/25/72 149/128/72 148/145/72
f 78/130/73 150/146/73 149/128/73
f 83/51/74 150/146/74 113/147/74
f 78/130/75 138/148/75 150/146/75
f 51/42/76 113/147/76 138/148/76
f 54/149/77 143/150/77 142/151/77
f 83/22/78 151/152/78 143/150/78
f 82/23/79 142/151/79 151/152/79
f 82/23/80 151/152/80 153/153/80
f 83/22/81 152/124/81 151/152/81
f 77/126/82 153/153/82 152/124/82
f 82/23/83 153/153/83 112/154/83
f 77/126/84 137/155/84 153/153/84
f 50/52/85 112/154/85 137/155/85
f 54/156/86 142/157/86 140/158/86
f 82/41/87 154/159/87 142/157/87
f 80/53/88 140/158/88 154/159/88
f 80/53/89 154/159/89 156/160/89
f 82/41/90 155/120/90 154/159/90
f 76/122/91 156/160/91 155/120/91
f 80/53/92 156/160/92 110/161/92
f 76/122/93 136/162/93 156/160/93
f 49/36/94 110/161/94 136/162/94
f 54/163/95 140/164/95 111/165/95
f 80/38/96 157/166/96 140/164/96
f 81/55/97 111/165/97 157/166/97
f 81/55/98 157/166/98 159/167/98
f 80/38/99 158/116/99 157/166/99
f 75/118/100 159/167/100 158/116/100
f 81/55/101 159/167/101 141/168/101
f 75/118/102 135/169/102 159/167/102
f 53/46/103 141/168/103 135/169/103
f 53/46/104 96/170/104 109/133/104
f 66/112/105 160/171/105 96/170/105
f 79/134/106 109/133/106 160/171/106
f 79/134/107 160/171/107 162/172/107
f 66/112/108 161/114/108 160/171/108
f 73/96/109 162/172/109 161/114/109
f 79/134/110 162/172/110 139/141/110
f 73/96/111 133/173/111 162/172/111
f 52/44/112 139/141/112 133/173/112
f 52/44/38 104/174/38 108/129/38
f 74/109/38 163/175/38 104/174/38
f 78/130/38 108/129/38 163/175/38
f 78/130/38 163/175/38 165/176/38
f 74/109/38 164/111/38 163/175/38
f 71/91/38 165/176/38 164/111/38
f 78/130/38 165/176/38 138/148/38
f 71/91/38 131/177/38 165/176/38
f 51/42/38 138/148/38 131/177/38
f 51/42/113 102/178/113 107/125/113
f 72/106/40 166/179/40 102/178/40
f 77/126/114 107/125/114 166/179/114
f 77/126/115 166/179/115 168/180/115
f 72/106/38 167/108/38 166/179/38
f 69/86/116 168/180/116 167/108/116
f 77/126/117 168/180/117 137/155/117
f 69/86/118 129/181/118 168/180/118
f 50/52/119 137/155/119 129/181/119
f 50/39/120 100/182/120 106/121/120
f 70/32/121 169/183/121 100/182/121
f 76/122/122 106/121/122 169/183/122
f 76/122/123 169/183/123 171/184/123
f 70/32/124 170/105/124 169/183/124
f 67/81/125 171/184/125 170/105/125
f 76/122/126 171/184/126 136/162/126
f 67/81/127 127/185/127 171/184/127
f 49/36/128 136/162/128 127/185/128
f 49/36/129 98/186/129 105/117/129
f 68/101/38 172/187/38 98/186/38
f 75/118/130 105/117/130 172/187/130
f 75/118/131 172/187/131 174/188/131
f 68/101/38 173/103/38 172/187/38
f 65/78/38 174/188/38 173/103/38
f 75/118/132 174/188/132 135/169/132
f 65/78/40 125/189/40 174/188/40
f 53/46/133 135/169/133 125/189/133
f 52/44/38 133/173/38 104/174/38
f 73/96/38 175/190/38 133/173/38
f 74/109/38 104/174/38 175/190/38
f 74/109/38 175/190/38 177/191/38
f 73/96/38 176/98/38 175/190/38
f 64/100/38 177/191/38 176/98/38
f 74/109/38 177/191/38 134/110/38
f 64/100/38 124/192/38 177/191/38
f 47/7/38 134/110/38 124/192/38
f 51/42/38 131/177/38 102/178/38
f 71/91/38 178/193/38 131/177/38
f 72/106/38 102/178/38 178/193/38
f 72/106/38 178/193/38 180/194/38
f 71/91/38 179/93/38 178/193/38
f 63/95/38 180/194/38 179/93/38
f 72/106/38 180/194/38 132/107/38
f 63/95/38 123/195/38 180/194/38
f 46/19/38 132/107/38 123/195/38
f 50/52/134 129/181/134 100/196/134
f 69/86/135 181/197/135 129/181/135
f 70/58/136 100/196/136 181/197/136
f 70/58/137 181/197/137 183/198/137
f 69/86/138 182/88/138 181/197/138
f 61/90/139 183/198/139 182/88/139
f 70/58/140 183/198/140 130/199/140
f 61/90/141 121/200/141 183/198/141
f 45/59/40 130/199/40 121/200/40
f 49/36/142 127/185/142 98/186/142
f 67/81/143 184/201/143 127/185/143
f 68/101/38 98/186/38 184/201/38
f 68/101/38 184/201/38 186/202/38
f 67/81/38 185/83/38 184/201/38
f 57/85/38 186/202/38 185/83/38
f 68/101/38 186/202/38 128/102/38
f 57/85/38 117/203/38 186/202/38
f 44/29/38 128/102/38 117/203/38
f 53/46/144 125/189/144 96/170/144
f 65/78/38 187/204/38 125/189/38
f 66/112/40 96/170/40 187/204/40
f 66/112/38 187/204/38 189/205/38
f 65/78/38 188/80/38 187/204/38
f 58/62/38 189/205/38 188/80/38
f 66/112/38 189/205/38 126/113/38
f 58/62/38 118/206/38 189/205/38
f 48/26/38 126/113/38 118/206/38
f 48/26/38 89/207/38 94/99/38
f 59/15/38 190/208/38 89/207/38
f 64/100/38 94/99/38 190/208/38
f 64/100/38 190/208/38 192/209/38
f 59/15/38 191/75/38 190/208/38
f 62/14/38 192/209/38 191/75/38
f 64/100/38 192/209/38 124/192/38
f 62/14/38 122/210/38 192/209/38
f 47/7/38 124/192/38 122/210/38
f 47/7/38 122/211/38 93/94/38
f 62/4/38 193/212/38 122/211/38
f 63/95/38 93/94/38 193/212/38
f 63/95/38 193/212/38 195/213/38
f 62/4/38 194/71/38 193/212/38
f 60/12/38 195/213/38 194/71/38
f 63/95/38 195/213/38 123/195/38
f 60/12/38 120/214/38 195/213/38
f 46/19/38 123/195/38 120/214/38
f 46/19/38 120/215/38 91/89/38
f 60/10/38 196/216/38 120/215/38
f 61/90/38 91/89/38 196/216/38
f 61/90/38 196/216/38 198/217/38
f 60/10/38 197/67/38 196/216/38
f 55/9/38 198/217/38 197/67/38
f 61/90/38 198/217/38 121/200/38
f 55/9/38 115/218/38 198/217/38
f 45/59/38 121/200/38 115/218/38
f 48/26/38 118/206/38 89/219/38
f 58/62/38 199/220/38 118/206/38
f 59/60/38 89/219/38 199/220/38
f 59/60/38 199/220/38 201/221/38
f 58/62/38 200/64/38 199/220/38
f 56/57/38 201/221/38 200/64/38
f 59/60/38 201/221/38 119/222/38
f 56/57/38 116/223/38 201/221/38
f 43/224/38 119/222/38 116/223/38
f 45/16/38 115/225/38 87/84/38
f 55/3/38 202/226/38 115/225/38
f 57/85/38 87/84/38 202/226/38
f 57/85/38 202/226/38 204/227/38
f 55/3/38 203/228/38 202/226/38
f 56/2/38 204/227/38 203/228/38
f 57/85/38 204/227/38 117/203/38
f 56/2/38 86/229/38 204/227/38
f 44/29/38 117/203/38 86/229/38
f 220/62/145 250/63/145 362/64/145
f 206/29/145 248/65/145 250/63/145
f 218/57/145 362/64/145 248/65/145
f 222/10/145 252/66/145 359/67/145
f 205/68/145 247/69/145 252/66/145
f 217/9/145 359/67/145 247/69/145
f 224/4/145 254/70/145 356/71/145
f 205/72/145 252/73/145 254/70/145
f 222/12/145 356/71/145 252/73/145
f 221/15/145 281/74/145 353/75/145
f 205/76/145 254/77/145 281/74/145
f 224/14/145 353/75/145 254/77/145
f 227/78/145 257/79/145 350/80/145
f 206/29/145 250/63/145 257/79/145
f 220/62/145 350/80/145 250/63/145
f 229/81/145 259/82/145 347/83/145
f 207/16/145 249/84/145 259/82/145
f 219/85/145 347/83/145 249/84/145
f 231/86/146 261/87/146 344/88/146
f 208/19/145 253/89/145 261/87/145
f 223/90/147 344/88/147 253/89/147
f 233/91/145 263/92/145 341/93/145
f 209/7/145 255/94/145 263/92/145
f 225/95/145 341/93/145 255/94/145
f 235/96/145 265/97/145 338/98/145
f 210/26/145 256/99/145 265/97/145
f 226/100/145 338/98/145 256/99/145
f 230/101/145 290/102/145 335/103/145
f 206/29/145 257/79/145 290/102/145
f 227/78/145 335/103/145 257/79/145
f 232/32/148 292/104/148 332/105/148
f 207/16/149 259/82/149 292/104/149
f 229/81/150 332/105/150 259/82/150
f 234/106/145 294/107/145 329/108/145
f 208/19/145 261/87/145 294/107/145
f 231/86/151 329/108/151 261/87/151
f 236/109/145 296/110/145 326/111/145
f 209/7/145 263/92/145 296/110/145
f 233/91/145 326/111/145 263/92/145
f 228/112/145 288/113/145 323/114/145
f 210/26/145 265/97/145 288/113/145
f 235/96/145 323/114/145 265/97/145
f 242/38/152 272/115/152 320/116/152
f 211/36/153 267/117/153 272/115/153
f 237/118/154 320/116/154 267/117/154
f 244/41/155 274/119/155 317/120/155
f 212/39/156 268/121/156 274/119/156
f 238/122/157 317/120/157 268/121/157
f 245/22/158 275/123/158 314/124/158
f 213/42/159 269/125/159 275/123/159
f 239/126/160 314/124/160 269/125/160
f 246/25/161 276/127/161 311/128/161
f 214/44/162 270/129/162 276/127/162
f 240/130/163 311/128/163 270/129/163
f 243/48/164 303/131/164 308/132/164
f 215/46/165 271/133/165 303/131/165
f 241/134/166 308/132/166 271/133/166
f 216/135/167 273/136/167 306/137/167
f 243/48/168 307/138/168 273/136/168
f 246/49/169 306/137/169 307/138/169
f 246/49/170 307/138/170 309/139/170
f 243/48/171 308/132/171 307/138/171
f 241/134/172 309/139/172 308/132/172
f 246/49/173 309/139/173 276/140/173
f 241/134/174 301/141/174 309/139/174
f 214/44/175 276/140/175 301/141/175
f 216/142/176 306/143/176 305/144/176
f 246/25/177 310/145/177 306/143/177
f 245/51/178 305/144/178 310/145/178
f 245/51/179 310/145/179 312/146/179
f 246/25/180 311/128/180 310/145/180
f 240/130/181 312/146/181 311/128/181
f 245/51/182 312/146/182 275/147/182
f 240/130/183 300/148/183 312/146/183
f 213/42/184 275/147/184 300/148/184
f 216/149/185 305/150/185 304/151/185
f 245/22/186 313/152/186 305/150/186
f 244/23/187 304/151/187 313/152/187
f 244/23/188 313/152/188 315/153/188
f 245/22/189 314/124/189 313/152/189
f 239/126/190 315/153/190 314/124/190
f 244/23/191 315/153/191 274/154/191
f 239/126/192 299/155/192 315/153/192
f 212/52/193 274/154/193 299/155/193
f 216/156/194 304/157/194 302/158/194
f 244/41/195 316/159/195 304/157/195
f 242/53/196 302/158/196 316/159/196
f 242/53/197 316/159/197 318/160/197
f 244/41/198 317/120/198 316/159/198
f 238/122/199 318/160/199 317/120/199
f 242/53/200 318/160/200 272/161/200
f 238/122/201 298/162/201 318/160/201
f 211/36/202 272/161/202 298/162/202
f 216/163/203 302/164/203 273/165/203
f 242/38/204 319/166/204 302/164/204
f 243/55/205 273/165/205 319/166/205
f 243/55/206 319/166/206 321/167/206
f 242/38/207 320/116/207 319/166/207
f 237/118/208 321/167/208 320/116/208
f 243/55/209 321/167/209 303/168/209
f 237/118/210 297/169/210 321/167/210
f 215/46/211 303/168/211 297/169/211
f 215/46/212 258/170/212 271/133/212
f 228/112/213 322/171/213 258/170/213
f 241/134/214 271/133/214 322/171/214
f 241/134/215 322/171/215 324/172/215
f 228/112/216 323/114/216 322/171/216
f 235/96/217 324/172/217 323/114/217
f 241/134/218 324/172/218 301/141/218
f 235/96/219 295/173/219 324/172/219
f 214/44/220 301/141/220 295/173/220
f 214/44/221 266/174/221 270/129/221
f 236/109/145 325/175/145 266/174/145
f 240/130/145 270/129/145 325/175/145
f 240/130/145 325/175/145 327/176/145
f 236/109/145 326/111/145 325/175/145
f 233/91/145 327/176/145 326/111/145
f 240/130/145 327/176/145 300/148/145
f 233/91/145 293/177/145 327/176/145
f 213/42/145 300/148/145 293/177/145
f 213/42/222 264/178/222 269/125/222
f 234/106/147 328/179/147 264/178/147
f 239/126/223 269/125/223 328/179/223
f 239/126/224 328/179/224 330/180/224
f 234/106/225 329/108/225 328/179/225
f 231/86/226 330/180/226 329/108/226
f 239/126/227 330/180/227 299/155/227
f 231/86/228 291/181/228 330/180/228
f 212/52/229 299/155/229 291/181/229
f 212/39/230 262/182/230 268/121/230
f 232/32/231 331/183/231 262/182/231
f 238/122/232 268/121/232 331/183/232
f 238/122/233 331/183/233 333/184/233
f 232/32/234 332/105/234 331/183/234
f 229/81/235 333/184/235 332/105/235
f 238/122/236 333/184/236 298/162/236
f 229/81/237 289/185/237 333/184/237
f 211/36/238 298/162/238 289/185/238
f 211/36/239 260/186/239 267/117/239
f 230/101/145 334/187/145 260/186/145
f 237/118/240 267/117/240 334/187/240
f 237/118/241 334/187/241 336/188/241
f 230/101/145 335/103/145 334/187/145
f 227/78/242 336/188/242 335/103/242
f 237/118/243 336/188/243 297/169/243
f 227/78/149 287/189/149 336/188/149
f 215/46/244 297/169/244 287/189/244
f 214/44/221 295/173/221 266/174/221
f 235/96/145 337/190/145 295/173/145
f 236/109/145 266/174/145 337/190/145
f 236/109/145 337/190/145 339/191/145
f 235/96/221 338/98/221 337/190/221
f 226/100/145 339/191/145 338/98/145
f 236/109/145 339/191/145 296/110/145
f 226/100/145 286/192/145 339/191/145
f 209/7/145 296/110/145 286/192/145
f 213/42/145 293/177/145 264/178/145
f 233/91/145 340/193/145 293/177/145
f 234/106/145 264/178/145 340/193/145
f 234/106/145 340/193/145 342/194/145
f 233/91/145 341/93/145 340/193/145
f 225/95/145 342/194/145 341/93/145
f 234/106/145 342/194/145 294/107/145
f 225/95/145 285/195/145 342/194/145
f 208/19/145 294/107/145 285/195/145
f 212/52/245 291/181/245 262/196/245
f 231/86/246 343/197/246 291/181/246
f 232/58/247 262/196/247 343/197/247
f 232/58/248 343/197/248 345/198/248
f 231/86/249 344/88/249 343/197/249
f 223/90/250 345/198/250 344/88/250
f 232/58/251 345/198/251 292/199/251
f 223/90/252 283/200/252 345/198/252
f 207/59/147 292/199/147 283/200/147
f 211/36/253 289/185/253 260/186/253
f 229/81/254 346/201/254 289/185/254
f 230/101/145 260/186/145 346/201/145
f 230/101/145 346/201/145 348/202/145
f 229/81/145 347/83/145 346/201/145
f 219/85/145 348/202/145 347/83/145
f 230/101/145 348/202/145 290/102/145
f 219/85/145 279/203/145 348/202/145
f 206/29/145 290/102/145 279/203/145
f 215/46/255 287/189/255 258/170/255
f 227/78/242 349/204/242 287/189/242
f 228/112/149 258/170/149 349/204/149
f 228/112/145 349/204/145 351/205/145
f 227/78/145 350/80/145 349/204/145
f 220/62/145 351/205/145 350/80/145
f 228/112/145 351/205/145 288/113/145
f 220/62/145 280/206/145 351/205/145
f 210/26/145 288/113/145 280/206/145
f 210/26/145 251/207/145 256/99/145
f 221/15/145 352/208/145 251/207/145
f 226/100/145 256/99/145 352/208/145
f 226/100/145 352/208/145 354/209/145
f 221/15/145 353/75/145 352/208/145
f 224/14/145 354/209/145 353/75/145
f 226/100/145 354/209/145 286/192/145
f 224/14/145 284/210/145 354/209/145
f 209/7/145 286/192/145 284/210/145
f 209/7/145 284/211/145 255/94/145
f 224/4/145 355/212/145 284/211/145
f 225/95/145 255/94/145 355/212/145
f 225/95/145 355/212/145 357/213/145
f 224/4/145 356/71/145 355/212/145
f 222/12/145 357/213/145 356/71/145
f 225/95/145 357/213/145 285/195/145
f 222/12/145 282/214/145 357/213/145
f 208/19/145 285/195/145 282/214/145
f 208/19/145 282/215/145 253/89/145
f 222/10/145 358/216/145 282/215/145
f 223/90/145 253/89/145 358/216/145
f 223/90/145 358/216/145 360/217/145
f 222/10/145 359/67/145 358/216/145
f 217/9/145 360/217/145 359/67/145
f 223/90/145 360/217/145 283/200/145
f 217/9/145 277/218/145 360/217/145
f 207/59/145 283/200/145 277/218/145
f 210/26/145 280/206/145 251/219/145
f 220/62/145 361/220/145 280/206/145
f 221/60/145 251/219/145 361/220/145
f 221/60/145 361/220/145 363/221/145
f 220/62/145 362/64/145 361/220/145
f 218/57/145 363/221/145 362/64/145
f 221/60/145 363/221/145 281/222/145
f 218/57/145 278/223/145 363/221/145
f 205/224/145 281/222/145 278/223/145
f 207/16/145 277/225/145 249/84/145
f 217/3/145 364/226/145 277/225/145
f 219/85/145 249/84/145 364/226/145
f 219/85/145 364/226/145 366/227/145
f 217/3/145 365/228/145 364/226/145
f 218/2/145 366/227/145 365/228/145
f 219/85/145 366/227/145 279/203/145
f 218/2/145 248/229/145 366/227/145
f 206/29/145 279/203/145 248/229/145
f 218/2/145 365/228/145 278/230/145
f 217/3/145 247/231/145 365/228/145
f 205/232/145 278/230/145 247/231/145
f 365/228/145 247/231/145 278/230/145
f 362/64/145 250/63/145 248/65/145
f 359/67/145 252/66/145 247/69/145
f 356/71/145 254/70/145 252/73/145
f 353/75/145 281/74/145 254/77/145
f 350/80/145 257/79/145 250/63/145
f 347/83/145 259/82/145 249/84/145
f 344/88/147 261/87/147 253/89/147
f 341/93/145 263/92/145 255/94/145
f 338/98/145 265/97/145 256/99/145
f 335/103/145 290/102/145 257/79/145
f 332/105/256 292/104/256 259/82/256
f 329/108/145 294/107/145 261/87/145
f 326/111/145 296/110/145 263/92/145
f 323/114/145 288/113/145 265/97/145
f 320/116/257 272/115/257 267/117/257
f 317/120/258 274/119/258 268/121/258
f 314/124/259 275/123/259 269/125/259
f 311/128/260 276/127/260 270/129/260
f 308/132/261 303/131/261 271/133/261
f 306/137/262 273/136/262 307/138/262
f 309/139/263 307/138/263 308/132/263
f 276/140/264 309/139/264 301/141/264
f 305/144/265 306/143/265 310/145/265
f 312/146/266 310/145/266 311/128/266
f 275/147/267 312/146/267 300/148/267
f 304/151/268 305/150/268 313/152/268
f 315/153/269 313/152/269 314/124/269
f 274/154/270 315/153/270 299/155/270
f 302/158/271 304/157/271 316/159/271
f 318/160/272 316/159/272 317/120/272
f 272/161/273 318/160/273 298/162/273
f 273/165/274 302/164/274 319/166/274
f 321/167/275 319/166/275 320/116/275
f 303/168/276 321/167/276 297/169/276
f 271/133/277 258/170/277 322/171/277
f 324/172/278 322/171/278 323/114/278
f 301/141/279 324/172/279 295/173/279
f 270/129/145 266/174/145 325/175/145
f 327/176/145 325/175/145 326/111/145
f 300/148/145 327/176/145 293/177/145
f 269/125/280 264/178/280 328/179/280
f 330/180/281 328/179/281 329/108/281
f 299/155/282 330/180/282 291/181/282
f 268/121/283 262/182/283 331/183/283
f 333/184/284 331/183/284 332/105/284
f 298/162/285 333/184/285 289/185/285
f 267/117/286 260/186/286 334/187/286
f 336/188/149 334/187/149 335/103/149
f 297/169/287 336/188/287 287/189/287
f 266/174/145 295/173/145 337/190/145
f 339/191/145 337/190/145 338/98/145
f 296/110/145 339/191/145 286/192/145
f 264/178/145 293/177/145 340/193/145
f 342/194/145 340/193/145 341/93/145
f 294/107/145 342/194/145 285/195/145
f 262/196/288 291/181/288 343/197/288
f 345/198/289 343/197/289 344/88/289
f 292/199/290 345/198/290 283/200/290
f 260/186/291 289/185/291 346/201/291
f 348/202/145 346/201/145 347/83/145
f 290/102/145 348/202/145 279/203/145
f 258/170/149 287/189/149 349/204/149
f 351/205/145 349/204/145 350/80/145
f 288/113/145 351/205/145 280/206/145
f 256/99/145 251/207/145 352/208/145
f 354/209/145 352/208/145 353/75/145
f 286/192/145 354/209/145 284/210/145
f 255/94/145 284/211/145 355/212/145
f 357/213/145 355/212/145 356/71/145
f 285/195/145 357/213/145 282/214/145
f 253/89/145 282/215/145 358/216/145
f 360/217/145 358/216/145 359/67/145
f 283/200/145 360/217/145 277/218/145
f 251/219/145 280/206/145 361/220/145
f 363/221/145 361/220/145 362/64/145
f 281/222/145 363/221/145 278/223/145
f 249/84/145 277/225/145 364/226/145
f 366/227/145 364/226/145 365/228/145
f 279/203/145 366/227/145 248/229/145
f 382/62/292 412/63/292 524/64/292
f 368/29/292 410/65/292 412/63/292
f 380/57/292 524/64/292 410/65/292
f 384/10/292 414/66/292 521/67/292
f 367/68/292 409/69/292 414/66/292
f 379/9/292 521/67/292 409/69/292
f 386/4/292 416/70/292 518/71/292
f 367/72/292 414/73/292 416/70/292
f 384/12/292 518/71/292 414/73/292
f 383/15/292 443/74/292 515/75/292
f 367/76/292 416/77/292 443/74/292
f 386/14/292 515/75/292 416/77/292
f 389/78/292 419/79/292 512/80/292
f 368/29/292 412/63/292 419/79/292
f 382/62/292 512/80/292 412/63/292
f 391/81/292 421/82/292 509/83/292
f 369/16/292 411/84/292 421/82/292
f 381/85/292 509/83/292 411/84/292
f 393/86/293 423/87/293 506/88/293
f 370/19/292 415/89/292 423/87/292
f 385/90/294 506/88/294 415/89/294
f 395/91/292 425/92/292 503/93/292
f 371/7/292 417/94/292 425/92/292
f 387/95/292 503/93/292 417/94/292
f 397/96/292 427/97/292 500/98/292
f 372/26/292 418/99/292 427/97/292
f 388/100/292 500/98/292 418/99/292
f 392/101/292 452/102/292 497/103/292
f 368/29/292 419/79/292 452/102/292
f 389/78/292 497/103/292 419/79/292
f 394/32/295 454/104/295 494/105/295
f 369/16/294 421/82/294 454/104/294
f 391/81/296 494/105/296 421/82/296
f 396/106/292 456/107/292 491/108/292
f 370/19/292 423/87/292 456/107/292
f 393/86/297 491/108/297 423/87/297
f 398/109/292 458/110/292 488/111/292
f 371/7/292 425/92/292 458/110/292
f 395/91/292 488/111/292 425/92/292
f 390/112/292 450/113/292 485/114/292
f 372/26/292 427/97/292 450/113/292
f 397/96/292 485/114/292 427/97/292
f 404/38/298 434/115/298 482/116/298
f 373/36/299 429/117/299 434/115/299
f 399/118/300 482/116/300 429/117/300
f 406/41/301 436/119/301 479/120/301
f 374/39/302 430/121/302 436/119/302
f 400/122/303 479/120/303 430/121/303
f 407/22/304 437/123/304 476/124/304
f 375/42/305 431/125/305 437/123/305
f 401/126/306 476/124/306 431/125/306
f 408/25/307 438/127/307 473/128/307
f 376/44/308 432/129/308 438/127/308
f 402/130/309 473/128/309 432/129/309
f 405/48/310 465/131/310 470/132/310
f 377/46/311 433/133/311 465/131/311
f 403/134/312 470/132/312 433/133/312
f 378/135/313 435/136/313 468/137/313
f 405/48/314 469/138/314 435/136/314
f 408/49/315 468/137/315 469/138/315
f 408/49/316 469/138/316 471/139/316
f 405/48/317 470/132/317 469/138/317
f 403/134/318 471/139/318 470/132/318
f 408/49/319 471/139/319 438/140/319
f 403/134/320 463/141/320 471/139/320
f 376/44/321 438/140/321 463/141/321
f 378/142/322 468/143/322 467/144/322
f 408/25/323 472/145/323 468/143/323
f 407/51/324 467/144/324 472/145/324
f 407/51/325 472/145/325 474/146/325
f 408/25/326 473/128/326 472/145/326
f 402/130/327 474/146/327 473/128/327
f 407/51/328 474/146/328 437/147/328
f 402/130/329 462/148/329 474/146/329
f 375/42/330 437/147/330 462/148/330
f 378/149/331 467/150/331 466/151/331
f 407/22/332 475/152/332 467/150/332
f 406/23/333 466/151/333 475/152/333
f 406/23/334 475/152/334 477/153/334
f 407/22/335 476/124/335 475/152/335
f 401/126/336 477/153/336 476/124/336
f 406/23/337 477/153/337 436/154/337
f 401/126/338 461/155/338 477/153/338
f 374/52/339 436/154/339 461/155/339
f 378/156/340 466/157/340 464/158/340
f 406/41/341 478/159/341 466/157/341
f 404/53/342 464/158/342 478/159/342
f 404/53/343 478/159/343 480/160/343
f 406/41/344 479/120/344 478/159/344
f 400/122/345 480/160/345 479/120/345
f 404/53/346 480/160/346 434/161/346
f 400/122/347 460/162/347 480/160/347
f 373/36/348 434/161/348 460/162/348
f 378/163/349 464/164/349 435/165/349
f 404/38/350 481/166/350 464/164/350
f 405/55/351 435/165/351 481/166/351
f 405/55/352 481/166/352 483/167/352
f 404/38/353 482/116/353 481/166/353
f 399/118/354 483/167/354 482/116/354
f 405/55/355 483/167/355 465/168/355
f 399/118/356 459/169/356 483/167/356
f 377/46/357 465/168/357 459/169/357
f 377/46/358 420/170/358 433/133/358
f 390/112/359 484/171/359 420/170/359
f 403/134/360 433/133/360 484/171/360
f 403/134/361 484/171/361 486/172/361
f 390/112/362 485/114/362 484/171/362
f 397/96/363 486/172/363 485/114/363
f 403/134/364 486/172/364 463/141/364
f 397/96/365 457/173/365 486/172/365
f 376/44/366 463/141/366 457/173/366
f 376/44/292 428/174/292 432/129/292
f 398/109/292 487/175/292 428/174/292
f 402/130/292 432/129/292 487/175/292
f 402/130/292 487/175/292 489/176/292
f 398/109/292 488/111/292 487/175/292
f 395/91/292 489/176/292 488/111/292
f 402/130/292 489/176/292 462/148/292
f 395/91/292 455/177/292 489/176/292
f 375/42/292 462/148/292 455/177/292
f 375/42/367 426/178/367 431/125/367
f 396/106/368 490/179/368 426/178/368
f 401/126/369 431/125/369 490/179/369
f 401/126/370 490/179/370 492/180/370
f 396/106/292 491/108/292 490/179/292
f 393/86/371 492/180/371 491/108/371
f 401/126/372 492/180/372 461/155/372
f 393/86/373 453/181/373 492/180/373
f 374/52/374 461/155/374 453/181/374
f 374/39/375 424/182/375 430/121/375
f 394/32/376 493/183/376 424/182/376
f 400/122/377 430/121/377 493/183/377
f 400/122/378 493/183/378 495/184/378
f 394/32/379 494/105/379 493/183/379
f 391/81/380 495/184/380 494/105/380
f 400/122/381 495/184/381 460/162/381
f 391/81/382 451/185/382 495/184/382
f 373/36/383 460/162/383 451/185/383
f 373/36/384 422/186/384 429/117/384
f 392/101/292 496/187/292 422/186/292
f 399/118/385 429/117/385 496/187/385
f 399/118/386 496/187/386 498/188/386
f 392/101/292 497/103/292 496/187/292
f 389/78/387 498/188/387 497/103/387
f 399/118/388 498/188/388 459/169/388
f 389/78/294 449/189/294 498/188/294
f 377/46/389 459/169/389 449/189/389
f 376/44/387 457/173/387 428/174/387
f 397/96/292 499/190/292 457/173/292
f 398/109/292 428/174/292 499/190/292
f 398/109/292 499/190/292 501/191/292
f 397/96/292 500/98/292 499/190/292
f 388/100/292 501/191/292 500/98/292
f 398/109/292 501/191/292 458/110/292
f 388/100/292 448/192/292 501/191/292
f 371/7/292 458/110/292 448/192/292
f 375/42/292 455/177/292 426/178/292
f 395/91/292 502/193/292 455/177/292
f 396/106/292 426/178/292 502/193/292
f 396/106/292 502/193/292 504/194/292
f 395/91/292 503/93/292 502/193/292
f 387/95/292 504/194/292 503/93/292
f 396/106/292 504/194/292 456/107/292
f 387/95/292 447/195/292 504/194/292
f 370/19/292 456/107/292 447/195/292
f 374/52/390 453/181/390 424/196/390
f 393/86/391 505/197/391 453/181/391
f 394/58/392 424/196/392 505/197/392
f 394/58/393 505/197/393 507/198/393
f 393/86/394 506/88/394 505/197/394
f 385/90/395 507/198/395 506/88/395
f 394/58/396 507/198/396 454/199/396
f 385/90/397 445/200/397 507/198/397
f 369/59/294 454/199/294 445/200/294
f 373/36/398 451/185/398 422/186/398
f 391/81/399 508/201/399 451/185/399
f 392/101/292 422/186/292 508/201/292
f 392/101/292 508/201/292 510/202/292
f 391/81/292 509/83/292 508/201/292
f 381/85/292 510/202/292 509/83/292
f 392/101/292 510/202/292 452/102/292
f 381/85/292 441/203/292 510/202/292
f 368/29/292 452/102/292 441/203/292
f 377/46/400 449/189/400 420/170/400
f 389/78/401 511/204/401 449/189/401
f 390/112/294 420/170/294 511/204/294
f 390/112/292 511/204/292 513/205/292
f 389/78/292 512/80/292 511/204/292
f 382/62/292 513/205/292 512/80/292
f 390/112/292 513/205/292 450/113/292
f 382/62/292 442/206/292 513/205/292
f 372/26/292 450/113/292 442/206/292
f 372/26/292 413/207/292 418/99/292
f 383/15/292 514/208/292 413/207/292
f 388/100/292 418/99/292 514/208/292
f 388/100/292 514/208/292 516/209/292
f 383/15/292 515/75/292 514/208/292
f 386/14/292 516/209/292 515/75/292
f 388/100/292 516/209/292 448/192/292
f 386/14/292 446/210/292 516/209/292
f 371/7/292 448/192/292 446/210/292
f 371/7/292 446/211/292 417/94/292
f 386/4/292 517/212/292 446/211/292
f 387/95/292 417/94/292 517/212/292
f 387/95/292 517/212/292 519/213/292
f 386/4/292 518/71/292 517/212/292
f 384/12/292 519/213/292 518/71/292
f 387/95/292 519/213/292 447/195/292
f 384/12/292 444/214/292 519/213/292
f 370/19/292 447/195/292 444/214/292
f 370/19/292 444/215/292 415/89/292
f 384/10/292 520/216/292 444/215/292
f 385/90/292 415/89/292 520/216/292
f 385/90/292 520/216/292 522/217/292
f 384/10/292 521/67/292 520/216/292
f 379/9/292 522/217/292 521/67/292
f 385/90/292 522/217/292 445/200/292
f 379/9/292 439/218/292 522/217/292
f 369/59/292 445/200/292 439/218/292
f 372/26/292 442/206/292 413/219/292
f 382/62/292 523/220/292 442/206/292
f 383/60/292 413/219/292 523/220/292
f 383/60/292 523/220/292 525/221/292
f 382/62/292 524/64/292 523/220/292
f 380/57/292 525/221/292 524/64/292
f 383/60/292 525/221/292 443/222/292
f 380/57/292 440/223/292 525/221/292
f 367/224/292 443/222/292 440/223/292
f 369/16/292 439/225/292 411/84/292
f 379/3/292 526/226/292 439/225/292
f 381/85/292 411/84/292 526/226/292
f 381/85/292 526/226/292 528/227/292
f 379/3/292 527/228/292 526/226/292
f 380/2/292 528/227/292 527/228/292
f 381/85/292 528/227/292 441/203/292
f 380/2/292 410/229/292 528/227/292
f 368/29/292 441/203/292 410/229/292
f 380/2/292 527/228/292 440/230/292
f 379/3/292 409/231/292 527/228/292
f 367/232/292 440/230/292 409/231/292
f 527/228/292 409/231/292 440/230/292
f 524/64/292 412/63/292 410/65/292
f 521/67/292 414/66/292 409/69/292
f 518/71/292 416/70/292 414/73/292
f 515/75/292 443/74/292 416/77/292
f 512/80/292 419/79/292 412/63/292
f 509/83/292 421/82/292 411/84/292
f 506/88/294 423/87/294 415/89/294
f 503/93/292 425/92/292 417/94/292
f 500/98/292 427/97/292 418/99/292
f 497/103/292 452/102/292 419/79/292
f 494/105/402 454/104/402 421/82/402
f 491/108/292 456/107/292 423/87/292
f 488/111/292 458/110/292 425/92/292
f 485/114/292 450/113/292 427/97/292
f 482/116/403 434/115/403 429/117/403
f 479/120/404 436/119/404 430/121/404
f 476/124/405 437/123/405 431/125/405
f 473/128/406 438/127/406 432/129/406
f 470/132/407 465/131/407 433/133/407
f 468/137/408 435/136/408 469/138/408
f 471/139/409 469/138/409 470/132/409
f 438/140/410 471/139/410 463/141/410
f 467/144/411 468/143/411 472/145/411
f 474/146/412 472/145/412 473/128/412
f 437/147/413 474/146/413 462/148/413
f 466/151/414 467/150/414 475/152/414
f 477/153/415 475/152/415 476/124/415
f 436/154/416 477/153/416 461/155/416
f 464/158/417 466/157/417 478/159/417
f 480/160/418 478/159/418 479/120/418
f 434/161/419 480/160/419 460/162/419
f 435/165/420 464/164/420 481/166/420
f 483/167/421 481/166/421 482/116/421
f 465/168/422 483/167/422 459/169/422
f 433/133/423 420/170/423 484/171/423
f 486/172/424 484/171/424 485/114/424
f 463/141/425 486/172/425 457/173/425
f 432/129/292 428/174/292 487/175/292
f 489/176/292 487/175/292 488/111/292
f 462/148/292 489/176/292 455/177/292
f 431/125/426 426/178/426 490/179/426
f 492/180/427 490/179/427 491/108/427
f 461/155/428 492/180/428 453/181/428
f 430/121/429 424/182/429 493/183/429
f 495/184/430 493/183/430 494/105/430
f 460/162/431 495/184/431 451/185/431
f 429/117/432 422/186/432 496/187/432
f 498/188/294 496/187/294 497/103/294
f 459/169/433 498/188/433 449/189/433
f 428/174/292 457/173/292 499/190/292
f 501/191/292 499/190/292 500/98/292
f 458/110/292 501/191/292 448/192/292
f 426/178/292 455/177/292 502/193/292
f 504/194/292 502/193/292 503/93/292
f 456/107/292 504/194/292 447/195/292
f 424/196/434 453/181/434 505/197/434
f 507/198/435 505/197/435 506/88/435
f 454/199/436 507/198/436 445/200/436
f 422/186/437 451/185/437 508/201/437
f 510/202/292 508/201/292 509/83/292
f 452/102/292 510/202/292 441/203/292
f 420/170/294 449/189/294 511/204/294
f 513/205/292 511/204/292 512/80/292
f 450/113/292 513/205/292 442/206/292
f 418/99/292 413/207/292 514/208/292
f 516/209/292 514/208/292 515/75/292
f 448/192/292 516/209/292 446/210/292
f 417/94/292 446/211/292 517/212/292
f 519/213/292 517/212/292 518/71/292
f 447/195/292 519/213/292 444/214/292
f 415/89/292 444/215/292 520/216/292
f 522/217/292 520/216/292 521/67/292
f 445/200/292 522/217/292 439/218/292
f 413/219/292 442/206/292 523/220/292
f 525/221/292 523/220/292 524/64/292
f 443/222/292 525/221/292 440/223/292
f 411/84/292 439/225/292 526/226/292
f 528/227/292 526/226/292 527/228/292
f 441/203/292 528/227/292 410/229/292
f 544/62/438 574/63/438 686/64/438
f 530/29/439 572/65/439 574/63/439
f 542/57/438 686/64/438 572/65/438
f 546/10/438 576/66/438 683/67/438
f 529/68/438 571/69/438 576/66/438
f 541/9/438 683/67/438 571/69/438
f 548/4/438 578/70/438 680/71/438
f 529/72/438 576/73/438 578/70/438
f 546/12/438 680/71/438 576/73/438
f 545/15/438 605/74/438 677/75/438
f 529/76/438 578/77/438 605/74/438
f 548/14/438 677/75/438 578/77/438
f 551/78/440 581/79/440 674/80/440
f 530/29/441 574/63/441 581/79/441
f 544/62/442 674/80/442 574/63/442
f 553/81/443 583/82/443 671/83/443
f 531/16/438 573/84/438 583/82/438
f 543/85/444 671/83/444 573/84/444
f 555/86/438 585/87/438 668/88/438
f 532/19/438 577/89/438 585/87/438
f 547/90/438 668/88/438 577/89/438
f 557/91/438 587/92/438 665/93/438
f 533/7/438 579/94/438 587/92/438
f 549/95/438 665/93/438 579/94/438
f 559/96/438 589/97/438 662/98/438
f 534/26/438 580/99/438 589/97/438
f 550/100/438 662/98/438 580/99/438
f 554/101/445 614/102/445 659/103/445
f 530/29/446 581/79/446 614/102/446
f 551/78/447 659/103/447 581/79/447
f 556/32/448 616/104/448 656/105/448
f 531/16/438 583/82/438 616/104/438
f 553/81/449 656/105/449 583/82/449
f 558/106/438 618/107/438 653/108/438
f 532/19/438 585/87/438 618/107/438
f 555/86/438 653/108/438 585/87/438
f 560/109/438 620/110/438 650/111/438
f 533/7/438 587/92/438 620/110/438
f 557/91/438 650/111/438 587/92/438
f 552/112/450 612/113/450 647/114/450
f 534/26/438 589/97/438 612/113/438
f 559/96/448 647/114/448 589/97/448
f 566/38/451 596/115/451 644/116/451
f 535/36/452 591/117/452 596/115/452
f 561/118/453 644/116/453 591/117/453
f 568/41/454 598/119/454 641/120/454
f 536/39/455 592/121/455 598/119/455
f 562/122/456 641/120/456 592/121/456
f 569/22/457 599/123/457 638/124/457
f 537/42/458 593/125/458 599/123/458
f 563/126/459 638/124/459 593/125/459
f 570/25/460 600/127/460 635/128/460
f 538/44/461 594/129/461 600/127/461
f 564/130/462 635/128/462 594/129/462
f 567/48/463 627/131/463 632/132/463
f 539/46/464 595/133/464 627/131/464
f 565/134/465 632/132/465 595/133/465
f 540/135/466 597/136/466 630/137/466
f 567/48/467 631/138/467 597/136/467
f 570/49/468 630/137/468 631/138/468
f 570/49/469 631/138/469 633/139/469
f 567/48/470 632/132/470 631/138/470
f 565/134/471 633/139/471 632/132/471
f 570/49/472 633/139/472 600/140/472
f 565/134/473 625/141/473 633/139/473
f 538/44/474 600/140/474 625/141/474
f 540/142/475 630/143/475 629/144/475
f 570/25/476 634/145/476 630/143/476
f 569/51/477 629/144/477 634/145/477
f 569/51/478 634/145/478 636/146/478
f 570/25/479 635/128/479 634/145/479
f 564/130/480 636/146/480 635/128/480
f 569/51/481 636/146/481 599/147/481
f 564/130/482 624/148/482 636/146/482
f 537/42/483 599/147/483 624/148/483
f 540/149/484 629/150/484 628/151/484
f 569/22/485 637/152/485 629/150/485
f 568/23/486 628/151/486 637/152/486
f 568/23/487 637/152/487 639/153/487
f 569/22/488 638/124/488 637/152/488
f 563/126/489 639/153/489 638/124/489
f 568/23/490 639/153/490 598/154/490
f 563/126/491 623/155/491 639/153/491
f 536/52/492 598/154/492 623/155/492
f 540/156/493 628/157/493 626/158/493
f 568/41/494 640/159/494 628/157/494
f 566/53/495 626/158/495 640/159/495
f 566/53/496 640/159/496 642/160/496
f 568/41/497 641/120/497 640/159/497
f 562/122/498 642/160/498 641/120/498
f 566/53/499 642/160/499 596/161/499
f 562/122/500 622/162/500 642/160/500
f 535/36/501 596/161/501 622/162/501
f 540/163/502 626/164/502 597/165/502
f 566/38/503 643/166/503 626/164/503
f 567/55/504 597/165/504 643/166/504
f 567/55/505 643/166/505 645/167/505
f 566/38/506 644/116/506 643/166/506
f 561/118/507 645/167/507 644/116/507
f 567/55/508 645/167/508 627/168/508
f 561/118/509 621/169/509 645/167/509
f 539/46/510 627/168/510 621/169/510
f 539/46/511 582/170/511 595/133/511
f 552/112/512 646/171/512 582/170/512
f 565/134/513 595/133/513 646/171/513
f 565/134/514 646/171/514 648/172/514
f 552/112/515 647/114/515 646/171/515
f 559/96/516 648/172/516 647/114/516
f 565/134/517 648/172/517 625/141/517
f 559/96/518 619/173/518 648/172/518
f 538/44/519 625/141/519 619/173/519
f 538/44/448 590/174/448 594/129/448
f 560/109/438 649/175/438 590/174/438
f 564/130/438 594/129/438 649/175/438
f 564/130/438 649/175/438 651/176/438
f 560/109/438 650/111/438 649/175/438
f 557/91/438 651/176/438 650/111/438
f 564/130/520 651/176/520 624/148/520
f 557/91/438 617/177/438 651/176/438
f 537/42/438 624/148/438 617/177/438
f 537/42/438 588/178/438 593/125/438
f 558/106/438 652/179/438 588/178/438
f 563/126/438 593/125/438 652/179/438
f 563/126/438 652/179/438 654/180/438
f 558/106/438 653/108/438 652/179/438
f 555/86/438 654/180/438 653/108/438
f 563/126/521 654/180/521 623/155/521
f 555/86/438 615/181/438 654/180/438
f 536/52/448 623/155/448 615/181/448
f 536/39/522 586/182/522 592/121/522
f 556/32/448 655/183/448 586/182/448
f 562/122/523 592/121/523 655/183/523
f 562/122/524 655/183/524 657/184/524
f 556/32/448 656/105/448 655/183/448
f 553/81/525 657/184/525 656/105/525
f 562/122/526 657/184/526 622/162/526
f 553/81/527 613/185/527 657/184/527
f 535/36/528 622/162/528 613/185/528
f 535/36/529 584/186/529 591/117/529
f 554/101/530 658/187/530 584/186/530
f 561/118/531 591/117/531 658/187/531
f 561/118/532 658/187/532 660/188/532
f 554/101/533 659/103/533 658/187/533
f 551/78/534 660/188/534 659/103/534
f 561/118/535 660/188/535 621/169/535
f 551/78/536 611/189/536 660/188/536
f 539/46/537 621/169/537 611/189/537
f 538/44/448 619/173/448 590/174/448
f 559/96/438 661/190/438 619/173/438
f 560/109/438 590/174/438 661/190/438
f 560/109/438 661/190/438 663/191/438
f 559/96/438 662/98/438 661/190/438
f 550/100/438 663/191/438 662/98/438
f 560/109/438 663/191/438 620/110/438
f 550/100/438 610/192/438 663/191/438
f 533/7/438 620/110/438 610/192/438
f 537/42/438 617/177/438 588/178/438
f 557/91/438 664/193/438 617/177/438
f 558/106/438 588/178/438 664/193/438
f 558/106/438 664/193/438 666/194/438
f 557/91/438 665/93/438 664/193/438
f 549/95/438 666/194/438 665/93/438
f 558/106/438 666/194/438 618/107/438
f 549/95/438 609/195/438 666/194/438
f 532/19/438 618/107/438 609/195/438
f 536/52/438 615/181/438 586/196/438
f 555/86/438 667/197/438 615/181/438
f 556/58/438 586/196/438 667/197/438
f 556/58/438 667/197/438 669/198/438
f 555/86/438 668/88/438 667/197/438
f 547/90/438 669/198/438 668/88/438
f 556/58/438 669/198/438 616/199/438
f 547/90/438 607/200/438 669/198/438
f 531/59/438 616/199/438 607/200/438
f 535/36/538 613/185/538 584/186/538
f 553/81/539 670/201/539 613/185/539
f 554/101/540 584/186/540 670/201/540
f 554/101/541 670/201/541 672/202/541
f 553/81/542 671/83/542 670/201/542
f 543/85/543 672/202/543 671/83/543
f 554/101/544 672/202/544 614/102/544
f 543/85/448 603/203/448 672/202/448
f 530/29/545 614/102/545 603/203/545
f 539/46/546 611/189/546 582/170/546
f 551/78/547 673/204/547 611/189/547
f 552/112/548 582/170/548 673/204/548
f 552/112/549 673/204/549 675/205/549
f 551/78/550 674/80/550 673/204/550
f 544/62/551 675/205/551 674/80/551
f 552/112/552 675/205/552 612/113/552
f 544/62/521 604/206/521 675/205/521
f 534/26/438 612/113/438 604/206/438
f 534/26/438 575/207/438 580/99/438
f 545/15/438 676/208/438 575/207/438
f 550/100/438 580/99/438 676/208/438
f 550/100/438 676/208/438 678/209/438
f 545/15/438 677/75/438 676/208/438
f 548/14/438 678/209/438 677/75/438
f 550/100/438 678/209/438 610/192/438
f 548/14/438 608/210/438 678/209/438
f 533/7/438 610/192/438 608/210/438
f 533/7/438 608/211/438 579/94/438
f 548/4/438 679/212/438 608/211/438
f 549/95/438 579/94/438 679/212/438
f 549/95/438 679/212/438 681/213/438
f 548/4/438 680/71/438 679/212/438
f 546/12/438 681/213/438 680/71/438
f 549/95/438 681/213/438 609/195/438
f 546/12/438 606/214/438 681/213/438
f 532/19/438 609/195/438 606/214/438
f 532/19/438 606/215/438 577/89/438
f 546/10/438 682/216/438 606/215/438
f 547/90/438 577/89/438 682/216/438
f 547/90/438 682/216/438 684/217/438
f 546/10/438 683/67/438 682/216/438
f 541/9/438 684/217/438 683/67/438
f 547/90/438 684/217/438 607/200/438
f 541/9/438 601/218/438 684/217/438
f 531/59/438 607/200/438 601/218/438
f 534/26/438 604/206/438 575/219/438
f 544/62/438 685/220/438 604/206/438
f 545/60/438 575/219/438 685/220/438
f 545/60/438 685/220/438 687/221/438
f 544/62/438 686/64/438 685/220/438
f 542/57/438 687/221/438 686/64/438
f 545/60/438 687/221/438 605/222/438
f 542/57/438 602/223/438 687/221/438
f 529/224/438 605/222/438 602/223/438
f 531/16/438 601/225/438 573/84/438
f 541/3/438 688/226/438 601/225/438
f 543/85/438 573/84/438 688/226/438
f 543/85/438 688/226/438 690/227/438
f 541/3/438 689/228/438 688/226/438
f 542/2/438 690/227/438 689/228/438
f 543/85/438 690/227/438 603/203/438
f 542/2/438 572/229/438 690/227/438
f 530/29/553 603/203/553 572/229/553
f 542/2/438 689/228/438 602/230/438
f 541/3/438 571/231/438 689/228/438
f 529/232/438 602/230/438 571/231/438
f 689/228/438 571/231/438 602/230/438
f 686/64/438 574/63/438 572/65/438
f 683/67/438 576/66/438 571/69/438
f 680/71/438 578/70/438 576/73/438
f 677/75/438 605/74/438 578/77/438
f 674/80/554 581/79/554 574/63/554
f 671/83/444 583/82/444 573/84/444
f 668/88/438 585/87/438 577/89/438
f 665/93/438 587/92/438 579/94/438
f 662/98/438 589/97/438 580/99/438
f 659/103/555 614/102/555 581/79/555
f 656/105/448 616/104/448 583/82/448
f 653/108/438 618/107/438 585/87/438
f 650/111/438 620/110/438 587/92/438
f 647/114/448 612/113/448 589/97/448
f 644/116/556 596/115/556 591/117/556
f 641/120/557 598/119/557 592/121/557
f 638/124/558 599/123/558 593/125/558
f 635/128/559 600/127/559 594/129/559
f 632/132/560 627/131/560 595/133/560
f 630/137/561 597/136/561 631/138/561
f 633/139/562 631/138/562 632/132/562
f 600/140/563 633/139/563 625/141/563
f 629/144/564 630/143/564 634/145/564
f 636/146/565 634/145/565 635/128/565
f 599/147/566 636/146/566 624/148/566
f 628/151/567 629/150/567 637/152/567
f 639/153/568 637/152/568 638/124/568
f 598/154/569 639/153/569 623/155/569
f 626/158/570 628/157/570 640/159/570
f 642/160/571 640/159/571 641/120/571
f 596/161/572 642/160/572 622/162/572
f 597/165/573 626/164/573 643/166/573
f 645/167/574 643/166/574 644/116/574
f 627/168/575 645/167/575 621/169/575
f 595/133/576 582/170/576 646/171/576
f 648/172/577 646/171/577 647/114/577
f 625/141/578 648/172/578 619/173/578
f 594/129/438 590/174/438 649/175/438
f 651/176/438 649/175/438 650/111/438
f 624/148/438 651/176/438 617/177/438
f 593/125/438 588/178/438 652/179/438
f 654/180/438 652/179/438 653/108/438
f 623/155/579 654/180/579 615/181/579
f 592/121/580 586/182/580 655/183/580
f 657/184/581 655/183/581 656/105/581
f 622/162/582 657/184/582 613/185/582
f 591/117/583 584/186/583 658/187/583
f 660/188/584 658/187/584 659/103/584
f 621/169/585 660/188/585 611/189/585
f 590/174/438 619/173/438 661/190/438
f 663/191/438 661/190/438 662/98/438
f 620/110/438 663/191/438 610/192/438
f 588/178/438 617/177/438 664/193/438
f 666/194/438 664/193/438 665/93/438
f 618/107/438 666/194/438 609/195/438
f 586/196/438 615/181/438 667/197/438
f 669/198/438 667/197/438 668/88/438
f 616/199/438 669/198/438 607/200/438
f 584/186/586 613/185/586 670/201/586
f 672/202/587 670/201/587 671/83/587
f 614/102/588 672/202/588 603/203/588
f 582/170/589 611/189/589 673/204/589
f 675/205/590 673/204/590 674/80/590
f 612/113/521 675/205/521 604/206/521
f 580/99/438 575/207/438 676/208/438
f 678/209/438 676/208/438 677/75/438
f 610/192/438 678/209/438 608/210/438
f 579/94/438 608/211/438 679/212/438
f 681/213/438 679/212/438 680/71/438
f 609/195/438 681/213/438 606/214/438
f 577/89/438 606/215/438 682/216/438
f 684/217/438 682/216/438 683/67/438
f 607/200/438 684/217/438 601/218/438
f 575/219/438 604/206/438 685/220/438
f 687/221/438 685/220/438 686/64/438
f 605/222/438 687/221/438 602/223/438
f 573/84/438 601/225/438 688/226/438
f 690/227/438 688/226/438 689/228/438
f 603/203/438 690/227/438 572/229/438
f 691/1/1 704/2/1 703/3/1
f 710/4/1 711/5/1 719/6/1 695/7/1
f 691/8/1 703/9/1 708/10/1
f 691/11/1 708/12/1 710/4/1
f 691/13/1 710/14/1 707/15/1
f 693/16/1 705/17/1 715/18/1
f 694/19/1 709/20/1 717/21/1
f 731/22/591 730/23/591 702/24/591 732/25/591
f 696/26/592 712/27/592 721/28/592
f 692/29/593 713/30/593 716/31/593
f 693/16/1 715/18/1 718/32/1
f 694/19/1 717/21/1 720/33/1
f 695/7/1 719/6/1 722/34/1
f 696/26/594 721/28/594 714/35/594
f 697/36/595 723/37/595 728/38/595
f 698/39/1 724/40/1 730/41/1
f 699/42/1 725/43/1 731/22/1
f 700/44/596 726/45/596 732/25/596
f 701/46/597 727/47/597 729/48/597
f 729/48/598 727/47/598 732/49/598
f 727/47/599 700/44/599 732/49/599
f 728/38/600 729/48/600 732/49/600 702/50/600
f 732/25/601 726/45/601 731/51/601
f 726/45/13 699/42/13 731/51/13
f 731/22/1 725/43/1 730/23/1
f 725/43/1 698/52/1 730/23/1
f 730/41/602 728/53/602 702/54/602
f 730/41/603 724/40/603 728/53/603
f 724/40/604 697/36/604 728/53/604
f 728/38/605 723/37/605 729/55/605
f 723/37/606 701/46/606 729/55/606
f 714/35/607 727/47/607 701/46/607
f 714/35/608 721/28/608 727/47/608
f 721/28/609 700/44/609 727/47/609
f 722/34/1 726/45/1 700/44/1
f 722/34/1 719/6/1 726/45/1
f 719/6/1 699/42/1 726/45/1
f 720/33/1 725/43/1 699/42/1
f 720/33/1 717/21/1 725/43/1
f 717/21/1 698/52/1 725/43/1
f 718/32/1 724/40/1 698/39/1
f 718/32/1 715/18/1 724/40/1
f 715/18/610 697/36/610 724/40/610
f 716/31/611 723/37/611 697/36/611
f 716/31/612 713/30/612 723/37/612
f 713/30/613 701/46/613 723/37/613
f 721/28/614 722/34/614 700/44/614
f 721/28/615 712/27/615 722/34/615
f 712/27/1 695/7/1 722/34/1
f 719/6/1 720/33/1 699/42/1
f 706/56/616 713/30/616 692/29/616 704/57/616
f 717/21/1 718/58/1 698/52/1
f 717/21/1 709/20/1 718/58/1
f 709/20/1 693/59/1 718/58/1
f 715/18/617 716/31/617 697/36/617
f 715/18/618 705/17/618 716/31/618
f 705/17/619 692/29/619 716/31/619
f 713/30/620 714/35/620 701/46/620
f 713/30/621 706/56/621 714/35/621
f 711/5/1 694/19/1 720/33/1 719/6/1
f 707/15/622 712/27/622 696/26/622
f 707/15/1 710/14/1 712/27/1
f 710/14/1 695/7/1 712/27/1
f 710/4/1 708/12/1 711/5/1
f 708/12/1 694/19/1 711/5/1
f 708/10/1 709/20/1 694/19/1
f 708/10/1 703/9/1 709/20/1
f 703/9/1 693/59/1 709/20/1
f 706/56/623 704/57/623 707/60/623
f 704/57/1 691/61/1 707/60/1
f 703/3/1 705/17/1 693/16/1
f 703/3/1 704/2/1 705/17/1
f 704/2/624 692/29/624 705/17/624
f 706/56/625 707/60/625 696/26/625 714/35/625
f 733/1/1 746/2/1 745/3/1
f 752/4/1 753/5/1 761/6/1 737/7/1
f 733/8/1 745/9/1 750/10/1
f 733/11/1 750/12/1 752/4/1
f 733/13/1 752/14/1 749/15/1
f 735/16/1 747/17/1 757/18/1
f 736/19/1 751/20/1 759/21/1
f 773/22/626 772/23/626 744/24/626 774/25/626
f 738/26/627 754/27/627 763/28/627
f 734/29/628 755/30/628 758/31/628
f 735/16/1 757/18/1 760/32/1
f 736/19/1 759/21/1 762/33/1
f 737/7/1 761/6/1 764/34/1
f 738/26/629 763/28/629 756/35/629
f 739/36/630 765/37/630 770/38/630
f 740/39/1 766/40/1 772/41/1
f 741/42/1 767/43/1 773/22/1
f 742/44/631 768/45/631 774/25/631
f 743/46/632 769/47/632 771/48/632
f 771/48/633 769/47/633 774/49/633
f 769/47/634 742/44/634 774/49/634
f 770/38/635 771/48/635 774/49/635 744/50/635
f 774/25/636 768/45/636 773/51/636
f 768/45/13 741/42/13 773/51/13
f 773/22/1 767/43/1 772/23/1
f 767/43/1 740/52/1 772/23/1
f 772/41/637 770/53/637 744/54/637
f 772/41/638 766/40/638 770/53/638
f 766/40/639 739/36/639 770/53/639
f 770/38/640 765/37/640 771/55/640
f 765/37/641 743/46/641 771/55/641
f 756/35/642 769/47/642 743/46/642
f 756/35/643 763/28/643 769/47/643
f 763/28/644 742/44/644 769/47/644
f 764/34/1 768/45/1 742/44/1
f 764/34/1 761/6/1 768/45/1
f 761/6/1 741/42/1 768/45/1
f 762/33/1 767/43/1 741/42/1
f 762/33/1 759/21/1 767/43/1
f 759/21/1 740/52/1 767/43/1
f 760/32/1 766/40/1 740/39/1
f 760/32/1 757/18/1 766/40/1
f 757/18/645 739/36/645 766/40/645
f 758/31/646 765/37/646 739/36/646
f 758/31/647 755/30/647 765/37/647
f 755/30/648 743/46/648 765/37/648
f 763/28/649 764/34/649 742/44/649
f 763/28/650 754/27/650 764/34/650
f 754/27/1 737/7/1 764/34/1
f 761/6/1 762/33/1 741/42/1
f 748/56/651 755/30/651 734/29/651 746/57/651
f 759/21/1 760/58/1 740/52/1
f 759/21/1 751/20/1 760/58/1
f 751/20/1 735/59/1 760/58/1
f 757/18/652 758/31/652 739/36/652
f 757/18/653 747/17/653 758/31/653
f 747/17/654 734/29/654 758/31/654
f 755/30/655 756/35/655 743/46/655
f 755/30/656 748/56/656 756/35/656
f 753/5/1 736/19/1 762/33/1 761/6/1
f 749/15/657 754/27/657 738/26/657
f 749/15/1 752/14/1 754/27/1
f 752/14/1 737/7/1 754/27/1
f 752/4/1 750/12/1 753/5/1
f 750/12/1 736/19/1 753/5/1
f 750/10/1 751/20/1 736/19/1
f 750/10/1 745/9/1 751/20/1
f 745/9/1 735/59/1 751/20/1
f 748/56/658 746/57/658 749/60/658
f 746/57/1 733/61/1 749/60/1
f 745/3/1 747/17/1 735/16/1
f 745/3/1 746/2/1 747/17/1
f 746/2/659 734/29/659 747/17/659
f 748/56/660 749/60/660 738/26/660 756/35/660
f 775/1/1 788/2/1 787/3/1
f 794/4/1 795/5/1 803/6/1 779/7/1
f 775/8/1 787/9/1 792/10/1
f 775/11/1 792/12/1 794/4/1
f 775/13/1 794/14/1 791/15/1
f 777/16/1 789/17/1 799/18/1
f 778/19/1 793/20/1 801/21/1
f 815/22/626 814/23/626 786/24/626 816/25/626
f 780/26/661 796/27/661 805/28/661
f 776/29/628 797/30/628 800/31/628
f 777/16/1 799/18/1 802/32/1
f 778/19/1 801/21/1 804/33/1
f 779/7/1 803/6/1 806/34/1
f 780/26/662 805/28/662 798/35/662
f 781/36/630 807/37/630 812/38/630
f 782/39/1 808/40/1 814/41/1
f 783/42/1 809/43/1 815/22/1
f 784/44/631 810/45/631 816/25/631
f 785/46/632 811/47/632 813/48/632
f 813/48/633 811/47/633 816/49/633
f 811/47/663 784/44/663 816/49/663
f 812/38/635 813/48/635 816/49/635 786/50/635
f 816/25/636 810/45/636 815/51/636
f 810/45/13 783/42/13 815/51/13
f 815/22/1 809/43/1 814/23/1
f 809/43/1 782/52/1 814/23/1
f 814/41/637 812/53/637 786/54/637
f 814/41/638 808/40/638 812/53/638
f 808/40/639 781/36/639 812/53/639
f 812/38/640 807/37/640 813/55/640
f 807/37/641 785/46/641 813/55/641
f 798/35/642 811/47/642 785/46/642
f 798/35/643 805/28/643 811/47/643
f 805/28/644 784/44/644 811/47/644
f 806/34/1 810/45/1 784/44/1
f 806/34/1 803/6/1 810/45/1
f 803/6/1 783/42/1 810/45/1
f 804/33/1 809/43/1 783/42/1
f 804/33/1 801/21/1 809/43/1
f 801/21/1 782/52/1 809/43/1
f 802/32/1 808/40/1 782/39/1
f 802/32/1 799/18/1 808/40/1
f 799/18/645 781/36/645 808/40/645
f 800/31/646 807/37/646 781/36/646
f 800/31/647 797/30/647 807/37/647
f 797/30/648 785/46/648 807/37/648
f 805/28/649 806/34/649 784/44/649
f 805/28/664 796/27/664 806/34/664
f 796/27/1 779/7/1 806/34/1
f 803/6/1 804/33/1 783/42/1
f 790/56/651 797/30/651 776/29/651 788/57/651
f 801/21/1 802/58/1 782/52/1
f 801/21/1 793/20/1 802/58/1
f 793/20/1 777/59/1 802/58/1
f 799/18/665 800/31/665 781/36/665
f 799/18/653 789/17/653 800/31/653
f 789/17/666 776/29/666 800/31/666
f 797/30/655 798/35/655 785/46/655
f 797/30/656 790/56/656 798/35/656
f 795/5/1 778/19/1 804/33/1 803/6/1
f 791/15/657 796/27/657 780/26/657
f 791/15/1 794/14/1 796/27/1
f 794/14/1 779/7/1 796/27/1
f 794/4/1 792/12/1 795/5/1
f 792/12/1 778/19/1 795/5/1
f 792/10/1 793/20/1 778/19/1
f 792/10/1 787/9/1 793/20/1
f 787/9/1 777/59/1 793/20/1
f 790/56/658 788/57/658 791/60/658
f 788/57/1 775/61/1 791/60/1
f 787/3/1 789/17/1 777/16/1
f 787/3/1 788/2/1 789/17/1
f 788/2/659 776/29/659 789/17/659
f 790/56/660 791/60/660 780/26/660 798/35/660
f 817/1/1 830/2/1 829/3/1
f 836/4/1 837/5/1 845/6/1 821/7/1
f 817/8/1 829/9/1 834/10/1
f 817/11/1 834/12/1 836/4/1
f 817/13/1 836/14/1 833/15/1
f 819/16/1 831/17/1 841/18/1
f 820/19/1 835/20/1 843/21/1
f 857/22/667 856/23/667 828/24/667 858/25/667
f 822/26/668 838/27/668 847/28/668
f 818/29/669 839/30/669 842/31/669
f 819/16/1 841/18/1 844/32/1
f 820/19/1 843/21/1 846/33/1
f 821/7/1 845/6/1 848/34/1
f 822/26/670 847/28/670 840/35/670
f 823/36/671 849/37/671 854/38/671
f 824/39/1 850/40/1 856/41/1
f 825/42/1 851/43/1 857/22/1
f 826/44/672 852/45/672 858/25/672
f 827/46/673 853/47/673 855/48/673
f 855/48/674 853/47/674 858/49/674
f 853/47/675 826/44/675 858/49/675
f 854/38/676 855/48/676 858/49/676 828/50/676
f 858/25/677 852/45/677 857/51/677
f 852/45/13 825/42/13 857/51/13
f 857/22/1 851/43/1 856/23/1
f 851/43/1 824/52/1 856/23/1
f 856/41/678 854/53/678 828/54/678
f 856/41/679 850/40/679 854/53/679
f 850/40/680 823/36/680 854/53/680
f 854/38/681 849/37/681 855/55/681
f 849/37/682 827/46/682 855/55/682
f 840/35/683 853/47/683 827/46/683
f 840/35/684 847/28/684 853/47/684
f 847/28/685 826/44/685 853/47/685
f 848/34/1 852/45/1 826/44/1
f 848/34/1 845/6/1 852/45/1
f 845/6/1 825/42/1 852/45/1
f 846/33/1 851/43/1 825/42/1
f 846/33/1 843/21/1 851/43/1
f 843/21/1 824/52/1 851/43/1
f 844/32/1 850/40/1 824/39/1
f 844/32/1 841/18/1 850/40/1
f 841/18/686 823/36/686 850/40/686
f 842/31/687 849/37/687 823/36/687
f 842/31/688 839/30/688 849/37/688
f 839/30/689 827/46/689 849/37/689
f 847/28/690 848/34/690 826/44/690
f 847/28/691 838/27/691 848/34/691
f 838/27/1 821/7/1 848/34/1
f 845/6/1 846/33/1 825/42/1
f 832/56/692 839/30/692 818/29/692 830/57/692
f 843/21/1 844/58/1 824/52/1
f 843/21/1 835/20/1 844/58/1
f 835/20/1 819/59/1 844/58/1
f 841/18/693 842/31/693 823/36/693
f 841/18/694 831/17/694 842/31/694
f 831/17/695 818/29/695 842/31/695
f 839/30/696 840/35/696 827/46/696
f 839/30/697 832/56/697 840/35/697
f 837/5/1 820/19/1 846/33/1 845/6/1
f 833/15/698 838/27/698 822/26/698
f 833/15/1 836/14/1 838/27/1
f 836/14/1 821/7/1 838/27/1
f 836/4/1 834/12/1 837/5/1
f 834/12/1 820/19/1 837/5/1
f 834/10/1 835/20/1 820/19/1
f 834/10/1 829/9/1 835/20/1
f 829/9/1 819/59/1 835/20/1
f 832/56/699 830/57/699 833/60/699
f 830/57/1 817/61/1 833/60/1
f 829/3/1 831/17/1 819/16/1
f 829/3/1 830/2/1 831/17/1
f 830/2/700 818/29/700 831/17/700
f 832/56/701 833/60/701 822/26/701 840/35/701
f 859/1/1 872/2/1 871/3/1
f 878/4/1 879/5/1 887/6/1 863/7/1
f 859/8/1 871/9/1 876/10/1
f 859/11/1 876/12/1 878/4/1
f 859/13/1 878/14/1 875/15/1
f 861/16/1 873/17/1 883/18/1
f 862/19/1 877/20/1 885/21/1
f 899/22/667 898/23/667 870/24/667 900/25/667
f 864/26/668 880/27/668 889/28/668
f 860/29/669 881/30/669 884/31/669
f 861/16/1 883/18/1 886/32/1
f 862/19/1 885/21/1 888/33/1
f 863/7/1 887/6/1 890/34/1
f 864/26/702 889/28/702 882/35/702
f 865/36/703 891/37/703 896/38/703
f 866/39/1 892/40/1 898/41/1
f 867/42/1 893/43/1 899/22/1
f 868/44/672 894/45/672 900/25/672
f 869/46/673 895/47/673 897/48/673
f 897/48/704 895/47/704 900/49/704
f 895/47/675 868/44/675 900/49/675
f 896/38/705 897/48/705 900/49/705 870/50/705
f 900/25/677 894/45/677 899/51/677
f 894/45/13 867/42/13 899/51/13
f 899/22/1 893/43/1 898/23/1
f 893/43/1 866/52/1 898/23/1
f 898/41/706 896/53/706 870/54/706
f 898/41/679 892/40/679 896/53/679
f 892/40/680 865/36/680 896/53/680
f 896/38/707 891/37/707 897/55/707
f 891/37/682 869/46/682 897/55/682
f 882/35/683 895/47/683 869/46/683
f 882/35/684 889/28/684 895/47/684
f 889/28/685 868/44/685 895/47/685
f 890/34/1 894/45/1 868/44/1
f 890/34/1 887/6/1 894/45/1
f 887/6/1 867/42/1 894/45/1
f 888/33/1 893/43/1 867/42/1
f 888/33/1 885/21/1 893/43/1
f 885/21/1 866/52/1 893/43/1
f 886/32/1 892/40/1 866/39/1
f 886/32/1 883/18/1 892/40/1
f 883/18/686 865/36/686 892/40/686
f 884/31/708 891/37/708 865/36/708
f 884/31/688 881/30/688 891/37/688
f 881/30/689 869/46/689 891/37/689
f 889/28/690 890/34/690 868/44/690
f 889/28/709 880/27/709 890/34/709
f 880/27/1 863/7/1 890/34/1
f 887/6/1 888/33/1 867/42/1
f 874/56/692 881/30/692 860/29/692 872/57/692
f 885/21/1 886/58/1 866/52/1
f 885/21/1 877/20/1 886/58/1
f 877/20/1 861/59/1 886/58/1
f 883/18/710 884/31/710 865/36/710
f 883/18/694 873/17/694 884/31/694
f 873/17/695 860/29/695 884/31/695
f 881/30/696 882/35/696 869/46/696
f 881/30/697 874/56/697 882/35/697
f 879/5/1 862/19/1 888/33/1 887/6/1
f 875/15/698 880/27/698 864/26/698
f 875/15/1 878/14/1 880/27/1
f 878/14/1 863/7/1 880/27/1
f 878/4/1 876/12/1 879/5/1
f 876/12/1 862/19/1 879/5/1
f 876/10/1 877/20/1 862/19/1
f 876/10/1 871/9/1 877/20/1
f 871/9/1 861/59/1 877/20/1
f 874/56/699 872/57/699 875/60/699
f 872/57/1 859/61/1 875/60/1
f 871/3/1 873/17/1 861/16/1
f 871/3/1 872/2/1 873/17/1
f 872/2/711 860/29/711 873/17/711
f 874/56/701 875/60/701 864/26/701 882/35/701
f 901/1/1 914/2/1 913/3/1
f 920/4/1 921/5/1 929/6/1 905/7/1
f 901/8/1 913/9/1 918/10/1
f 901/11/1 918/12/1 920/4/1
f 901/13/1 920/14/1 917/15/1
f 903/16/1 915/17/1 925/18/1
f 904/19/1 919/20/1 927/21/1
f 941/22/667 940/23/667 912/24/667 942/25/667
f 906/26/712 922/27/712 931/28/712
f 902/29/669 923/30/669 926/31/669
f 903/16/1 925/18/1 928/32/1
f 904/19/1 927/21/1 930/33/1
f 905/7/1 929/6/1 932/34/1
f 906/26/702 931/28/702 924/35/702
f 907/36/703 933/37/703 938/38/703
f 908/39/1 934/40/1 940/41/1
f 909/42/1 935/43/1 941/22/1
f 910/44/672 936/45/672 942/25/672
f 911/46/673 937/47/673 939/48/673
f 939/48/704 937/47/704 942/49/704
f 937/47/675 910/44/675 942/49/675
f 938/38/705 939/48/705 942/49/705 912/50/705
f 942/25/677 936/45/677 941/51/677
f 936/45/13 909/42/13 941/51/13
f 941/22/1 935/43/1 940/23/1
f 935/43/1 908/52/1 940/23/1
f 940/41/678 938/53/678 912/54/678
f 940/41/679 934/40/679 938/53/679
f 934/40/680 907/36/680 938/53/680
f 938/38/713 933/37/713 939/55/713
f 933/37/682 911/46/682 939/55/682
f 924/35/683 937/47/683 911/46/683
f 924/35/684 931/28/684 937/47/684
f 931/28/685 910/44/685 937/47/685
f 932/34/1 936/45/1 910/44/1
f 932/34/1 929/6/1 936/45/1
f 929/6/1 909/42/1 936/45/1
f 930/33/1 935/43/1 909/42/1
f 930/33/1 927/21/1 935/43/1
f 927/21/1 908/52/1 935/43/1
f 928/32/1 934/40/1 908/39/1
f 928/32/1 925/18/1 934/40/1
f 925/18/686 907/36/686 934/40/686
f 926/31/708 933/37/708 907/36/708
f 926/31/688 923/30/688 933/37/688
f 923/30/689 911/46/689 933/37/689
f 931/28/690 932/34/690 910/44/690
f 931/28/709 922/27/709 932/34/709
f 922/27/1 905/7/1 932/34/1
f 929/6/1 930/33/1 909/42/1
f 916/56/692 923/30/692 902/29/692 914/57/692
f 927/21/1 928/58/1 908/52/1
f 927/21/1 919/20/1 928/58/1
f 919/20/1 903/59/1 928/58/1
f 925/18/714 926/31/714 907/36/714
f 925/18/694 915/17/694 926/31/694
f 915/17/695 902/29/695 926/31/695
f 923/30/696 924/35/696 911/46/696
f 923/30/697 916/56/697 924/35/697
f 921/5/1 904/19/1 930/33/1 929/6/1
f 917/15/698 922/27/698 906/26/698
f 917/15/1 920/14/1 922/27/1
f 920/14/1 905/7/1 922/27/1
f 920/4/1 918/12/1 921/5/1
f 918/12/1 904/19/1 921/5/1
f 918/10/1 919/20/1 904/19/1
f 918/10/1 913/9/1 919/20/1
f 913/9/1 903/59/1 919/20/1
f 916/56/699 914/57/699 917/60/699
f 914/57/1 901/61/1 917/60/1
f 913/3/1 915/17/1 903/16/1
f 913/3/1 914/2/1 915/17/1
f 914/2/711 902/29/711 915/17/711
f 916/56/701 917/60/701 906/26/701 924/35/701
f 943/1/1 956/2/1 955/3/1
f 962/4/1 963/5/1 971/6/1 947/7/1
f 943/8/1 955/9/1 960/10/1
f 943/11/1 960/12/1 962/4/1
f 943/13/1 962/14/1 959/15/1
f 945/16/1 957/17/1 967/18/1
f 946/19/1 961/20/1 969/21/1
f 983/22/667 982/23/667 954/24/667 984/25/667
f 948/26/712 964/27/712 973/28/712
f 944/29/669 965/30/669 968/31/669
f 945/16/1 967/18/1 970/32/1
f 946/19/1 969/21/1 972/33/1
f 947/7/1 971/6/1 974/34/1
f 948/26/715 973/28/715 966/35/715
f 949/36/703 975/37/703 980/38/703
f 950/39/1 976/40/1 982/41/1
f 951/42/1 977/43/1 983/22/1
f 952/44/716 978/45/716 984/25/716
f 953/46/673 979/47/673 981/48/673
f 981/48/674 979/47/674 984/49/674
f 979/47/675 952/44/675 984/49/675
f 980/38/676 981/48/676 984/49/676 954/50/676
f 984/25/677 978/45/677 983/51/677
f 978/45/13 951/42/13 983/51/13
f 983/22/1 977/43/1 982/23/1
f 977/43/1 950/52/1 982/23/1
f 982/41/706 980/53/706 954/54/706
f 982/41/717 976/40/717 980/53/717
f 976/40/680 949/36/680 980/53/680
f 980/38/707 975/37/707 981/55/707
f 975/37/682 953/46/682 981/55/682
f 966/35/683 979/47/683 953/46/683
f 966/35/684 973/28/684 979/47/684
f 973/28/685 952/44/685 979/47/685
f 974/34/1 978/45/1 952/44/1
f 974/34/1 971/6/1 978/45/1
f 971/6/1 951/42/1 978/45/1
f 972/33/1 977/43/1 951/42/1
f 972/33/1 969/21/1 977/43/1
f 969/21/1 950/52/1 977/43/1
f 970/32/1 976/40/1 950/39/1
f 970/32/1 967/18/1 976/40/1
f 967/18/686 949/36/686 976/40/686
f 968/31/718 975/37/718 949/36/718
f 968/31/688 965/30/688 975/37/688
f 965/30/689 953/46/689 975/37/689
f 973/28/690 974/34/690 952/44/690
f 973/28/719 964/27/719 974/34/719
f 964/27/1 947/7/1 974/34/1
f 971/6/1 972/33/1 951/42/1
f 958/56/692 965/30/692 944/29/692 956/57/692
f 969/21/1 970/58/1 950/52/1
f 969/21/1 961/20/1 970/58/1
f 961/20/1 945/59/1 970/58/1
f 967/18/720 968/31/720 949/36/720
f 967/18/694 957/17/694 968/31/694
f 957/17/695 944/29/695 968/31/695
f 965/30/696 966/35/696 953/46/696
f 965/30/697 958/56/697 966/35/697
f 963/5/1 946/19/1 972/33/1 971/6/1
f 959/15/698 964/27/698 948/26/698
f 959/15/1 962/14/1 964/27/1
f 962/14/1 947/7/1 964/27/1
f 962/4/1 960/12/1 963/5/1
f 960/12/1 946/19/1 963/5/1
f 960/10/1 961/20/1 946/19/1
f 960/10/1 955/9/1 961/20/1
f 955/9/1 945/59/1 961/20/1
f 958/56/699 956/57/699 959/60/699
f 956/57/1 943/61/1 959/60/1
f 955/3/1 957/17/1 945/16/1
f 955/3/1 956/2/1 957/17/1
f 956/2/711 944/29/711 957/17/711
f 958/56/701 959/60/701 948/26/701 966/35/701
f 985/1/1 998/2/1 997/3/1
f 1004/4/1 1005/5/1 1013/6/1 989/7/1
f 985/8/1 997/9/1 1002/10/1
f 985/11/1 1002/12/1 1004/4/1
f 985/13/1 1004/14/1 1001/15/1
f 987/16/1 999/17/1 1009/18/1
f 988/19/1 1003/20/1 1011/21/1
f 1025/22/667 1024/23/667 996/24/667 1026/25/667
f 990/26/712 1006/27/712 1015/28/712
f 986/29/669 1007/30/669 1010/31/669
f 987/16/1 1009/18/1 1012/32/1
f 988/19/1 1011/21/1 1014/33/1
f 989/7/1 1013/6/1 1016/34/1
f 990/26/715 1015/28/715 1008/35/715
f 991/36/703 1017/37/703 1022/38/703
f 992/39/1 1018/40/1 1024/41/1
f 993/42/1 1019/43/1 1025/22/1
f 994/44/721 1020/45/721 1026/25/721
f 995/46/673 1021/47/673 1023/48/673
f 1023/48/674 1021/47/674 1026/49/674
f 1021/47/675 994/44/675 1026/49/675
f 1022/38/676 1023/48/676 1026/49/676 996/50/676
f 1026/25/677 1020/45/677 1025/51/677
f 1020/45/13 993/42/13 1025/51/13
f 1025/22/1 1019/43/1 1024/23/1
f 1019/43/1 992/52/1 1024/23/1
f 1024/41/706 1022/53/706 996/54/706
f 1024/41/717 1018/40/717 1022/53/717
f 1018/40/680 991/36/680 1022/53/680
f 1022/38/707 1017/37/707 1023/55/707
f 1017/37/682 995/46/682 1023/55/682
f 1008/35/683 1021/47/683 995/46/683
f 1008/35/684 1015/28/684 1021/47/684
f 1015/28/722 994/44/722 1021/47/722
f 1016/34/1 1020/45/1 994/44/1
f 1016/34/1 1013/6/1 1020/45/1
f 1013/6/1 993/42/1 1020/45/1
f 1014/33/1 1019/43/1 993/42/1
f 1014/33/1 1011/21/1 1019/43/1
f 1011/21/1 992/52/1 1019/43/1
f 1012/32/1 1018/40/1 992/39/1
f 1012/32/1 1009/18/1 1018/40/1
f 1009/18/686 991/36/686 1018/40/686
f 1010/31/708 1017/37/708 991/36/708
f 1010/31/688 1007/30/688 1017/37/688
f 1007/30/689 995/46/689 1017/37/689
f 1015/28/690 1016/34/690 994/44/690
f 1015/28/709 1006/27/709 1016/34/709
f 1006/27/1 989/7/1 1016/34/1
f 1013/6/1 1014/33/1 993/42/1
f 1000/56/692 1007/30/692 986/29/692 998/57/692
f 1011/21/1 1012/58/1 992/52/1
f 1011/21/1 1003/20/1 1012/58/1
f 1003/20/1 987/59/1 1012/58/1
f 1009/18/723 1010/31/723 991/36/723
f 1009/18/724 999/17/724 1010/31/724
f 999/17/695 986/29/695 1010/31/695
f 1007/30/696 1008/35/696 995/46/696
f 1007/30/697 1000/56/697 1008/35/697
f 1005/5/1 988/19/1 1014/33/1 1013/6/1
f 1001/15/698 1006/27/698 990/26/698
f 1001/15/1 1004/14/1 1006/27/1
f 1004/14/1 989/7/1 1006/27/1
f 1004/4/1 1002/12/1 1005/5/1
f 1002/12/1 988/19/1 1005/5/1
f 1002/10/1 1003/20/1 988/19/1
f 1002/10/1 997/9/1 1003/20/1
f 997/9/1 987/59/1 1003/20/1
f 1000/56/699 998/57/699 1001/60/699
f 998/57/1 985/61/1 1001/60/1
f 997/3/1 999/17/1 987/16/1
f 997/3/1 998/2/1 999/17/1
f 998/2/711 986/29/711 999/17/711
f 1000/56/701 1001/60/701 990/26/701 1008/35/701
f 1027/1/1 1040/2/1 1039/3/1
f 1046/4/1 1047/5/1 1055/6/1 1031/7/1
f 1027/8/1 1039/9/1 1044/10/1
f 1027/11/1 1044/12/1 1046/4/1
f 1027/13/1 1046/14/1 1043/15/1
f 1029/16/1 1041/17/1 1051/18/1
f 1030/19/1 1045/20/1 1053/21/1
f 1067/22/667 1066/23/667 1038/24/667 1068/25/667
f 1032/26/668 1048/27/668 1057/28/668
f 1028/29/669 1049/30/669 1052/31/669
f 1029/16/1 1051/18/1 1054/32/1
f 1030/19/1 1053/21/1 1056/33/1
f 1031/7/1 1055/6/1 1058/34/1
f 1032/26/702 1057/28/702 1050/35/702
f 1033/36/703 1059/37/703 1064/38/703
f 1034/39/1 1060/40/1 1066/41/1
f 1035/42/1 1061/43/1 1067/22/1
f 1036/44/672 1062/45/672 1068/25/672
f 1037/46/673 1063/47/673 1065/48/673
f 1065/48/704 1063/47/704 1068/49/704
f 1063/47/675 1036/44/675 1068/49/675
f 1064/38/705 1065/48/705 1068/49/705 1038/50/705
f 1068/25/677 1062/45/677 1067/51/677
f 1062/45/13 1035/42/13 1067/51/13
f 1067/22/1 1061/43/1 1066/23/1
f 1061/43/1 1034/52/1 1066/23/1
f 1066/41/678 1064/53/678 1038/54/678
f 1066/41/679 1060/40/679 1064/53/679
f 1060/40/680 1033/36/680 1064/53/680
f 1064/38/681 1059/37/681 1065/55/681
f 1059/37/682 1037/46/682 1065/55/682
f 1050/35/683 1063/47/683 1037/46/683
f 1050/35/684 1057/28/684 1063/47/684
f 1057/28/685 1036/44/685 1063/47/685
f 1058/34/1 1062/45/1 1036/44/1
f 1058/34/1 1055/6/1 1062/45/1
f 1055/6/1 1035/42/1 1062/45/1
f 1056/33/1 1061/43/1 1035/42/1
f 1056/33/1 1053/21/1 1061/43/1
f 1053/21/1 1034/52/1 1061/43/1
f 1054/32/1 1060/40/1 1034/39/1
f 1054/32/1 1051/18/1 1060/40/1
f 1051/18/686 1033/36/686 1060/40/686
f 1052/31/708 1059/37/708 1033/36/708
f 1052/31/688 1049/30/688 1059/37/688
f 1049/30/689 1037/46/689 1059/37/689
f 1057/28/690 1058/34/690 1036/44/690
f 1057/28/709 1048/27/709 1058/34/709
f 1048/27/1 1031/7/1 1058/34/1
f 1055/6/1 1056/33/1 1035/42/1
f 1042/56/725 1049/30/725 1028/29/725 1040/57/725
f 1053/21/1 1054/58/1 1034/52/1
f 1053/21/1 1045/20/1 1054/58/1
f 1045/20/1 1029/59/1 1054/58/1
f 1051/18/714 1052/31/714 1033/36/714
f 1051/18/694 1041/17/694 1052/31/694
f 1041/17/695 1028/29/695 1052/31/695
f 1049/30/696 1050/35/696 1037/46/696
f 1049/30/697 1042/56/697 1050/35/697
f 1047/5/1 1030/19/1 1056/33/1 1055/6/1
f 1043/15/698 1048/27/698 1032/26/698
f 1043/15/1 1046/14/1 1048/27/1
f 1046/14/1 1031/7/1 1048/27/1
f 1046/4/1 1044/12/1 1047/5/1
f 1044/12/1 1030/19/1 1047/5/1
f 1044/10/1 1045/20/1 1030/19/1
f 1044/10/1 1039/9/1 1045/20/1
f 1039/9/1 1029/59/1 1045/20/1
f 1042/56/699 1040/57/699 1043/60/699
f 1040/57/1 1027/61/1 1043/60/1
f 1039/3/1 1041/17/1 1029/16/1
f 1039/3/1 1040/2/1 1041/17/1
f 1040/2/711 1028/29/711 1041/17/711
f 1042/56/701 1043/60/701 1032/26/701 1050/35/701
f 1069/1/1 1082/2/1 1081/3/1
f 1088/4/1 1089/5/1 1097/6/1 1073/7/1
f 1069/8/1 1081/9/1 1086/10/1
f 1069/11/1 1086/12/1 1088/4/1
f 1069/13/1 1088/14/1 1085/15/1
f 1071/16/1 1083/17/1 1093/18/1
f 1072/19/1 1087/20/1 1095/21/1
f 1109/22/667 1108/23/667 1080/24/667 1110/25/667
f 1074/26/712 1090/27/712 1099/28/712
f 1070/29/669 1091/30/669 1094/31/669
f 1071/16/1 1093/18/1 1096/32/1
f 1072/19/1 1095/21/1 1098/33/1
f 1073/7/1 1097/6/1 1100/34/1
f 1074/26/715 1099/28/715 1092/35/715
f 1075/36/703 1101/37/703 1106/38/703
f 1076/39/1 1102/40/1 1108/41/1
f 1077/42/1 1103/43/1 1109/22/1
f 1078/44/672 1104/45/672 1110/25/672
f 1079/46/673 1105/47/673 1107/48/673
f 1107/48/704 1105/47/704 1110/49/704
f 1105/47/675 1078/44/675 1110/49/675
f 1106/38/676 1107/48/676 1110/49/676 1080/50/676
f 1110/25/677 1104/45/677 1109/51/677
f 1104/45/13 1077/42/13 1109/51/13
f 1109/22/1 1103/43/1 1108/23/1
f 1103/43/1 1076/52/1 1108/23/1
f 1108/41/706 1106/53/706 1080/54/706
f 1108/41/679 1102/40/679 1106/53/679
f 1102/40/680 1075/36/680 1106/53/680
f 1106/38/707 1101/37/707 1107/55/707
f 1101/37/682 1079/46/682 1107/55/682
f 1092/35/683 1105/47/683 1079/46/683
f 1092/35/684 1099/28/684 1105/47/684
f 1099/28/685 1078/44/685 1105/47/685
f 1100/34/1 1104/45/1 1078/44/1
f 1100/34/1 1097/6/1 1104/45/1
f 1097/6/1 1077/42/1 1104/45/1
f 1098/33/1 1103/43/1 1077/42/1
f 1098/33/1 1095/21/1 1103/43/1
f 1095/21/1 1076/52/1 1103/43/1
f 1096/32/1 1102/40/1 1076/39/1
f 1096/32/1 1093/18/1 1102/40/1
f 1093/18/686 1075/36/686 1102/40/686
f 1094/31/708 1101/37/708 1075/36/708
f 1094/31/688 1091/30/688 1101/37/688
f 1091/30/689 1079/46/689 1101/37/689
f 1099/28/690 1100/34/690 1078/44/690
f 1099/28/709 1090/27/709 1100/34/709
f 1090/27/1 1073/7/1 1100/34/1
f 1097/6/1 1098/33/1 1077/42/1
f 1084/56/692 1091/30/692 1070/29/692 1082/57/692
f 1095/21/1 1096/58/1 1076/52/1
f 1095/21/1 1087/20/1 1096/58/1
f 1087/20/1 1071/59/1 1096/58/1
f 1093/18/693 1094/31/693 1075/36/693
f 1093/18/694 1083/17/694 1094/31/694
f 1083/17/695 1070/29/695 1094/31/695
f 1091/30/696 1092/35/696 1079/46/696
f 1091/30/697 1084/56/697 1092/35/697
f 1089/5/1 1072/19/1 1098/33/1 1097/6/1
f 1085/15/698 1090/27/698 1074/26/698
f 1085/15/1 1088/14/1 1090/27/1
f 1088/14/1 1073/7/1 1090/27/1
f 1088/4/1 1086/12/1 1089/5/1
f 1086/12/1 1072/19/1 1089/5/1
f 1086/10/1 1087/20/1 1072/19/1
f 1086/10/1 1081/9/1 1087/20/1
f 1081/9/1 1071/59/1 1087/20/1
f 1084/56/699 1082/57/699 1085/60/699
f 1082/57/1 1069/61/1 1085/60/1
f 1081/3/1 1083/17/1 1071/16/1
f 1081/3/1 1082/2/1 1083/17/1
f 1082/2/711 1070/29/711 1083/17/711
f 1084/56/701 1085/60/701 1074/26/701 1092/35/701
f 1111/1/1 1124/2/1 1123/3/1
f 1130/4/1 1131/5/1 1139/6/1 1115/7/1
f 1111/8/1 1123/9/1 1128/10/1
f 1111/11/1 1128/12/1 1130/4/1
f 1111/13/1 1130/14/1 1127/15/1
f 1113/16/1 1125/17/1 1135/18/1
f 1114/19/1 1129/20/1 1137/21/1
f 1151/22/667 1150/23/667 1122/24/667 1152/25/667
f 1116/26/668 1132/27/668 1141/28/668
f 1112/29/669 1133/30/669 1136/31/669
f 1113/16/1 1135/18/1 1138/32/1
f 1114/19/1 1137/21/1 1140/33/1
f 1115/7/1 1139/6/1 1142/34/1
f 1116/26/702 1141/28/702 1134/35/702
f 1117/36/703 1143/37/703 1148/38/703
f 1118/39/1 1144/40/1 1150/41/1
f 1119/42/1 1145/43/1 1151/22/1
f 1120/44/672 1146/45/672 1152/25/672
f 1121/46/673 1147/47/673 1149/48/673
f 1149/48/704 1147/47/704 1152/49/704
f 1147/47/675 1120/44/675 1152/49/675
f 1148/38/676 1149/48/676 1152/49/676 1122/50/676
f 1152/25/677 1146/45/677 1151/51/677
f 1146/45/13 1119/42/13 1151/51/13
f 1151/22/1 1145/43/1 1150/23/1
f 1145/43/1 1118/52/1 1150/23/1
f 1150/41/706 1148/53/706 1122/54/706
f 1150/41/679 1144/40/679 1148/53/679
f 1144/40/680 1117/36/680 1148/53/680
f 1148/38/681 1143/37/681 1149/55/681
f 1143/37/682 1121/46/682 1149/55/682
f 1134/35/683 1147/47/683 1121/46/683
f 1134/35/684 1141/28/684 1147/47/684
f 1141/28/685 1120/44/685 1147/47/685
f 1142/34/1 1146/45/1 1120/44/1
f 1142/34/1 1139/6/1 1146/45/1
f 1139/6/1 1119/42/1 1146/45/1
f 1140/33/1 1145/43/1 1119/42/1
f 1140/33/1 1137/21/1 1145/43/1
f 1137/21/1 1118/52/1 1145/43/1
f 1138/32/1 1144/40/1 1118/39/1
f 1138/32/1 1135/18/1 1144/40/1
f 1135/18/686 1117/36/686 1144/40/686
f 1136/31/687 1143/37/687 1117/36/687
f 1136/31/688 1133/30/688 1143/37/688
f 1133/30/689 1121/46/689 1143/37/689
f 1141/28/690 1142/34/690 1120/44/690
f 1141/28/709 1132/27/709 1142/34/709
f 1132/27/1 1115/7/1 1142/34/1
f 1139/6/1 1140/33/1 1119/42/1
f 1126/56/692 1133/30/692 1112/29/692 1124/57/692
f 1137/21/1 1138/58/1 1118/52/1
f 1137/21/1 1129/20/1 1138/58/1
f 1129/20/1 1113/59/1 1138/58/1
f 1135/18/726 1136/31/726 1117/36/726
f 1135/18/694 1125/17/694 1136/31/694
f 1125/17/695 1112/29/695 1136/31/695
f 1133/30/696 1134/35/696 1121/46/696
f 1133/30/697 1126/56/697 1134/35/697
f 1131/5/1 1114/19/1 1140/33/1 1139/6/1
f 1127/15/698 1132/27/698 1116/26/698
f 1127/15/1 1130/14/1 1132/27/1
f 1130/14/1 1115/7/1 1132/27/1
f 1130/4/1 1128/12/1 1131/5/1
f 1128/12/1 1114/19/1 1131/5/1
f 1128/10/1 1129/20/1 1114/19/1
f 1128/10/1 1123/9/1 1129/20/1
f 1123/9/1 1113/59/1 1129/20/1
f 1126/56/699 1124/57/699 1127/60/699
f 1124/57/1 1111/61/1 1127/60/1
f 1123/3/1 1125/17/1 1113/16/1
f 1123/3/1 1124/2/1 1125/17/1
f 1124/2/711 1112/29/711 1125/17/711
f 1126/56/701 1127/60/701 1116/26/701 1134/35/701
f 1153/1/1 1166/2/1 1165/3/1
f 1172/4/1 1173/5/1 1181/6/1 1157/7/1
f 1153/8/1 1165/9/1 1170/10/1
f 1153/11/1 1170/12/1 1172/4/1
f 1153/13/1 1172/14/1 1169/15/1
f 1155/16/1 1167/17/1 1177/18/1
f 1156/19/1 1171/20/1 1179/21/1
f 1193/22/2 1192/23/2 1164/24/2 1194/25/2
f 1158/26/3 1174/27/3 1183/28/3
f 1154/29/4 1175/30/4 1178/31/4
f 1155/16/1 1177/18/1 1180/32/1
f 1156/19/1 1179/21/1 1182/33/1
f 1157/7/1 1181/6/1 1184/34/1
f 1158/26/5 1183/28/5 1176/35/5
f 1159/36/6 1185/37/6 1190/38/6
f 1160/39/1 1186/40/1 1192/41/1
f 1161/42/1 1187/43/1 1193/22/1
f 1162/44/7 1188/45/7 1194/25/7
f 1163/46/8 1189/47/8 1191/48/8
f 1191/48/9 1189/47/9 1194/49/9
f 1189/47/10 1162/44/10 1194/49/10
f 1190/38/11 1191/48/11 1194/49/11 1164/50/11
f 1194/25/12 1188/45/12 1193/51/12
f 1188/45/13 1161/42/13 1193/51/13
f 1193/22/1 1187/43/1 1192/23/1
f 1187/43/1 1160/52/1 1192/23/1
f 1192/41/14 1190/53/14 1164/54/14
f 1192/41/15 1186/40/15 1190/53/15
f 1186/40/16 1159/36/16 1190/53/16
f 1190/38/17 1185/37/17 1191/55/17
f 1185/37/18 1163/46/18 1191/55/18
f 1176/35/19 1189/47/19 1163/46/19
f 1176/35/727 1183/28/727 1189/47/727
f 1183/28/21 1162/44/21 1189/47/21
f 1184/34/1 1188/45/1 1162/44/1
f 1184/34/1 1181/6/1 1188/45/1
f 1181/6/1 1161/42/1 1188/45/1
f 1182/33/1 1187/43/1 1161/42/1
f 1182/33/1 1179/21/1 1187/43/1
f 1179/21/1 1160/52/1 1187/43/1
f 1180/32/1 1186/40/1 1160/39/1
f 1180/32/1 1177/18/1 1186/40/1
f 1177/18/22 1159/36/22 1186/40/22
f 1178/31/23 1185/37/23 1159/36/23
f 1178/31/24 1175/30/24 1185/37/24
f 1175/30/25 1163/46/25 1185/37/25
f 1183/28/728 1184/34/728 1162/44/728
f 1183/28/27 1174/27/27 1184/34/27
f 1174/27/1 1157/7/1 1184/34/1
f 1181/6/1 1182/33/1 1161/42/1
f 1168/56/28 1175/30/28 1154/29/28 1166/57/28
f 1179/21/1 1180/58/1 1160/52/1
f 1179/21/1 1171/20/1 1180/58/1
f 1171/20/1 1155/59/1 1180/58/1
f 1177/18/729 1178/31/729 1159/36/729
f 1177/18/30 1167/17/30 1178/31/30
f 1167/17/31 1154/29/31 1178/31/31
f 1175/30/32 1176/35/32 1163/46/32
f 1175/30/33 1168/56/33 1176/35/33
f 1173/5/1 1156/19/1 1182/33/1 1181/6/1
f 1169/15/730 1174/27/730 1158/26/730
f 1169/15/1 1172/14/1 1174/27/1
f 1172/14/1 1157/7/1 1174/27/1
f 1172/4/1 1170/12/1 1173/5/1
f 1170/12/1 1156/19/1 1173/5/1
f 1170/10/1 1171/20/1 1156/19/1
f 1170/10/1 1165/9/1 1171/20/1
f 1165/9/1 1155/59/1 1171/20/1
f 1168/56/35 1166/57/35 1169/60/35
f 1166/57/1 1153/61/1 1169/60/1
f 1165/3/1 1167/17/1 1155/16/1
f 1165/3/1 1166/2/1 1167/17/1
f 1166/2/36 1154/29/36 1167/17/36
f 1168/56/37 1169/60/37 1158/26/37 1176/35/37
f 1195/1/1 1208/2/1 1207/3/1
f 1214/4/1 1215/5/1 1223/6/1 1199/7/1
f 1195/8/1 1207/9/1 1212/10/1
f 1195/11/1 1212/12/1 1214/4/1
f 1195/13/1 1214/14/1 1211/15/1
f 1197/16/1 1209/17/1 1219/18/1
f 1198/19/1 1213/20/1 1221/21/1
f 1235/22/2 1234/23/2 1206/24/2 1236/25/2
f 1200/26/3 1216/27/3 1225/28/3
f 1196/29/4 1217/30/4 1220/31/4
f 1197/16/1 1219/18/1 1222/32/1
f 1198/19/1 1221/21/1 1224/33/1
f 1199/7/1 1223/6/1 1226/34/1
f 1200/26/5 1225/28/5 1218/35/5
f 1201/36/6 1227/37/6 1232/38/6
f 1202/39/1 1228/40/1 1234/41/1
f 1203/42/1 1229/43/1 1235/22/1
f 1204/44/7 1230/45/7 1236/25/7
f 1205/46/8 1231/47/8 1233/48/8
f 1233/48/731 1231/47/731 1236/49/731
f 1231/47/10 1204/44/10 1236/49/10
f 1232/38/11 1233/48/11 1236/49/11 1206/50/11
f 1236/25/12 1230/45/12 1235/51/12
f 1230/45/13 1203/42/13 1235/51/13
f 1235/22/1 1229/43/1 1234/23/1
f 1229/43/1 1202/52/1 1234/23/1
f 1234/41/14 1232/53/14 1206/54/14
f 1234/41/15 1228/40/15 1232/53/15
f 1228/40/16 1201/36/16 1232/53/16
f 1232/38/17 1227/37/17 1233/55/17
f 1227/37/18 1205/46/18 1233/55/18
f 1218/35/19 1231/47/19 1205/46/19
f 1218/35/20 1225/28/20 1231/47/20
f 1225/28/21 1204/44/21 1231/47/21
f 1226/34/1 1230/45/1 1204/44/1
f 1226/34/1 1223/6/1 1230/45/1
f 1223/6/1 1203/42/1 1230/45/1
f 1224/33/1 1229/43/1 1203/42/1
f 1224/33/1 1221/21/1 1229/43/1
f 1221/21/1 1202/52/1 1229/43/1
f 1222/32/1 1228/40/1 1202/39/1
f 1222/32/1 1219/18/1 1228/40/1
f 1219/18/22 1201/36/22 1228/40/22
f 1220/31/23 1227/37/23 1201/36/23
f 1220/31/24 1217/30/24 1227/37/24
f 1217/30/25 1205/46/25 1227/37/25
f 1225/28/732 1226/34/732 1204/44/732
f 1225/28/27 1216/27/27 1226/34/27
f 1216/27/1 1199/7/1 1226/34/1
f 1223/6/1 1224/33/1 1203/42/1
f 1210/56/28 1217/30/28 1196/29/28 1208/57/28
f 1221/21/1 1222/58/1 1202/52/1
f 1221/21/1 1213/20/1 1222/58/1
f 1213/20/1 1197/59/1 1222/58/1
f 1219/18/29 1220/31/29 1201/36/29
f 1219/18/30 1209/17/30 1220/31/30
f 1209/17/31 1196/29/31 1220/31/31
f 1217/30/32 1218/35/32 1205/46/32
f 1217/30/33 1210/56/33 1218/35/33
f 1215/5/1 1198/19/1 1224/33/1 1223/6/1
f 1211/15/34 1216/27/34 1200/26/34
f 1211/15/1 1214/14/1 1216/27/1
f 1214/14/1 1199/7/1 1216/27/1
f 1214/4/1 1212/12/1 1215/5/1
f 1212/12/1 1198/19/1 1215/5/1
f 1212/10/1 1213/20/1 1198/19/1
f 1212/10/1 1207/9/1 1213/20/1
f 1207/9/1 1197/59/1 1213/20/1
f 1210/56/35 1208/57/35 1211/60/35
f 1208/57/1 1195/61/1 1211/60/1
f 1207/3/1 1209/17/1 1197/16/1
f 1207/3/1 1208/2/1 1209/17/1
f 1208/2/36 1196/29/36 1209/17/36
f 1210/56/37 1211/60/37 1200/26/37 1218/35/37
f 56/2/38 203/228/38 116/230/38
f 55/3/38 85/231/38 203/228/38
f 43/232/38 116/230/38 85/231/38
f 203/228/38 85/231/38 116/230/38
f 200/64/38 88/63/38 86/65/38
f 197/67/38 90/66/38 85/69/38
f 194/71/38 92/70/38 90/73/38
f 191/75/38 119/74/38 92/77/38
f 188/80/38 95/79/38 88/63/38
f 185/83/38 97/82/38 87/84/38
f 182/88/40 99/87/40 91/89/40
f 179/93/38 101/92/38 93/94/38
f 176/98/38 103/97/38 94/99/38
f 173/103/38 128/102/38 95/79/38
f 170/105/733 130/104/733 97/82/733
f 167/108/38 132/107/38 99/87/38
f 164/111/38 134/110/38 101/92/38
f 161/114/38 126/113/38 103/97/38
f 158/116/734 110/115/734 105/117/734
f 155/120/735 112/119/735 106/121/735
f 152/124/736 113/123/736 107/125/736
f 149/128/737 114/127/737 108/129/737
f 146/132/738 141/131/738 109/133/738
f 144/137/739 111/136/739 145/138/739
f 147/139/740 145/138/740 146/132/740
f 114/140/741 147/139/741 139/141/741
f 143/144/742 144/143/742 148/145/742
f 150/146/743 148/145/743 149/128/743
f 113/147/744 150/146/744 138/148/744
f 142/151/745 143/150/745 151/152/745
f 153/153/746 151/152/746 152/124/746
f 112/154/747 153/153/747 137/155/747
f 140/158/748 142/157/748 154/159/748
f 156/160/749 154/159/749 155/120/749
f 110/161/750 156/160/750 136/162/750
f 111/165/751 140/164/751 157/166/751
f 159/167/752 157/166/752 158/116/752
f 141/168/753 159/167/753 135/169/753
f 109/133/754 96/170/754 160/171/754
f 162/172/755 160/171/755 161/114/755
f 139/141/756 162/172/756 133/173/756
f 108/129/38 104/174/38 163/175/38
f 165/176/38 163/175/38 164/111/38
f 138/148/38 165/176/38 131/177/38
f 107/125/757 102/178/757 166/179/757
f 168/180/758 166/179/758 167/108/758
f 137/155/759 168/180/759 129/181/759
f 106/121/760 100/182/760 169/183/760
f 171/184/761 169/183/761 170/105/761
f 136/162/762 171/184/762 127/185/762
f 105/117/763 98/186/763 172/187/763
f 174/188/40 172/187/40 173/103/40
f 135/169/764 174/188/764 125/189/764
f 104/174/38 133/173/38 175/190/38
f 177/191/38 175/190/38 176/98/38
f 134/110/38 177/191/38 124/192/38
f 102/178/38 131/177/38 178/193/38
f 180/194/38 178/193/38 179/93/38
f 132/107/38 180/194/38 123/195/38
f 100/196/765 129/181/765 181/197/765
f 183/198/766 181/197/766 182/88/766
f 130/199/767 183/198/767 121/200/767
f 98/186/768 127/185/768 184/201/768
f 186/202/38 184/201/38 185/83/38
f 128/102/38 186/202/38 117/203/38
f 96/170/40 125/189/40 187/204/40
f 189/205/38 187/204/38 188/80/38
f 126/113/38 189/205/38 118/206/38
f 94/99/38 89/207/38 190/208/38
f 192/209/38 190/208/38 191/75/38
f 124/192/38 192/209/38 122/210/38
f 93/94/38 122/211/38 193/212/38
f 195/213/38 193/212/38 194/71/38
f 123/195/38 195/213/38 120/214/38
f 91/89/38 120/215/38 196/216/38
f 198/217/38 196/216/38 197/67/38
f 121/200/38 198/217/38 115/218/38
f 89/219/38 118/206/38 199/220/38
f 201/221/38 199/220/38 200/64/38
f 119/222/38 201/221/38 116/223/38
f 87/84/38 115/225/38 202/226/38
f 204/227/38 202/226/38 203/228/38
f 117/203/38 204/227/38 86/229/38
