# Blender 4.1.1
# www.blender.org
mtllib Iron_Deposits.mtl
o Iron_Deposits.
v -0.460052 -0.003058 0.048778
v -0.441115 0.016495 0.038893
v -0.424781 -0.002922 0.024248
v -0.432859 -0.002724 0.057567
v -0.461972 -0.002751 0.088056
v -0.459481 0.012897 0.079079
v -0.423859 0.011606 0.029180
v -0.410563 -0.002613 0.045044
v -0.422711 -0.002364 0.089155
v -0.447838 -0.002531 0.098191
v -0.437046 0.021143 0.066675
v -0.420054 0.007832 0.070458
v -0.446882 -0.003077 0.031295
v -0.457146 -0.003116 0.038411
v -0.440918 -0.003096 0.022021
v -0.453059 0.016241 0.057862
v -0.468198 -0.003021 0.062688
v -0.451555 -0.002960 0.050780
v -0.427662 -0.002840 0.037461
v -0.464707 -0.002928 0.069940
v -0.445487 -0.002691 0.076106
v -0.469881 -0.002858 0.084280
v -0.439652 0.021372 0.050779
v -0.450424 0.019426 0.073460
v -0.418716 -0.002879 0.022471
v -0.426541 0.016912 0.031462
v -0.417912 -0.002656 0.048371
v -0.414698 -0.002778 0.029899
v -0.450827 -0.002644 0.087967
v -0.423736 -0.002474 0.077083
v -0.464577 0.009272 0.089206
v -0.461781 -0.002680 0.096327
v -0.424441 0.019744 0.048116
v -0.409580 -0.002690 0.034580
v -0.410548 -0.002409 0.069587
v -0.439493 -0.002456 0.097515
v -0.435709 0.017860 0.090208
v -0.407774 0.013001 0.052896
v -0.419476 0.018176 0.073822
v -0.404584 -0.002428 0.060313
v -0.415601 -0.002336 0.084196
v -0.433347 0.008217 0.088398
v 0.228486 -0.011010 0.168302
v 0.218702 -0.011237 0.159131
v 0.234511 -0.011110 0.156094
v 0.240080 -0.010857 0.170542
v 0.225276 -0.010920 0.177563
v 0.212559 -0.011146 0.170775
v 0.221699 0.008202 0.155944
v 0.234815 0.006581 0.164211
v 0.238732 -0.010726 0.181391
v 0.219556 -0.010984 0.177331
v 0.210317 -0.006266 0.164498
v 0.221881 0.008326 0.169102
v 0.235755 -0.011025 0.161399
v 0.223607 -0.011126 0.163509
v 0.228864 -0.011175 0.155658
v 0.211822 -0.011217 0.166045
v 0.218690 -0.011086 0.170393
v 0.236261 -0.010916 0.169149
v 0.240318 -0.010971 0.161851
v 0.225195 -0.010964 0.174397
v 0.233358 -0.010850 0.176420
v 0.218010 -0.011033 0.174898
v 0.210530 -0.011282 0.162198
v 0.209019 -0.011216 0.168316
v 0.227829 -0.011222 0.152968
v 0.221106 -0.011260 0.155489
v 0.239662 -0.002113 0.167021
v 0.234440 0.001489 0.158298
v 0.233159 -0.010795 0.180666
v 0.241294 -0.010745 0.177948
v 0.213306 -0.011094 0.174042
v 0.223909 -0.010929 0.178005
v 0.216138 -0.000460 0.158975
v 0.227134 0.009913 0.159192
v 0.238949 0.002786 0.174038
v 0.230822 -0.010804 0.181862
v 0.212163 -0.005390 0.169780
v 0.220798 0.010372 0.161623
v 0.214641 0.000435 0.164609
v 0.229547 0.010391 0.167299
v 0.232424 0.005633 0.177614
v 0.220564 0.000712 0.175042
v 0.232544 -0.011010 0.165110
v 0.220874 -0.011190 0.160885
v 0.232260 -0.011144 0.155290
v 0.214718 -0.011235 0.162433
v 0.214959 -0.011122 0.170635
v 0.232577 -0.010961 0.168758
v 0.240768 -0.010909 0.166159
v 0.226810 -0.010986 0.171464
v 0.228752 -0.010884 0.177490
v 0.214842 -0.011094 0.172819
v 0.214074 -0.011269 0.160411
v 0.209059 -0.011241 0.166421
v 0.231339 -0.011173 0.153893
v 0.221527 -0.011262 0.155007
v 0.240732 -0.010873 0.168859
v 0.234551 0.004656 0.161119
v 0.228827 -0.010863 0.179037
v 0.240697 -0.010719 0.180373
v 0.212278 -0.011127 0.172410
v 0.221905 -0.010948 0.178142
v 0.219221 0.004831 0.157033
v 0.231158 0.008752 0.161605
v 0.239760 -0.000254 0.178703
v 0.225016 -0.010891 0.179973
v 0.210522 -0.005891 0.166702
v 0.220970 0.010060 0.158438
v 0.217838 0.005067 0.166745
v 0.232616 0.008992 0.165658
v 0.236698 0.001352 0.180379
v 0.219999 -0.002823 0.176824
v 0.236017 -0.011066 0.158167
v 0.226430 -0.011062 0.166052
v 0.223925 -0.011209 0.157053
v 0.211581 -0.011185 0.168651
v 0.223581 -0.011045 0.169559
v 0.238698 -0.010883 0.169702
v 0.237825 -0.011043 0.158457
v 0.224598 -0.010943 0.176376
v 0.237544 -0.010840 0.173816
v 0.221594 -0.010974 0.176461
v 0.209686 -0.011274 0.163511
v 0.210365 -0.011183 0.169725
v 0.224316 0.006432 0.153985
v 0.219948 -0.011252 0.156981
v 0.237483 0.002687 0.165330
v 0.234617 -0.011103 0.156473
v 0.236915 -0.010740 0.181805
v 0.240854 -0.010799 0.174291
v 0.216129 -0.011042 0.175736
v 0.224608 -0.010924 0.177828
v 0.212570 -0.004250 0.161725
v 0.223892 0.010117 0.157043
v 0.237062 0.005222 0.168661
v 0.235621 -0.010746 0.182405
v 0.215411 -0.005403 0.173934
v 0.220866 0.009895 0.165199
v 0.212055 -0.003460 0.164016
v 0.225574 0.010371 0.168409
v 0.226694 0.007942 0.173393
v 0.220999 0.004911 0.172135
v 0.216605 0.000708 0.169559
v 0.212911 -0.002803 0.167133
v 0.215744 -0.002345 0.172145
v 0.226663 0.003826 0.177113
v 0.226090 -0.001021 0.179419
v 0.232289 0.001045 0.180775
v 0.231329 0.008716 0.172692
v 0.236425 0.004907 0.176346
v 0.234746 0.007315 0.170888
v 0.224755 0.011594 0.164190
v 0.228052 0.010985 0.162976
v 0.223893 0.011572 0.160457
v 0.217396 0.005675 0.162721
v 0.218245 0.005473 0.159721
v 0.215022 -0.000048 0.161324
v 0.209952 -0.008199 0.168980
v 0.210471 -0.011163 0.171186
v 0.212104 -0.008181 0.172139
v 0.227877 -0.010855 0.180402
v 0.228729 -0.010855 0.179695
v 0.232646 -0.010784 0.181882
v 0.241352 -0.010764 0.176530
v 0.241328 -0.010812 0.172904
v 0.239803 0.000384 0.170777
v 0.230725 0.006234 0.158194
v 0.230957 0.002445 0.154982
v 0.227228 0.006910 0.155403
v 0.218148 -0.011271 0.157004
v 0.215545 -0.011278 0.158568
v 0.213079 -0.011282 0.160216
v 0.218251 -0.011012 0.176241
v 0.215414 -0.011063 0.174697
v 0.220322 -0.010988 0.176394
v 0.237922 -0.010751 0.180203
v 0.233271 -0.010817 0.178958
v 0.237905 -0.010785 0.177677
v 0.237452 -0.000170 0.162148
v 0.240236 -0.010945 0.163828
v 0.237998 -0.003457 0.159644
v 0.224798 -0.011249 0.153390
v 0.228605 -0.011209 0.153362
v 0.225166 -0.011227 0.154747
v 0.208612 -0.011258 0.165494
v 0.210119 -0.011260 0.164156
v 0.209361 -0.011227 0.167225
v 0.217912 -0.011061 0.172908
v 0.221718 -0.011023 0.172694
v 0.220972 -0.011000 0.174980
v 0.229148 -0.010906 0.175528
v 0.230853 -0.010931 0.172334
v 0.234639 -0.010881 0.173051
v 0.239553 -0.010934 0.165263
v 0.237009 -0.010963 0.165081
v 0.238995 -0.010993 0.161268
v 0.214941 -0.011155 0.168191
v 0.217119 -0.011177 0.164860
v 0.220585 -0.011108 0.167225
v 0.232715 -0.011100 0.158202
v 0.230240 -0.011073 0.162204
v 0.226929 -0.011147 0.159277
v 0.020816 -0.004917 -0.344135
v 0.034529 -0.002259 -0.323975
v 0.005275 -0.004797 -0.324874
v 0.001138 -0.007218 -0.352718
v 0.030193 -0.005252 -0.359286
v 0.050056 -0.002302 -0.342189
v 0.028506 0.030252 -0.318930
v 0.008469 0.023937 -0.338866
v 0.007843 -0.008043 -0.371428
v 0.040249 -0.004203 -0.356602
v 0.051683 0.007112 -0.330012
v 0.033413 0.028834 -0.342345
v 0.005176 -0.005542 -0.334780
v 0.027567 -0.003570 -0.333692
v 0.015119 -0.003741 -0.321854
v 0.049484 -0.001704 -0.333504
v 0.039026 -0.003365 -0.343948
v 0.007360 -0.006395 -0.348728
v -0.002739 -0.006405 -0.337396
v 0.029079 -0.004926 -0.353639
v 0.015401 -0.006590 -0.360472
v 0.042025 -0.003686 -0.351671
v 0.050246 -0.001094 -0.326167
v 0.055359 -0.001425 -0.336418
v 0.015886 -0.003290 -0.316672
v 0.028815 -0.002332 -0.318469
v 0.000734 0.008008 -0.346042
v 0.006639 0.016155 -0.328378
v 0.017443 -0.006972 -0.367925
v 0.001930 -0.008164 -0.366340
v 0.050030 -0.002758 -0.348282
v 0.032794 -0.005050 -0.359527
v 0.039326 0.016404 -0.322354
v 0.020201 0.031667 -0.326804
v 0.004928 0.015546 -0.358062
v 0.022064 -0.006670 -0.369118
v 0.050530 0.007584 -0.340093
v 0.032423 0.033396 -0.328582
v 0.044248 0.017524 -0.331729
v 0.019154 0.031016 -0.342135
v 0.018008 0.021191 -0.361726
v 0.037890 0.015561 -0.352589
v 0.012348 -0.005331 -0.340085
v 0.031372 -0.002821 -0.327950
v 0.008947 -0.004314 -0.322552
v 0.042909 -0.001869 -0.328248
v 0.045743 -0.002719 -0.342895
v 0.013740 -0.005696 -0.346571
v -0.001824 -0.006910 -0.345217
v 0.025048 -0.004927 -0.349077
v 0.023998 -0.005869 -0.360539
v 0.046819 -0.002913 -0.346722
v 0.043248 -0.001554 -0.324405
v 0.054535 -0.001246 -0.333074
v 0.010026 -0.004011 -0.319708
v 0.027877 -0.002360 -0.317783
v -0.000688 -0.007169 -0.349991
v 0.007653 0.021123 -0.333333
v 0.024481 -0.006034 -0.363313
v 0.003953 -0.008296 -0.370404
v 0.051204 -0.002413 -0.344977
v 0.036405 -0.004704 -0.358973
v 0.033237 0.024935 -0.319977
v 0.013985 0.028627 -0.332721
v 0.005253 0.009704 -0.366753
v 0.031613 -0.005443 -0.363458
v 0.052204 0.007437 -0.333994
v 0.030844 0.033222 -0.323008
v 0.039557 0.024431 -0.336653
v 0.013016 0.028253 -0.340486
v 0.011399 0.012810 -0.368462
v 0.039497 0.009507 -0.355633
v 0.003426 -0.005271 -0.329151
v 0.023570 -0.004326 -0.339325
v 0.024436 -0.002992 -0.322365
v 0.050948 -0.001918 -0.338032
v 0.030018 -0.004160 -0.344414
v 0.003257 -0.006887 -0.350679
v 0.000334 -0.005624 -0.330384
v 0.030924 -0.005014 -0.356912
v 0.006939 -0.007085 -0.357518
v 0.036287 -0.004483 -0.355869
v 0.052265 -0.001072 -0.328160
v 0.053532 -0.001805 -0.339454
v 0.023032 0.026994 -0.316548
v 0.031463 -0.002271 -0.320656
v 0.004067 0.016720 -0.342031
v 0.005236 -0.004853 -0.325587
v 0.011231 -0.007758 -0.371440
v 0.001256 -0.007726 -0.359677
v 0.045695 -0.003431 -0.352409
v 0.031485 -0.005158 -0.359491
v 0.046642 0.010396 -0.325928
v 0.025106 0.032910 -0.321695
v 0.006211 0.020669 -0.347696
v 0.013766 -0.007585 -0.371990
v 0.046416 0.006419 -0.348757
v 0.033708 0.032146 -0.334970
v 0.048488 0.011551 -0.329764
v 0.026643 0.031631 -0.342523
v 0.026565 0.026719 -0.351887
v 0.036084 0.022893 -0.347478
v 0.042736 0.016998 -0.341286
v 0.048227 0.012111 -0.335616
v 0.045202 0.011716 -0.345623
v 0.027980 0.019348 -0.358597
v 0.029772 0.011024 -0.362607
v 0.019372 0.013115 -0.367418
v 0.018086 0.027192 -0.352463
v 0.010384 0.019334 -0.361089
v 0.011265 0.024378 -0.350664
v 0.026455 0.034361 -0.334675
v 0.020106 0.032832 -0.333852
v 0.026502 0.034945 -0.327710
v 0.038759 0.026028 -0.329319
v 0.036056 0.025884 -0.324339
v 0.042251 0.017033 -0.326066
v 0.054054 0.003388 -0.337878
v 0.053925 -0.001968 -0.342088
v 0.051491 0.002613 -0.344339
v 0.026709 -0.005998 -0.365358
v 0.024916 -0.006081 -0.364442
v 0.018835 -0.007000 -0.369879
v 0.001262 -0.008035 -0.363848
v -0.000136 -0.007674 -0.357405
v 0.002047 0.011728 -0.352688
v 0.013326 0.024887 -0.326573
v 0.011530 0.018852 -0.321080
v 0.018442 0.027052 -0.320209
v 0.034666 -0.001950 -0.319982
v 0.039905 -0.001637 -0.321721
v 0.044935 -0.001357 -0.323664
v 0.042132 -0.003861 -0.354148
v 0.046550 -0.003200 -0.350281
v 0.038517 -0.004248 -0.355243
v 0.008808 -0.007781 -0.368998
v 0.016565 -0.006824 -0.364941
v 0.007833 -0.007530 -0.364511
v 0.002776 0.012304 -0.336457
v -0.001808 -0.006585 -0.340869
v 0.000717 0.006966 -0.332331
v 0.021430 -0.002788 -0.316215
v 0.014666 -0.003468 -0.317679
v 0.021318 -0.002987 -0.318767
v 0.054959 -0.001074 -0.331251
v 0.051753 -0.001213 -0.329477
v 0.054318 -0.001379 -0.334619
v 0.041408 -0.003473 -0.348100
v 0.034571 -0.004135 -0.349235
v 0.036803 -0.004226 -0.352993
v 0.022515 -0.005747 -0.357218
v 0.018221 -0.005738 -0.352228
v 0.011789 -0.006488 -0.355005
v -0.000026 -0.006604 -0.343143
v 0.004415 -0.006129 -0.341809
v -0.000624 -0.006111 -0.335836
v 0.044804 -0.002475 -0.338553
v 0.039614 -0.002539 -0.333508
v 0.034406 -0.003393 -0.339081
v 0.009298 -0.004682 -0.327900
v 0.015281 -0.004632 -0.334014
v 0.019991 -0.003749 -0.327505
v 0.380591 -0.000282 -0.310097
v 0.353245 -0.000232 -0.296385
v 0.359209 -0.001012 -0.332624
v 0.394525 -0.000680 -0.333149
v 0.397882 0.000215 -0.295919
v 0.373327 0.000481 -0.274050
v 0.348781 0.033692 -0.304887
v 0.376819 0.030179 -0.326486
v 0.416686 -0.000198 -0.321705
v 0.392878 0.000445 -0.283856
v 0.358122 0.009092 -0.274091
v 0.377090 0.034105 -0.294899
v 0.371546 -0.000857 -0.331103
v 0.366485 -0.000266 -0.303433
v 0.353822 -0.000793 -0.320880
v 0.362620 0.000327 -0.276202
v 0.377343 0.000210 -0.287477
v 0.388532 -0.000574 -0.326072
v 0.376111 -0.001030 -0.340514
v 0.391043 0.000094 -0.298242
v 0.401808 -0.000168 -0.314122
v 0.386451 0.000415 -0.282466
v 0.353368 0.000230 -0.276471
v 0.365272 0.000533 -0.268411
v 0.347250 -0.000855 -0.320785
v 0.347344 -0.000475 -0.304406
v 0.386657 0.014655 -0.334838
v 0.363868 0.021163 -0.330458
v 0.410739 0.000007 -0.310346
v 0.411337 -0.000440 -0.329905
v 0.380911 0.000578 -0.273071
v 0.397751 0.000289 -0.292644
v 0.350887 0.018856 -0.290783
v 0.360018 0.036420 -0.313926
v 0.401114 0.023415 -0.327670
v 0.411458 0.000151 -0.304399
v 0.370884 0.010603 -0.273859
v 0.360226 0.037648 -0.298432
v 0.361767 0.020607 -0.283114
v 0.379274 0.037241 -0.312687
v 0.403625 0.028867 -0.310818
v 0.388769 0.020899 -0.287562
v 0.376957 -0.000577 -0.321301
v 0.358712 -0.000254 -0.299653
v 0.355713 -0.000950 -0.328441
v 0.357172 0.000064 -0.285252
v 0.374920 0.000375 -0.279297
v 0.384792 -0.000435 -0.318494
v 0.385687 -0.000880 -0.338078
v 0.386037 -0.000088 -0.304013
v 0.400467 0.000067 -0.303417
v 0.379502 0.000466 -0.277323
v 0.352336 0.000012 -0.285468
v 0.361248 0.000457 -0.269990
v 0.351997 -0.000966 -0.327571
v 0.346646 -0.000512 -0.305686
v 0.391437 -0.000773 -0.335874
v 0.369993 0.026765 -0.328402
v 0.403837 0.000124 -0.302357
v 0.416057 -0.000320 -0.326713
v 0.376605 0.000557 -0.272159
v 0.396464 0.000379 -0.288244
v 0.349160 0.027934 -0.298799
v 0.368356 0.034175 -0.320664
v 0.411740 0.018097 -0.325796
v 0.402837 0.000320 -0.293461
v 0.363002 0.009775 -0.272785
v 0.353544 0.037039 -0.301319
v 0.368859 0.028586 -0.288172
v 0.378181 0.034571 -0.320583
v 0.412915 0.021132 -0.317882
v 0.392139 0.014750 -0.285026
v 0.364834 -0.000994 -0.334213
v 0.374152 -0.000284 -0.307469
v 0.352914 -0.000532 -0.309206
v 0.368009 0.000439 -0.273630
v 0.379413 -0.000028 -0.298604
v 0.391638 -0.000655 -0.330852
v 0.366880 -0.001058 -0.337856
v 0.394808 0.000197 -0.295404
v 0.399535 -0.000445 -0.325138
v 0.392623 0.000326 -0.288906
v 0.355512 0.000317 -0.273629
v 0.369350 0.000532 -0.270180
v 0.346652 0.030392 -0.312075
v 0.349625 -0.000368 -0.300749
v 0.381319 0.023193 -0.331401
v 0.360103 -0.001002 -0.332553
v 0.416140 -0.000106 -0.317489
v 0.403162 -0.000565 -0.331849
v 0.386761 0.000526 -0.277779
v 0.397923 0.000253 -0.294279
v 0.353962 0.012455 -0.281057
v 0.352863 0.036941 -0.308674
v 0.388115 0.027726 -0.327817
v 0.416404 -0.000028 -0.314244
v 0.382337 0.010449 -0.277538
v 0.367936 0.036861 -0.295770
v 0.358460 0.013911 -0.278130
v 0.378518 0.037463 -0.303308
v 0.390071 0.033205 -0.301829
v 0.382888 0.028204 -0.290694
v 0.373911 0.021045 -0.283410
v 0.365807 0.015062 -0.277490
v 0.378769 0.015773 -0.279595
v 0.398009 0.026034 -0.298919
v 0.402495 0.017588 -0.295980
v 0.410284 0.020865 -0.308137
v 0.392223 0.034274 -0.312287
v 0.404064 0.027331 -0.320401
v 0.391056 0.031577 -0.321057
v 0.368841 0.039596 -0.304855
v 0.368842 0.038306 -0.312883
v 0.360172 0.039550 -0.305952
v 0.359897 0.029618 -0.290387
v 0.354144 0.029164 -0.294574
v 0.355035 0.019683 -0.286532
v 0.367429 0.005788 -0.269818
v 0.372561 0.000585 -0.269254
v 0.375888 0.005740 -0.271934
v 0.406012 0.000217 -0.299246
v 0.405170 0.000154 -0.301628
v 0.412939 0.000076 -0.308290
v 0.408348 -0.000498 -0.331149
v 0.400567 -0.000639 -0.333957
v 0.394809 0.019092 -0.332124
v 0.360715 0.029723 -0.322482
v 0.354023 0.023000 -0.325594
v 0.351983 0.031078 -0.317181
v 0.348256 -0.000292 -0.296877
v 0.349551 -0.000122 -0.290072
v 0.351135 0.000046 -0.283492
v 0.389515 0.000457 -0.281922
v 0.383973 0.000515 -0.277068
v 0.391475 0.000376 -0.286236
v 0.413504 -0.000211 -0.320908
v 0.407173 -0.000065 -0.311932
v 0.408084 -0.000309 -0.322865
v 0.374482 0.018126 -0.333906
v 0.380276 -0.000949 -0.338780
v 0.369555 0.012278 -0.337124
v 0.345763 -0.000712 -0.313965
v 0.348704 -0.000872 -0.322135
v 0.348956 -0.000674 -0.313682
v 0.358911 0.000440 -0.269766
v 0.357236 0.000324 -0.274047
v 0.363206 0.000476 -0.270004
v 0.382112 0.000341 -0.283825
v 0.384656 0.000173 -0.292142
v 0.388960 0.000294 -0.288742
v 0.396581 -0.000027 -0.305813
v 0.391087 -0.000223 -0.311982
v 0.395606 -0.000354 -0.319522
v 0.382810 -0.000864 -0.336186
v 0.380415 -0.000765 -0.330883
v 0.373820 -0.000997 -0.338143
v 0.369675 0.000280 -0.281186
v 0.364260 0.000059 -0.288478
v 0.372055 0.000006 -0.294031
v 0.362306 -0.000855 -0.327118
v 0.368920 -0.000594 -0.318661
v 0.360044 -0.000570 -0.313883
v -0.013013 -0.002286 0.177564
v -0.035196 -0.002656 0.187208
v -0.019900 -0.003044 0.152594
v -0.000315 -0.002519 0.152681
v 0.010075 -0.001695 0.176438
v -0.004126 -0.001491 0.201800
v -0.016588 0.052688 0.155848
v -0.005840 -0.003019 0.137371
v 0.018662 -0.002070 0.150173
v 0.022088 -0.001159 0.185807
v -0.011164 0.087708 0.194917
v 0.004356 0.059044 0.167321
v -0.018797 -0.002755 0.163851
v -0.030536 -0.002524 0.187521
v -0.029666 -0.003011 0.165331
v -0.025735 -0.002072 0.201603
v -0.011997 -0.001888 0.193658
v -0.005608 -0.002381 0.164804
v -0.010004 -0.002831 0.150373
v 0.001872 -0.001857 0.178905
v 0.006491 -0.002026 0.166197
v 0.008398 -0.001411 0.190760
v -0.024223 0.067273 0.193152
v -0.006989 0.059951 0.201149
v -0.018890 0.014666 0.153137
v -0.025900 0.044169 0.165579
v -0.002389 -0.002877 0.139533
v -0.012068 -0.003021 0.144505
v 0.017123 -0.001823 0.162711
v 0.010208 -0.002324 0.148969
v 0.017065 -0.001020 0.197678
v 0.019663 -0.001318 0.181724
v -0.015684 0.081814 0.176633
v -0.011179 0.032812 0.148305
v 0.006736 -0.002602 0.140889
v 0.023469 -0.001569 0.166402
v 0.007740 0.068339 0.192000
v -0.006166 0.069379 0.162737
v -0.000909 0.082445 0.182174
v -0.000088 0.037073 0.148905
v 0.012383 0.027529 0.155091
v 0.013629 0.051969 0.176763
v -0.016458 -0.002520 0.171347
v -0.035332 -0.002617 0.189059
v -0.024699 -0.003058 0.157546
v -0.033023 -0.002386 0.196425
v -0.008754 -0.001675 0.199154
v -0.008887 -0.002329 0.170883
v -0.005017 -0.002686 0.150879
v -0.005472 -0.002066 0.178345
v 0.008466 -0.001847 0.171699
v 0.002931 -0.001399 0.197626
v -0.031200 0.046685 0.190850
v -0.009807 0.078310 0.198837
v -0.020107 -0.003051 0.152503
v -0.020921 0.049942 0.158837
v -0.001131 -0.002708 0.145396
v -0.009172 -0.003057 0.139567
v 0.013387 -0.001749 0.170248
v 0.015446 -0.002195 0.148470
v 0.007146 -0.001210 0.200928
v 0.022882 -0.001168 0.184506
v -0.016548 0.068580 0.164353
v -0.008740 0.022851 0.141904
v 0.013693 -0.002323 0.144949
v 0.023790 -0.001315 0.177059
v -0.002737 0.082190 0.194624
v -0.011977 0.063384 0.158642
v 0.002421 0.072049 0.175036
v -0.003284 0.024757 0.141309
v 0.016781 0.015036 0.151105
v 0.019060 0.043185 0.181802
v -0.019982 -0.002948 0.156853
v -0.021865 -0.002402 0.182749
v -0.034287 -0.002874 0.176672
v -0.015278 -0.001760 0.203036
v -0.013090 -0.002099 0.185755
v -0.002865 -0.002451 0.158608
v -0.015472 -0.002962 0.150999
v 0.006623 -0.001750 0.178069
v 0.003081 -0.002277 0.159272
v 0.009782 -0.001546 0.183256
v -0.017790 0.082202 0.195343
v -0.005480 -0.001506 0.202725
v -0.017959 0.034518 0.153278
v -0.031824 0.035429 0.176686
v -0.004401 -0.003000 0.136493
v -0.016130 -0.003038 0.148476
v 0.019333 -0.001937 0.155193
v 0.004712 -0.002434 0.150540
v 0.021490 -0.001022 0.192457
v 0.014435 -0.001524 0.178833
v -0.014307 0.088778 0.188047
v -0.013985 0.043447 0.151899
v -0.000231 -0.002867 0.137443
v 0.021963 -0.001829 0.156819
v 0.016898 0.050144 0.189661
v -0.000515 0.066758 0.165737
v -0.006323 0.088643 0.189637
v 0.002456 0.049571 0.158301
v 0.008153 0.043918 0.161530
v 0.008636 0.057066 0.172324
v 0.006661 0.069587 0.180626
v 0.003082 0.078837 0.187914
v 0.011383 0.062447 0.185043
v 0.013705 0.039546 0.165924
v 0.019972 0.033960 0.171337
v 0.019089 0.023079 0.160127
v 0.006092 0.032238 0.151351
v 0.010015 0.017467 0.146601
v 0.003406 0.021839 0.143385
v -0.003052 0.054346 0.155867
v -0.006051 0.037147 0.147912
v -0.008773 0.052175 0.154264
v -0.003680 0.079536 0.173125
v -0.010542 0.078921 0.169500
v -0.008608 0.086759 0.180469
v 0.001411 0.067387 0.197567
v 0.006153 -0.001250 0.200366
v 0.014012 0.050097 0.195967
v 0.022947 -0.001408 0.174010
v 0.018762 -0.001571 0.171783
v 0.021832 -0.001673 0.163772
v 0.009285 -0.002481 0.143212
v 0.004101 -0.002623 0.143017
v 0.002242 -0.002779 0.138416
v -0.012202 -0.003003 0.145428
v -0.015490 -0.003014 0.148781
v -0.014912 0.023853 0.150112
v -0.021371 0.066127 0.170377
v -0.026380 0.059066 0.179662
v -0.020661 0.078291 0.185045
v 0.020415 -0.001084 0.190992
v 0.014191 -0.001151 0.195330
v 0.015074 -0.001314 0.187220
v 0.014448 -0.002062 0.155401
v 0.011863 -0.001930 0.164174
v 0.008955 -0.002158 0.157630
v -0.007655 -0.002992 0.140654
v -0.006303 -0.002874 0.144185
v -0.011229 -0.002958 0.146260
v -0.022761 0.027930 0.157511
v -0.024682 -0.003050 0.157871
v -0.029077 -0.003016 0.164430
v -0.017240 0.066819 0.199370
v -0.026196 0.047338 0.199336
v -0.017469 -0.001831 0.202485
v -0.001245 -0.001620 0.192864
v -0.003854 -0.001838 0.186406
v 0.004867 -0.001631 0.185275
v 0.004428 -0.001929 0.172808
v -0.001540 -0.002107 0.172029
v 0.000684 -0.002182 0.166165
v -0.008198 -0.002625 0.157230
v -0.011972 -0.002578 0.163621
v -0.014054 -0.002800 0.156423
v -0.020330 -0.001979 0.199367
v -0.030347 -0.002309 0.196652
v -0.022837 -0.002206 0.192426
v -0.025561 -0.002917 0.164688
v -0.025530 -0.002672 0.175294
v -0.032110 -0.002808 0.176989
v -0.210100 -0.001872 0.456468
v -0.223820 0.014869 0.468466
v -0.235764 -0.001898 0.483182
v -0.234578 -0.002131 0.453643
v -0.215129 -0.002199 0.422934
v -0.215218 0.011406 0.431295
v -0.236921 0.010545 0.479490
v -0.251307 -0.002173 0.468007
v -0.248508 -0.002473 0.428654
v -0.228795 -0.002382 0.416759
v -0.231827 0.018378 0.445763
v -0.247261 0.006579 0.445142
v -0.218272 -0.001810 0.473480
v -0.210801 -0.001802 0.465725
v -0.221744 -0.001770 0.482332
v -0.216945 0.014529 0.450398
v -0.205569 -0.001938 0.443327
v -0.217622 -0.001947 0.456214
v -0.235566 -0.001993 0.471522
v -0.209749 -0.002024 0.437788
v -0.227042 -0.002207 0.435829
v -0.207803 -0.002113 0.424787
v -0.226919 0.018866 0.458770
v -0.221718 0.016991 0.437723
v -0.240591 -0.001923 0.485711
v -0.234871 0.015127 0.477225
v -0.245657 -0.002153 0.463949
v -0.245246 -0.002015 0.480112
v -0.224537 -0.002273 0.424896
v -0.245597 -0.002362 0.438688
v -0.212741 0.008195 0.421788
v -0.216692 -0.002272 0.415973
v -0.239384 0.017275 0.463559
v -0.250366 -0.002089 0.477021
v -0.255476 -0.002386 0.447259
v -0.235736 -0.002432 0.418743
v -0.237054 0.015154 0.426015
v -0.254503 0.011131 0.462185
v -0.247993 0.015441 0.442625
v -0.258948 -0.002346 0.456110
v -0.253680 -0.002478 0.434051
v -0.239050 0.006827 0.427730
v 1.053736 -0.007536 0.351192
v 1.042571 0.009584 0.366151
v 1.033851 -0.007461 0.383309
v 1.028725 -0.007757 0.353601
v 1.041560 -0.007922 0.318828
v 1.043220 0.005967 0.327238
v 1.031875 0.005222 0.379924
v 1.015113 -0.007739 0.371496
v 1.009502 -0.008124 0.331658
v 1.026616 -0.008093 0.315589
v 1.029730 0.013136 0.345238
v 1.014241 0.001134 0.347868
v 1.049219 -0.007424 0.369900
v 1.055013 -0.007446 0.360572
v 1.047648 -0.007360 0.379467
v 1.045569 0.009191 0.346667
v 1.055447 -0.007636 0.337122
v 1.046181 -0.007597 0.352545
v 1.031559 -0.007580 0.371640
v 1.050096 -0.007726 0.332491
v 1.032436 -0.007882 0.334230
v 1.049260 -0.007845 0.319112
v 1.037400 0.013649 0.357162
v 1.038096 0.011687 0.335058
v 1.029578 -0.007472 0.386862
v 1.033422 0.009887 0.377246
v 1.019880 -0.007737 0.366244
v 1.023742 -0.007567 0.382271
v 1.032599 -0.007975 0.322794
v 1.014546 -0.007998 0.341042
v 1.043668 0.002670 0.317217
v 1.038516 -0.008006 0.312221
v 1.025999 0.012060 0.364592
v 1.017977 -0.007639 0.380283
v 1.006527 -0.007986 0.351698
v 1.020120 -0.008126 0.319050
v 1.020310 0.009822 0.326651
v 1.010647 0.005823 0.366427
v 1.012950 0.010168 0.345551
v 1.004955 -0.007922 0.361265
v 1.005498 -0.008109 0.338145
v 1.018709 0.001339 0.328755
v -0.032477 0.000207 0.651885
v -0.043260 0.016742 0.666333
v -0.051682 0.000279 0.682904
v -0.056632 -0.000006 0.654212
v -0.044236 -0.000166 0.620628
v -0.042634 0.013248 0.628750
v -0.053591 0.012529 0.679636
v -0.069779 0.000010 0.671496
v -0.075199 -0.000361 0.633020
v -0.058670 -0.000331 0.617499
v -0.055662 0.020172 0.646135
v -0.070621 0.008581 0.648676
v -0.036839 0.000315 0.669954
v -0.031244 0.000294 0.660945
v -0.038357 0.000377 0.679194
v -0.040364 0.016362 0.647515
v -0.030825 0.000110 0.638296
v -0.039774 0.000147 0.653192
v -0.053896 0.000165 0.671634
v -0.035992 0.000023 0.633824
v -0.053048 -0.000127 0.635503
v -0.036800 -0.000092 0.620902
v -0.048255 0.020668 0.657651
v -0.047582 0.018773 0.636303
v -0.055808 0.000268 0.686335
v -0.052097 0.017034 0.677049
v -0.065175 0.000013 0.666422
v -0.061446 0.000177 0.681902
v -0.052891 -0.000217 0.624458
v -0.070327 -0.000239 0.642082
v -0.042201 0.010064 0.619072
v -0.047177 -0.000247 0.614247
v -0.059266 0.019133 0.664827
v -0.067013 0.000107 0.679982
v -0.078072 -0.000228 0.652374
v -0.064943 -0.000363 0.620842
v -0.064760 0.016971 0.628184
v -0.074093 0.013109 0.666599
v -0.071869 0.017306 0.646437
v -0.079590 -0.000166 0.661614
v -0.079066 -0.000346 0.639284
v -0.066306 0.008778 0.630215
v 0.533698 -0.004275 -0.264329
v 0.536095 -0.001235 -0.266620
v 0.537915 -0.004278 -0.269543
v 0.538156 -0.004231 -0.264197
v 0.535122 -0.004212 -0.258358
v 0.535095 -0.001774 -0.259799
v 0.538261 -0.002009 -0.268832
v 0.540953 -0.004228 -0.267046
v 0.541054 -0.004168 -0.259904
v 0.537682 -0.004180 -0.257455
v 0.537913 -0.000501 -0.262629
v 0.540632 -0.002584 -0.262814
v 0.534910 -0.004290 -0.267524
v 0.533682 -0.004289 -0.266010
v 0.535399 -0.004299 -0.269174
v 0.535131 -0.001262 -0.263256
v 0.533083 -0.004261 -0.261889
v 0.535058 -0.004263 -0.264399
v 0.538059 -0.004259 -0.267437
v 0.533922 -0.004245 -0.260954
v 0.537072 -0.004214 -0.260868
v 0.533772 -0.004227 -0.258579
v 0.536830 -0.000470 -0.264898
v 0.536205 -0.000761 -0.261030
v 0.538747 -0.004274 -0.270074
v 0.537955 -0.001178 -0.268369
v 0.539996 -0.004230 -0.266226
v 0.539673 -0.004258 -0.269135
v 0.536788 -0.004200 -0.258857
v 0.540374 -0.004189 -0.261669
v 0.534775 -0.002334 -0.258062
v 0.535511 -0.004198 -0.257126
v 0.538994 -0.000731 -0.265961
v 0.540644 -0.004244 -0.268657
v 0.542024 -0.004187 -0.263367
v 0.538903 -0.004172 -0.257920
v 0.539141 -0.001005 -0.259163
v 0.541704 -0.001789 -0.265977
v 0.540860 -0.000969 -0.262326
v 0.542514 -0.004196 -0.265017
v 0.541904 -0.004168 -0.260957
v 0.539421 -0.002512 -0.259545
v -0.217263 0.000031 -0.152549
v -0.206556 0.013612 -0.162781
v -0.198425 0.000019 -0.175839
v -0.197346 0.000227 -0.151957
v -0.210903 0.000313 -0.125876
v -0.211020 0.011204 -0.132313
v -0.196882 0.010155 -0.172663
v -0.184857 0.000242 -0.164683
v -0.184404 0.000511 -0.132782
v -0.199467 0.000457 -0.121841
v -0.198434 0.016891 -0.144955
v -0.186289 0.007584 -0.145780
v -0.211850 -0.000036 -0.166819
v -0.217336 -0.000033 -0.160056
v -0.209662 -0.000076 -0.174189
v -0.210859 0.013489 -0.147756
v -0.220009 0.000095 -0.141649
v -0.211185 0.000086 -0.152862
v -0.197782 0.000103 -0.166431
v -0.216260 0.000165 -0.137474
v -0.202192 0.000304 -0.137086
v -0.216933 0.000247 -0.126865
v -0.203274 0.017030 -0.155090
v -0.206065 0.015731 -0.137814
v -0.194710 0.000035 -0.178209
v -0.198246 0.013864 -0.170593
v -0.189130 0.000231 -0.161024
v -0.190574 0.000109 -0.174018
v -0.203458 0.000366 -0.128105
v -0.187440 0.000416 -0.140666
v -0.212451 0.008703 -0.124554
v -0.209164 0.000376 -0.120375
v -0.193604 0.015861 -0.159840
v -0.186236 0.000169 -0.171880
v -0.180070 0.000424 -0.148253
v -0.194012 0.000492 -0.123918
v -0.192949 0.014638 -0.129472
v -0.181499 0.011136 -0.159910
v -0.185272 0.014801 -0.143602
v -0.177883 0.000384 -0.155623
v -0.180608 0.000509 -0.137487
v -0.191697 0.007907 -0.131179
v 0.389446 0.002888 0.120116
v 0.401390 0.018037 0.108703
v 0.410459 0.002875 0.094138
v 0.411662 0.003108 0.120776
v 0.396542 0.003204 0.149867
v 0.396411 0.015352 0.142687
v 0.412180 0.014181 0.097681
v 0.425593 0.003124 0.106582
v 0.426098 0.003424 0.142164
v 0.409297 0.003364 0.154368
v 0.410449 0.021695 0.128587
v 0.423996 0.011314 0.127666
v 0.395485 0.002814 0.104200
v 0.389366 0.002818 0.111743
v 0.397925 0.002770 0.095979
v 0.396590 0.017900 0.125462
v 0.386384 0.002960 0.132273
v 0.396226 0.002951 0.119767
v 0.411177 0.002969 0.104632
v 0.390565 0.003039 0.136931
v 0.406257 0.003193 0.137364
v 0.389815 0.003130 0.148764
v 0.405051 0.021849 0.117282
v 0.401937 0.020400 0.136552
v 0.414603 0.002893 0.091494
v 0.410659 0.018318 0.099990
v 0.420826 0.003112 0.110663
v 0.419216 0.002976 0.096170
v 0.404845 0.003263 0.147381
v 0.422712 0.003319 0.133370
v 0.394814 0.012562 0.151342
v 0.398480 0.003273 0.156003
v 0.415836 0.020546 0.111984
v 0.424054 0.003043 0.098554
v 0.430932 0.003328 0.124908
v 0.415382 0.003403 0.152051
v 0.416567 0.019182 0.145856
v 0.429338 0.015276 0.111906
v 0.425130 0.019364 0.130095
v 0.433372 0.003283 0.116687
v 0.430332 0.003422 0.136916
v 0.417964 0.011674 0.143952
v -0.017238 -0.005684 0.362472
v -0.005031 0.009800 0.350806
v 0.004239 -0.005698 0.335919
v 0.005469 -0.005460 0.363147
v -0.009986 -0.005362 0.392882
v -0.010120 0.007055 0.385543
v 0.005999 0.005859 0.339541
v 0.019708 -0.005443 0.348639
v 0.020225 -0.005136 0.385008
v 0.003051 -0.005198 0.397482
v 0.004229 0.013538 0.371130
v 0.018076 0.002928 0.370189
v -0.011066 -0.005760 0.346204
v -0.017321 -0.005756 0.353914
v -0.008572 -0.005806 0.337800
v -0.009937 0.009660 0.367936
v -0.020369 -0.005611 0.374899
v -0.010309 -0.005621 0.362115
v 0.004973 -0.005602 0.346645
v -0.016095 -0.005531 0.379659
v -0.000056 -0.005373 0.380101
v -0.016862 -0.005438 0.391755
v -0.001289 0.013697 0.359575
v -0.004472 0.012216 0.379272
v 0.008475 -0.005680 0.333217
v 0.004443 0.010087 0.341900
v 0.014836 -0.005456 0.352810
v 0.013190 -0.005594 0.337995
v -0.001499 -0.005301 0.390341
v 0.016764 -0.005244 0.376020
v -0.011752 0.004203 0.394390
v -0.008005 -0.005291 0.399154
v 0.009735 0.012365 0.354160
v 0.018135 -0.005527 0.340433
v 0.025166 -0.005235 0.367371
v 0.009271 -0.005158 0.395115
v 0.010482 0.010970 0.388783
v 0.023537 0.006977 0.354080
v 0.019235 0.011156 0.372673
v 0.027660 -0.005281 0.358968
v 0.024552 -0.005139 0.379644
v 0.011910 0.003296 0.386836
v -0.674421 -0.001064 0.463664
v -0.661179 0.015732 0.451010
v -0.651124 -0.001078 0.434862
v -0.649791 -0.000820 0.464396
v -0.666555 -0.000714 0.496649
v -0.666700 0.012755 0.488688
v -0.649216 0.011457 0.438790
v -0.634346 -0.000802 0.448659
v -0.633785 -0.000469 0.488108
v -0.652413 -0.000536 0.501639
v -0.651136 0.019787 0.473055
v -0.636117 0.008278 0.472034
v -0.667726 -0.001146 0.446018
v -0.674510 -0.001141 0.454381
v -0.665021 -0.001195 0.436903
v -0.666501 0.015580 0.469591
v -0.677816 -0.000984 0.477143
v -0.666904 -0.000994 0.463277
v -0.650329 -0.000974 0.446497
v -0.673180 -0.000897 0.482307
v -0.655783 -0.000725 0.482786
v -0.674012 -0.000796 0.495426
v -0.657121 0.019959 0.460522
v -0.660573 0.018352 0.481886
v -0.646530 -0.001058 0.431931
v -0.650903 0.016044 0.441350
v -0.639630 -0.000815 0.453183
v -0.641416 -0.000966 0.437114
v -0.657348 -0.000648 0.493893
v -0.637540 -0.000586 0.478359
v -0.668470 0.009662 0.498284
v -0.664405 -0.000637 0.503452
v -0.645163 0.018514 0.454647
v -0.636051 -0.000892 0.439759
v -0.628426 -0.000576 0.468977
v -0.645667 -0.000493 0.499070
v -0.644353 0.017001 0.492202
v -0.630193 0.012671 0.454561
v -0.634859 0.017203 0.474728
v -0.625721 -0.000626 0.459863
v -0.629092 -0.000472 0.482290
v -0.642804 0.008677 0.490091
v -0.146456 -0.002378 -0.008321
v -0.132953 0.014748 -0.021224
v -0.122701 -0.002393 -0.037690
v -0.121341 -0.002130 -0.007575
v -0.138435 -0.002022 0.025314
v -0.138583 0.011712 0.017197
v -0.120755 0.010389 -0.033684
v -0.105592 -0.002112 -0.023621
v -0.105020 -0.001772 0.016605
v -0.124015 -0.001841 0.030402
v -0.122712 0.018883 0.001255
v -0.107397 0.007147 0.000215
v -0.139629 -0.002462 -0.026315
v -0.146547 -0.002458 -0.017787
v -0.136871 -0.002512 -0.035609
v -0.138380 0.014593 -0.002278
v -0.149918 -0.002297 0.005423
v -0.138791 -0.002308 -0.008716
v -0.121890 -0.002287 -0.025826
v -0.145191 -0.002208 0.010689
v -0.127451 -0.002033 0.011178
v -0.146039 -0.002105 0.024067
v -0.128815 0.019058 -0.011525
v -0.132335 0.017420 0.010260
v -0.118016 -0.002373 -0.040679
v -0.122475 0.015066 -0.031074
v -0.110980 -0.002125 -0.019008
v -0.112801 -0.002279 -0.035393
v -0.129048 -0.001955 0.022503
v -0.108848 -0.001892 0.006663
v -0.140388 0.008558 0.026981
v -0.136243 -0.001943 0.032251
v -0.116622 0.017585 -0.017515
v -0.107331 -0.002204 -0.032697
v -0.099556 -0.001881 -0.002903
v -0.117136 -0.001796 0.027783
v -0.115796 0.016042 0.020780
v -0.101357 0.011626 -0.017603
v -0.106115 0.016248 0.002961
v -0.096797 -0.001932 -0.012197
v -0.100234 -0.001775 0.010672
v -0.114217 0.007554 0.018627
v -0.411652 0.000275 0.305540
v -0.399444 0.015759 0.293874
v -0.390174 0.000261 0.278987
v -0.388944 0.000499 0.306215
v -0.404400 0.000597 0.335950
v -0.404533 0.013014 0.328611
v -0.388415 0.011818 0.282608
v -0.374705 0.000516 0.291706
v -0.374188 0.000823 0.328076
v -0.391362 0.000761 0.340550
v -0.390184 0.019498 0.314198
v -0.376338 0.008887 0.313257
v -0.405479 0.000199 0.289271
v -0.411734 0.000203 0.296982
v -0.402985 0.000154 0.280868
v -0.404350 0.015619 0.311004
v -0.414782 0.000348 0.317966
v -0.404722 0.000339 0.305183
v -0.389440 0.000357 0.289713
v -0.410508 0.000429 0.322727
v -0.394469 0.000587 0.323169
v -0.411275 0.000522 0.334823
v -0.395702 0.019656 0.302643
v -0.398885 0.018175 0.322340
v -0.385939 0.000280 0.276284
v -0.389970 0.016046 0.284968
v -0.379577 0.000504 0.295878
v -0.381223 0.000365 0.281063
v -0.395912 0.000658 0.333409
v -0.377650 0.000715 0.319088
v -0.406165 0.010163 0.337457
v -0.402418 0.000668 0.342222
v -0.384678 0.018324 0.297227
v -0.376278 0.000433 0.283501
v -0.369248 0.000724 0.310438
v -0.385143 0.000801 0.338182
v -0.383931 0.016929 0.331850
v -0.370877 0.012937 0.297148
v -0.375178 0.017115 0.315740
v -0.366754 0.000678 0.302035
v -0.369861 0.000820 0.322712
v -0.382503 0.009255 0.329904
v 0.271774 0.001046 -0.170009
v 0.283643 0.016100 -0.181351
v 0.292656 0.001032 -0.195825
v 0.293851 0.001264 -0.169353
v 0.278825 0.001359 -0.140443
v 0.278695 0.013431 -0.147579
v 0.294366 0.012268 -0.192304
v 0.307695 0.001280 -0.183458
v 0.308198 0.001578 -0.148099
v 0.291501 0.001518 -0.135971
v 0.292646 0.019735 -0.161591
v 0.306108 0.009418 -0.162506
v 0.277775 0.000972 -0.185826
v 0.271695 0.000976 -0.178330
v 0.280200 0.000928 -0.193996
v 0.278873 0.015964 -0.164697
v 0.268731 0.001117 -0.157927
v 0.278512 0.001108 -0.170356
v 0.293369 0.001126 -0.185396
v 0.272886 0.001195 -0.153299
v 0.288480 0.001349 -0.152869
v 0.272141 0.001285 -0.141539
v 0.287281 0.019888 -0.172825
v 0.284187 0.018448 -0.153676
v 0.296774 0.001050 -0.198452
v 0.292854 0.016379 -0.190009
v 0.302959 0.001268 -0.179403
v 0.301358 0.001133 -0.193806
v 0.287077 0.001418 -0.142914
v 0.304833 0.001473 -0.156838
v 0.277109 0.010659 -0.138978
v 0.280752 0.001428 -0.134346
v 0.297999 0.018593 -0.178091
v 0.306166 0.001199 -0.191436
v 0.313001 0.001482 -0.165247
v 0.297548 0.001557 -0.138273
v 0.298726 0.017238 -0.144429
v 0.311417 0.013356 -0.178168
v 0.307235 0.017418 -0.160092
v 0.315426 0.001438 -0.173416
v 0.312404 0.001576 -0.153314
v 0.300113 0.009776 -0.146322
v -0.640422 -0.002421 0.060893
v -0.630117 0.008219 0.055514
v -0.621229 -0.002346 0.047545
v -0.625624 -0.002238 0.065676
v -0.641467 -0.002253 0.082267
v -0.640111 0.006262 0.077382
v -0.620727 0.005559 0.050229
v -0.613492 -0.002178 0.058862
v -0.620103 -0.002042 0.082865
v -0.633776 -0.002133 0.087782
v -0.627903 0.010749 0.070632
v -0.618657 0.003505 0.072691
v -0.633256 -0.002430 0.051380
v -0.638840 -0.002452 0.055253
v -0.630010 -0.002441 0.046333
v -0.636617 0.008081 0.065836
v -0.644854 -0.002400 0.068463
v -0.635798 -0.002367 0.061983
v -0.622797 -0.002302 0.054736
v -0.642955 -0.002349 0.072409
v -0.632496 -0.002221 0.075764
v -0.645770 -0.002312 0.080212
v -0.629321 0.010873 0.061982
v -0.635183 0.009815 0.074325
v -0.617929 -0.002323 0.046578
v -0.622187 0.008447 0.051471
v -0.617491 -0.002202 0.060672
v -0.615742 -0.002268 0.050621
v -0.635402 -0.002195 0.082219
v -0.620660 -0.002102 0.076296
v -0.642884 0.004289 0.082893
v -0.641363 -0.002215 0.086768
v -0.621044 0.009987 0.060533
v -0.612957 -0.002220 0.053168
v -0.613484 -0.002067 0.072217
v -0.629235 -0.002093 0.087414
v -0.627175 0.008962 0.083438
v -0.611975 0.006318 0.063134
v -0.618342 0.009134 0.074521
v -0.610239 -0.002078 0.067170
v -0.616233 -0.002028 0.080166
v -0.625890 0.003715 0.082453
v -0.338009 -0.000180 0.324589
v -0.319072 0.019373 0.314703
v -0.302738 -0.000044 0.300059
v -0.310816 0.000155 0.333378
v -0.339929 0.000128 0.363867
v -0.337438 0.015775 0.354889
v -0.301816 0.014484 0.304990
v -0.288520 0.000266 0.320854
v -0.300669 0.000515 0.364966
v -0.325795 0.000348 0.374002
v -0.315003 0.024021 0.342486
v -0.298011 0.010710 0.346268
v -0.324839 -0.000198 0.307105
v -0.335103 -0.000238 0.314222
v -0.318875 -0.000218 0.297831
v -0.331016 0.019119 0.333672
v -0.346155 -0.000143 0.338499
v -0.329512 -0.000082 0.326591
v -0.305619 0.000038 0.313272
v -0.342664 -0.000049 0.345750
v -0.323444 0.000187 0.351917
v -0.347838 0.000020 0.360091
v -0.317608 0.024250 0.326589
v -0.328381 0.022305 0.349271
v -0.296673 -0.000000 0.298282
v -0.304498 0.019791 0.307272
v -0.295869 0.000222 0.324182
v -0.292655 0.000100 0.305710
v -0.328784 0.000234 0.363778
v -0.301693 0.000405 0.352893
v -0.342534 0.012151 0.365017
v -0.339738 0.000198 0.372138
v -0.302398 0.022622 0.323927
v -0.287537 0.000188 0.310391
v -0.288505 0.000469 0.345397
v -0.317451 0.000423 0.373326
v -0.313666 0.020738 0.366018
v -0.285731 0.015879 0.328707
v -0.297433 0.021055 0.349632
v -0.282541 0.000450 0.336123
v -0.293558 0.000542 0.360007
v -0.311304 0.011095 0.364209
vn 0.0096 -0.9999 0.0083
vn 0.6005 0.7234 0.3408
vn -0.8435 0.4725 -0.2553
vn -0.2046 0.9142 -0.3499
vn -0.5871 0.8095 -0.0057
vn 0.4353 0.8319 -0.3441
vn 0.0571 0.6292 0.7751
vn 0.1130 0.9849 0.1310
vn 0.7094 0.0418 0.7036
vn 0.5677 -0.0154 0.8231
vn 0.8049 -0.2237 0.5496
vn 0.4395 0.4236 0.7921
vn -0.0096 0.9999 -0.0083
vn 0.6767 0.4279 0.5991
vn 0.9755 0.1101 -0.1905
vn 0.6989 0.5077 -0.5038
vn 0.3791 0.9252 -0.0168
vn 0.1544 0.9875 0.0304
vn -0.0553 0.9885 0.1410
vn -0.2796 0.9016 0.3301
vn -0.1620 0.4418 0.8823
vn 0.6918 0.4909 -0.5296
vn 0.8401 0.5073 -0.1922
vn 0.0742 0.9815 -0.1762
vn 0.1059 0.9944 -0.0030
vn -0.1208 0.4870 0.8650
vn -0.8231 0.1360 0.5514
vn -0.6414 0.6577 -0.3951
vn 0.1902 0.4674 -0.8633
vn 0.0143 0.4182 -0.9082
vn -0.3762 0.6025 -0.7039
vn -0.1109 0.9933 0.0325
vn -0.4079 0.9056 -0.1160
vn -0.8430 0.5334 -0.0698
vn -0.7761 0.5209 -0.3554
vn -0.6101 0.5135 -0.6034
vn -0.7482 0.6518 -0.1237
vn 0.0106 -0.9999 0.0134
vn 0.9900 0.1002 -0.0991
vn -0.0106 0.9999 -0.0134
vn 0.7011 0.1119 -0.7042
vn 0.2527 0.0842 -0.9639
vn 0.9852 0.0897 -0.1464
vn -0.8673 0.4887 -0.0947
vn -0.7615 0.3930 -0.5155
vn -0.8500 0.3512 -0.3927
vn 0.4078 0.9129 -0.0157
vn 0.6260 0.7322 -0.2684
vn 0.4441 0.8281 -0.3422
vn 0.3249 0.7203 0.6128
vn 0.5374 0.1598 0.8281
vn 0.7506 0.6056 0.2642
vn -0.4596 0.4572 0.7614
vn -0.4352 0.0794 0.8968
vn -0.3094 0.0868 0.9470
vn -0.8355 0.5370 0.1162
vn -0.8509 0.5252 -0.0101
vn -0.7703 0.5510 0.3210
vn -0.7051 0.5638 0.4300
vn -0.8432 0.4389 0.3104
vn -0.7284 0.4395 0.5256
vn -0.6569 0.5865 0.4738
vn -0.7499 0.6066 0.2641
vn -0.7308 0.5798 0.3603
vn -0.6486 0.4226 0.6330
vn -0.7186 0.4079 0.5632
vn -0.5636 0.0817 0.8220
vn -0.4765 0.6493 0.5927
vn -0.5019 0.5270 0.6859
vn -0.2653 0.6476 0.7143
vn -0.2433 0.5551 0.7954
vn -0.4774 0.4229 0.7702
vn -0.2499 0.1191 0.9609
vn 0.0343 0.5663 0.8235
vn -0.1131 0.1046 0.9881
vn 0.3065 0.1306 0.9429
vn -0.3572 0.8055 0.4728
vn -0.0587 0.8401 0.5393
vn 0.0717 0.9590 0.2742
vn 0.4352 0.8905 0.1328
vn 0.2972 0.8375 0.4585
vn 0.6929 0.7138 0.1017
vn 0.4558 0.8847 0.0981
vn 0.7057 0.7048 0.0717
vn 0.6915 0.7102 -0.1323
vn -0.3749 0.8224 0.4280
vn 0.0692 0.9617 0.2654
vn -0.3685 0.9205 0.1299
vn -0.3367 0.9389 0.0721
vn 0.2040 0.9769 0.0636
vn 0.3248 0.8864 -0.3298
vn -0.3951 0.9120 -0.1106
vn 0.3027 0.8768 -0.3736
vn -0.3120 0.7159 -0.6246
vn -0.7052 0.5752 0.4145
vn -0.7956 0.5983 0.0952
vn -0.8459 0.5058 0.1692
vn -0.8962 0.4120 -0.1647
vn -0.8095 0.5244 -0.2642
vn -0.8215 0.3485 -0.4513
vn -0.8074 0.5630 -0.1766
vn -0.7899 0.4182 -0.4485
vn -0.8243 0.4518 -0.3412
vn -0.9642 0.2613 0.0454
vn -0.9536 0.3001 -0.0239
vn -0.7847 0.5226 0.3333
vn -0.7429 0.4412 0.5035
vn -0.8800 0.1748 0.4417
vn -0.7021 0.1630 0.6931
vn -0.6930 0.4739 0.5433
vn -0.4909 0.3254 0.8082
vn -0.4140 0.2288 0.8811
vn 0.4519 0.1799 0.8737
vn 0.9845 0.1626 -0.0653
vn 0.9746 0.1936 0.1128
vn 0.0105 -0.9999 0.0134
vn 0.9872 0.1131 -0.1124
vn 0.8841 0.4555 -0.1039
vn 0.9117 0.3255 -0.2508
vn 0.8289 0.4906 -0.2687
vn 0.6680 0.6048 -0.4335
vn 0.6474 0.4941 -0.5803
vn 0.5185 0.6551 -0.5495
vn 0.5396 0.6663 -0.5147
vn 0.6632 0.5071 -0.5505
vn 0.0494 0.1345 -0.9897
vn 0.4154 0.7178 -0.5587
vn 0.4159 0.1345 -0.8994
vn -0.1561 0.6201 -0.7688
vn -0.4546 0.0468 -0.8894
vn -0.5810 0.0402 -0.8129
vn -0.5345 0.0544 -0.8434
vn -0.6760 0.1075 -0.7290
vn -0.8275 0.2071 -0.5218
vn 0.8158 0.4571 -0.3542
vn 0.9062 0.3102 -0.2873
vn 0.8005 0.3828 -0.4613
vn 0.7868 0.4514 -0.4210
vn 0.9207 0.1842 -0.3441
vn 0.9519 0.3043 0.0356
vn 0.5046 0.1308 -0.8534
vn 0.8030 0.0742 -0.5913
vn -0.5792 0.0443 -0.8140
vn -0.1380 0.0295 -0.9900
vn -0.9642 0.1628 -0.2096
vn 0.0839 -0.9937 0.0739
vn -0.9837 0.1257 -0.1288
vn -0.0840 0.9937 -0.0739
vn -0.8450 0.1255 0.5199
vn -0.4665 0.0835 0.8806
vn -0.9901 0.1140 -0.0815
vn 0.0840 -0.9937 0.0739
vn 0.8107 0.5312 0.2463
vn 0.6200 0.4212 0.6620
vn 0.7404 0.3725 0.5595
vn -0.4380 0.8873 -0.1442
vn -0.6784 0.7331 0.0494
vn -0.5421 0.8279 0.1441
vn -0.2291 0.7131 -0.6626
vn -0.3511 0.1903 -0.9168
vn -0.6638 0.6090 -0.4341
vn 0.5581 0.4862 -0.6724
vn 0.6115 0.0891 -0.7862
vn 0.4978 0.1002 -0.8615
vn 0.8122 0.5830 0.0195
vn 0.8062 0.5716 0.1523
vn 0.7793 0.5940 -0.1996
vn 0.7296 0.6044 -0.3200
vn 0.8663 0.4721 -0.1630
vn 0.7875 0.4711 -0.3975
vn 0.6847 0.6261 -0.3731
vn 0.7405 0.6543 -0.1532
vn 0.7415 0.6232 -0.2487
vn 0.7283 0.4522 -0.5149
vn 0.7884 0.4369 -0.4331
vn 0.7216 0.0881 -0.6866
vn 0.5148 0.6812 -0.5206
vn 0.5756 0.5583 -0.5975
vn 0.3323 0.6691 -0.6648
vn 0.3396 0.5794 -0.7409
vn 0.5824 0.4511 -0.6763
vn 0.4383 0.1360 -0.8885
vn 0.0835 0.5834 -0.8079
vn 0.3123 0.1235 -0.9419
vn -0.1053 0.1576 -0.9819
vn 0.3532 0.8272 -0.4369
vn 0.0835 0.8360 -0.5423
vn -0.0945 0.9367 -0.3370
vn -0.4278 0.8612 -0.2745
vn -0.2425 0.8151 -0.5261
vn -0.6486 0.7052 -0.2863
vn -0.4522 0.8566 -0.2484
vn -0.6663 0.6980 -0.2625
vn -0.7015 0.7079 -0.0826
vn 0.3597 0.8457 -0.3942
vn -0.0943 0.9396 -0.3291
vn 0.2849 0.9499 -0.1285
vn 0.2408 0.9670 -0.0826
vn -0.2523 0.9508 -0.1795
vn -0.4388 0.8856 0.1523
vn 0.2662 0.9581 0.1053
vn -0.4297 0.8809 0.1983
vn 0.1002 0.7762 0.6225
vn 0.7254 0.6167 -0.3059
vn 0.7592 0.6503 0.0255
vn 0.8362 0.5477 -0.0283
vn 0.8326 0.4433 0.3320
vn 0.7132 0.5730 0.4038
vn 0.6985 0.3693 0.6130
vn 0.7246 0.6160 0.3089
vn 0.6624 0.4506 0.5984
vn 0.7188 0.4897 0.4934
vn 0.9513 0.2709 0.1467
vn 0.9254 0.3148 0.2110
vn 0.8001 0.5633 -0.2061
vn 0.7979 0.4732 -0.3733
vn 0.9495 0.1792 -0.2574
vn 0.8239 0.1722 -0.5400
vn 0.7499 0.5075 -0.4243
vn 0.6169 0.3497 -0.7051
vn 0.5684 0.2491 -0.7841
vn 0.0839 -0.9937 0.0740
vn -0.2616 0.2100 -0.9421
vn -0.0840 0.9937 -0.0740
vn -0.9678 0.1908 -0.1645
vn -0.9163 0.2239 -0.3322
vn 0.0838 -0.9937 0.0739
vn -0.9834 0.1390 -0.1164
vn -0.8698 0.4765 -0.1279
vn -0.9358 0.3523 0.0124
vn -0.8593 0.5106 0.0308
vn -0.7563 0.6214 0.2045
vn -0.7748 0.5187 0.3614
vn -0.6544 0.6751 0.3406
vn -0.6644 0.6839 0.3014
vn -0.7816 0.5308 0.3277
vn -0.2792 0.1344 0.9508
vn -0.5673 0.7381 0.3652
vn -0.6161 0.1422 0.7747
vn -0.0774 0.6697 0.7386
vn 0.2473 0.0293 0.9685
vn 0.3884 0.0205 0.9213
vn 0.3354 0.0365 0.9414
vn 0.4981 0.0937 0.8620
vn -0.0839 0.9937 -0.0739
vn 0.6934 0.2057 0.6905
vn -0.8697 0.4798 0.1157
vn -0.9402 0.3370 0.0493
vn -0.8840 0.4081 0.2281
vn -0.8604 0.4749 0.1849
vn -0.9713 0.2093 0.1131
vn -0.9064 0.3328 -0.2602
vn -0.6910 0.1403 0.7091
vn -0.9159 0.0884 0.3915
vn 0.3863 0.0250 0.9220
vn -0.0836 0.0156 0.9964
vn 0.8987 0.1567 0.4096
vn 0.0840 -0.9937 0.0740
vn -0.7784 0.0885 0.6215
vn 0.7219 0.4119 0.5561
vn -0.5621 0.8265 0.0304
vn -0.4849 0.6207 -0.6161
vn 0.5904 0.1074 -0.7999
vn 0.7563 0.6536 0.0287
vn 0.7786 0.5362 -0.3260
vn 0.7771 0.5743 -0.2575
vn 0.7191 0.4685 -0.5132
vn 0.5204 0.6273 -0.5793
vn 0.4470 0.4645 -0.7645
vn 0.1208 0.1828 -0.9757
vn 0.0808 0.8824 -0.4636
vn -0.4356 0.8242 -0.3619
vn -0.6464 0.7434 -0.1719
vn 0.2660 0.9124 -0.3111
vn -0.2432 0.9667 -0.0794
vn 0.0230 0.9454 0.3252
vn 0.7911 0.6099 -0.0468
vn 0.7756 0.4581 0.4343
vn 0.7207 0.4869 0.4935
vn 0.9475 0.2721 0.1677
vn 0.8805 0.2795 -0.3828
vn 0.7226 0.1931 -0.6637
vn -0.9136 0.1432 -0.3807
vn -0.9625 0.1613 -0.2180
vn -0.8984 0.4378 -0.0348
vn -0.7434 0.6038 0.2876
vn -0.7244 0.5694 0.3887
vn -0.4580 0.6694 0.5849
vn 0.3072 0.0161 0.9515
vn 0.5183 0.0886 0.8506
vn -0.8867 0.4397 0.1430
vn -0.9550 0.2635 -0.1358
vn -0.7038 0.1295 0.6985
vn 0.2365 -0.0018 0.9716
vn 0.0098 -0.9997 0.0231
vn 0.2474 0.1410 -0.9586
vn -0.0098 0.9997 -0.0231
vn -0.4142 0.1551 -0.8969
vn -0.8130 0.1158 -0.5706
vn 0.2020 0.1278 -0.9710
vn -0.3650 0.5894 0.7206
vn -0.7165 0.4840 0.5023
vn -0.6423 0.4350 0.6311
vn 0.1020 0.9380 -0.3313
vn -0.0276 0.8050 -0.5926
vn -0.1337 0.8787 -0.4583
vn 0.5899 0.8011 -0.1014
vn 0.9527 0.2081 -0.2213
vn 0.4480 0.6985 -0.5580
vn 0.5282 0.5546 0.6430
vn 0.6917 0.0942 0.7160
vn 0.7818 0.1051 0.6146
vn -0.1657 0.6401 0.7502
vn -0.2820 0.6279 0.7254
vn 0.0342 0.6542 0.7555
vn 0.1494 0.6670 0.7300
vn 0.0013 0.5346 0.8451
vn 0.2322 0.5352 0.8122
vn 0.2013 0.6891 0.6961
vn -0.0084 0.7090 0.7051
vn 0.0805 0.6829 0.7261
vn 0.3559 0.5163 0.7790
vn 0.2710 0.4996 0.8228
vn 0.5773 0.0961 0.8109
vn 0.3524 0.7475 0.5631
vn 0.4393 0.6288 0.6416
vn 0.5179 0.7443 0.4216
vn 0.6099 0.6563 0.4441
vn 0.5347 0.5167 0.6687
vn 0.8143 0.1474 0.5615
vn 0.7153 0.6661 0.2113
vn 0.8869 0.1302 0.4432
vn 0.9852 0.1682 0.0335
vn 0.2724 0.8768 0.3964
vn 0.4034 0.8982 0.1748
vn 0.2235 0.9747 -0.0051
vn 0.2213 0.9235 -0.3134
vn 0.4381 0.8905 -0.1227
vn 0.2854 0.7906 -0.5417
vn 0.2013 0.9191 -0.3386
vn 0.2661 0.7832 -0.5619
vn 0.0992 0.7872 -0.6086
vn 0.2303 0.8896 0.3944
vn 0.2161 0.9764 -0.0057
vn -0.0018 0.9576 0.2881
vn -0.0362 0.9688 0.2453
vn 0.1033 0.9821 -0.1577
vn -0.1545 0.9207 -0.3584
vn -0.1911 0.9513 0.2420
vn -0.1941 0.9144 -0.3552
vn -0.5966 0.8013 0.0445
vn 0.1355 0.6782 0.7223
vn -0.1677 0.7011 0.6930
vn -0.1240 0.6076 0.7845
vn -0.4449 0.5048 0.7397
vn -0.4901 0.6269 0.6057
vn -0.6860 0.4320 0.5854
vn -0.4084 0.6661 0.6241
vn -0.6623 0.5124 0.5466
vn -0.5733 0.5496 0.6077
vn -0.2866 0.3243 0.9015
vn -0.3452 0.3724 0.8615
vn 0.0405 0.6251 0.7795
vn 0.2075 0.5372 0.8175
vn 0.1107 0.2144 0.9705
vn 0.4075 0.2002 0.8910
vn 0.2576 0.5730 0.7780
vn 0.5757 0.4035 0.7112
vn 0.6774 0.2856 0.6779
vn 0.0097 -0.9997 0.0231
vn 0.9643 0.2324 -0.1269
vn -0.0098 0.9997 -0.0232
vn 0.2749 0.2193 -0.9361
vn 0.4339 0.2569 -0.8636
vn 0.2338 0.1573 -0.9595
vn 0.1927 0.5536 -0.8102
vn 0.0770 0.4134 -0.9073
vn 0.0328 0.5891 -0.8074
vn -0.1524 0.6975 -0.7002
vn -0.2902 0.5930 -0.7511
vn -0.2887 0.7424 -0.6046
vn -0.2530 0.7517 -0.6090
vn -0.2586 0.6058 -0.7524
vn -0.9035 0.1779 -0.3899
vn -0.3201 0.7952 -0.5149
vn -0.6923 0.1814 -0.6985
vn -0.6865 0.7162 -0.1254
vn -0.9913 0.0592 0.1175
vn -0.9636 0.0487 0.2629
vn -0.9757 0.0678 0.2081
vn -0.9160 0.1345 0.3781
vn -0.7689 0.2594 0.5844
vn -0.0447 0.5554 -0.8304
vn 0.0427 0.3959 -0.9173
vn -0.1452 0.4769 -0.8669
vn -0.1118 0.5496 -0.8279
vn -0.0039 0.2464 -0.9692
vn 0.3477 0.3887 -0.8532
vn -0.6192 0.1775 -0.7649
vn -0.2755 0.1077 -0.9553
vn -0.9639 0.0541 0.2607
vn -0.9761 0.0409 -0.2136
vn -0.5283 0.2005 0.8251
vn 0.0097 -0.9997 0.0232
vn -0.5198 0.1138 -0.8466
vn -0.6344 0.4744 0.6103
vn -0.0318 0.8836 -0.4672
vn 0.6017 0.7119 -0.3623
vn 0.7066 0.1158 0.6980
vn -0.1704 0.7040 0.6895
vn 0.1573 0.6005 0.7840
vn 0.0895 0.6366 0.7660
vn 0.3530 0.5336 0.7686
vn 0.4169 0.6979 0.5824
vn 0.6401 0.5326 0.5537
vn 0.9445 0.2005 0.2604
vn 0.3230 0.9325 0.1618
vn 0.3087 0.8968 -0.3169
vn 0.1712 0.8222 -0.5428
vn 0.1595 0.9408 0.2991
vn 0.0148 0.9872 -0.1585
vn -0.3424 0.9393 0.0191
vn -0.1058 0.6661 0.7383
vn -0.5292 0.5194 0.6710
vn -0.5737 0.5470 0.6096
vn -0.3060 0.3259 0.8945
vn 0.2311 0.3272 0.9163
vn 0.5421 0.2220 0.8105
vn 0.4897 0.1575 -0.8575
vn 0.3309 0.1826 -0.9259
vn 0.1094 0.5103 -0.8530
vn -0.2291 0.6784 -0.6981
vn -0.3223 0.6426 -0.6951
vn -0.5215 0.7268 -0.4469
vn -0.9829 0.0436 0.1786
vn -0.9078 0.1284 0.3994
vn -0.0654 0.5118 -0.8566
vn 0.2369 0.3074 -0.9216
vn -0.6069 0.1644 -0.7776
vn -0.9942 0.0220 0.1054
vn 0.0267 -0.9994 0.0230
vn -0.0266 0.9994 -0.0230
vn -0.8455 0.2328 0.4806
vn -0.9718 0.0619 0.2274
vn -0.5798 0.0319 0.8141
vn -0.7590 0.0753 -0.6467
vn -0.0266 0.9994 -0.0229
vn -0.9222 0.2496 -0.2955
vn -0.9964 0.0823 -0.0215
vn -0.9444 0.3253 -0.0469
vn -0.0267 0.9994 -0.0230
vn -0.6263 0.0708 -0.7763
vn 0.1980 0.0300 0.9797
vn -0.0149 0.5737 -0.8189
vn -0.4907 0.4121 -0.7677
vn -0.5115 0.6022 -0.6130
vn 0.1490 0.4908 -0.8585
vn -0.1598 0.1530 -0.9752
vn -0.4150 0.4177 -0.8083
vn 0.6024 0.4272 -0.6743
vn 0.7169 0.1163 -0.6875
vn 0.4925 0.1629 -0.8550
vn 0.8806 0.3909 -0.2678
vn 0.9784 0.0839 0.1889
vn 0.9942 0.1023 -0.0324
vn 0.7152 0.6964 -0.0596
vn 0.4698 0.6883 0.5527
vn 0.7626 0.4987 0.4121
vn 0.7672 0.4078 -0.4951
vn 0.7805 0.5040 -0.3699
vn 0.8032 0.4120 -0.4303
vn 0.8714 0.4053 -0.2766
vn 0.8214 0.5134 -0.2484
vn 0.8946 0.4357 0.0996
vn 0.8809 0.3950 -0.2609
vn 0.8939 0.4374 0.0977
vn 0.9773 0.0843 0.1942
vn 0.7706 0.3872 -0.5062
vn 0.8019 0.3956 -0.4477
vn 0.7415 0.4023 -0.5369
vn 0.7069 0.4291 -0.5623
vn 0.7778 0.4160 -0.4712
vn 0.9729 0.1230 -0.1960
vn 0.7069 0.4284 -0.5628
vn 0.9784 0.1338 -0.1574
vn 0.8872 0.1218 -0.4451
vn 0.7186 0.3985 -0.5699
vn 0.6738 0.4143 -0.6118
vn 0.5920 0.4038 -0.6975
vn 0.5868 0.3914 -0.7088
vn 0.6667 0.3827 -0.6395
vn 0.5138 0.1562 -0.8436
vn 0.4245 0.3929 -0.8157
vn 0.4337 0.1499 -0.8885
vn 0.0089 0.1396 -0.9902
vn 0.7558 0.3657 -0.5432
vn 0.6295 0.3810 -0.6772
vn 0.5714 0.4361 -0.6953
vn 0.0890 0.4292 -0.8988
vn 0.1558 0.3921 -0.9066
vn -0.3342 0.3149 -0.8883
vn 0.2071 0.4068 -0.8897
vn -0.0739 0.3017 -0.9505
vn -0.2140 0.3323 -0.9186
vn 0.7850 0.3983 -0.4745
vn 0.5758 0.5114 -0.6379
vn 0.7582 0.5163 -0.3982
vn 0.5138 0.7584 -0.4011
vn 0.3129 0.6406 -0.7012
vn -0.2770 0.8042 -0.5259
vn 0.5159 0.8046 -0.2939
vn -0.3247 0.8243 -0.4638
vn -0.0154 0.9869 0.1608
vn 0.2945 0.4038 0.8662
vn 0.2638 0.1603 0.9512
vn 0.5999 0.3143 0.7358
vn 0.5853 0.3593 0.7269
vn 0.3446 0.0620 0.9367
vn 0.2380 0.0467 0.9701
vn 0.8422 0.3740 0.3882
vn 0.7612 0.0671 0.6450
vn 0.9918 0.0938 0.0872
vn 0.0266 -0.9994 0.0230
vn -0.0267 0.9994 -0.0229
vn -0.5490 0.0842 -0.8316
vn -0.8977 0.0607 -0.4365
vn -0.5859 0.0815 -0.8063
vn -0.6764 0.0509 -0.7348
vn -0.6182 0.1003 -0.7796
vn -0.6564 0.0362 -0.7535
vn -0.6174 0.1556 -0.7711
vn -0.6721 0.3507 -0.6521
vn -0.8704 0.2695 -0.4120
vn -0.7762 0.4554 -0.4361
vn -0.8436 0.4327 -0.3179
vn -0.9187 0.2553 -0.3014
vn -0.9563 0.2913 -0.0243
vn -0.7980 0.5525 -0.2408
vn -0.9185 0.3793 0.1120
vn -0.5774 0.7242 0.3770
vn -0.6258 0.1553 -0.7644
vn -0.6892 0.0375 -0.7236
vn -0.8400 0.1023 -0.5328
vn -0.8734 0.0705 -0.4818
vn -0.6940 0.0347 -0.7192
vn 0.0261 -0.9994 0.0226
vn -0.9023 0.0711 -0.4253
vn -0.9941 0.0640 -0.0871
vn -0.2292 0.3463 0.9097
vn -0.6490 0.1708 0.7413
vn -0.0983 0.1095 0.9891
vn -0.1413 0.0453 0.9889
vn -0.6266 0.2868 0.7246
vn -0.1073 0.0446 0.9932
vn -0.0207 0.0251 0.9995
vn 0.0280 -0.9993 0.0231
vn -0.8610 0.0889 0.5009
vn -0.9595 0.2396 -0.1482
vn -0.3146 0.5631 -0.7642
vn -0.2404 0.4142 -0.8779
vn 0.5884 0.1752 -0.7893
vn 0.9943 0.1065 -0.0071
vn 0.7137 0.6312 0.3035
vn 0.8043 0.4112 -0.4288
vn 0.8670 0.4687 -0.1693
vn 0.9207 0.3811 -0.0842
vn 0.7421 0.4088 -0.5312
vn 0.7779 0.4191 -0.4681
vn 0.9151 0.1550 -0.3723
vn 0.7136 0.3845 -0.5856
vn 0.5971 0.3849 -0.7038
vn 0.3583 0.1681 -0.9183
vn 0.6361 0.3964 -0.6620
vn 0.1020 0.4029 -0.9095
vn -0.1268 0.3293 -0.9357
vn 0.7304 0.4684 -0.4971
vn 0.2438 0.7682 -0.5920
vn 0.0592 0.9748 -0.2151
vn 0.3731 0.2803 0.8844
vn 0.1978 0.0536 0.9788
vn 0.9041 0.1038 0.4145
vn 0.0266 -0.9994 0.0231
vn -0.8867 0.0562 -0.4589
vn -0.7133 0.0500 -0.6991
vn -0.5228 0.1019 -0.8463
vn -0.7973 0.3356 -0.5018
vn -0.9116 0.3371 -0.2354
vn -0.8602 0.5078 0.0469
vn -0.7327 0.1018 -0.6728
vn -0.8298 0.0450 -0.5563
vn -0.9183 0.0592 -0.3915
vn -0.2926 0.2323 0.9276
vn -0.1026 0.0454 0.9937
vn -0.6488 0.7286 -0.2194
vn 0.8897 0.4495 0.0800
vn 0.2570 0.9196 0.2971
vn 0.5731 0.8100 -0.1242
vn -0.3751 0.8317 0.4093
vn -0.2157 0.6392 -0.7381
vn -0.1550 0.9807 -0.1191
vn -0.8314 0.0862 -0.5490
vn -0.7181 0.0289 -0.6954
vn -0.9053 -0.1836 -0.3831
vn -0.5800 0.4509 -0.6785
vn -0.7689 0.4557 -0.4485
vn -0.9174 0.1335 0.3749
vn -0.5943 0.5110 0.6211
vn -0.3813 0.9213 0.0761
vn -0.1761 0.9843 -0.0138
vn 0.0060 0.9867 -0.1627
vn 0.1900 0.9009 -0.3903
vn -0.0234 0.4580 -0.8886
vn -0.5825 0.4937 0.6457
vn -0.7841 0.5190 0.3404
vn -0.0587 0.9830 0.1739
vn -0.1232 0.9923 0.0092
vn -0.0606 0.5021 -0.8627
vn 0.6971 0.1287 -0.7053
vn 0.7168 0.6467 0.2606
vn -0.0272 0.4527 0.8912
vn 0.1589 0.3967 0.9041
vn 0.5113 0.5870 0.6277
vn 0.0821 0.9943 -0.0683
vn 0.4135 0.9103 0.0211
vn 0.8491 0.5173 -0.1072
vn 0.8441 0.4997 0.1942
vn 0.7283 0.4900 0.4790
vn 0.7655 0.6424 -0.0359
vn -0.6805 0.7283 -0.0804
vn 0.8857 0.4514 -0.1089
vn 0.3149 0.9197 0.2347
vn 0.5341 0.8099 -0.2425
vn -0.2808 0.8319 0.4786
vn -0.3640 0.6398 -0.6769
vn -0.1751 0.9808 -0.0862
vn -0.9279 0.0851 -0.3629
vn -0.8478 0.0286 -0.5296
vn -0.9652 -0.1853 -0.1845
vn -0.7084 0.4511 -0.5429
vn -0.8458 0.4549 -0.2787
vn -0.8191 0.1293 0.5589
vn -0.4517 0.5085 0.7330
vn -0.3563 0.9218 0.1526
vn -0.1738 0.9846 0.0213
vn -0.0267 0.9864 -0.1624
vn 0.1051 0.9004 -0.4222
vn -0.2079 0.4599 -0.8633
vn -0.4350 0.4911 0.7547
vn -0.6968 0.5167 0.4975
vn -0.0195 0.9834 0.1804
vn -0.1171 0.9926 0.0326
vn -0.2387 0.5037 -0.8303
vn 0.5336 0.1333 -0.8351
vn 0.7553 0.6473 0.1031
vn 0.1613 0.4506 0.8780
vn 0.3458 0.3949 0.8512
vn 0.6325 0.5868 0.5056
vn 0.0674 0.9940 -0.0861
vn 0.4093 0.9099 -0.0679
vn 0.8064 0.5192 -0.2830
vn 0.8653 0.5011 0.0119
vn 0.8126 0.4906 0.3145
vn 0.7399 0.6434 -0.1963
vn 0.8856 0.4514 -0.1089
vn 0.5341 0.8099 -0.2426
vn -0.8477 0.0287 -0.5296
vn -0.2386 0.5037 -0.8303
vn 0.5336 0.1333 -0.8352
vn 0.7552 0.6473 0.1031
vn 0.1615 0.4506 0.8780
vn 0.6720 0.7237 0.1571
vn -0.8823 0.4706 -0.0111
vn -0.2922 0.9140 -0.2814
vn -0.5658 0.8096 0.1566
vn 0.3220 0.8316 -0.4524
vn 0.2734 0.6281 0.7285
vn 0.1470 0.9849 0.0912
vn 0.8777 0.0422 0.4774
vn 0.7749 -0.0161 0.6319
vn 0.9264 -0.2223 0.3038
vn 0.6445 0.4227 0.6372
vn 0.0097 -0.9999 0.0083
vn 0.8175 0.4284 0.3848
vn 0.8829 0.1155 -0.4552
vn 0.5291 0.5109 -0.6775
vn 0.3602 0.9246 -0.1245
vn 0.1585 0.9872 -0.0169
vn -0.0118 0.9889 0.1481
vn -0.1753 0.9023 0.3938
vn 0.0919 0.4387 0.8939
vn 0.5152 0.4943 -0.7002
vn 0.7511 0.5102 -0.4190
vn 0.0239 0.9810 -0.1926
vn 0.1027 0.9941 -0.0354
vn 0.1268 0.4844 0.8656
vn -0.6370 0.1299 0.7599
vn -0.7260 0.6572 -0.2025
vn -0.0574 0.4705 -0.8805
vn -0.2384 0.4210 -0.8751
vn -0.5560 0.6029 -0.5721
vn -0.0956 0.9937 0.0593
vn -0.4232 0.9060 -0.0003
vn -0.8305 0.5313 0.1673
vn -0.8450 0.5196 -0.1263
vn -0.7536 0.5133 -0.4107
vn -0.7541 0.6508 0.0884
vn 0.2733 0.6281 0.7286
vn 0.8777 0.0422 0.4773
vn 0.9264 -0.2223 0.3039
vn 0.6445 0.4227 0.6371
vn 0.8175 0.4284 0.3849
vn 0.7511 0.5101 -0.4190
vn -0.0571 0.4704 -0.8806
vn -0.5560 0.6030 -0.5721
vn -0.8823 0.4706 -0.0110
vn 0.9264 -0.2222 0.3039
vn 0.3602 0.9246 -0.1244
vn 0.0919 0.4388 0.8939
vn -0.0573 0.4704 -0.8806
vn -0.5657 0.8096 0.1566
vn 0.8829 0.1154 -0.4552
vn -0.6369 0.1299 0.7599
vn 0.2734 0.6281 0.7286
vn -0.0578 0.4702 -0.8806
vn 0.3602 0.9245 -0.1245
vn -0.0572 0.4704 -0.8806
vn -0.0572 0.4703 -0.8806
vn -0.0575 0.4703 -0.8806
vn -0.2796 0.9016 0.3300
vn -0.1620 0.4419 0.8823
vn -0.1208 0.4871 0.8650
vn 0.1902 0.4674 -0.8634
vn 0.7094 0.0417 0.7036
vn 0.6154 0.0800 -0.7841
vn -0.8341 0.3850 -0.3950
vn 0.4994 0.8356 -0.2290
vn 0.6014 0.6192 0.5049
vn -0.4140 0.0959 0.9052
vn -0.7938 0.6013 0.0912
vn -0.7409 0.4994 0.4491
vn -0.7560 0.5339 0.3787
vn -0.6424 0.4380 0.6289
vn -0.4624 0.5965 0.6561
vn -0.3288 0.4371 0.8371
vn 0.0773 0.1579 0.9844
vn -0.0802 0.8888 0.4512
vn 0.4709 0.8515 0.2307
vn 0.6565 0.7539 -0.0256
vn -0.3085 0.8959 0.3196
vn 0.1658 0.9852 -0.0443
vn -0.2007 0.9013 -0.3839
vn -0.8082 0.5627 0.1737
vn -0.8633 0.4247 -0.2727
vn -0.8258 0.4494 -0.3407
vn -0.9646 0.2625 0.0246
vn -0.7979 0.2638 0.5420
vn -0.5815 0.1795 0.7935
vn 0.9795 0.1141 0.1658
vn 0.9910 0.1333 -0.0085
vn 0.8874 0.4140 -0.2030
vn 0.6312 0.5835 -0.5110
vn 0.5848 0.5450 -0.6008
vn 0.2514 0.6351 -0.7304
vn -0.5085 0.0354 -0.8603
vn -0.0106 0.9999 -0.0133
vn -0.6928 0.1030 -0.7137
vn 0.8261 0.4153 -0.3809
vn 0.9672 0.2348 -0.0970
vn 0.5206 0.1204 -0.8453
vn -0.4431 0.0181 -0.8963
vt 0.181819 0.000000
vt 0.227273 0.078731
vt 0.136365 0.078731
vt 0.681818 0.078731
vt 0.727273 0.157461
vt 0.681818 0.236191
vt 0.636364 0.157461
vt 0.909091 0.000000
vt 0.954545 0.078731
vt 0.863636 0.078731
vt 0.727273 0.000000
vt 0.772727 0.078731
vt 0.545455 0.000000
vt 0.590909 0.078731
vt 0.500000 0.078731
vt 0.090910 0.157461
vt 0.181819 0.157461
vt 0.136365 0.236191
vt 0.818182 0.157461
vt 0.909091 0.157461
vt 0.863636 0.236191
vt 0.772727 0.393651
vt 0.863636 0.393651
vt 0.636364 0.472382
vt 0.590909 0.393651
vt 0.454546 0.157461
vt 0.545455 0.157461
vt 0.500000 0.236191
vt 0.272728 0.157461
vt 0.318182 0.236191
vt 0.227273 0.236191
vt 0.045455 0.236191
vt 0.772727 0.236191
vt 0.590909 0.236191
vt 0.409092 0.236191
vt 0.181819 0.314921
vt 0.272728 0.314921
vt 0.227273 0.393651
vt 0.000000 0.314921
vt 0.090910 0.314921
vt 0.045455 0.393651
vt 0.727273 0.314921
vt 0.818182 0.314921
vt 0.545455 0.314921
vt 0.636364 0.314921
vt 0.363637 0.314921
vt 0.454546 0.314921
vt 0.409092 0.393651
vt 0.500000 0.393651
vt 0.272728 0.472382
vt 0.681818 0.393651
vt 0.909091 0.314921
vt 0.136365 0.393651
vt 0.090910 0.472382
vt 0.318182 0.393651
vt 0.363637 0.157461
vt 0.318182 0.078731
vt 0.954545 0.236191
vt 1.000000 0.157461
vt 0.409092 0.078731
vt 0.363637 0.000000
vt 0.363637 0.157461
vt 0.318182 0.157461
vt 0.340910 0.118096
vt 0.295455 0.118096
vt 0.886364 0.039365
vt 0.909091 0.078731
vt 0.909091 0.000000
vt 0.931818 0.039365
vt 0.704546 0.039365
vt 0.727273 0.078731
vt 0.727273 0.000000
vt 0.750000 0.039365
vt 0.522728 0.039365
vt 0.545455 0.078731
vt 0.545455 0.000000
vt 0.568182 0.039365
vt 0.318183 0.236191
vt 0.295455 0.196826
vt 0.340910 0.196826
vt 0.136364 0.236191
vt 0.113637 0.196826
vt 0.159092 0.196826
vt 0.136365 0.157461
vt 0.181819 0.157461
vt 0.863637 0.236191
vt 0.840909 0.196826
vt 0.886364 0.196826
vt 0.863636 0.157461
vt 0.909091 0.157461
vt 0.681819 0.236191
vt 0.659091 0.196826
vt 0.704546 0.196826
vt 0.681819 0.157461
vt 0.727273 0.157461
vt 0.500001 0.236191
vt 0.477273 0.196826
vt 0.522728 0.196826
vt 0.500001 0.157461
vt 0.545455 0.157461
vt 0.227274 0.236191
vt 0.250001 0.196826
vt 0.272728 0.236191
vt 0.068183 0.196826
vt 0.090910 0.236191
vt 0.772728 0.236191
vt 0.795455 0.196826
vt 0.818182 0.236191
vt 0.590910 0.236191
vt 0.613637 0.196826
vt 0.636364 0.236191
vt 0.409092 0.236191
vt 0.431819 0.196826
vt 0.454546 0.236191
vt 0.204546 0.354286
vt 0.250001 0.354286
vt 0.227274 0.314921
vt 0.272728 0.314921
vt 0.022728 0.354286
vt 0.068182 0.354286
vt 0.045455 0.314921
vt 0.090910 0.314921
vt 0.750000 0.354286
vt 0.795455 0.354286
vt 0.772728 0.314921
vt 0.818182 0.314921
vt 0.568182 0.354286
vt 0.613637 0.354286
vt 0.590910 0.314921
vt 0.636364 0.314921
vt 0.386364 0.354286
vt 0.431819 0.354286
vt 0.409092 0.314921
vt 0.454546 0.314921
vt 0.454546 0.472382
vt 0.431819 0.433017
vt 0.477273 0.433017
vt 0.454546 0.393652
vt 0.477273 0.354286
vt 0.522728 0.354286
vt 0.500001 0.314921
vt 0.636364 0.472382
vt 0.613637 0.433017
vt 0.659091 0.433017
vt 0.636364 0.393652
vt 0.659091 0.354286
vt 0.704546 0.354286
vt 0.681819 0.314921
vt 0.818182 0.472382
vt 0.795455 0.433017
vt 0.840909 0.433017
vt 0.818182 0.393652
vt 0.840909 0.354286
vt 0.886364 0.354286
vt 0.863637 0.314921
vt 0.090910 0.472382
vt 0.068183 0.433017
vt 0.113637 0.433017
vt 0.090910 0.393652
vt 0.113637 0.354286
vt 0.159092 0.354286
vt 0.136364 0.314921
vt 0.272728 0.472382
vt 0.250001 0.433017
vt 0.295455 0.433017
vt 0.272728 0.393652
vt 0.295455 0.354286
vt 0.340910 0.354286
vt 0.318182 0.314921
vt 0.386364 0.275556
vt 0.431819 0.275556
vt 0.477273 0.275556
vt 0.522728 0.275556
vt 0.568182 0.275556
vt 0.613637 0.275556
vt 0.659091 0.275556
vt 0.704546 0.275556
vt 0.750000 0.275556
vt 0.795455 0.275556
vt 0.840909 0.275556
vt 0.886364 0.275556
vt 0.022728 0.275556
vt 0.068182 0.275556
vt 0.113637 0.275556
vt 0.159092 0.275556
vt 0.204546 0.275556
vt 0.250001 0.275556
vt 0.295455 0.275556
vt 0.340910 0.275556
vt 0.545455 0.236191
vt 0.568182 0.196826
vt 0.590910 0.157461
vt 0.727273 0.236191
vt 0.750000 0.196826
vt 0.772728 0.157461
vt 0.931818 0.275556
vt 0.909091 0.236191
vt 0.931818 0.196826
vt 0.977273 0.196826
vt 0.954546 0.157461
vt 0.181819 0.236191
vt 0.204546 0.196826
vt 0.227274 0.157461
vt 0.363637 0.236191
vt 0.386364 0.196826
vt 0.409092 0.157461
vt 0.477273 0.118096
vt 0.522728 0.118096
vt 0.568182 0.118096
vt 0.613637 0.118096
vt 0.659091 0.118096
vt 0.704546 0.118096
vt 0.750000 0.118096
vt 0.795455 0.118096
vt 0.840909 0.118096
vt 0.886364 0.118096
vt 0.931818 0.118096
vt 0.977273 0.118096
vt 0.431819 0.118096
vt 0.386364 0.118096
vt 0.363637 0.078731
vt 0.386364 0.039365
vt 0.340910 0.039365
vt 0.363637 0.000000
vt 0.113637 0.118096
vt 0.159092 0.118096
vt 0.204546 0.118096
vt 0.181819 0.078731
vt 0.250001 0.118096
vt 0.204546 0.039365
vt 0.159092 0.039365
vt 0.181819 0.000000
s 0
usemtl Material.006
f 1/1/1 14/2/1 13/3/1
f 20/4/1 21/5/1 29/6/1 5/7/1
f 1/8/1 13/9/1 18/10/1
f 1/11/1 18/12/1 20/4/1
f 1/13/1 20/14/1 17/15/1
f 3/16/1 15/17/1 25/18/1
f 4/19/1 19/20/1 27/21/1
f 41/22/2 40/23/2 12/24/2 42/25/2
f 6/26/3 22/27/3 31/28/3
f 2/29/4 23/30/4 26/31/4
f 3/16/1 25/18/1 28/32/1
f 4/19/1 27/21/1 30/33/1
f 5/7/1 29/6/1 32/34/1
f 6/26/5 31/28/5 24/35/5
f 7/36/6 33/37/6 38/38/6
f 8/39/1 34/40/1 40/41/1
f 9/42/1 35/43/1 41/22/1
f 10/44/7 36/45/7 42/25/7
f 11/46/8 37/47/8 39/48/8
f 39/48/9 37/47/9 42/49/9
f 37/47/10 10/44/10 42/49/10
f 38/38/11 39/48/11 42/49/11 12/50/11
f 42/25/12 36/45/12 41/51/12
f 36/45/13 9/42/13 41/51/13
f 41/22/1 35/43/1 40/23/1
f 35/43/1 8/52/1 40/23/1
f 40/41/14 38/53/14 12/54/14
f 40/41/15 34/40/15 38/53/15
f 34/40/16 7/36/16 38/53/16
f 38/38/17 33/37/17 39/55/17
f 33/37/18 11/46/18 39/55/18
f 24/35/19 37/47/19 11/46/19
f 24/35/20 31/28/20 37/47/20
f 31/28/21 10/44/21 37/47/21
f 32/34/1 36/45/1 10/44/1
f 32/34/1 29/6/1 36/45/1
f 29/6/1 9/42/1 36/45/1
f 30/33/1 35/43/1 9/42/1
f 30/33/1 27/21/1 35/43/1
f 27/21/1 8/52/1 35/43/1
f 28/32/1 34/40/1 8/39/1
f 28/32/1 25/18/1 34/40/1
f 25/18/22 7/36/22 34/40/22
f 26/31/23 33/37/23 7/36/23
f 26/31/24 23/30/24 33/37/24
f 23/30/25 11/46/25 33/37/25
f 31/28/26 32/34/26 10/44/26
f 31/28/27 22/27/27 32/34/27
f 22/27/1 5/7/1 32/34/1
f 29/6/1 30/33/1 9/42/1
f 16/56/28 23/30/28 2/29/28 14/57/28
f 27/21/1 28/58/1 8/52/1
f 27/21/1 19/20/1 28/58/1
f 19/20/1 3/59/1 28/58/1
f 25/18/29 26/31/29 7/36/29
f 25/18/30 15/17/30 26/31/30
f 15/17/31 2/29/31 26/31/31
f 23/30/32 24/35/32 11/46/32
f 23/30/33 16/56/33 24/35/33
f 21/5/1 4/19/1 30/33/1 29/6/1
f 17/15/34 22/27/34 6/26/34
f 17/15/1 20/14/1 22/27/1
f 20/14/1 5/7/1 22/27/1
f 20/4/1 18/12/1 21/5/1
f 18/12/1 4/19/1 21/5/1
f 18/10/1 19/20/1 4/19/1
f 18/10/1 13/9/1 19/20/1
f 13/9/1 3/59/1 19/20/1
f 16/56/35 14/57/35 17/60/35
f 14/57/1 1/61/1 17/60/1
f 13/3/1 15/17/1 3/16/1
f 13/3/1 14/2/1 15/17/1
f 14/2/36 2/29/36 15/17/36
f 16/56/37 17/60/37 6/26/37 24/35/37
f 58/62/38 88/63/38 200/64/38
f 44/29/38 86/65/38 88/63/38
f 56/57/38 200/64/38 86/65/38
f 60/10/38 90/66/38 197/67/38
f 43/68/38 85/69/38 90/66/38
f 55/9/38 197/67/38 85/69/38
f 62/4/38 92/70/38 194/71/38
f 43/72/38 90/73/38 92/70/38
f 60/12/38 194/71/38 90/73/38
f 59/15/38 119/74/38 191/75/38
f 43/76/38 92/77/38 119/74/38
f 62/14/38 191/75/38 92/77/38
f 65/78/38 95/79/38 188/80/38
f 44/29/38 88/63/38 95/79/38
f 58/62/38 188/80/38 88/63/38
f 67/81/38 97/82/38 185/83/38
f 45/16/38 87/84/38 97/82/38
f 57/85/38 185/83/38 87/84/38
f 69/86/39 99/87/39 182/88/39
f 46/19/38 91/89/38 99/87/38
f 61/90/40 182/88/40 91/89/40
f 71/91/38 101/92/38 179/93/38
f 47/7/38 93/94/38 101/92/38
f 63/95/38 179/93/38 93/94/38
f 73/96/38 103/97/38 176/98/38
f 48/26/38 94/99/38 103/97/38
f 64/100/38 176/98/38 94/99/38
f 68/101/38 128/102/38 173/103/38
f 44/29/38 95/79/38 128/102/38
f 65/78/38 173/103/38 95/79/38
f 70/32/41 130/104/41 170/105/41
f 45/16/40 97/82/40 130/104/40
f 67/81/42 170/105/42 97/82/42
f 72/106/38 132/107/38 167/108/38
f 46/19/38 99/87/38 132/107/38
f 69/86/43 167/108/43 99/87/43
f 74/109/38 134/110/38 164/111/38
f 47/7/38 101/92/38 134/110/38
f 71/91/38 164/111/38 101/92/38
f 66/112/38 126/113/38 161/114/38
f 48/26/38 103/97/38 126/113/38
f 73/96/38 161/114/38 103/97/38
f 80/38/44 110/115/44 158/116/44
f 49/36/45 105/117/45 110/115/45
f 75/118/46 158/116/46 105/117/46
f 82/41/47 112/119/47 155/120/47
f 50/39/48 106/121/48 112/119/48
f 76/122/49 155/120/49 106/121/49
f 83/22/50 113/123/50 152/124/50
f 51/42/51 107/125/51 113/123/51
f 77/126/52 152/124/52 107/125/52
f 84/25/53 114/127/53 149/128/53
f 52/44/54 108/129/54 114/127/54
f 78/130/55 149/128/55 108/129/55
f 81/48/56 141/131/56 146/132/56
f 53/46/57 109/133/57 141/131/57
f 79/134/58 146/132/58 109/133/58
f 54/135/59 111/136/59 144/137/59
f 81/48/60 145/138/60 111/136/60
f 84/49/61 144/137/61 145/138/61
f 84/49/62 145/138/62 147/139/62
f 81/48/63 146/132/63 145/138/63
f 79/134/64 147/139/64 146/132/64
f 84/49/65 147/139/65 114/140/65
f 79/134/66 139/141/66 147/139/66
f 52/44/67 114/140/67 139/141/67
f 54/142/68 144/143/68 143/144/68
f 84/25/69 148/145/69 144/143/69
f 83/51/70 143/144/70 148/145/70
f 83/51/71 148/145/71 150/146/71
f 84/25/72 149/128/72 148/145/72
f 78/130/73 150/146/73 149/128/73
f 83/51/74 150/146/74 113/147/74
f 78/130/75 138/148/75 150/146/75
f 51/42/76 113/147/76 138/148/76
f 54/149/77 143/150/77 142/151/77
f 83/22/78 151/152/78 143/150/78
f 82/23/79 142/151/79 151/152/79
f 82/23/80 151/152/80 153/153/80
f 83/22/81 152/124/81 151/152/81
f 77/126/82 153/153/82 152/124/82
f 82/23/83 153/153/83 112/154/83
f 77/126/84 137/155/84 153/153/84
f 50/52/85 112/154/85 137/155/85
f 54/156/86 142/157/86 140/158/86
f 82/41/87 154/159/87 142/157/87
f 80/53/88 140/158/88 154/159/88
f 80/53/89 154/159/89 156/160/89
f 82/41/90 155/120/90 154/159/90
f 76/122/91 156/160/91 155/120/91
f 80/53/92 156/160/92 110/161/92
f 76/122/93 136/162/93 156/160/93
f 49/36/94 110/161/94 136/162/94
f 54/163/95 140/164/95 111/165/95
f 80/38/96 157/166/96 140/164/96
f 81/55/97 111/165/97 157/166/97
f 81/55/98 157/166/98 159/167/98
f 80/38/99 158/116/99 157/166/99
f 75/118/100 159/167/100 158/116/100
f 81/55/101 159/167/101 141/168/101
f 75/118/102 135/169/102 159/167/102
f 53/46/103 141/168/103 135/169/103
f 53/46/104 96/170/104 109/133/104
f 66/112/105 160/171/105 96/170/105
f 79/134/106 109/133/106 160/171/106
f 79/134/107 160/171/107 162/172/107
f 66/112/108 161/114/108 160/171/108
f 73/96/109 162/172/109 161/114/109
f 79/134/110 162/172/110 139/141/110
f 73/96/111 133/173/111 162/172/111
f 52/44/112 139/141/112 133/173/112
f 52/44/38 104/174/38 108/129/38
f 74/109/38 163/175/38 104/174/38
f 78/130/38 108/129/38 163/175/38
f 78/130/38 163/175/38 165/176/38
f 74/109/38 164/111/38 163/175/38
f 71/91/38 165/176/38 164/111/38
f 78/130/38 165/176/38 138/148/38
f 71/91/38 131/177/38 165/176/38
f 51/42/38 138/148/38 131/177/38
f 51/42/113 102/178/113 107/125/113
f 72/106/40 166/179/40 102/178/40
f 77/126/114 107/125/114 166/179/114
f 77/126/115 166/179/115 168/180/115
f 72/106/116 167/108/116 166/179/116
f 69/86/117 168/180/117 167/108/117
f 77/126/118 168/180/118 137/155/118
f 69/86/119 129/181/119 168/180/119
f 50/52/120 137/155/120 129/181/120
f 50/39/121 100/182/121 106/121/121
f 70/32/122 169/183/122 100/182/122
f 76/122/123 106/121/123 169/183/123
f 76/122/124 169/183/124 171/184/124
f 70/32/125 170/105/125 169/183/125
f 67/81/126 171/184/126 170/105/126
f 76/122/127 171/184/127 136/162/127
f 67/81/128 127/185/128 171/184/128
f 49/36/129 136/162/129 127/185/129
f 49/36/130 98/186/130 105/117/130
f 68/101/38 172/187/38 98/186/38
f 75/118/131 105/117/131 172/187/131
f 75/118/132 172/187/132 174/188/132
f 68/101/38 173/103/38 172/187/38
f 65/78/38 174/188/38 173/103/38
f 75/118/133 174/188/133 135/169/133
f 65/78/40 125/189/40 174/188/40
f 53/46/134 135/169/134 125/189/134
f 52/44/38 133/173/38 104/174/38
f 73/96/38 175/190/38 133/173/38
f 74/109/38 104/174/38 175/190/38
f 74/109/38 175/190/38 177/191/38
f 73/96/38 176/98/38 175/190/38
f 64/100/38 177/191/38 176/98/38
f 74/109/38 177/191/38 134/110/38
f 64/100/38 124/192/38 177/191/38
f 47/7/38 134/110/38 124/192/38
f 51/42/38 131/177/38 102/178/38
f 71/91/38 178/193/38 131/177/38
f 72/106/38 102/178/38 178/193/38
f 72/106/38 178/193/38 180/194/38
f 71/91/38 179/93/38 178/193/38
f 63/95/38 180/194/38 179/93/38
f 72/106/38 180/194/38 132/107/38
f 63/95/38 123/195/38 180/194/38
f 46/19/38 132/107/38 123/195/38
f 50/52/135 129/181/135 100/196/135
f 69/86/136 181/197/136 129/181/136
f 70/58/137 100/196/137 181/197/137
f 70/58/138 181/197/138 183/198/138
f 69/86/139 182/88/139 181/197/139
f 61/90/140 183/198/140 182/88/140
f 70/58/141 183/198/141 130/199/141
f 61/90/142 121/200/142 183/198/142
f 45/59/40 130/199/40 121/200/40
f 49/36/143 127/185/143 98/186/143
f 67/81/144 184/201/144 127/185/144
f 68/101/38 98/186/38 184/201/38
f 68/101/38 184/201/38 186/202/38
f 67/81/38 185/83/38 184/201/38
f 57/85/38 186/202/38 185/83/38
f 68/101/38 186/202/38 128/102/38
f 57/85/38 117/203/38 186/202/38
f 44/29/38 128/102/38 117/203/38
f 53/46/145 125/189/145 96/170/145
f 65/78/38 187/204/38 125/189/38
f 66/112/40 96/170/40 187/204/40
f 66/112/38 187/204/38 189/205/38
f 65/78/38 188/80/38 187/204/38
f 58/62/38 189/205/38 188/80/38
f 66/112/38 189/205/38 126/113/38
f 58/62/38 118/206/38 189/205/38
f 48/26/38 126/113/38 118/206/38
f 48/26/38 89/207/38 94/99/38
f 59/15/38 190/208/38 89/207/38
f 64/100/38 94/99/38 190/208/38
f 64/100/38 190/208/38 192/209/38
f 59/15/38 191/75/38 190/208/38
f 62/14/38 192/209/38 191/75/38
f 64/100/38 192/209/38 124/192/38
f 62/14/38 122/210/38 192/209/38
f 47/7/38 124/192/38 122/210/38
f 47/7/38 122/211/38 93/94/38
f 62/4/38 193/212/38 122/211/38
f 63/95/38 93/94/38 193/212/38
f 63/95/38 193/212/38 195/213/38
f 62/4/38 194/71/38 193/212/38
f 60/12/38 195/213/38 194/71/38
f 63/95/38 195/213/38 123/195/38
f 60/12/38 120/214/38 195/213/38
f 46/19/38 123/195/38 120/214/38
f 46/19/38 120/215/38 91/89/38
f 60/10/38 196/216/38 120/215/38
f 61/90/38 91/89/38 196/216/38
f 61/90/38 196/216/38 198/217/38
f 60/10/38 197/67/38 196/216/38
f 55/9/38 198/217/38 197/67/38
f 61/90/38 198/217/38 121/200/38
f 55/9/38 115/218/38 198/217/38
f 45/59/38 121/200/38 115/218/38
f 48/26/38 118/206/38 89/219/38
f 58/62/38 199/220/38 118/206/38
f 59/60/38 89/219/38 199/220/38
f 59/60/38 199/220/38 201/221/38
f 58/62/38 200/64/38 199/220/38
f 56/57/38 201/221/38 200/64/38
f 59/60/38 201/221/38 119/222/38
f 56/57/38 116/223/38 201/221/38
f 43/224/38 119/222/38 116/223/38
f 45/16/38 115/225/38 87/84/38
f 55/3/38 202/226/38 115/225/38
f 57/85/38 87/84/38 202/226/38
f 57/85/38 202/226/38 204/227/38
f 55/3/38 203/228/38 202/226/38
f 56/2/38 204/227/38 203/228/38
f 57/85/38 204/227/38 117/203/38
f 56/2/38 86/229/38 204/227/38
f 44/29/38 117/203/38 86/229/38
f 220/62/146 250/63/146 362/64/146
f 206/29/146 248/65/146 250/63/146
f 218/57/146 362/64/146 248/65/146
f 222/10/146 252/66/146 359/67/146
f 205/68/146 247/69/146 252/66/146
f 217/9/146 359/67/146 247/69/146
f 224/4/146 254/70/146 356/71/146
f 205/72/146 252/73/146 254/70/146
f 222/12/146 356/71/146 252/73/146
f 221/15/146 281/74/146 353/75/146
f 205/76/146 254/77/146 281/74/146
f 224/14/146 353/75/146 254/77/146
f 227/78/146 257/79/146 350/80/146
f 206/29/146 250/63/146 257/79/146
f 220/62/146 350/80/146 250/63/146
f 229/81/146 259/82/146 347/83/146
f 207/16/146 249/84/146 259/82/146
f 219/85/146 347/83/146 249/84/146
f 231/86/147 261/87/147 344/88/147
f 208/19/146 253/89/146 261/87/146
f 223/90/148 344/88/148 253/89/148
f 233/91/146 263/92/146 341/93/146
f 209/7/146 255/94/146 263/92/146
f 225/95/146 341/93/146 255/94/146
f 235/96/146 265/97/146 338/98/146
f 210/26/146 256/99/146 265/97/146
f 226/100/146 338/98/146 256/99/146
f 230/101/146 290/102/146 335/103/146
f 206/29/146 257/79/146 290/102/146
f 227/78/146 335/103/146 257/79/146
f 232/32/149 292/104/149 332/105/149
f 207/16/148 259/82/148 292/104/148
f 229/81/150 332/105/150 259/82/150
f 234/106/146 294/107/146 329/108/146
f 208/19/146 261/87/146 294/107/146
f 231/86/151 329/108/151 261/87/151
f 236/109/146 296/110/146 326/111/146
f 209/7/146 263/92/146 296/110/146
f 233/91/146 326/111/146 263/92/146
f 228/112/152 288/113/152 323/114/152
f 210/26/146 265/97/146 288/113/146
f 235/96/146 323/114/146 265/97/146
f 242/38/153 272/115/153 320/116/153
f 211/36/154 267/117/154 272/115/154
f 237/118/155 320/116/155 267/117/155
f 244/41/156 274/119/156 317/120/156
f 212/39/157 268/121/157 274/119/157
f 238/122/158 317/120/158 268/121/158
f 245/22/159 275/123/159 314/124/159
f 213/42/160 269/125/160 275/123/160
f 239/126/161 314/124/161 269/125/161
f 246/25/162 276/127/162 311/128/162
f 214/44/163 270/129/163 276/127/163
f 240/130/164 311/128/164 270/129/164
f 243/48/165 303/131/165 308/132/165
f 215/46/166 271/133/166 303/131/166
f 241/134/167 308/132/167 271/133/167
f 216/135/168 273/136/168 306/137/168
f 243/48/169 307/138/169 273/136/169
f 246/49/170 306/137/170 307/138/170
f 246/49/171 307/138/171 309/139/171
f 243/48/172 308/132/172 307/138/172
f 241/134/173 309/139/173 308/132/173
f 246/49/174 309/139/174 276/140/174
f 241/134/175 301/141/175 309/139/175
f 214/44/176 276/140/176 301/141/176
f 216/142/177 306/143/177 305/144/177
f 246/25/178 310/145/178 306/143/178
f 245/51/179 305/144/179 310/145/179
f 245/51/180 310/145/180 312/146/180
f 246/25/181 311/128/181 310/145/181
f 240/130/182 312/146/182 311/128/182
f 245/51/183 312/146/183 275/147/183
f 240/130/184 300/148/184 312/146/184
f 213/42/185 275/147/185 300/148/185
f 216/149/186 305/150/186 304/151/186
f 245/22/187 313/152/187 305/150/187
f 244/23/188 304/151/188 313/152/188
f 244/23/189 313/152/189 315/153/189
f 245/22/190 314/124/190 313/152/190
f 239/126/191 315/153/191 314/124/191
f 244/23/192 315/153/192 274/154/192
f 239/126/193 299/155/193 315/153/193
f 212/52/194 274/154/194 299/155/194
f 216/156/195 304/157/195 302/158/195
f 244/41/196 316/159/196 304/157/196
f 242/53/197 302/158/197 316/159/197
f 242/53/198 316/159/198 318/160/198
f 244/41/199 317/120/199 316/159/199
f 238/122/200 318/160/200 317/120/200
f 242/53/201 318/160/201 272/161/201
f 238/122/202 298/162/202 318/160/202
f 211/36/203 272/161/203 298/162/203
f 216/163/204 302/164/204 273/165/204
f 242/38/205 319/166/205 302/164/205
f 243/55/206 273/165/206 319/166/206
f 243/55/207 319/166/207 321/167/207
f 242/38/208 320/116/208 319/166/208
f 237/118/209 321/167/209 320/116/209
f 243/55/210 321/167/210 303/168/210
f 237/118/211 297/169/211 321/167/211
f 215/46/212 303/168/212 297/169/212
f 215/46/213 258/170/213 271/133/213
f 228/112/214 322/171/214 258/170/214
f 241/134/215 271/133/215 322/171/215
f 241/134/216 322/171/216 324/172/216
f 228/112/217 323/114/217 322/171/217
f 235/96/218 324/172/218 323/114/218
f 241/134/219 324/172/219 301/141/219
f 235/96/220 295/173/220 324/172/220
f 214/44/221 301/141/221 295/173/221
f 214/44/222 266/174/222 270/129/222
f 236/109/146 325/175/146 266/174/146
f 240/130/146 270/129/146 325/175/146
f 240/130/146 325/175/146 327/176/146
f 236/109/146 326/111/146 325/175/146
f 233/91/146 327/176/146 326/111/146
f 240/130/146 327/176/146 300/148/146
f 233/91/146 293/177/146 327/176/146
f 213/42/146 300/148/146 293/177/146
f 213/42/223 264/178/223 269/125/223
f 234/106/224 328/179/224 264/178/224
f 239/126/225 269/125/225 328/179/225
f 239/126/226 328/179/226 330/180/226
f 234/106/227 329/108/227 328/179/227
f 231/86/228 330/180/228 329/108/228
f 239/126/229 330/180/229 299/155/229
f 231/86/230 291/181/230 330/180/230
f 212/52/231 299/155/231 291/181/231
f 212/39/232 262/182/232 268/121/232
f 232/32/233 331/183/233 262/182/233
f 238/122/234 268/121/234 331/183/234
f 238/122/235 331/183/235 333/184/235
f 232/32/236 332/105/236 331/183/236
f 229/81/237 333/184/237 332/105/237
f 238/122/238 333/184/238 298/162/238
f 229/81/239 289/185/239 333/184/239
f 211/36/240 298/162/240 289/185/240
f 211/36/241 260/186/241 267/117/241
f 230/101/146 334/187/146 260/186/146
f 237/118/242 267/117/242 334/187/242
f 237/118/243 334/187/243 336/188/243
f 230/101/146 335/103/146 334/187/146
f 227/78/146 336/188/146 335/103/146
f 237/118/244 336/188/244 297/169/244
f 227/78/245 287/189/245 336/188/245
f 215/46/246 297/169/246 287/189/246
f 214/44/222 295/173/222 266/174/222
f 235/96/146 337/190/146 295/173/146
f 236/109/146 266/174/146 337/190/146
f 236/109/146 337/190/146 339/191/146
f 235/96/222 338/98/222 337/190/222
f 226/100/146 339/191/146 338/98/146
f 236/109/146 339/191/146 296/110/146
f 226/100/146 286/192/146 339/191/146
f 209/7/146 296/110/146 286/192/146
f 213/42/146 293/177/146 264/178/146
f 233/91/146 340/193/146 293/177/146
f 234/106/146 264/178/146 340/193/146
f 234/106/146 340/193/146 342/194/146
f 233/91/146 341/93/146 340/193/146
f 225/95/146 342/194/146 341/93/146
f 234/106/146 342/194/146 294/107/146
f 225/95/146 285/195/146 342/194/146
f 208/19/146 294/107/146 285/195/146
f 212/52/247 291/181/247 262/196/247
f 231/86/248 343/197/248 291/181/248
f 232/58/249 262/196/249 343/197/249
f 232/58/250 343/197/250 345/198/250
f 231/86/251 344/88/251 343/197/251
f 223/90/252 345/198/252 344/88/252
f 232/58/253 345/198/253 292/199/253
f 223/90/254 283/200/254 345/198/254
f 207/59/148 292/199/148 283/200/148
f 211/36/255 289/185/255 260/186/255
f 229/81/256 346/201/256 289/185/256
f 230/101/146 260/186/146 346/201/146
f 230/101/146 346/201/146 348/202/146
f 229/81/146 347/83/146 346/201/146
f 219/85/146 348/202/146 347/83/146
f 230/101/146 348/202/146 290/102/146
f 219/85/146 279/203/146 348/202/146
f 206/29/146 290/102/146 279/203/146
f 215/46/257 287/189/257 258/170/257
f 227/78/258 349/204/258 287/189/258
f 228/112/245 258/170/245 349/204/245
f 228/112/146 349/204/146 351/205/146
f 227/78/146 350/80/146 349/204/146
f 220/62/146 351/205/146 350/80/146
f 228/112/146 351/205/146 288/113/146
f 220/62/146 280/206/146 351/205/146
f 210/26/146 288/113/146 280/206/146
f 210/26/146 251/207/146 256/99/146
f 221/15/146 352/208/146 251/207/146
f 226/100/146 256/99/146 352/208/146
f 226/100/146 352/208/146 354/209/146
f 221/15/146 353/75/146 352/208/146
f 224/14/146 354/209/146 353/75/146
f 226/100/146 354/209/146 286/192/146
f 224/14/146 284/210/146 354/209/146
f 209/7/146 286/192/146 284/210/146
f 209/7/146 284/211/146 255/94/146
f 224/4/146 355/212/146 284/211/146
f 225/95/146 255/94/146 355/212/146
f 225/95/146 355/212/146 357/213/146
f 224/4/146 356/71/146 355/212/146
f 222/12/146 357/213/146 356/71/146
f 225/95/146 357/213/146 285/195/146
f 222/12/146 282/214/146 357/213/146
f 208/19/146 285/195/146 282/214/146
f 208/19/146 282/215/146 253/89/146
f 222/10/146 358/216/146 282/215/146
f 223/90/146 253/89/146 358/216/146
f 223/90/146 358/216/146 360/217/146
f 222/10/146 359/67/146 358/216/146
f 217/9/146 360/217/146 359/67/146
f 223/90/146 360/217/146 283/200/146
f 217/9/146 277/218/146 360/217/146
f 207/59/146 283/200/146 277/218/146
f 210/26/146 280/206/146 251/219/146
f 220/62/146 361/220/146 280/206/146
f 221/60/146 251/219/146 361/220/146
f 221/60/146 361/220/146 363/221/146
f 220/62/146 362/64/146 361/220/146
f 218/57/146 363/221/146 362/64/146
f 221/60/146 363/221/146 281/222/146
f 218/57/146 278/223/146 363/221/146
f 205/224/146 281/222/146 278/223/146
f 207/16/146 277/225/146 249/84/146
f 217/3/146 364/226/146 277/225/146
f 219/85/146 249/84/146 364/226/146
f 219/85/146 364/226/146 366/227/146
f 217/3/146 365/228/146 364/226/146
f 218/2/146 366/227/146 365/228/146
f 219/85/146 366/227/146 279/203/146
f 218/2/146 248/229/146 366/227/146
f 206/29/146 279/203/146 248/229/146
f 218/2/146 365/228/146 278/230/146
f 217/3/146 247/231/146 365/228/146
f 205/232/146 278/230/146 247/231/146
f 365/228/146 247/231/146 278/230/146
f 362/64/146 250/63/146 248/65/146
f 359/67/146 252/66/146 247/69/146
f 356/71/146 254/70/146 252/73/146
f 353/75/146 281/74/146 254/77/146
f 350/80/146 257/79/146 250/63/146
f 347/83/146 259/82/146 249/84/146
f 344/88/148 261/87/148 253/89/148
f 341/93/146 263/92/146 255/94/146
f 338/98/146 265/97/146 256/99/146
f 335/103/146 290/102/146 257/79/146
f 332/105/259 292/104/259 259/82/259
f 329/108/146 294/107/146 261/87/146
f 326/111/146 296/110/146 263/92/146
f 323/114/146 288/113/146 265/97/146
f 320/116/260 272/115/260 267/117/260
f 317/120/261 274/119/261 268/121/261
f 314/124/262 275/123/262 269/125/262
f 311/128/263 276/127/263 270/129/263
f 308/132/264 303/131/264 271/133/264
f 306/137/265 273/136/265 307/138/265
f 309/139/266 307/138/266 308/132/266
f 276/140/267 309/139/267 301/141/267
f 305/144/268 306/143/268 310/145/268
f 312/146/269 310/145/269 311/128/269
f 275/147/270 312/146/270 300/148/270
f 304/151/271 305/150/271 313/152/271
f 315/153/272 313/152/272 314/124/272
f 274/154/273 315/153/273 299/155/273
f 302/158/274 304/157/274 316/159/274
f 318/160/275 316/159/275 317/120/275
f 272/161/276 318/160/276 298/162/276
f 273/165/277 302/164/277 319/166/277
f 321/167/278 319/166/278 320/116/278
f 303/168/279 321/167/279 297/169/279
f 271/133/280 258/170/280 322/171/280
f 324/172/281 322/171/281 323/114/281
f 301/141/282 324/172/282 295/173/282
f 270/129/146 266/174/146 325/175/146
f 327/176/146 325/175/146 326/111/146
f 300/148/146 327/176/146 293/177/146
f 269/125/283 264/178/283 328/179/283
f 330/180/284 328/179/284 329/108/284
f 299/155/285 330/180/285 291/181/285
f 268/121/286 262/182/286 331/183/286
f 333/184/287 331/183/287 332/105/287
f 298/162/288 333/184/288 289/185/288
f 267/117/289 260/186/289 334/187/289
f 336/188/245 334/187/245 335/103/245
f 297/169/290 336/188/290 287/189/290
f 266/174/146 295/173/146 337/190/146
f 339/191/146 337/190/146 338/98/146
f 296/110/146 339/191/146 286/192/146
f 264/178/146 293/177/146 340/193/146
f 342/194/146 340/193/146 341/93/146
f 294/107/146 342/194/146 285/195/146
f 262/196/291 291/181/291 343/197/291
f 345/198/292 343/197/292 344/88/292
f 292/199/293 345/198/293 283/200/293
f 260/186/294 289/185/294 346/201/294
f 348/202/146 346/201/146 347/83/146
f 290/102/146 348/202/146 279/203/146
f 258/170/245 287/189/245 349/204/245
f 351/205/146 349/204/146 350/80/146
f 288/113/146 351/205/146 280/206/146
f 256/99/146 251/207/146 352/208/146
f 354/209/146 352/208/146 353/75/146
f 286/192/146 354/209/146 284/210/146
f 255/94/146 284/211/146 355/212/146
f 357/213/146 355/212/146 356/71/146
f 285/195/146 357/213/146 282/214/146
f 253/89/146 282/215/146 358/216/146
f 360/217/146 358/216/146 359/67/146
f 283/200/146 360/217/146 277/218/146
f 251/219/146 280/206/146 361/220/146
f 363/221/146 361/220/146 362/64/146
f 281/222/146 363/221/146 278/223/146
f 249/84/146 277/225/146 364/226/146
f 366/227/146 364/226/146 365/228/146
f 279/203/146 366/227/146 248/229/146
f 382/62/295 412/63/295 524/64/295
f 368/29/295 410/65/295 412/63/295
f 380/57/295 524/64/295 410/65/295
f 384/10/295 414/66/295 521/67/295
f 367/68/295 409/69/295 414/66/295
f 379/9/295 521/67/295 409/69/295
f 386/4/295 416/70/295 518/71/295
f 367/72/295 414/73/295 416/70/295
f 384/12/295 518/71/295 414/73/295
f 383/15/295 443/74/295 515/75/295
f 367/76/295 416/77/295 443/74/295
f 386/14/295 515/75/295 416/77/295
f 389/78/295 419/79/295 512/80/295
f 368/29/295 412/63/295 419/79/295
f 382/62/295 512/80/295 412/63/295
f 391/81/295 421/82/295 509/83/295
f 369/16/295 411/84/295 421/82/295
f 381/85/295 509/83/295 411/84/295
f 393/86/296 423/87/296 506/88/296
f 370/19/295 415/89/295 423/87/295
f 385/90/297 506/88/297 415/89/297
f 395/91/295 425/92/295 503/93/295
f 371/7/295 417/94/295 425/92/295
f 387/95/295 503/93/295 417/94/295
f 397/96/295 427/97/295 500/98/295
f 372/26/295 418/99/295 427/97/295
f 388/100/295 500/98/295 418/99/295
f 392/101/295 452/102/295 497/103/295
f 368/29/295 419/79/295 452/102/295
f 389/78/295 497/103/295 419/79/295
f 394/32/298 454/104/298 494/105/298
f 369/16/297 421/82/297 454/104/297
f 391/81/299 494/105/299 421/82/299
f 396/106/295 456/107/295 491/108/295
f 370/19/295 423/87/295 456/107/295
f 393/86/300 491/108/300 423/87/300
f 398/109/295 458/110/295 488/111/295
f 371/7/295 425/92/295 458/110/295
f 395/91/295 488/111/295 425/92/295
f 390/112/295 450/113/295 485/114/295
f 372/26/295 427/97/295 450/113/295
f 397/96/295 485/114/295 427/97/295
f 404/38/301 434/115/301 482/116/301
f 373/36/302 429/117/302 434/115/302
f 399/118/303 482/116/303 429/117/303
f 406/41/304 436/119/304 479/120/304
f 374/39/305 430/121/305 436/119/305
f 400/122/306 479/120/306 430/121/306
f 407/22/307 437/123/307 476/124/307
f 375/42/308 431/125/308 437/123/308
f 401/126/309 476/124/309 431/125/309
f 408/25/310 438/127/310 473/128/310
f 376/44/311 432/129/311 438/127/311
f 402/130/312 473/128/312 432/129/312
f 405/48/313 465/131/313 470/132/313
f 377/46/314 433/133/314 465/131/314
f 403/134/315 470/132/315 433/133/315
f 378/135/316 435/136/316 468/137/316
f 405/48/317 469/138/317 435/136/317
f 408/49/318 468/137/318 469/138/318
f 408/49/319 469/138/319 471/139/319
f 405/48/320 470/132/320 469/138/320
f 403/134/321 471/139/321 470/132/321
f 408/49/322 471/139/322 438/140/322
f 403/134/323 463/141/323 471/139/323
f 376/44/324 438/140/324 463/141/324
f 378/142/325 468/143/325 467/144/325
f 408/25/326 472/145/326 468/143/326
f 407/51/327 467/144/327 472/145/327
f 407/51/328 472/145/328 474/146/328
f 408/25/329 473/128/329 472/145/329
f 402/130/330 474/146/330 473/128/330
f 407/51/331 474/146/331 437/147/331
f 402/130/332 462/148/332 474/146/332
f 375/42/333 437/147/333 462/148/333
f 378/149/334 467/150/334 466/151/334
f 407/22/335 475/152/335 467/150/335
f 406/23/336 466/151/336 475/152/336
f 406/23/337 475/152/337 477/153/337
f 407/22/338 476/124/338 475/152/338
f 401/126/339 477/153/339 476/124/339
f 406/23/340 477/153/340 436/154/340
f 401/126/341 461/155/341 477/153/341
f 374/52/342 436/154/342 461/155/342
f 378/156/343 466/157/343 464/158/343
f 406/41/344 478/159/344 466/157/344
f 404/53/345 464/158/345 478/159/345
f 404/53/346 478/159/346 480/160/346
f 406/41/347 479/120/347 478/159/347
f 400/122/348 480/160/348 479/120/348
f 404/53/349 480/160/349 434/161/349
f 400/122/350 460/162/350 480/160/350
f 373/36/351 434/161/351 460/162/351
f 378/163/352 464/164/352 435/165/352
f 404/38/353 481/166/353 464/164/353
f 405/55/354 435/165/354 481/166/354
f 405/55/355 481/166/355 483/167/355
f 404/38/356 482/116/356 481/166/356
f 399/118/357 483/167/357 482/116/357
f 405/55/358 483/167/358 465/168/358
f 399/118/359 459/169/359 483/167/359
f 377/46/360 465/168/360 459/169/360
f 377/46/361 420/170/361 433/133/361
f 390/112/362 484/171/362 420/170/362
f 403/134/363 433/133/363 484/171/363
f 403/134/364 484/171/364 486/172/364
f 390/112/365 485/114/365 484/171/365
f 397/96/366 486/172/366 485/114/366
f 403/134/367 486/172/367 463/141/367
f 397/96/368 457/173/368 486/172/368
f 376/44/369 463/141/369 457/173/369
f 376/44/295 428/174/295 432/129/295
f 398/109/295 487/175/295 428/174/295
f 402/130/295 432/129/295 487/175/295
f 402/130/295 487/175/295 489/176/295
f 398/109/295 488/111/295 487/175/295
f 395/91/295 489/176/295 488/111/295
f 402/130/295 489/176/295 462/148/295
f 395/91/295 455/177/295 489/176/295
f 375/42/370 462/148/370 455/177/370
f 375/42/371 426/178/371 431/125/371
f 396/106/372 490/179/372 426/178/372
f 401/126/373 431/125/373 490/179/373
f 401/126/374 490/179/374 492/180/374
f 396/106/295 491/108/295 490/179/295
f 393/86/375 492/180/375 491/108/375
f 401/126/376 492/180/376 461/155/376
f 393/86/377 453/181/377 492/180/377
f 374/52/378 461/155/378 453/181/378
f 374/39/379 424/182/379 430/121/379
f 394/32/380 493/183/380 424/182/380
f 400/122/381 430/121/381 493/183/381
f 400/122/382 493/183/382 495/184/382
f 394/32/383 494/105/383 493/183/383
f 391/81/384 495/184/384 494/105/384
f 400/122/385 495/184/385 460/162/385
f 391/81/386 451/185/386 495/184/386
f 373/36/387 460/162/387 451/185/387
f 373/36/388 422/186/388 429/117/388
f 392/101/295 496/187/295 422/186/295
f 399/118/389 429/117/389 496/187/389
f 399/118/390 496/187/390 498/188/390
f 392/101/295 497/103/295 496/187/295
f 389/78/370 498/188/370 497/103/370
f 399/118/391 498/188/391 459/169/391
f 389/78/297 449/189/297 498/188/297
f 377/46/392 459/169/392 449/189/392
f 376/44/370 457/173/370 428/174/370
f 397/96/295 499/190/295 457/173/295
f 398/109/295 428/174/295 499/190/295
f 398/109/295 499/190/295 501/191/295
f 397/96/295 500/98/295 499/190/295
f 388/100/295 501/191/295 500/98/295
f 398/109/295 501/191/295 458/110/295
f 388/100/295 448/192/295 501/191/295
f 371/7/295 458/110/295 448/192/295
f 375/42/295 455/177/295 426/178/295
f 395/91/295 502/193/295 455/177/295
f 396/106/295 426/178/295 502/193/295
f 396/106/295 502/193/295 504/194/295
f 395/91/295 503/93/295 502/193/295
f 387/95/295 504/194/295 503/93/295
f 396/106/295 504/194/295 456/107/295
f 387/95/295 447/195/295 504/194/295
f 370/19/295 456/107/295 447/195/295
f 374/52/393 453/181/393 424/196/393
f 393/86/394 505/197/394 453/181/394
f 394/58/395 424/196/395 505/197/395
f 394/58/396 505/197/396 507/198/396
f 393/86/397 506/88/397 505/197/397
f 385/90/398 507/198/398 506/88/398
f 394/58/399 507/198/399 454/199/399
f 385/90/400 445/200/400 507/198/400
f 369/59/297 454/199/297 445/200/297
f 373/36/401 451/185/401 422/186/401
f 391/81/402 508/201/402 451/185/402
f 392/101/295 422/186/295 508/201/295
f 392/101/295 508/201/295 510/202/295
f 391/81/295 509/83/295 508/201/295
f 381/85/295 510/202/295 509/83/295
f 392/101/295 510/202/295 452/102/295
f 381/85/295 441/203/295 510/202/295
f 368/29/295 452/102/295 441/203/295
f 377/46/403 449/189/403 420/170/403
f 389/78/404 511/204/404 449/189/404
f 390/112/297 420/170/297 511/204/297
f 390/112/295 511/204/295 513/205/295
f 389/78/295 512/80/295 511/204/295
f 382/62/295 513/205/295 512/80/295
f 390/112/295 513/205/295 450/113/295
f 382/62/295 442/206/295 513/205/295
f 372/26/295 450/113/295 442/206/295
f 372/26/295 413/207/295 418/99/295
f 383/15/295 514/208/295 413/207/295
f 388/100/295 418/99/295 514/208/295
f 388/100/295 514/208/295 516/209/295
f 383/15/295 515/75/295 514/208/295
f 386/14/295 516/209/295 515/75/295
f 388/100/295 516/209/295 448/192/295
f 386/14/295 446/210/295 516/209/295
f 371/7/295 448/192/295 446/210/295
f 371/7/295 446/211/295 417/94/295
f 386/4/295 517/212/295 446/211/295
f 387/95/295 417/94/295 517/212/295
f 387/95/295 517/212/295 519/213/295
f 386/4/295 518/71/295 517/212/295
f 384/12/295 519/213/295 518/71/295
f 387/95/295 519/213/295 447/195/295
f 384/12/295 444/214/295 519/213/295
f 370/19/295 447/195/295 444/214/295
f 370/19/295 444/215/295 415/89/295
f 384/10/295 520/216/295 444/215/295
f 385/90/295 415/89/295 520/216/295
f 385/90/295 520/216/295 522/217/295
f 384/10/295 521/67/295 520/216/295
f 379/9/295 522/217/295 521/67/295
f 385/90/295 522/217/295 445/200/295
f 379/9/295 439/218/295 522/217/295
f 369/59/295 445/200/295 439/218/295
f 372/26/295 442/206/295 413/219/295
f 382/62/295 523/220/295 442/206/295
f 383/60/295 413/219/295 523/220/295
f 383/60/295 523/220/295 525/221/295
f 382/62/295 524/64/295 523/220/295
f 380/57/295 525/221/295 524/64/295
f 383/60/295 525/221/295 443/222/295
f 380/57/295 440/223/295 525/221/295
f 367/224/295 443/222/295 440/223/295
f 369/16/295 439/225/295 411/84/295
f 379/3/295 526/226/295 439/225/295
f 381/85/295 411/84/295 526/226/295
f 381/85/295 526/226/295 528/227/295
f 379/3/295 527/228/295 526/226/295
f 380/2/295 528/227/295 527/228/295
f 381/85/295 528/227/295 441/203/295
f 380/2/295 410/229/295 528/227/295
f 368/29/295 441/203/295 410/229/295
f 380/2/295 527/228/295 440/230/295
f 379/3/295 409/231/295 527/228/295
f 367/232/295 440/230/295 409/231/295
f 527/228/295 409/231/295 440/230/295
f 524/64/295 412/63/295 410/65/295
f 521/67/295 414/66/295 409/69/295
f 518/71/295 416/70/295 414/73/295
f 515/75/295 443/74/295 416/77/295
f 512/80/295 419/79/295 412/63/295
f 509/83/295 421/82/295 411/84/295
f 506/88/297 423/87/297 415/89/297
f 503/93/295 425/92/295 417/94/295
f 500/98/295 427/97/295 418/99/295
f 497/103/295 452/102/295 419/79/295
f 494/105/405 454/104/405 421/82/405
f 491/108/295 456/107/295 423/87/295
f 488/111/295 458/110/295 425/92/295
f 485/114/295 450/113/295 427/97/295
f 482/116/406 434/115/406 429/117/406
f 479/120/407 436/119/407 430/121/407
f 476/124/408 437/123/408 431/125/408
f 473/128/409 438/127/409 432/129/409
f 470/132/410 465/131/410 433/133/410
f 468/137/411 435/136/411 469/138/411
f 471/139/412 469/138/412 470/132/412
f 438/140/413 471/139/413 463/141/413
f 467/144/414 468/143/414 472/145/414
f 474/146/415 472/145/415 473/128/415
f 437/147/416 474/146/416 462/148/416
f 466/151/417 467/150/417 475/152/417
f 477/153/418 475/152/418 476/124/418
f 436/154/419 477/153/419 461/155/419
f 464/158/420 466/157/420 478/159/420
f 480/160/421 478/159/421 479/120/421
f 434/161/422 480/160/422 460/162/422
f 435/165/423 464/164/423 481/166/423
f 483/167/424 481/166/424 482/116/424
f 465/168/425 483/167/425 459/169/425
f 433/133/426 420/170/426 484/171/426
f 486/172/427 484/171/427 485/114/427
f 463/141/428 486/172/428 457/173/428
f 432/129/295 428/174/295 487/175/295
f 489/176/295 487/175/295 488/111/295
f 462/148/295 489/176/295 455/177/295
f 431/125/429 426/178/429 490/179/429
f 492/180/430 490/179/430 491/108/430
f 461/155/431 492/180/431 453/181/431
f 430/121/432 424/182/432 493/183/432
f 495/184/433 493/183/433 494/105/433
f 460/162/434 495/184/434 451/185/434
f 429/117/435 422/186/435 496/187/435
f 498/188/297 496/187/297 497/103/297
f 459/169/436 498/188/436 449/189/436
f 428/174/295 457/173/295 499/190/295
f 501/191/295 499/190/295 500/98/295
f 458/110/295 501/191/295 448/192/295
f 426/178/295 455/177/295 502/193/295
f 504/194/295 502/193/295 503/93/295
f 456/107/295 504/194/295 447/195/295
f 424/196/437 453/181/437 505/197/437
f 507/198/438 505/197/438 506/88/438
f 454/199/439 507/198/439 445/200/439
f 422/186/440 451/185/440 508/201/440
f 510/202/295 508/201/295 509/83/295
f 452/102/295 510/202/295 441/203/295
f 420/170/297 449/189/297 511/204/297
f 513/205/295 511/204/295 512/80/295
f 450/113/295 513/205/295 442/206/295
f 418/99/295 413/207/295 514/208/295
f 516/209/295 514/208/295 515/75/295
f 448/192/295 516/209/295 446/210/295
f 417/94/295 446/211/295 517/212/295
f 519/213/295 517/212/295 518/71/295
f 447/195/295 519/213/295 444/214/295
f 415/89/295 444/215/295 520/216/295
f 522/217/295 520/216/295 521/67/295
f 445/200/295 522/217/295 439/218/295
f 413/219/295 442/206/295 523/220/295
f 525/221/295 523/220/295 524/64/295
f 443/222/295 525/221/295 440/223/295
f 411/84/295 439/225/295 526/226/295
f 528/227/295 526/226/295 527/228/295
f 441/203/295 528/227/295 410/229/295
f 544/62/441 574/63/441 686/64/441
f 530/29/442 572/65/442 574/63/442
f 542/57/441 686/64/441 572/65/441
f 546/10/441 576/66/441 683/67/441
f 529/68/441 571/69/441 576/66/441
f 541/9/441 683/67/441 571/69/441
f 548/4/441 578/70/441 680/71/441
f 529/72/441 576/73/441 578/70/441
f 546/12/441 680/71/441 576/73/441
f 545/15/441 605/74/441 677/75/441
f 529/76/441 578/77/441 605/74/441
f 548/14/441 677/75/441 578/77/441
f 551/78/443 581/79/443 674/80/443
f 530/29/444 574/63/444 581/79/444
f 544/62/445 674/80/445 574/63/445
f 553/81/446 583/82/446 671/83/446
f 531/16/441 573/84/441 583/82/441
f 543/85/447 671/83/447 573/84/447
f 555/86/441 585/87/441 668/88/441
f 532/19/441 577/89/441 585/87/441
f 547/90/441 668/88/441 577/89/441
f 557/91/441 587/92/441 665/93/441
f 533/7/441 579/94/441 587/92/441
f 549/95/441 665/93/441 579/94/441
f 559/96/441 589/97/441 662/98/441
f 534/26/441 580/99/441 589/97/441
f 550/100/441 662/98/441 580/99/441
f 554/101/448 614/102/448 659/103/448
f 530/29/449 581/79/449 614/102/449
f 551/78/450 659/103/450 581/79/450
f 556/32/451 616/104/451 656/105/451
f 531/16/441 583/82/441 616/104/441
f 553/81/452 656/105/452 583/82/452
f 558/106/441 618/107/441 653/108/441
f 532/19/441 585/87/441 618/107/441
f 555/86/441 653/108/441 585/87/441
f 560/109/441 620/110/441 650/111/441
f 533/7/441 587/92/441 620/110/441
f 557/91/441 650/111/441 587/92/441
f 552/112/453 612/113/453 647/114/453
f 534/26/441 589/97/441 612/113/441
f 559/96/451 647/114/451 589/97/451
f 566/38/454 596/115/454 644/116/454
f 535/36/455 591/117/455 596/115/455
f 561/118/456 644/116/456 591/117/456
f 568/41/457 598/119/457 641/120/457
f 536/39/458 592/121/458 598/119/458
f 562/122/459 641/120/459 592/121/459
f 569/22/460 599/123/460 638/124/460
f 537/42/461 593/125/461 599/123/461
f 563/126/462 638/124/462 593/125/462
f 570/25/463 600/127/463 635/128/463
f 538/44/464 594/129/464 600/127/464
f 564/130/465 635/128/465 594/129/465
f 567/48/466 627/131/466 632/132/466
f 539/46/467 595/133/467 627/131/467
f 565/134/468 632/132/468 595/133/468
f 540/135/469 597/136/469 630/137/469
f 567/48/470 631/138/470 597/136/470
f 570/49/471 630/137/471 631/138/471
f 570/49/472 631/138/472 633/139/472
f 567/48/473 632/132/473 631/138/473
f 565/134/474 633/139/474 632/132/474
f 570/49/475 633/139/475 600/140/475
f 565/134/476 625/141/476 633/139/476
f 538/44/477 600/140/477 625/141/477
f 540/142/478 630/143/478 629/144/478
f 570/25/479 634/145/479 630/143/479
f 569/51/480 629/144/480 634/145/480
f 569/51/481 634/145/481 636/146/481
f 570/25/482 635/128/482 634/145/482
f 564/130/483 636/146/483 635/128/483
f 569/51/484 636/146/484 599/147/484
f 564/130/485 624/148/485 636/146/485
f 537/42/486 599/147/486 624/148/486
f 540/149/487 629/150/487 628/151/487
f 569/22/488 637/152/488 629/150/488
f 568/23/489 628/151/489 637/152/489
f 568/23/490 637/152/490 639/153/490
f 569/22/491 638/124/491 637/152/491
f 563/126/492 639/153/492 638/124/492
f 568/23/493 639/153/493 598/154/493
f 563/126/494 623/155/494 639/153/494
f 536/52/495 598/154/495 623/155/495
f 540/156/496 628/157/496 626/158/496
f 568/41/497 640/159/497 628/157/497
f 566/53/498 626/158/498 640/159/498
f 566/53/499 640/159/499 642/160/499
f 568/41/500 641/120/500 640/159/500
f 562/122/501 642/160/501 641/120/501
f 566/53/502 642/160/502 596/161/502
f 562/122/503 622/162/503 642/160/503
f 535/36/504 596/161/504 622/162/504
f 540/163/505 626/164/505 597/165/505
f 566/38/506 643/166/506 626/164/506
f 567/55/507 597/165/507 643/166/507
f 567/55/508 643/166/508 645/167/508
f 566/38/509 644/116/509 643/166/509
f 561/118/510 645/167/510 644/116/510
f 567/55/511 645/167/511 627/168/511
f 561/118/512 621/169/512 645/167/512
f 539/46/513 627/168/513 621/169/513
f 539/46/514 582/170/514 595/133/514
f 552/112/515 646/171/515 582/170/515
f 565/134/516 595/133/516 646/171/516
f 565/134/517 646/171/517 648/172/517
f 552/112/518 647/114/518 646/171/518
f 559/96/519 648/172/519 647/114/519
f 565/134/520 648/172/520 625/141/520
f 559/96/521 619/173/521 648/172/521
f 538/44/522 625/141/522 619/173/522
f 538/44/451 590/174/451 594/129/451
f 560/109/441 649/175/441 590/174/441
f 564/130/441 594/129/441 649/175/441
f 564/130/441 649/175/441 651/176/441
f 560/109/441 650/111/441 649/175/441
f 557/91/441 651/176/441 650/111/441
f 564/130/523 651/176/523 624/148/523
f 557/91/441 617/177/441 651/176/441
f 537/42/441 624/148/441 617/177/441
f 537/42/441 588/178/441 593/125/441
f 558/106/441 652/179/441 588/178/441
f 563/126/441 593/125/441 652/179/441
f 563/126/441 652/179/441 654/180/441
f 558/106/441 653/108/441 652/179/441
f 555/86/441 654/180/441 653/108/441
f 563/126/524 654/180/524 623/155/524
f 555/86/441 615/181/441 654/180/441
f 536/52/451 623/155/451 615/181/451
f 536/39/525 586/182/525 592/121/525
f 556/32/451 655/183/451 586/182/451
f 562/122/526 592/121/526 655/183/526
f 562/122/527 655/183/527 657/184/527
f 556/32/451 656/105/451 655/183/451
f 553/81/528 657/184/528 656/105/528
f 562/122/529 657/184/529 622/162/529
f 553/81/530 613/185/530 657/184/530
f 535/36/531 622/162/531 613/185/531
f 535/36/532 584/186/532 591/117/532
f 554/101/533 658/187/533 584/186/533
f 561/118/534 591/117/534 658/187/534
f 561/118/535 658/187/535 660/188/535
f 554/101/536 659/103/536 658/187/536
f 551/78/537 660/188/537 659/103/537
f 561/118/538 660/188/538 621/169/538
f 551/78/539 611/189/539 660/188/539
f 539/46/540 621/169/540 611/189/540
f 538/44/451 619/173/451 590/174/451
f 559/96/441 661/190/441 619/173/441
f 560/109/441 590/174/441 661/190/441
f 560/109/441 661/190/441 663/191/441
f 559/96/441 662/98/441 661/190/441
f 550/100/441 663/191/441 662/98/441
f 560/109/441 663/191/441 620/110/441
f 550/100/441 610/192/441 663/191/441
f 533/7/441 620/110/441 610/192/441
f 537/42/441 617/177/441 588/178/441
f 557/91/441 664/193/441 617/177/441
f 558/106/441 588/178/441 664/193/441
f 558/106/441 664/193/441 666/194/441
f 557/91/441 665/93/441 664/193/441
f 549/95/441 666/194/441 665/93/441
f 558/106/441 666/194/441 618/107/441
f 549/95/441 609/195/441 666/194/441
f 532/19/441 618/107/441 609/195/441
f 536/52/441 615/181/441 586/196/441
f 555/86/441 667/197/441 615/181/441
f 556/58/441 586/196/441 667/197/441
f 556/58/441 667/197/441 669/198/441
f 555/86/441 668/88/441 667/197/441
f 547/90/441 669/198/441 668/88/441
f 556/58/441 669/198/441 616/199/441
f 547/90/441 607/200/441 669/198/441
f 531/59/441 616/199/441 607/200/441
f 535/36/541 613/185/541 584/186/541
f 553/81/542 670/201/542 613/185/542
f 554/101/543 584/186/543 670/201/543
f 554/101/544 670/201/544 672/202/544
f 553/81/545 671/83/545 670/201/545
f 543/85/546 672/202/546 671/83/546
f 554/101/547 672/202/547 614/102/547
f 543/85/451 603/203/451 672/202/451
f 530/29/548 614/102/548 603/203/548
f 539/46/549 611/189/549 582/170/549
f 551/78/550 673/204/550 611/189/550
f 552/112/551 582/170/551 673/204/551
f 552/112/552 673/204/552 675/205/552
f 551/78/553 674/80/553 673/204/553
f 544/62/554 675/205/554 674/80/554
f 552/112/555 675/205/555 612/113/555
f 544/62/524 604/206/524 675/205/524
f 534/26/441 612/113/441 604/206/441
f 534/26/441 575/207/441 580/99/441
f 545/15/441 676/208/441 575/207/441
f 550/100/441 580/99/441 676/208/441
f 550/100/441 676/208/441 678/209/441
f 545/15/441 677/75/441 676/208/441
f 548/14/441 678/209/441 677/75/441
f 550/100/441 678/209/441 610/192/441
f 548/14/441 608/210/441 678/209/441
f 533/7/441 610/192/441 608/210/441
f 533/7/441 608/211/441 579/94/441
f 548/4/441 679/212/441 608/211/441
f 549/95/441 579/94/441 679/212/441
f 549/95/441 679/212/441 681/213/441
f 548/4/441 680/71/441 679/212/441
f 546/12/441 681/213/441 680/71/441
f 549/95/441 681/213/441 609/195/441
f 546/12/441 606/214/441 681/213/441
f 532/19/441 609/195/441 606/214/441
f 532/19/441 606/215/441 577/89/441
f 546/10/441 682/216/441 606/215/441
f 547/90/441 577/89/441 682/216/441
f 547/90/441 682/216/441 684/217/441
f 546/10/441 683/67/441 682/216/441
f 541/9/441 684/217/441 683/67/441
f 547/90/441 684/217/441 607/200/441
f 541/9/441 601/218/441 684/217/441
f 531/59/441 607/200/441 601/218/441
f 534/26/441 604/206/441 575/219/441
f 544/62/441 685/220/441 604/206/441
f 545/60/441 575/219/441 685/220/441
f 545/60/441 685/220/441 687/221/441
f 544/62/441 686/64/441 685/220/441
f 542/57/441 687/221/441 686/64/441
f 545/60/441 687/221/441 605/222/441
f 542/57/441 602/223/441 687/221/441
f 529/224/441 605/222/441 602/223/441
f 531/16/441 601/225/441 573/84/441
f 541/3/441 688/226/441 601/225/441
f 543/85/441 573/84/441 688/226/441
f 543/85/441 688/226/441 690/227/441
f 541/3/441 689/228/441 688/226/441
f 542/2/441 690/227/441 689/228/441
f 543/85/441 690/227/441 603/203/441
f 542/2/441 572/229/441 690/227/441
f 530/29/556 603/203/556 572/229/556
f 542/2/441 689/228/441 602/230/441
f 541/3/441 571/231/441 689/228/441
f 529/232/441 602/230/441 571/231/441
f 689/228/441 571/231/441 602/230/441
f 686/64/441 574/63/441 572/65/441
f 683/67/441 576/66/441 571/69/441
f 680/71/441 578/70/441 576/73/441
f 677/75/441 605/74/441 578/77/441
f 674/80/557 581/79/557 574/63/557
f 671/83/447 583/82/447 573/84/447
f 668/88/441 585/87/441 577/89/441
f 665/93/441 587/92/441 579/94/441
f 662/98/441 589/97/441 580/99/441
f 659/103/558 614/102/558 581/79/558
f 656/105/451 616/104/451 583/82/451
f 653/108/441 618/107/441 585/87/441
f 650/111/441 620/110/441 587/92/441
f 647/114/451 612/113/451 589/97/451
f 644/116/559 596/115/559 591/117/559
f 641/120/560 598/119/560 592/121/560
f 638/124/561 599/123/561 593/125/561
f 635/128/562 600/127/562 594/129/562
f 632/132/563 627/131/563 595/133/563
f 630/137/564 597/136/564 631/138/564
f 633/139/565 631/138/565 632/132/565
f 600/140/566 633/139/566 625/141/566
f 629/144/567 630/143/567 634/145/567
f 636/146/568 634/145/568 635/128/568
f 599/147/569 636/146/569 624/148/569
f 628/151/570 629/150/570 637/152/570
f 639/153/571 637/152/571 638/124/571
f 598/154/572 639/153/572 623/155/572
f 626/158/573 628/157/573 640/159/573
f 642/160/574 640/159/574 641/120/574
f 596/161/575 642/160/575 622/162/575
f 597/165/576 626/164/576 643/166/576
f 645/167/577 643/166/577 644/116/577
f 627/168/578 645/167/578 621/169/578
f 595/133/579 582/170/579 646/171/579
f 648/172/580 646/171/580 647/114/580
f 625/141/581 648/172/581 619/173/581
f 594/129/441 590/174/441 649/175/441
f 651/176/441 649/175/441 650/111/441
f 624/148/441 651/176/441 617/177/441
f 593/125/441 588/178/441 652/179/441
f 654/180/441 652/179/441 653/108/441
f 623/155/582 654/180/582 615/181/582
f 592/121/583 586/182/583 655/183/583
f 657/184/584 655/183/584 656/105/584
f 622/162/585 657/184/585 613/185/585
f 591/117/586 584/186/586 658/187/586
f 660/188/587 658/187/587 659/103/587
f 621/169/588 660/188/588 611/189/588
f 590/174/441 619/173/441 661/190/441
f 663/191/441 661/190/441 662/98/441
f 620/110/441 663/191/441 610/192/441
f 588/178/441 617/177/441 664/193/441
f 666/194/441 664/193/441 665/93/441
f 618/107/441 666/194/441 609/195/441
f 586/196/441 615/181/441 667/197/441
f 669/198/441 667/197/441 668/88/441
f 616/199/441 669/198/441 607/200/441
f 584/186/589 613/185/589 670/201/589
f 672/202/590 670/201/590 671/83/590
f 614/102/591 672/202/591 603/203/591
f 582/170/592 611/189/592 673/204/592
f 675/205/593 673/204/593 674/80/593
f 612/113/524 675/205/524 604/206/524
f 580/99/441 575/207/441 676/208/441
f 678/209/441 676/208/441 677/75/441
f 610/192/441 678/209/441 608/210/441
f 579/94/441 608/211/441 679/212/441
f 681/213/441 679/212/441 680/71/441
f 609/195/441 681/213/441 606/214/441
f 577/89/441 606/215/441 682/216/441
f 684/217/441 682/216/441 683/67/441
f 607/200/441 684/217/441 601/218/441
f 575/219/441 604/206/441 685/220/441
f 687/221/441 685/220/441 686/64/441
f 605/222/441 687/221/441 602/223/441
f 573/84/441 601/225/441 688/226/441
f 690/227/441 688/226/441 689/228/441
f 603/203/441 690/227/441 572/229/441
f 691/1/1 704/2/1 703/3/1
f 710/4/1 711/5/1 719/6/1 695/7/1
f 691/8/1 703/9/1 708/10/1
f 691/11/1 708/12/1 710/4/1
f 691/13/1 710/14/1 707/15/1
f 693/16/1 705/17/1 715/18/1
f 694/19/1 709/20/1 717/21/1
f 731/22/594 730/23/594 702/24/594 732/25/594
f 696/26/595 712/27/595 721/28/595
f 692/29/596 713/30/596 716/31/596
f 693/16/1 715/18/1 718/32/1
f 694/19/1 717/21/1 720/33/1
f 695/7/1 719/6/1 722/34/1
f 696/26/597 721/28/597 714/35/597
f 697/36/598 723/37/598 728/38/598
f 698/39/1 724/40/1 730/41/1
f 699/42/1 725/43/1 731/22/1
f 700/44/599 726/45/599 732/25/599
f 701/46/600 727/47/600 729/48/600
f 729/48/601 727/47/601 732/49/601
f 727/47/602 700/44/602 732/49/602
f 728/38/603 729/48/603 732/49/603 702/50/603
f 732/25/604 726/45/604 731/51/604
f 726/45/13 699/42/13 731/51/13
f 731/22/1 725/43/1 730/23/1
f 725/43/1 698/52/1 730/23/1
f 730/41/605 728/53/605 702/54/605
f 730/41/606 724/40/606 728/53/606
f 724/40/607 697/36/607 728/53/607
f 728/38/608 723/37/608 729/55/608
f 723/37/609 701/46/609 729/55/609
f 714/35/610 727/47/610 701/46/610
f 714/35/611 721/28/611 727/47/611
f 721/28/612 700/44/612 727/47/612
f 722/34/1 726/45/1 700/44/1
f 722/34/1 719/6/1 726/45/1
f 719/6/1 699/42/1 726/45/1
f 720/33/1 725/43/1 699/42/1
f 720/33/1 717/21/1 725/43/1
f 717/21/1 698/52/1 725/43/1
f 718/32/1 724/40/1 698/39/1
f 718/32/1 715/18/1 724/40/1
f 715/18/613 697/36/613 724/40/613
f 716/31/614 723/37/614 697/36/614
f 716/31/615 713/30/615 723/37/615
f 713/30/616 701/46/616 723/37/616
f 721/28/617 722/34/617 700/44/617
f 721/28/618 712/27/618 722/34/618
f 712/27/1 695/7/1 722/34/1
f 719/6/1 720/33/1 699/42/1
f 706/56/619 713/30/619 692/29/619 704/57/619
f 717/21/1 718/58/1 698/52/1
f 717/21/1 709/20/1 718/58/1
f 709/20/1 693/59/1 718/58/1
f 715/18/620 716/31/620 697/36/620
f 715/18/621 705/17/621 716/31/621
f 705/17/622 692/29/622 716/31/622
f 713/30/623 714/35/623 701/46/623
f 713/30/624 706/56/624 714/35/624
f 711/5/1 694/19/1 720/33/1 719/6/1
f 707/15/625 712/27/625 696/26/625
f 707/15/1 710/14/1 712/27/1
f 710/14/1 695/7/1 712/27/1
f 710/4/1 708/12/1 711/5/1
f 708/12/1 694/19/1 711/5/1
f 708/10/1 709/20/1 694/19/1
f 708/10/1 703/9/1 709/20/1
f 703/9/1 693/59/1 709/20/1
f 706/56/626 704/57/626 707/60/626
f 704/57/1 691/61/1 707/60/1
f 703/3/1 705/17/1 693/16/1
f 703/3/1 704/2/1 705/17/1
f 704/2/627 692/29/627 705/17/627
f 706/56/628 707/60/628 696/26/628 714/35/628
f 733/1/1 746/2/1 745/3/1
f 752/4/1 753/5/1 761/6/1 737/7/1
f 733/8/1 745/9/1 750/10/1
f 733/11/1 750/12/1 752/4/1
f 733/13/1 752/14/1 749/15/1
f 735/16/1 747/17/1 757/18/1
f 736/19/1 751/20/1 759/21/1
f 773/22/629 772/23/629 744/24/629 774/25/629
f 738/26/630 754/27/630 763/28/630
f 734/29/631 755/30/631 758/31/631
f 735/16/1 757/18/1 760/32/1
f 736/19/1 759/21/1 762/33/1
f 737/7/1 761/6/1 764/34/1
f 738/26/632 763/28/632 756/35/632
f 739/36/633 765/37/633 770/38/633
f 740/39/1 766/40/1 772/41/1
f 741/42/1 767/43/1 773/22/1
f 742/44/634 768/45/634 774/25/634
f 743/46/635 769/47/635 771/48/635
f 771/48/636 769/47/636 774/49/636
f 769/47/637 742/44/637 774/49/637
f 770/38/638 771/48/638 774/49/638 744/50/638
f 774/25/639 768/45/639 773/51/639
f 768/45/13 741/42/13 773/51/13
f 773/22/1 767/43/1 772/23/1
f 767/43/1 740/52/1 772/23/1
f 772/41/640 770/53/640 744/54/640
f 772/41/641 766/40/641 770/53/641
f 766/40/642 739/36/642 770/53/642
f 770/38/643 765/37/643 771/55/643
f 765/37/644 743/46/644 771/55/644
f 756/35/645 769/47/645 743/46/645
f 756/35/646 763/28/646 769/47/646
f 763/28/647 742/44/647 769/47/647
f 764/34/1 768/45/1 742/44/1
f 764/34/1 761/6/1 768/45/1
f 761/6/1 741/42/1 768/45/1
f 762/33/1 767/43/1 741/42/1
f 762/33/1 759/21/1 767/43/1
f 759/21/1 740/52/1 767/43/1
f 760/32/1 766/40/1 740/39/1
f 760/32/1 757/18/1 766/40/1
f 757/18/648 739/36/648 766/40/648
f 758/31/649 765/37/649 739/36/649
f 758/31/650 755/30/650 765/37/650
f 755/30/651 743/46/651 765/37/651
f 763/28/652 764/34/652 742/44/652
f 763/28/653 754/27/653 764/34/653
f 754/27/1 737/7/1 764/34/1
f 761/6/1 762/33/1 741/42/1
f 748/56/654 755/30/654 734/29/654 746/57/654
f 759/21/1 760/58/1 740/52/1
f 759/21/1 751/20/1 760/58/1
f 751/20/1 735/59/1 760/58/1
f 757/18/655 758/31/655 739/36/655
f 757/18/656 747/17/656 758/31/656
f 747/17/657 734/29/657 758/31/657
f 755/30/658 756/35/658 743/46/658
f 755/30/659 748/56/659 756/35/659
f 753/5/1 736/19/1 762/33/1 761/6/1
f 749/15/660 754/27/660 738/26/660
f 749/15/1 752/14/1 754/27/1
f 752/14/1 737/7/1 754/27/1
f 752/4/1 750/12/1 753/5/1
f 750/12/1 736/19/1 753/5/1
f 750/10/1 751/20/1 736/19/1
f 750/10/1 745/9/1 751/20/1
f 745/9/1 735/59/1 751/20/1
f 748/56/661 746/57/661 749/60/661
f 746/57/1 733/61/1 749/60/1
f 745/3/1 747/17/1 735/16/1
f 745/3/1 746/2/1 747/17/1
f 746/2/662 734/29/662 747/17/662
f 748/56/663 749/60/663 738/26/663 756/35/663
f 775/1/1 788/2/1 787/3/1
f 794/4/1 795/5/1 803/6/1 779/7/1
f 775/8/1 787/9/1 792/10/1
f 775/11/1 792/12/1 794/4/1
f 775/13/1 794/14/1 791/15/1
f 777/16/1 789/17/1 799/18/1
f 778/19/1 793/20/1 801/21/1
f 815/22/629 814/23/629 786/24/629 816/25/629
f 780/26/664 796/27/664 805/28/664
f 776/29/631 797/30/631 800/31/631
f 777/16/1 799/18/1 802/32/1
f 778/19/1 801/21/1 804/33/1
f 779/7/1 803/6/1 806/34/1
f 780/26/665 805/28/665 798/35/665
f 781/36/633 807/37/633 812/38/633
f 782/39/1 808/40/1 814/41/1
f 783/42/1 809/43/1 815/22/1
f 784/44/634 810/45/634 816/25/634
f 785/46/635 811/47/635 813/48/635
f 813/48/636 811/47/636 816/49/636
f 811/47/666 784/44/666 816/49/666
f 812/38/638 813/48/638 816/49/638 786/50/638
f 816/25/639 810/45/639 815/51/639
f 810/45/13 783/42/13 815/51/13
f 815/22/1 809/43/1 814/23/1
f 809/43/1 782/52/1 814/23/1
f 814/41/640 812/53/640 786/54/640
f 814/41/641 808/40/641 812/53/641
f 808/40/642 781/36/642 812/53/642
f 812/38/643 807/37/643 813/55/643
f 807/37/644 785/46/644 813/55/644
f 798/35/645 811/47/645 785/46/645
f 798/35/646 805/28/646 811/47/646
f 805/28/647 784/44/647 811/47/647
f 806/34/1 810/45/1 784/44/1
f 806/34/1 803/6/1 810/45/1
f 803/6/1 783/42/1 810/45/1
f 804/33/1 809/43/1 783/42/1
f 804/33/1 801/21/1 809/43/1
f 801/21/1 782/52/1 809/43/1
f 802/32/1 808/40/1 782/39/1
f 802/32/1 799/18/1 808/40/1
f 799/18/648 781/36/648 808/40/648
f 800/31/649 807/37/649 781/36/649
f 800/31/650 797/30/650 807/37/650
f 797/30/651 785/46/651 807/37/651
f 805/28/667 806/34/667 784/44/667
f 805/28/668 796/27/668 806/34/668
f 796/27/1 779/7/1 806/34/1
f 803/6/1 804/33/1 783/42/1
f 790/56/669 797/30/669 776/29/669 788/57/669
f 801/21/1 802/58/1 782/52/1
f 801/21/1 793/20/1 802/58/1
f 793/20/1 777/59/1 802/58/1
f 799/18/670 800/31/670 781/36/670
f 799/18/656 789/17/656 800/31/656
f 789/17/657 776/29/657 800/31/657
f 797/30/658 798/35/658 785/46/658
f 797/30/659 790/56/659 798/35/659
f 795/5/1 778/19/1 804/33/1 803/6/1
f 791/15/660 796/27/660 780/26/660
f 791/15/1 794/14/1 796/27/1
f 794/14/1 779/7/1 796/27/1
f 794/4/1 792/12/1 795/5/1
f 792/12/1 778/19/1 795/5/1
f 792/10/1 793/20/1 778/19/1
f 792/10/1 787/9/1 793/20/1
f 787/9/1 777/59/1 793/20/1
f 790/56/661 788/57/661 791/60/661
f 788/57/1 775/61/1 791/60/1
f 787/3/1 789/17/1 777/16/1
f 787/3/1 788/2/1 789/17/1
f 788/2/662 776/29/662 789/17/662
f 790/56/663 791/60/663 780/26/663 798/35/663
f 817/1/1 830/2/1 829/3/1
f 836/4/1 837/5/1 845/6/1 821/7/1
f 817/8/1 829/9/1 834/10/1
f 817/11/1 834/12/1 836/4/1
f 817/13/1 836/14/1 833/15/1
f 819/16/1 831/17/1 841/18/1
f 820/19/1 835/20/1 843/21/1
f 857/22/671 856/23/671 828/24/671 858/25/671
f 822/26/672 838/27/672 847/28/672
f 818/29/673 839/30/673 842/31/673
f 819/16/1 841/18/1 844/32/1
f 820/19/1 843/21/1 846/33/1
f 821/7/1 845/6/1 848/34/1
f 822/26/674 847/28/674 840/35/674
f 823/36/675 849/37/675 854/38/675
f 824/39/1 850/40/1 856/41/1
f 825/42/1 851/43/1 857/22/1
f 826/44/676 852/45/676 858/25/676
f 827/46/677 853/47/677 855/48/677
f 855/48/678 853/47/678 858/49/678
f 853/47/679 826/44/679 858/49/679
f 854/38/680 855/48/680 858/49/680 828/50/680
f 858/25/681 852/45/681 857/51/681
f 852/45/13 825/42/13 857/51/13
f 857/22/682 851/43/682 856/23/682
f 851/43/1 824/52/1 856/23/1
f 856/41/683 854/53/683 828/54/683
f 856/41/684 850/40/684 854/53/684
f 850/40/685 823/36/685 854/53/685
f 854/38/686 849/37/686 855/55/686
f 849/37/687 827/46/687 855/55/687
f 840/35/688 853/47/688 827/46/688
f 840/35/689 847/28/689 853/47/689
f 847/28/690 826/44/690 853/47/690
f 848/34/1 852/45/1 826/44/1
f 848/34/1 845/6/1 852/45/1
f 845/6/1 825/42/1 852/45/1
f 846/33/1 851/43/1 825/42/1
f 846/33/1 843/21/1 851/43/1
f 843/21/1 824/52/1 851/43/1
f 844/32/1 850/40/1 824/39/1
f 844/32/1 841/18/1 850/40/1
f 841/18/691 823/36/691 850/40/691
f 842/31/692 849/37/692 823/36/692
f 842/31/693 839/30/693 849/37/693
f 839/30/694 827/46/694 849/37/694
f 847/28/695 848/34/695 826/44/695
f 847/28/696 838/27/696 848/34/696
f 838/27/1 821/7/1 848/34/1
f 845/6/1 846/33/1 825/42/1
f 832/56/697 839/30/697 818/29/697 830/57/697
f 843/21/1 844/58/1 824/52/1
f 843/21/1 835/20/1 844/58/1
f 835/20/1 819/59/1 844/58/1
f 841/18/698 842/31/698 823/36/698
f 841/18/699 831/17/699 842/31/699
f 831/17/700 818/29/700 842/31/700
f 839/30/701 840/35/701 827/46/701
f 839/30/702 832/56/702 840/35/702
f 837/5/1 820/19/1 846/33/1 845/6/1
f 833/15/703 838/27/703 822/26/703
f 833/15/1 836/14/1 838/27/1
f 836/14/1 821/7/1 838/27/1
f 836/4/1 834/12/1 837/5/1
f 834/12/1 820/19/1 837/5/1
f 834/10/1 835/20/1 820/19/1
f 834/10/1 829/9/1 835/20/1
f 829/9/1 819/59/1 835/20/1
f 832/56/704 830/57/704 833/60/704
f 830/57/1 817/61/1 833/60/1
f 829/3/1 831/17/1 819/16/1
f 829/3/1 830/2/1 831/17/1
f 830/2/705 818/29/705 831/17/705
f 832/56/706 833/60/706 822/26/706 840/35/706
f 859/1/1 872/2/1 871/3/1
f 878/4/1 879/5/1 887/6/1 863/7/1
f 859/8/1 871/9/1 876/10/1
f 859/11/1 876/12/1 878/4/1
f 859/13/1 878/14/1 875/15/1
f 861/16/1 873/17/1 883/18/1
f 862/19/1 877/20/1 885/21/1
f 899/22/671 898/23/671 870/24/671 900/25/671
f 864/26/672 880/27/672 889/28/672
f 860/29/673 881/30/673 884/31/673
f 861/16/1 883/18/1 886/32/1
f 862/19/1 885/21/1 888/33/1
f 863/7/1 887/6/1 890/34/1
f 864/26/674 889/28/674 882/35/674
f 865/36/675 891/37/675 896/38/675
f 866/39/1 892/40/1 898/41/1
f 867/42/1 893/43/1 899/22/1
f 868/44/707 894/45/707 900/25/707
f 869/46/677 895/47/677 897/48/677
f 897/48/708 895/47/708 900/49/708
f 895/47/679 868/44/679 900/49/679
f 896/38/709 897/48/709 900/49/709 870/50/709
f 900/25/710 894/45/710 899/51/710
f 894/45/13 867/42/13 899/51/13
f 899/22/1 893/43/1 898/23/1
f 893/43/1 866/52/1 898/23/1
f 898/41/711 896/53/711 870/54/711
f 898/41/684 892/40/684 896/53/684
f 892/40/685 865/36/685 896/53/685
f 896/38/686 891/37/686 897/55/686
f 891/37/687 869/46/687 897/55/687
f 882/35/688 895/47/688 869/46/688
f 882/35/689 889/28/689 895/47/689
f 889/28/690 868/44/690 895/47/690
f 890/34/1 894/45/1 868/44/1
f 890/34/1 887/6/1 894/45/1
f 887/6/1 867/42/1 894/45/1
f 888/33/1 893/43/1 867/42/1
f 888/33/1 885/21/1 893/43/1
f 885/21/1 866/52/1 893/43/1
f 886/32/1 892/40/1 866/39/1
f 886/32/1 883/18/1 892/40/1
f 883/18/691 865/36/691 892/40/691
f 884/31/712 891/37/712 865/36/712
f 884/31/693 881/30/693 891/37/693
f 881/30/694 869/46/694 891/37/694
f 889/28/695 890/34/695 868/44/695
f 889/28/696 880/27/696 890/34/696
f 880/27/1 863/7/1 890/34/1
f 887/6/1 888/33/1 867/42/1
f 874/56/697 881/30/697 860/29/697 872/57/697
f 885/21/1 886/58/1 866/52/1
f 885/21/1 877/20/1 886/58/1
f 877/20/1 861/59/1 886/58/1
f 883/18/713 884/31/713 865/36/713
f 883/18/699 873/17/699 884/31/699
f 873/17/714 860/29/714 884/31/714
f 881/30/701 882/35/701 869/46/701
f 881/30/702 874/56/702 882/35/702
f 879/5/1 862/19/1 888/33/1 887/6/1
f 875/15/703 880/27/703 864/26/703
f 875/15/1 878/14/1 880/27/1
f 878/14/1 863/7/1 880/27/1
f 878/4/1 876/12/1 879/5/1
f 876/12/1 862/19/1 879/5/1
f 876/10/1 877/20/1 862/19/1
f 876/10/1 871/9/1 877/20/1
f 871/9/1 861/59/1 877/20/1
f 874/56/704 872/57/704 875/60/704
f 872/57/1 859/61/1 875/60/1
f 871/3/1 873/17/1 861/16/1
f 871/3/1 872/2/1 873/17/1
f 872/2/705 860/29/705 873/17/705
f 874/56/706 875/60/706 864/26/706 882/35/706
f 901/1/1 914/2/1 913/3/1
f 920/4/1 921/5/1 929/6/1 905/7/1
f 901/8/1 913/9/1 918/10/1
f 901/11/1 918/12/1 920/4/1
f 901/13/1 920/14/1 917/15/1
f 903/16/1 915/17/1 925/18/1
f 904/19/1 919/20/1 927/21/1
f 941/22/671 940/23/671 912/24/671 942/25/671
f 906/26/715 922/27/715 931/28/715
f 902/29/673 923/30/673 926/31/673
f 903/16/1 925/18/1 928/32/1
f 904/19/1 927/21/1 930/33/1
f 905/7/1 929/6/1 932/34/1
f 906/26/674 931/28/674 924/35/674
f 907/36/675 933/37/675 938/38/675
f 908/39/1 934/40/1 940/41/1
f 909/42/1 935/43/1 941/22/1
f 910/44/707 936/45/707 942/25/707
f 911/46/677 937/47/677 939/48/677
f 939/48/708 937/47/708 942/49/708
f 937/47/679 910/44/679 942/49/679
f 938/38/716 939/48/716 942/49/716 912/50/716
f 942/25/710 936/45/710 941/51/710
f 936/45/13 909/42/13 941/51/13
f 941/22/1 935/43/1 940/23/1
f 935/43/1 908/52/1 940/23/1
f 940/41/683 938/53/683 912/54/683
f 940/41/684 934/40/684 938/53/684
f 934/40/685 907/36/685 938/53/685
f 938/38/717 933/37/717 939/55/717
f 933/37/687 911/46/687 939/55/687
f 924/35/688 937/47/688 911/46/688
f 924/35/689 931/28/689 937/47/689
f 931/28/718 910/44/718 937/47/718
f 932/34/1 936/45/1 910/44/1
f 932/34/1 929/6/1 936/45/1
f 929/6/1 909/42/1 936/45/1
f 930/33/1 935/43/1 909/42/1
f 930/33/1 927/21/1 935/43/1
f 927/21/1 908/52/1 935/43/1
f 928/32/1 934/40/1 908/39/1
f 928/32/1 925/18/1 934/40/1
f 925/18/691 907/36/691 934/40/691
f 926/31/712 933/37/712 907/36/712
f 926/31/693 923/30/693 933/37/693
f 923/30/694 911/46/694 933/37/694
f 931/28/695 932/34/695 910/44/695
f 931/28/696 922/27/696 932/34/696
f 922/27/1 905/7/1 932/34/1
f 929/6/1 930/33/1 909/42/1
f 916/56/697 923/30/697 902/29/697 914/57/697
f 927/21/1 928/58/1 908/52/1
f 927/21/1 919/20/1 928/58/1
f 919/20/1 903/59/1 928/58/1
f 925/18/719 926/31/719 907/36/719
f 925/18/699 915/17/699 926/31/699
f 915/17/714 902/29/714 926/31/714
f 923/30/701 924/35/701 911/46/701
f 923/30/702 916/56/702 924/35/702
f 921/5/1 904/19/1 930/33/1 929/6/1
f 917/15/703 922/27/703 906/26/703
f 917/15/1 920/14/1 922/27/1
f 920/14/1 905/7/1 922/27/1
f 920/4/1 918/12/1 921/5/1
f 918/12/1 904/19/1 921/5/1
f 918/10/1 919/20/1 904/19/1
f 918/10/1 913/9/1 919/20/1
f 913/9/1 903/59/1 919/20/1
f 916/56/704 914/57/704 917/60/704
f 914/57/1 901/61/1 917/60/1
f 913/3/1 915/17/1 903/16/1
f 913/3/1 914/2/1 915/17/1
f 914/2/705 902/29/705 915/17/705
f 916/56/706 917/60/706 906/26/706 924/35/706
f 943/1/1 956/2/1 955/3/1
f 962/4/1 963/5/1 971/6/1 947/7/1
f 943/8/1 955/9/1 960/10/1
f 943/11/1 960/12/1 962/4/1
f 943/13/1 962/14/1 959/15/1
f 945/16/1 957/17/1 967/18/1
f 946/19/1 961/20/1 969/21/1
f 983/22/671 982/23/671 954/24/671 984/25/671
f 948/26/715 964/27/715 973/28/715
f 944/29/673 965/30/673 968/31/673
f 945/16/1 967/18/1 970/32/1
f 946/19/1 969/21/1 972/33/1
f 947/7/1 971/6/1 974/34/1
f 948/26/720 973/28/720 966/35/720
f 949/36/675 975/37/675 980/38/675
f 950/39/1 976/40/1 982/41/1
f 951/42/1 977/43/1 983/22/1
f 952/44/707 978/45/707 984/25/707
f 953/46/677 979/47/677 981/48/677
f 981/48/708 979/47/708 984/49/708
f 979/47/679 952/44/679 984/49/679
f 980/38/709 981/48/709 984/49/709 954/50/709
f 984/25/710 978/45/710 983/51/710
f 978/45/13 951/42/13 983/51/13
f 983/22/1 977/43/1 982/23/1
f 977/43/1 950/52/1 982/23/1
f 982/41/711 980/53/711 954/54/711
f 982/41/721 976/40/721 980/53/721
f 976/40/685 949/36/685 980/53/685
f 980/38/686 975/37/686 981/55/686
f 975/37/687 953/46/687 981/55/687
f 966/35/688 979/47/688 953/46/688
f 966/35/689 973/28/689 979/47/689
f 973/28/690 952/44/690 979/47/690
f 974/34/1 978/45/1 952/44/1
f 974/34/1 971/6/1 978/45/1
f 971/6/1 951/42/1 978/45/1
f 972/33/1 977/43/1 951/42/1
f 972/33/1 969/21/1 977/43/1
f 969/21/1 950/52/1 977/43/1
f 970/32/1 976/40/1 950/39/1
f 970/32/1 967/18/1 976/40/1
f 967/18/691 949/36/691 976/40/691
f 968/31/712 975/37/712 949/36/712
f 968/31/693 965/30/693 975/37/693
f 965/30/694 953/46/694 975/37/694
f 973/28/695 974/34/695 952/44/695
f 973/28/722 964/27/722 974/34/722
f 964/27/1 947/7/1 974/34/1
f 971/6/1 972/33/1 951/42/1
f 958/56/697 965/30/697 944/29/697 956/57/697
f 969/21/1 970/58/1 950/52/1
f 969/21/1 961/20/1 970/58/1
f 961/20/1 945/59/1 970/58/1
f 967/18/713 968/31/713 949/36/713
f 967/18/699 957/17/699 968/31/699
f 957/17/714 944/29/714 968/31/714
f 965/30/701 966/35/701 953/46/701
f 965/30/702 958/56/702 966/35/702
f 963/5/1 946/19/1 972/33/1 971/6/1
f 959/15/703 964/27/703 948/26/703
f 959/15/1 962/14/1 964/27/1
f 962/14/1 947/7/1 964/27/1
f 962/4/1 960/12/1 963/5/1
f 960/12/1 946/19/1 963/5/1
f 960/10/1 961/20/1 946/19/1
f 960/10/1 955/9/1 961/20/1
f 955/9/1 945/59/1 961/20/1
f 958/56/704 956/57/704 959/60/704
f 956/57/1 943/61/1 959/60/1
f 955/3/1 957/17/1 945/16/1
f 955/3/1 956/2/1 957/17/1
f 956/2/705 944/29/705 957/17/705
f 958/56/706 959/60/706 948/26/706 966/35/706
f 985/1/1 998/2/1 997/3/1
f 1004/4/1 1005/5/1 1013/6/1 989/7/1
f 985/8/1 997/9/1 1002/10/1
f 985/11/1 1002/12/1 1004/4/1
f 985/13/1 1004/14/1 1001/15/1
f 987/16/1 999/17/1 1009/18/1
f 988/19/1 1003/20/1 1011/21/1
f 1025/22/671 1024/23/671 996/24/671 1026/25/671
f 990/26/715 1006/27/715 1015/28/715
f 986/29/673 1007/30/673 1010/31/673
f 987/16/1 1009/18/1 1012/32/1
f 988/19/1 1011/21/1 1014/33/1
f 989/7/1 1013/6/1 1016/34/1
f 990/26/674 1015/28/674 1008/35/674
f 991/36/675 1017/37/675 1022/38/675
f 992/39/1 1018/40/1 1024/41/1
f 993/42/1 1019/43/1 1025/22/1
f 994/44/723 1020/45/723 1026/25/723
f 995/46/677 1021/47/677 1023/48/677
f 1023/48/678 1021/47/678 1026/49/678
f 1021/47/679 994/44/679 1026/49/679
f 1022/38/709 1023/48/709 1026/49/709 996/50/709
f 1026/25/710 1020/45/710 1025/51/710
f 1020/45/13 993/42/13 1025/51/13
f 1025/22/1 1019/43/1 1024/23/1
f 1019/43/1 992/52/1 1024/23/1
f 1024/41/711 1022/53/711 996/54/711
f 1024/41/684 1018/40/684 1022/53/684
f 1018/40/685 991/36/685 1022/53/685
f 1022/38/686 1017/37/686 1023/55/686
f 1017/37/687 995/46/687 1023/55/687
f 1008/35/688 1021/47/688 995/46/688
f 1008/35/689 1015/28/689 1021/47/689
f 1015/28/718 994/44/718 1021/47/718
f 1016/34/1 1020/45/1 994/44/1
f 1016/34/1 1013/6/1 1020/45/1
f 1013/6/1 993/42/1 1020/45/1
f 1014/33/1 1019/43/1 993/42/1
f 1014/33/1 1011/21/1 1019/43/1
f 1011/21/1 992/52/1 1019/43/1
f 1012/32/1 1018/40/1 992/39/1
f 1012/32/1 1009/18/1 1018/40/1
f 1009/18/691 991/36/691 1018/40/691
f 1010/31/692 1017/37/692 991/36/692
f 1010/31/693 1007/30/693 1017/37/693
f 1007/30/694 995/46/694 1017/37/694
f 1015/28/695 1016/34/695 994/44/695
f 1015/28/696 1006/27/696 1016/34/696
f 1006/27/1 989/7/1 1016/34/1
f 1013/6/1 1014/33/1 993/42/1
f 1000/56/697 1007/30/697 986/29/697 998/57/697
f 1011/21/1 1012/58/1 992/52/1
f 1011/21/1 1003/20/1 1012/58/1
f 1003/20/1 987/59/1 1012/58/1
f 1009/18/724 1010/31/724 991/36/724
f 1009/18/699 999/17/699 1010/31/699
f 999/17/714 986/29/714 1010/31/714
f 1007/30/701 1008/35/701 995/46/701
f 1007/30/702 1000/56/702 1008/35/702
f 1005/5/1 988/19/1 1014/33/1 1013/6/1
f 1001/15/703 1006/27/703 990/26/703
f 1001/15/1 1004/14/1 1006/27/1
f 1004/14/1 989/7/1 1006/27/1
f 1004/4/1 1002/12/1 1005/5/1
f 1002/12/1 988/19/1 1005/5/1
f 1002/10/1 1003/20/1 988/19/1
f 1002/10/1 997/9/1 1003/20/1
f 997/9/1 987/59/1 1003/20/1
f 1000/56/704 998/57/704 1001/60/704
f 998/57/1 985/61/1 1001/60/1
f 997/3/1 999/17/1 987/16/1
f 997/3/1 998/2/1 999/17/1
f 998/2/705 986/29/705 999/17/705
f 1000/56/706 1001/60/706 990/26/706 1008/35/706
f 1027/1/1 1040/2/1 1039/3/1
f 1046/4/1 1047/5/1 1055/6/1 1031/7/1
f 1027/8/1 1039/9/1 1044/10/1
f 1027/11/1 1044/12/1 1046/4/1
f 1027/13/1 1046/14/1 1043/15/1
f 1029/16/1 1041/17/1 1051/18/1
f 1030/19/1 1045/20/1 1053/21/1
f 1067/22/671 1066/23/671 1038/24/671 1068/25/671
f 1032/26/672 1048/27/672 1057/28/672
f 1028/29/673 1049/30/673 1052/31/673
f 1029/16/1 1051/18/1 1054/32/1
f 1030/19/1 1053/21/1 1056/33/1
f 1031/7/1 1055/6/1 1058/34/1
f 1032/26/674 1057/28/674 1050/35/674
f 1033/36/675 1059/37/675 1064/38/675
f 1034/39/1 1060/40/1 1066/41/1
f 1035/42/1 1061/43/1 1067/22/1
f 1036/44/707 1062/45/707 1068/25/707
f 1037/46/677 1063/47/677 1065/48/677
f 1065/48/708 1063/47/708 1068/49/708
f 1063/47/679 1036/44/679 1068/49/679
f 1064/38/716 1065/48/716 1068/49/716 1038/50/716
f 1068/25/710 1062/45/710 1067/51/710
f 1062/45/13 1035/42/13 1067/51/13
f 1067/22/1 1061/43/1 1066/23/1
f 1061/43/1 1034/52/1 1066/23/1
f 1066/41/683 1064/53/683 1038/54/683
f 1066/41/684 1060/40/684 1064/53/684
f 1060/40/685 1033/36/685 1064/53/685
f 1064/38/725 1059/37/725 1065/55/725
f 1059/37/687 1037/46/687 1065/55/687
f 1050/35/688 1063/47/688 1037/46/688
f 1050/35/689 1057/28/689 1063/47/689
f 1057/28/690 1036/44/690 1063/47/690
f 1058/34/1 1062/45/1 1036/44/1
f 1058/34/1 1055/6/1 1062/45/1
f 1055/6/1 1035/42/1 1062/45/1
f 1056/33/1 1061/43/1 1035/42/1
f 1056/33/1 1053/21/1 1061/43/1
f 1053/21/1 1034/52/1 1061/43/1
f 1054/32/1 1060/40/1 1034/39/1
f 1054/32/1 1051/18/1 1060/40/1
f 1051/18/691 1033/36/691 1060/40/691
f 1052/31/712 1059/37/712 1033/36/712
f 1052/31/693 1049/30/693 1059/37/693
f 1049/30/694 1037/46/694 1059/37/694
f 1057/28/695 1058/34/695 1036/44/695
f 1057/28/696 1048/27/696 1058/34/696
f 1048/27/1 1031/7/1 1058/34/1
f 1055/6/1 1056/33/1 1035/42/1
f 1042/56/697 1049/30/697 1028/29/697 1040/57/697
f 1053/21/1 1054/58/1 1034/52/1
f 1053/21/1 1045/20/1 1054/58/1
f 1045/20/1 1029/59/1 1054/58/1
f 1051/18/726 1052/31/726 1033/36/726
f 1051/18/699 1041/17/699 1052/31/699
f 1041/17/714 1028/29/714 1052/31/714
f 1049/30/701 1050/35/701 1037/46/701
f 1049/30/702 1042/56/702 1050/35/702
f 1047/5/1 1030/19/1 1056/33/1 1055/6/1
f 1043/15/703 1048/27/703 1032/26/703
f 1043/15/1 1046/14/1 1048/27/1
f 1046/14/1 1031/7/1 1048/27/1
f 1046/4/1 1044/12/1 1047/5/1
f 1044/12/1 1030/19/1 1047/5/1
f 1044/10/1 1045/20/1 1030/19/1
f 1044/10/1 1039/9/1 1045/20/1
f 1039/9/1 1029/59/1 1045/20/1
f 1042/56/704 1040/57/704 1043/60/704
f 1040/57/1 1027/61/1 1043/60/1
f 1039/3/1 1041/17/1 1029/16/1
f 1039/3/1 1040/2/1 1041/17/1
f 1040/2/705 1028/29/705 1041/17/705
f 1042/56/706 1043/60/706 1032/26/706 1050/35/706
f 1069/1/1 1082/2/1 1081/3/1
f 1088/4/1 1089/5/1 1097/6/1 1073/7/1
f 1069/8/1 1081/9/1 1086/10/1
f 1069/11/1 1086/12/1 1088/4/1
f 1069/13/1 1088/14/1 1085/15/1
f 1071/16/1 1083/17/1 1093/18/1
f 1072/19/1 1087/20/1 1095/21/1
f 1109/22/671 1108/23/671 1080/24/671 1110/25/671
f 1074/26/715 1090/27/715 1099/28/715
f 1070/29/673 1091/30/673 1094/31/673
f 1071/16/1 1093/18/1 1096/32/1
f 1072/19/1 1095/21/1 1098/33/1
f 1073/7/1 1097/6/1 1100/34/1
f 1074/26/720 1099/28/720 1092/35/720
f 1075/36/675 1101/37/675 1106/38/675
f 1076/39/1 1102/40/1 1108/41/1
f 1077/42/1 1103/43/1 1109/22/1
f 1078/44/707 1104/45/707 1110/25/707
f 1079/46/677 1105/47/677 1107/48/677
f 1107/48/708 1105/47/708 1110/49/708
f 1105/47/679 1078/44/679 1110/49/679
f 1106/38/709 1107/48/709 1110/49/709 1080/50/709
f 1110/25/710 1104/45/710 1109/51/710
f 1104/45/13 1077/42/13 1109/51/13
f 1109/22/1 1103/43/1 1108/23/1
f 1103/43/1 1076/52/1 1108/23/1
f 1108/41/711 1106/53/711 1080/54/711
f 1108/41/684 1102/40/684 1106/53/684
f 1102/40/685 1075/36/685 1106/53/685
f 1106/38/686 1101/37/686 1107/55/686
f 1101/37/687 1079/46/687 1107/55/687
f 1092/35/688 1105/47/688 1079/46/688
f 1092/35/689 1099/28/689 1105/47/689
f 1099/28/690 1078/44/690 1105/47/690
f 1100/34/1 1104/45/1 1078/44/1
f 1100/34/1 1097/6/1 1104/45/1
f 1097/6/1 1077/42/1 1104/45/1
f 1098/33/1 1103/43/1 1077/42/1
f 1098/33/1 1095/21/1 1103/43/1
f 1095/21/1 1076/52/1 1103/43/1
f 1096/32/1 1102/40/1 1076/39/1
f 1096/32/1 1093/18/1 1102/40/1
f 1093/18/691 1075/36/691 1102/40/691
f 1094/31/712 1101/37/712 1075/36/712
f 1094/31/693 1091/30/693 1101/37/693
f 1091/30/694 1079/46/694 1101/37/694
f 1099/28/695 1100/34/695 1078/44/695
f 1099/28/696 1090/27/696 1100/34/696
f 1090/27/1 1073/7/1 1100/34/1
f 1097/6/1 1098/33/1 1077/42/1
f 1084/56/697 1091/30/697 1070/29/697 1082/57/697
f 1095/21/1 1096/58/1 1076/52/1
f 1095/21/1 1087/20/1 1096/58/1
f 1087/20/1 1071/59/1 1096/58/1
f 1093/18/727 1094/31/727 1075/36/727
f 1093/18/699 1083/17/699 1094/31/699
f 1083/17/714 1070/29/714 1094/31/714
f 1091/30/701 1092/35/701 1079/46/701
f 1091/30/702 1084/56/702 1092/35/702
f 1089/5/1 1072/19/1 1098/33/1 1097/6/1
f 1085/15/703 1090/27/703 1074/26/703
f 1085/15/1 1088/14/1 1090/27/1
f 1088/14/1 1073/7/1 1090/27/1
f 1088/4/1 1086/12/1 1089/5/1
f 1086/12/1 1072/19/1 1089/5/1
f 1086/10/1 1087/20/1 1072/19/1
f 1086/10/1 1081/9/1 1087/20/1
f 1081/9/1 1071/59/1 1087/20/1
f 1084/56/704 1082/57/704 1085/60/704
f 1082/57/1 1069/61/1 1085/60/1
f 1081/3/1 1083/17/1 1071/16/1
f 1081/3/1 1082/2/1 1083/17/1
f 1082/2/705 1070/29/705 1083/17/705
f 1084/56/706 1085/60/706 1074/26/706 1092/35/706
f 1111/1/1 1124/2/1 1123/3/1
f 1130/4/1 1131/5/1 1139/6/1 1115/7/1
f 1111/8/1 1123/9/1 1128/10/1
f 1111/11/1 1128/12/1 1130/4/1
f 1111/13/1 1130/14/1 1127/15/1
f 1113/16/1 1125/17/1 1135/18/1
f 1114/19/1 1129/20/1 1137/21/1
f 1151/22/671 1150/23/671 1122/24/671 1152/25/671
f 1116/26/672 1132/27/672 1141/28/672
f 1112/29/673 1133/30/673 1136/31/673
f 1113/16/1 1135/18/1 1138/32/1
f 1114/19/1 1137/21/1 1140/33/1
f 1115/7/1 1139/6/1 1142/34/1
f 1116/26/674 1141/28/674 1134/35/674
f 1117/36/675 1143/37/675 1148/38/675
f 1118/39/1 1144/40/1 1150/41/1
f 1119/42/1 1145/43/1 1151/22/1
f 1120/44/707 1146/45/707 1152/25/707
f 1121/46/677 1147/47/677 1149/48/677
f 1149/48/708 1147/47/708 1152/49/708
f 1147/47/679 1120/44/679 1152/49/679
f 1148/38/709 1149/48/709 1152/49/709 1122/50/709
f 1152/25/710 1146/45/710 1151/51/710
f 1146/45/13 1119/42/13 1151/51/13
f 1151/22/1 1145/43/1 1150/23/1
f 1145/43/1 1118/52/1 1150/23/1
f 1150/41/711 1148/53/711 1122/54/711
f 1150/41/684 1144/40/684 1148/53/684
f 1144/40/685 1117/36/685 1148/53/685
f 1148/38/725 1143/37/725 1149/55/725
f 1143/37/687 1121/46/687 1149/55/687
f 1134/35/688 1147/47/688 1121/46/688
f 1134/35/689 1141/28/689 1147/47/689
f 1141/28/690 1120/44/690 1147/47/690
f 1142/34/1 1146/45/1 1120/44/1
f 1142/34/1 1139/6/1 1146/45/1
f 1139/6/1 1119/42/1 1146/45/1
f 1140/33/1 1145/43/1 1119/42/1
f 1140/33/1 1137/21/1 1145/43/1
f 1137/21/1 1118/52/1 1145/43/1
f 1138/32/1 1144/40/1 1118/39/1
f 1138/32/1 1135/18/1 1144/40/1
f 1135/18/691 1117/36/691 1144/40/691
f 1136/31/692 1143/37/692 1117/36/692
f 1136/31/693 1133/30/693 1143/37/693
f 1133/30/694 1121/46/694 1143/37/694
f 1141/28/695 1142/34/695 1120/44/695
f 1141/28/696 1132/27/696 1142/34/696
f 1132/27/1 1115/7/1 1142/34/1
f 1139/6/1 1140/33/1 1119/42/1
f 1126/56/697 1133/30/697 1112/29/697 1124/57/697
f 1137/21/1 1138/58/1 1118/52/1
f 1137/21/1 1129/20/1 1138/58/1
f 1129/20/1 1113/59/1 1138/58/1
f 1135/18/728 1136/31/728 1117/36/728
f 1135/18/699 1125/17/699 1136/31/699
f 1125/17/714 1112/29/714 1136/31/714
f 1133/30/701 1134/35/701 1121/46/701
f 1133/30/702 1126/56/702 1134/35/702
f 1131/5/1 1114/19/1 1140/33/1 1139/6/1
f 1127/15/703 1132/27/703 1116/26/703
f 1127/15/1 1130/14/1 1132/27/1
f 1130/14/1 1115/7/1 1132/27/1
f 1130/4/1 1128/12/1 1131/5/1
f 1128/12/1 1114/19/1 1131/5/1
f 1128/10/1 1129/20/1 1114/19/1
f 1128/10/1 1123/9/1 1129/20/1
f 1123/9/1 1113/59/1 1129/20/1
f 1126/56/704 1124/57/704 1127/60/704
f 1124/57/1 1111/61/1 1127/60/1
f 1123/3/1 1125/17/1 1113/16/1
f 1123/3/1 1124/2/1 1125/17/1
f 1124/2/705 1112/29/705 1125/17/705
f 1126/56/706 1127/60/706 1116/26/706 1134/35/706
f 1153/1/1 1166/2/1 1165/3/1
f 1172/4/1 1173/5/1 1181/6/1 1157/7/1
f 1153/8/1 1165/9/1 1170/10/1
f 1153/11/1 1170/12/1 1172/4/1
f 1153/13/1 1172/14/1 1169/15/1
f 1155/16/1 1167/17/1 1177/18/1
f 1156/19/1 1171/20/1 1179/21/1
f 1193/22/2 1192/23/2 1164/24/2 1194/25/2
f 1158/26/3 1174/27/3 1183/28/3
f 1154/29/4 1175/30/4 1178/31/4
f 1155/16/1 1177/18/1 1180/32/1
f 1156/19/1 1179/21/1 1182/33/1
f 1157/7/1 1181/6/1 1184/34/1
f 1158/26/5 1183/28/5 1176/35/5
f 1159/36/6 1185/37/6 1190/38/6
f 1160/39/1 1186/40/1 1192/41/1
f 1161/42/1 1187/43/1 1193/22/1
f 1162/44/7 1188/45/7 1194/25/7
f 1163/46/8 1189/47/8 1191/48/8
f 1191/48/9 1189/47/9 1194/49/9
f 1189/47/10 1162/44/10 1194/49/10
f 1190/38/11 1191/48/11 1194/49/11 1164/50/11
f 1194/25/12 1188/45/12 1193/51/12
f 1188/45/13 1161/42/13 1193/51/13
f 1193/22/1 1187/43/1 1192/23/1
f 1187/43/1 1160/52/1 1192/23/1
f 1192/41/14 1190/53/14 1164/54/14
f 1192/41/15 1186/40/15 1190/53/15
f 1186/40/16 1159/36/16 1190/53/16
f 1190/38/17 1185/37/17 1191/55/17
f 1185/37/18 1163/46/18 1191/55/18
f 1176/35/19 1189/47/19 1163/46/19
f 1176/35/729 1183/28/729 1189/47/729
f 1183/28/730 1162/44/730 1189/47/730
f 1184/34/1 1188/45/1 1162/44/1
f 1184/34/1 1181/6/1 1188/45/1
f 1181/6/1 1161/42/1 1188/45/1
f 1182/33/1 1187/43/1 1161/42/1
f 1182/33/1 1179/21/1 1187/43/1
f 1179/21/1 1160/52/1 1187/43/1
f 1180/32/1 1186/40/1 1160/39/1
f 1180/32/1 1177/18/1 1186/40/1
f 1177/18/22 1159/36/22 1186/40/22
f 1178/31/23 1185/37/23 1159/36/23
f 1178/31/24 1175/30/24 1185/37/24
f 1175/30/25 1163/46/25 1185/37/25
f 1183/28/731 1184/34/731 1162/44/731
f 1183/28/27 1174/27/27 1184/34/27
f 1174/27/1 1157/7/1 1184/34/1
f 1181/6/1 1182/33/1 1161/42/1
f 1168/56/28 1175/30/28 1154/29/28 1166/57/28
f 1179/21/1 1180/58/1 1160/52/1
f 1179/21/1 1171/20/1 1180/58/1
f 1171/20/1 1155/59/1 1180/58/1
f 1177/18/732 1178/31/732 1159/36/732
f 1177/18/30 1167/17/30 1178/31/30
f 1167/17/31 1154/29/31 1178/31/31
f 1175/30/32 1176/35/32 1163/46/32
f 1175/30/33 1168/56/33 1176/35/33
f 1173/5/1 1156/19/1 1182/33/1 1181/6/1
f 1169/15/34 1174/27/34 1158/26/34
f 1169/15/1 1172/14/1 1174/27/1
f 1172/14/1 1157/7/1 1174/27/1
f 1172/4/1 1170/12/1 1173/5/1
f 1170/12/1 1156/19/1 1173/5/1
f 1170/10/1 1171/20/1 1156/19/1
f 1170/10/1 1165/9/1 1171/20/1
f 1165/9/1 1155/59/1 1171/20/1
f 1168/56/35 1166/57/35 1169/60/35
f 1166/57/1 1153/61/1 1169/60/1
f 1165/3/1 1167/17/1 1155/16/1
f 1165/3/1 1166/2/1 1167/17/1
f 1166/2/36 1154/29/36 1167/17/36
f 1168/56/37 1169/60/37 1158/26/37 1176/35/37
f 1195/1/1 1208/2/1 1207/3/1
f 1214/4/1 1215/5/1 1223/6/1 1199/7/1
f 1195/8/1 1207/9/1 1212/10/1
f 1195/11/1 1212/12/1 1214/4/1
f 1195/13/1 1214/14/1 1211/15/1
f 1197/16/1 1209/17/1 1219/18/1
f 1198/19/1 1213/20/1 1221/21/1
f 1235/22/2 1234/23/2 1206/24/2 1236/25/2
f 1200/26/3 1216/27/3 1225/28/3
f 1196/29/4 1217/30/4 1220/31/4
f 1197/16/1 1219/18/1 1222/32/1
f 1198/19/1 1221/21/1 1224/33/1
f 1199/7/1 1223/6/1 1226/34/1
f 1200/26/5 1225/28/5 1218/35/5
f 1201/36/6 1227/37/6 1232/38/6
f 1202/39/1 1228/40/1 1234/41/1
f 1203/42/1 1229/43/1 1235/22/1
f 1204/44/7 1230/45/7 1236/25/7
f 1205/46/8 1231/47/8 1233/48/8
f 1233/48/733 1231/47/733 1236/49/733
f 1231/47/10 1204/44/10 1236/49/10
f 1232/38/11 1233/48/11 1236/49/11 1206/50/11
f 1236/25/12 1230/45/12 1235/51/12
f 1230/45/13 1203/42/13 1235/51/13
f 1235/22/1 1229/43/1 1234/23/1
f 1229/43/1 1202/52/1 1234/23/1
f 1234/41/14 1232/53/14 1206/54/14
f 1234/41/15 1228/40/15 1232/53/15
f 1228/40/16 1201/36/16 1232/53/16
f 1232/38/17 1227/37/17 1233/55/17
f 1227/37/18 1205/46/18 1233/55/18
f 1218/35/19 1231/47/19 1205/46/19
f 1218/35/20 1225/28/20 1231/47/20
f 1225/28/21 1204/44/21 1231/47/21
f 1226/34/1 1230/45/1 1204/44/1
f 1226/34/1 1223/6/1 1230/45/1
f 1223/6/1 1203/42/1 1230/45/1
f 1224/33/1 1229/43/1 1203/42/1
f 1224/33/1 1221/21/1 1229/43/1
f 1221/21/1 1202/52/1 1229/43/1
f 1222/32/1 1228/40/1 1202/39/1
f 1222/32/1 1219/18/1 1228/40/1
f 1219/18/22 1201/36/22 1228/40/22
f 1220/31/23 1227/37/23 1201/36/23
f 1220/31/24 1217/30/24 1227/37/24
f 1217/30/25 1205/46/25 1227/37/25
f 1225/28/731 1226/34/731 1204/44/731
f 1225/28/27 1216/27/27 1226/34/27
f 1216/27/1 1199/7/1 1226/34/1
f 1223/6/1 1224/33/1 1203/42/1
f 1210/56/28 1217/30/28 1196/29/28 1208/57/28
f 1221/21/1 1222/58/1 1202/52/1
f 1221/21/1 1213/20/1 1222/58/1
f 1213/20/1 1197/59/1 1222/58/1
f 1219/18/732 1220/31/732 1201/36/732
f 1219/18/30 1209/17/30 1220/31/30
f 1209/17/31 1196/29/31 1220/31/31
f 1217/30/32 1218/35/32 1205/46/32
f 1217/30/33 1210/56/33 1218/35/33
f 1215/5/1 1198/19/1 1224/33/1 1223/6/1
f 1211/15/34 1216/27/34 1200/26/34
f 1211/15/1 1214/14/1 1216/27/1
f 1214/14/1 1199/7/1 1216/27/1
f 1214/4/1 1212/12/1 1215/5/1
f 1212/12/1 1198/19/1 1215/5/1
f 1212/10/1 1213/20/1 1198/19/1
f 1212/10/1 1207/9/1 1213/20/1
f 1207/9/1 1197/59/1 1213/20/1
f 1210/56/35 1208/57/35 1211/60/35
f 1208/57/1 1195/61/1 1211/60/1
f 1207/3/1 1209/17/1 1197/16/1
f 1207/3/1 1208/2/1 1209/17/1
f 1208/2/36 1196/29/36 1209/17/36
f 1210/56/37 1211/60/37 1200/26/37 1218/35/37
f 56/2/38 203/228/38 116/230/38
f 55/3/38 85/231/38 203/228/38
f 43/232/38 116/230/38 85/231/38
f 203/228/38 85/231/38 116/230/38
f 200/64/38 88/63/38 86/65/38
f 197/67/38 90/66/38 85/69/38
f 194/71/38 92/70/38 90/73/38
f 191/75/38 119/74/38 92/77/38
f 188/80/38 95/79/38 88/63/38
f 185/83/38 97/82/38 87/84/38
f 182/88/40 99/87/40 91/89/40
f 179/93/38 101/92/38 93/94/38
f 176/98/38 103/97/38 94/99/38
f 173/103/38 128/102/38 95/79/38
f 170/105/734 130/104/734 97/82/734
f 167/108/38 132/107/38 99/87/38
f 164/111/38 134/110/38 101/92/38
f 161/114/38 126/113/38 103/97/38
f 158/116/735 110/115/735 105/117/735
f 155/120/736 112/119/736 106/121/736
f 152/124/737 113/123/737 107/125/737
f 149/128/738 114/127/738 108/129/738
f 146/132/739 141/131/739 109/133/739
f 144/137/740 111/136/740 145/138/740
f 147/139/741 145/138/741 146/132/741
f 114/140/742 147/139/742 139/141/742
f 143/144/743 144/143/743 148/145/743
f 150/146/744 148/145/744 149/128/744
f 113/147/745 150/146/745 138/148/745
f 142/151/746 143/150/746 151/152/746
f 153/153/747 151/152/747 152/124/747
f 112/154/748 153/153/748 137/155/748
f 140/158/749 142/157/749 154/159/749
f 156/160/750 154/159/750 155/120/750
f 110/161/751 156/160/751 136/162/751
f 111/165/752 140/164/752 157/166/752
f 159/167/753 157/166/753 158/116/753
f 141/168/754 159/167/754 135/169/754
f 109/133/755 96/170/755 160/171/755
f 162/172/756 160/171/756 161/114/756
f 139/141/757 162/172/757 133/173/757
f 108/129/38 104/174/38 163/175/38
f 165/176/38 163/175/38 164/111/38
f 138/148/38 165/176/38 131/177/38
f 107/125/758 102/178/758 166/179/758
f 168/180/759 166/179/759 167/108/759
f 137/155/760 168/180/760 129/181/760
f 106/121/761 100/182/761 169/183/761
f 171/184/762 169/183/762 170/105/762
f 136/162/763 171/184/763 127/185/763
f 105/117/764 98/186/764 172/187/764
f 174/188/765 172/187/765 173/103/765
f 135/169/766 174/188/766 125/189/766
f 104/174/38 133/173/38 175/190/38
f 177/191/38 175/190/38 176/98/38
f 134/110/38 177/191/38 124/192/38
f 102/178/38 131/177/38 178/193/38
f 180/194/38 178/193/38 179/93/38
f 132/107/38 180/194/38 123/195/38
f 100/196/767 129/181/767 181/197/767
f 183/198/768 181/197/768 182/88/768
f 130/199/769 183/198/769 121/200/769
f 98/186/770 127/185/770 184/201/770
f 186/202/38 184/201/38 185/83/38
f 128/102/38 186/202/38 117/203/38
f 96/170/40 125/189/40 187/204/40
f 189/205/38 187/204/38 188/80/38
f 126/113/38 189/205/38 118/206/38
f 94/99/38 89/207/38 190/208/38
f 192/209/38 190/208/38 191/75/38
f 124/192/38 192/209/38 122/210/38
f 93/94/38 122/211/38 193/212/38
f 195/213/38 193/212/38 194/71/38
f 123/195/38 195/213/38 120/214/38
f 91/89/38 120/215/38 196/216/38
f 198/217/38 196/216/38 197/67/38
f 121/200/38 198/217/38 115/218/38
f 89/219/38 118/206/38 199/220/38
f 201/221/38 199/220/38 200/64/38
f 119/222/38 201/221/38 116/223/38
f 87/84/38 115/225/38 202/226/38
f 204/227/38 202/226/38 203/228/38
f 117/203/38 204/227/38 86/229/38
