# Blender 4.1.1
# www.blender.org
mtllib Quartz_Deposits.mtl
o Quartz_Deposits
v -0.120211 -0.008994 0.096368
v -0.110962 0.000555 0.091540
v -0.102985 -0.008928 0.084388
v -0.106930 -0.008831 0.100660
v -0.121149 -0.008844 0.115551
v -0.119932 -0.001202 0.111166
v -0.102535 -0.001832 0.086796
v -0.096041 -0.008776 0.094544
v -0.101975 -0.008655 0.116087
v -0.114246 -0.008736 0.120500
v -0.108975 0.002825 0.105109
v -0.100677 -0.003676 0.106956
v -0.113779 -0.009003 0.087829
v -0.118792 -0.009022 0.091305
v -0.110866 -0.009013 0.083300
v -0.116796 0.000431 0.100804
v -0.124189 -0.008976 0.103161
v -0.116061 -0.008946 0.097346
v -0.104392 -0.008888 0.090841
v -0.122485 -0.008930 0.106703
v -0.113098 -0.008815 0.109715
v -0.125012 -0.008896 0.113707
v -0.110248 0.002937 0.097345
v -0.115509 0.001987 0.108422
v -0.100023 -0.008906 0.083520
v -0.103845 0.000759 0.087911
v -0.099631 -0.008798 0.096169
v -0.098061 -0.008857 0.087148
v -0.115706 -0.008792 0.115507
v -0.102475 -0.008709 0.110191
v -0.122421 -0.002972 0.116113
v -0.121055 -0.008809 0.119590
v -0.102819 0.002142 0.096045
v -0.095561 -0.008814 0.089434
v -0.096034 -0.008677 0.106530
v -0.110171 -0.008700 0.120170
v -0.108322 0.001222 0.116601
v -0.094679 -0.001151 0.098379
v -0.100394 0.001377 0.108599
v -0.093122 -0.008686 0.102001
v -0.098502 -0.008641 0.113666
v -0.107169 -0.003488 0.115718
v 0.155879 -0.009360 0.180082
v 0.130596 -0.009945 0.156384
v 0.171445 -0.009617 0.148538
v 0.185835 -0.008965 0.185868
v 0.147584 -0.009127 0.204009
v 0.114725 -0.009711 0.186471
v 0.138340 0.040283 0.148150
v 0.172231 0.036094 0.169510
v 0.182352 -0.008626 0.213901
v 0.132804 -0.009292 0.203411
v 0.108930 0.002897 0.170252
v 0.138811 0.040603 0.182148
v 0.174660 -0.009399 0.162245
v 0.143272 -0.009659 0.167697
v 0.156854 -0.009787 0.147409
v 0.112819 -0.009894 0.174248
v 0.130567 -0.009556 0.185483
v 0.175967 -0.009117 0.182268
v 0.186450 -0.009259 0.163413
v 0.147374 -0.009239 0.195831
v 0.168466 -0.008946 0.201056
v 0.128809 -0.009419 0.197125
v 0.109481 -0.010063 0.164310
v 0.105578 -0.009893 0.180116
v 0.154179 -0.009908 0.140461
v 0.136809 -0.010005 0.146973
v 0.184754 0.013630 0.176770
v 0.171263 0.022937 0.154232
v 0.167951 -0.008804 0.212026
v 0.188972 -0.008675 0.205006
v 0.116655 -0.009577 0.194913
v 0.144052 -0.009150 0.205151
v 0.123973 0.017901 0.155981
v 0.152385 0.044704 0.156541
v 0.182912 0.026288 0.194901
v 0.161913 -0.008827 0.215118
v 0.113701 0.005163 0.183900
v 0.136011 0.045890 0.162823
v 0.120103 0.020213 0.170539
v 0.158618 0.045939 0.177489
v 0.166053 0.033643 0.204143
v 0.135407 0.020930 0.197496
v 0.166363 -0.009359 0.171833
v 0.136210 -0.009825 0.160915
v 0.165630 -0.009706 0.146459
v 0.120303 -0.009940 0.164916
v 0.120925 -0.009650 0.186110
v 0.166449 -0.009232 0.181260
v 0.187612 -0.009097 0.174544
v 0.151547 -0.009296 0.188251
v 0.156565 -0.009035 0.203820
v 0.120622 -0.009577 0.191752
v 0.118638 -0.010027 0.159691
v 0.105680 -0.009957 0.175222
v 0.163251 -0.009780 0.142850
v 0.137896 -0.010010 0.145729
v 0.187521 -0.009005 0.181519
v 0.171550 0.031121 0.161521
v 0.156758 -0.008979 0.207818
v 0.187429 -0.008608 0.211271
v 0.113999 -0.009662 0.190694
v 0.138872 -0.009200 0.205505
v 0.131939 0.031571 0.150963
v 0.162782 0.041704 0.162776
v 0.185009 0.018432 0.206954
v 0.146912 -0.009051 0.210236
v 0.109462 0.003869 0.175948
v 0.136456 0.045084 0.154592
v 0.128364 0.032182 0.176059
v 0.166549 0.042324 0.173249
v 0.177097 0.022584 0.211287
v 0.133949 0.011795 0.202101
v 0.175337 -0.009504 0.153894
v 0.150564 -0.009494 0.174267
v 0.144092 -0.009874 0.151014
v 0.112196 -0.009811 0.180983
v 0.143204 -0.009451 0.183328
v 0.182263 -0.009032 0.183698
v 0.180010 -0.009444 0.154643
v 0.145832 -0.009187 0.200943
v 0.179283 -0.008921 0.194328
v 0.138071 -0.009266 0.201164
v 0.107301 -0.010040 0.167701
v 0.109055 -0.009807 0.183758
v 0.145103 0.035709 0.143088
v 0.133816 -0.009985 0.150828
v 0.179125 0.026031 0.172402
v 0.171720 -0.009601 0.149515
v 0.177658 -0.008662 0.214970
v 0.187836 -0.008814 0.195556
v 0.123949 -0.009441 0.199289
v 0.145856 -0.009137 0.204694
v 0.114752 0.008107 0.163087
v 0.144007 0.045230 0.150989
v 0.178037 0.032583 0.181007
v 0.174313 -0.008677 0.216521
v 0.122093 0.005128 0.194634
v 0.136190 0.044656 0.172064
v 0.113421 0.010149 0.169007
v 0.148355 0.045887 0.180356
v 0.151249 0.039610 0.193236
v 0.136532 0.031778 0.189984
v 0.125178 0.020918 0.183329
v 0.115633 0.011847 0.177061
v 0.122955 0.013030 0.190010
v 0.151167 0.028975 0.202846
v 0.149687 0.016451 0.208805
v 0.165704 0.021790 0.212309
v 0.163223 0.041610 0.191423
v 0.176392 0.031769 0.200865
v 0.172053 0.037990 0.186762
v 0.146238 0.049047 0.169455
v 0.154756 0.047472 0.166319
v 0.144010 0.048989 0.159812
v 0.127223 0.033753 0.165661
v 0.129416 0.033231 0.157909
v 0.121089 0.018964 0.162050
v 0.107988 -0.002097 0.181834
v 0.109328 -0.009754 0.187533
v 0.113548 -0.002049 0.189996
v 0.154303 -0.008958 0.211346
v 0.156505 -0.008959 0.209519
v 0.166628 -0.008776 0.215169
v 0.189123 -0.008723 0.201342
v 0.189060 -0.008849 0.191973
v 0.185121 0.020081 0.186476
v 0.161663 0.035198 0.153963
v 0.162262 0.025406 0.145664
v 0.152628 0.036944 0.146752
v 0.129165 -0.010034 0.150889
v 0.122440 -0.010051 0.154929
v 0.116068 -0.010061 0.159187
v 0.129431 -0.009366 0.200594
v 0.122103 -0.009497 0.196603
v 0.134784 -0.009304 0.200988
v 0.180259 -0.008690 0.210831
v 0.168241 -0.008860 0.207615
v 0.180216 -0.008777 0.204304
v 0.179044 0.018651 0.164178
v 0.186238 -0.009193 0.168519
v 0.180457 0.010157 0.157710
v 0.146349 -0.009976 0.141550
v 0.156184 -0.009873 0.141478
v 0.147299 -0.009919 0.145055
v 0.104526 -0.010001 0.172826
v 0.108420 -0.010006 0.169369
v 0.106462 -0.009921 0.177297
v 0.128555 -0.009490 0.191981
v 0.138390 -0.009393 0.191429
v 0.136462 -0.009335 0.197335
v 0.157589 -0.009092 0.198753
v 0.161993 -0.009155 0.190499
v 0.171776 -0.009027 0.192351
v 0.184474 -0.009162 0.172227
v 0.177900 -0.009238 0.171757
v 0.183033 -0.009315 0.161907
v 0.120878 -0.009735 0.179795
v 0.126507 -0.009790 0.171186
v 0.135462 -0.009613 0.177297
v 0.166806 -0.009593 0.153985
v 0.160409 -0.009523 0.164324
v 0.151855 -0.009714 0.156761
v 0.112943 -0.020486 0.028390
v 0.133162 -0.016567 0.058115
v 0.090028 -0.020309 0.056790
v 0.083929 -0.023879 0.015736
v 0.126769 -0.020980 0.006050
v 0.156056 -0.016631 0.031260
v 0.124282 0.031370 0.065555
v 0.094738 0.022057 0.036159
v 0.093815 -0.025096 -0.011852
v 0.141597 -0.019433 0.010009
v 0.158455 -0.002750 0.049214
v 0.131516 0.029279 0.031029
v 0.089882 -0.021408 0.042185
v 0.122896 -0.018500 0.043788
v 0.104543 -0.018752 0.061243
v 0.155212 -0.015750 0.044066
v 0.139793 -0.018198 0.028665
v 0.093102 -0.022666 0.021619
v 0.078212 -0.022681 0.038327
v 0.125127 -0.020500 0.014377
v 0.104959 -0.022953 0.004302
v 0.144215 -0.018671 0.017279
v 0.156337 -0.014850 0.054884
v 0.163875 -0.015338 0.039769
v 0.105674 -0.018088 0.068884
v 0.124737 -0.016675 0.066233
v 0.083333 -0.001429 0.025579
v 0.092039 0.010584 0.051623
v 0.107969 -0.023516 -0.006687
v 0.085095 -0.025274 -0.004350
v 0.156017 -0.017303 0.022275
v 0.130605 -0.020683 0.005696
v 0.140236 0.010951 0.060505
v 0.112036 0.033456 0.053945
v 0.089516 0.009685 0.007856
v 0.114783 -0.023071 -0.008446
v 0.156755 -0.002054 0.034350
v 0.130058 0.036004 0.051322
v 0.147492 0.012603 0.046683
v 0.110492 0.032495 0.031340
v 0.108803 0.018009 0.002452
v 0.138118 0.009708 0.015925
v 0.100458 -0.021097 0.034361
v 0.128507 -0.017396 0.052255
v 0.095442 -0.019597 0.060213
v 0.145518 -0.015992 0.051815
v 0.149697 -0.017246 0.030218
v 0.102510 -0.021635 0.024799
v 0.079561 -0.023425 0.026795
v 0.119182 -0.020501 0.021103
v 0.117634 -0.021889 0.004203
v 0.151284 -0.017531 0.024576
v 0.146018 -0.015528 0.057482
v 0.162660 -0.015073 0.044700
v 0.097033 -0.019151 0.064407
v 0.123354 -0.016716 0.067246
v 0.081235 -0.023807 0.019755
v 0.093535 0.017909 0.044317
v 0.118346 -0.022134 0.000113
v 0.088079 -0.025468 -0.010342
v 0.157749 -0.016794 0.027149
v 0.135929 -0.020172 0.006512
v 0.131257 0.023529 0.064011
v 0.102871 0.028974 0.045220
v 0.089996 0.001072 -0.004959
v 0.128863 -0.021261 -0.000101
v 0.159223 -0.002270 0.043343
v 0.127728 0.035748 0.059541
v 0.140575 0.022787 0.039423
v 0.101442 0.028422 0.033770
v 0.099058 0.005651 -0.007479
v 0.140487 0.000781 0.011437
v 0.087302 -0.021008 0.050484
v 0.117004 -0.019616 0.035483
v 0.118280 -0.017647 0.060490
v 0.157371 -0.016064 0.037389
v 0.126511 -0.019371 0.027980
v 0.087053 -0.023391 0.018742
v 0.082742 -0.021529 0.048666
v 0.127847 -0.020629 0.009552
v 0.092482 -0.023683 0.008658
v 0.135755 -0.019847 0.011089
v 0.159313 -0.014817 0.051945
v 0.161181 -0.015898 0.035293
v 0.116211 0.026565 0.069066
v 0.128641 -0.016585 0.063010
v 0.088247 0.011417 0.031493
v 0.089971 -0.020392 0.055738
v 0.098810 -0.024675 -0.011870
v 0.084101 -0.024627 0.005474
v 0.149626 -0.018295 0.016191
v 0.128674 -0.020842 0.005749
v 0.151022 0.002092 0.055236
v 0.119268 0.035288 0.061477
v 0.091408 0.017239 0.023139
v 0.102548 -0.024420 -0.012680
v 0.150690 -0.003772 0.021575
v 0.131952 0.034162 0.041904
v 0.153745 0.003795 0.049579
v 0.121534 0.033403 0.030766
v 0.121419 0.026159 0.016961
v 0.135454 0.020519 0.023461
v 0.145264 0.011826 0.032592
v 0.153359 0.004621 0.040951
v 0.148900 0.004039 0.026197
v 0.123505 0.015292 0.007066
v 0.126148 0.003019 0.001154
v 0.110813 0.006101 -0.005939
v 0.108917 0.026857 0.016111
v 0.097561 0.015271 0.003392
v 0.098860 0.022708 0.018764
v 0.121258 0.037428 0.042338
v 0.111896 0.035173 0.043553
v 0.121327 0.038289 0.052608
v 0.139399 0.025141 0.050237
v 0.135414 0.024928 0.057579
v 0.144549 0.011878 0.055033
v 0.161952 -0.008240 0.037616
v 0.161760 -0.016138 0.031409
v 0.158172 -0.009383 0.028089
v 0.121632 -0.022080 -0.002902
v 0.118988 -0.022203 -0.001552
v 0.110022 -0.023557 -0.009568
v 0.084111 -0.025084 -0.000675
v 0.082049 -0.024552 0.008823
v 0.085268 0.004056 0.015779
v 0.101900 0.023459 0.054285
v 0.099251 0.014560 0.062385
v 0.109443 0.026651 0.063668
v 0.133363 -0.016112 0.064003
v 0.141089 -0.015650 0.061439
v 0.148506 -0.015237 0.058574
v 0.144372 -0.018930 0.013626
v 0.150886 -0.017955 0.019329
v 0.139043 -0.019500 0.012012
v 0.095237 -0.024709 -0.008270
v 0.106675 -0.023298 -0.002287
v 0.093800 -0.024338 -0.001653
v 0.086344 0.004905 0.039712
v 0.079585 -0.022946 0.033206
v 0.083307 -0.002965 0.045795
v 0.113848 -0.017347 0.069558
v 0.103875 -0.018350 0.067399
v 0.113682 -0.017641 0.065794
v 0.163285 -0.014820 0.047388
v 0.158559 -0.015025 0.050003
v 0.162340 -0.015270 0.042422
v 0.143305 -0.018357 0.022544
v 0.133223 -0.019333 0.020871
v 0.136514 -0.019467 0.015330
v 0.115448 -0.021710 0.009101
v 0.109117 -0.021697 0.016457
v 0.099632 -0.022803 0.012363
v 0.082212 -0.022973 0.029853
v 0.088760 -0.022274 0.031820
v 0.081330 -0.022246 0.040627
v 0.148312 -0.016886 0.036621
v 0.140660 -0.016979 0.044059
v 0.132981 -0.018239 0.035841
v 0.095960 -0.020140 0.052329
v 0.104782 -0.020065 0.043313
v 0.111726 -0.018765 0.052911
v -0.021552 -0.009885 0.129749
v -0.007246 -0.008975 0.155719
v -0.051235 -0.010380 0.140999
v -0.053370 -0.010944 0.117090
v -0.025567 -0.010583 0.101704
v 0.007007 -0.009468 0.116142
v -0.047556 0.051284 0.137390
v -0.071422 -0.011210 0.125576
v -0.058602 -0.011562 0.094220
v -0.015509 -0.010670 0.085978
v -0.000446 0.089921 0.126810
v -0.035943 0.057139 0.110606
v -0.037625 -0.010099 0.138370
v -0.007397 -0.009101 0.149996
v -0.034575 -0.009744 0.151464
v 0.009239 -0.008849 0.142533
v -0.002028 -0.009467 0.126675
v -0.037971 -0.010454 0.122167
v -0.055078 -0.010728 0.129177
v -0.021619 -0.010278 0.111433
v -0.037655 -0.010764 0.107245
v -0.007898 -0.010137 0.102119
v -0.001137 0.068003 0.142657
v 0.006638 0.058886 0.120600
v -0.050661 0.009216 0.139960
v -0.034629 0.042397 0.147521
v -0.069178 -0.011249 0.121119
v -0.062003 -0.010831 0.132363
v -0.043126 -0.011169 0.094668
v -0.059104 -0.011351 0.104672
v -0.000448 -0.010195 0.090753
v -0.020215 -0.010713 0.089402
v -0.022249 0.083602 0.134332
v -0.057411 0.028893 0.131362
v -0.068567 -0.011475 0.109830
v -0.039347 -0.011249 0.086504
v -0.006199 0.067313 0.103789
v -0.040316 0.069213 0.124122
v -0.017178 0.083451 0.115673
v -0.057941 0.032974 0.117817
v -0.051835 0.021666 0.101750
v -0.025493 0.048765 0.098105
v -0.028744 -0.009958 0.134661
v -0.004971 -0.008920 0.155674
v -0.044644 -0.010104 0.146290
v 0.003753 -0.008782 0.152016
v 0.004308 -0.009407 0.122091
v -0.030177 -0.010190 0.125475
v -0.055031 -0.010858 0.123033
v -0.021462 -0.010081 0.120458
v -0.031167 -0.010669 0.104208
v 0.001105 -0.009788 0.108007
v -0.003180 0.045557 0.151139
v 0.004167 0.079420 0.124570
v -0.051323 -0.010377 0.141262
v -0.043417 0.048498 0.142298
v -0.062166 -0.011123 0.118916
v -0.068360 -0.011052 0.129392
v -0.033501 -0.010851 0.098368
v -0.060312 -0.011516 0.098338
v 0.004653 -0.009818 0.102487
v -0.017188 -0.010729 0.085157
v -0.037156 0.068939 0.136599
v -0.065516 0.017680 0.128973
v -0.064408 -0.011564 0.100878
v -0.026379 -0.010962 0.084897
v -0.001776 0.083304 0.116478
v -0.044656 0.062891 0.131598
v -0.026286 0.071703 0.112274
v -0.066864 0.019475 0.122409
v -0.057222 0.007535 0.096656
v -0.019979 0.038711 0.090773
v -0.046028 -0.010259 0.140613
v -0.014211 -0.009485 0.139959
v -0.020206 -0.009295 0.155810
v 0.009791 -0.009111 0.129610
v -0.011548 -0.009655 0.128910
v -0.045845 -0.010705 0.119526
v -0.053688 -0.010552 0.135777
v -0.023182 -0.010438 0.105731
v -0.045715 -0.010859 0.112195
v -0.017214 -0.010385 0.101284
v 0.000824 0.084199 0.134770
v 0.008290 -0.009403 0.117689
v -0.050564 0.031193 0.139094
v -0.020410 0.033069 0.153356
v -0.072658 -0.011276 0.123921
v -0.056692 -0.010604 0.136868
v -0.052552 -0.011442 0.092828
v -0.056558 -0.011148 0.111200
v -0.007325 -0.010468 0.085949
v -0.023144 -0.010643 0.096111
v -0.008467 0.091276 0.131447
v -0.052687 0.040867 0.134531
v -0.071976 -0.011370 0.118725
v -0.050869 -0.011472 0.089434
v -0.010131 0.046579 0.092614
v -0.037306 0.065981 0.116844
v -0.007441 0.090664 0.121519
v -0.046747 0.046716 0.113818
v -0.043467 0.040116 0.106414
v -0.030331 0.054704 0.104781
v -0.019953 0.068734 0.106424
v -0.010636 0.079227 0.110093
v -0.015115 0.060545 0.100051
v -0.038748 0.034950 0.099071
v -0.032869 0.028396 0.090722
v -0.046464 0.016347 0.092924
v -0.055671 0.027251 0.109924
v -0.061940 0.010618 0.105465
v -0.065101 0.015849 0.113963
v -0.049079 0.052332 0.120890
v -0.058470 0.033402 0.125210
v -0.050384 0.050254 0.128025
v -0.027908 0.080364 0.120048
v -0.031546 0.080075 0.128830
v -0.018371 0.088685 0.125329
v 0.001316 0.066639 0.110864
v 0.004081 -0.009805 0.103762
v -0.002105 0.046709 0.095415
v -0.030004 -0.011023 0.086274
v -0.032242 -0.010964 0.091635
v -0.042369 -0.011275 0.088802
v -0.066024 -0.011484 0.106455
v -0.065669 -0.011340 0.112803
v -0.071071 -0.011414 0.115595
v -0.060861 -0.010802 0.132422
v -0.056393 -0.010614 0.136051
v -0.054792 0.019172 0.135583
v -0.029257 0.066512 0.141763
v -0.017365 0.058990 0.146713
v -0.011420 0.080003 0.139395
v -0.008990 -0.010477 0.087427
v -0.002985 -0.010177 0.094529
v -0.012983 -0.010428 0.094375
v -0.051740 -0.011295 0.098766
v -0.040739 -0.010976 0.100920
v -0.048391 -0.011074 0.105214
v -0.067207 -0.011066 0.127418
v -0.063053 -0.011007 0.125365
v -0.059957 -0.010807 0.131140
v -0.044859 0.024172 0.144377
v -0.044248 -0.010095 0.146232
v -0.035742 -0.009786 0.150848
v 0.005651 0.067105 0.133416
v 0.006603 0.046008 0.144070
v 0.009369 -0.009063 0.132346
v -0.004228 -0.009799 0.113645
v -0.011810 -0.009904 0.117565
v -0.014188 -0.010187 0.107052
v -0.029351 -0.010521 0.109009
v -0.029619 -0.010370 0.116380
v -0.037030 -0.010598 0.114335
v -0.046917 -0.010589 0.126190
v -0.038686 -0.010303 0.130068
v -0.047231 -0.010443 0.133429
v 0.005892 -0.009067 0.136193
v 0.003725 -0.008853 0.148725
v -0.002292 -0.009188 0.140042
v -0.035829 -0.009880 0.146529
v -0.022891 -0.009586 0.145282
v -0.020069 -0.009349 0.153117
v 0.308229 -0.013606 0.045091
v 0.281364 -0.013557 0.058561
v 0.287223 -0.014323 0.022960
v 0.321918 -0.013996 0.022443
v 0.325217 -0.013118 0.059019
v 0.301093 -0.012856 0.080504
v 0.276979 0.019770 0.050209
v 0.304523 0.016320 0.028989
v 0.343690 -0.013524 0.033687
v 0.320300 -0.012891 0.070870
v 0.286155 -0.004397 0.080463
v 0.304790 0.020176 0.060021
v 0.299343 -0.014170 0.024454
v 0.294371 -0.013590 0.051637
v 0.281931 -0.014108 0.034497
v 0.290574 -0.013008 0.078389
v 0.305038 -0.013123 0.067313
v 0.316030 -0.013893 0.029396
v 0.303827 -0.014341 0.015208
v 0.318498 -0.013236 0.056737
v 0.329073 -0.013494 0.041137
v 0.313986 -0.012921 0.072236
v 0.281485 -0.013103 0.078125
v 0.293179 -0.012805 0.086044
v 0.275474 -0.014169 0.034590
v 0.275567 -0.013796 0.050682
v 0.314188 0.001068 0.020784
v 0.291800 0.007462 0.025087
v 0.337847 -0.013322 0.044846
v 0.338435 -0.013761 0.025631
v 0.308543 -0.012761 0.081465
v 0.325088 -0.013044 0.062237
v 0.279047 0.005196 0.064065
v 0.288018 0.022451 0.041329
v 0.328391 0.009675 0.027826
v 0.338553 -0.013180 0.050688
v 0.298693 -0.002912 0.080691
v 0.288222 0.023657 0.056550
v 0.289736 0.006916 0.071599
v 0.306935 0.023258 0.042546
v 0.330858 0.015031 0.044382
v 0.316263 0.007203 0.067230
v 0.304659 -0.013896 0.034083
v 0.286735 -0.013578 0.055351
v 0.283789 -0.014262 0.027069
v 0.285222 -0.013266 0.069499
v 0.302658 -0.012960 0.075349
v 0.312357 -0.013757 0.036841
v 0.313235 -0.014193 0.017601
v 0.313580 -0.013415 0.051067
v 0.327755 -0.013263 0.051653
v 0.307159 -0.012871 0.077288
v 0.280471 -0.013317 0.069286
v 0.289226 -0.012880 0.084492
v 0.280138 -0.014278 0.027923
v 0.274880 -0.013831 0.049424
v 0.318885 -0.014088 0.019767
v 0.297818 0.012966 0.027107
v 0.331067 -0.013207 0.052695
v 0.343071 -0.013643 0.028766
v 0.304313 -0.012782 0.082362
v 0.323823 -0.012957 0.066559
v 0.277350 0.014114 0.056190
v 0.296209 0.020245 0.034709
v 0.338830 0.004450 0.029667
v 0.330084 -0.013014 0.061434
v 0.290950 -0.003726 0.081747
v 0.281657 0.023059 0.053714
v 0.296704 0.014754 0.066630
v 0.305862 0.020635 0.034788
v 0.339985 0.007431 0.037442
v 0.319575 0.001162 0.069721
v 0.292749 -0.014306 0.021398
v 0.301904 -0.013608 0.047672
v 0.281039 -0.013851 0.045966
v 0.295868 -0.012897 0.080916
v 0.307072 -0.013356 0.056381
v 0.319082 -0.013972 0.024700
v 0.294760 -0.014369 0.017820
v 0.322196 -0.013135 0.059525
v 0.326840 -0.013766 0.030314
v 0.320050 -0.013009 0.065909
v 0.283591 -0.013017 0.080917
v 0.297186 -0.012806 0.084306
v 0.274887 0.016529 0.043147
v 0.277807 -0.013691 0.054274
v 0.308945 0.009456 0.024161
v 0.288101 -0.014313 0.023029
v 0.343153 -0.013433 0.037829
v 0.330403 -0.013884 0.023721
v 0.314291 -0.012812 0.076841
v 0.325256 -0.013080 0.060631
v 0.282068 -0.001093 0.073620
v 0.280988 0.022962 0.046488
v 0.315621 0.013910 0.027681
v 0.343412 -0.013357 0.041016
v 0.309944 -0.003064 0.077077
v 0.295797 0.022884 0.059166
v 0.286487 0.000337 0.076495
v 0.306192 0.023476 0.051760
v 0.317543 0.019292 0.053213
v 0.310485 0.014380 0.064152
v 0.301667 0.007346 0.071309
v 0.293705 0.001469 0.077124
v 0.306439 0.002167 0.075056
v 0.325341 0.012247 0.056072
v 0.329748 0.003950 0.058959
v 0.337401 0.007169 0.047016
v 0.319657 0.020343 0.042939
v 0.331289 0.013521 0.034968
v 0.318510 0.017693 0.034323
v 0.296686 0.025571 0.050240
v 0.296686 0.024304 0.042353
v 0.288169 0.025526 0.049162
v 0.287899 0.015768 0.064454
v 0.282247 0.015323 0.060340
v 0.283122 0.006008 0.068241
v 0.295299 -0.007643 0.084661
v 0.300340 -0.012754 0.085215
v 0.303608 -0.007690 0.082583
v 0.333203 -0.013115 0.055751
v 0.332376 -0.013178 0.053411
v 0.340008 -0.013254 0.046866
v 0.335498 -0.013818 0.024409
v 0.327854 -0.013957 0.021650
v 0.322197 0.005427 0.023450
v 0.288702 0.015872 0.032923
v 0.282128 0.009267 0.029866
v 0.280125 0.017203 0.038131
v 0.276463 -0.013616 0.058078
v 0.277735 -0.013448 0.064763
v 0.279291 -0.013284 0.071227
v 0.316996 -0.012880 0.072770
v 0.311551 -0.012822 0.077538
v 0.318922 -0.012959 0.068532
v 0.340564 -0.013536 0.034469
v 0.334344 -0.013393 0.043287
v 0.335239 -0.013632 0.032547
v 0.302228 0.004479 0.021700
v 0.307920 -0.014261 0.016912
v 0.297387 -0.001267 0.018539
v 0.274013 -0.014028 0.041290
v 0.276903 -0.014186 0.033264
v 0.277151 -0.013991 0.041569
v 0.286930 -0.012897 0.084713
v 0.285284 -0.013010 0.080506
v 0.291150 -0.012861 0.084478
v 0.309724 -0.012994 0.070900
v 0.312222 -0.013159 0.062730
v 0.316451 -0.013040 0.066070
v 0.323938 -0.013355 0.049299
v 0.318540 -0.013548 0.043239
v 0.322981 -0.013676 0.035831
v 0.310409 -0.014178 0.019460
v 0.308056 -0.014080 0.024670
v 0.301577 -0.014309 0.017538
v 0.297505 -0.013053 0.073493
v 0.292185 -0.013271 0.066329
v 0.299843 -0.013323 0.060874
v 0.290265 -0.014168 0.028369
v 0.296763 -0.013913 0.036677
v 0.288043 -0.013889 0.041371
v -0.832461 -0.009817 -0.354081
v -0.855899 -0.010062 -0.344967
v -0.838597 -0.010270 -0.380301
v -0.818254 -0.009937 -0.379412
v -0.808431 -0.009441 -0.354308
v -0.824218 -0.009340 -0.328541
v -0.835286 0.023078 -0.376807
v -0.823369 -0.010237 -0.395542
v -0.798439 -0.009650 -0.381243
v -0.796333 -0.009112 -0.344086
v -0.831243 0.044025 -0.336013
v -0.813996 0.026898 -0.364037
v -0.837910 -0.010099 -0.368562
v -0.851071 -0.009979 -0.344452
v -0.849262 -0.010263 -0.367468
v -0.846658 -0.009708 -0.329627
v -0.832062 -0.009583 -0.337320
v -0.824247 -0.009863 -0.367034
v -0.828226 -0.010132 -0.382205
v -0.817053 -0.009547 -0.352081
v -0.811736 -0.009640 -0.365094
v -0.810757 -0.009277 -0.339499
v -0.844738 0.031786 -0.338372
v -0.827161 0.027419 -0.329358
v -0.837569 0.000327 -0.379703
v -0.845357 0.017969 -0.367075
v -0.819873 -0.010149 -0.393155
v -0.830131 -0.010246 -0.388385
v -0.800549 -0.009507 -0.368281
v -0.807172 -0.009809 -0.382839
v -0.802035 -0.009037 -0.331959
v -0.798686 -0.009208 -0.348426
v -0.835193 0.040499 -0.355189
v -0.829360 0.011193 -0.384415
v -0.810448 -0.009977 -0.391375
v -0.794107 -0.009350 -0.364188
v -0.811487 0.032455 -0.338264
v -0.824739 0.033072 -0.369232
v -0.820070 0.040890 -0.348831
v -0.817863 0.013753 -0.383340
v -0.805160 0.008053 -0.376402
v -0.804748 0.022670 -0.353846
v -0.835786 -0.009959 -0.360680
v -0.856117 -0.010040 -0.343050
v -0.843784 -0.010284 -0.375353
v -0.854018 -0.009902 -0.335304
v -0.828917 -0.009454 -0.331478
v -0.827902 -0.009837 -0.360853
v -0.823066 -0.010041 -0.381475
v -0.824659 -0.009679 -0.352961
v -0.809909 -0.009532 -0.359298
v -0.816716 -0.009277 -0.332590
v -0.851894 0.019462 -0.341039
v -0.829994 0.038402 -0.331882
v -0.838809 -0.010274 -0.380404
v -0.839909 0.021430 -0.373878
v -0.818805 -0.010049 -0.387013
v -0.826921 -0.010264 -0.393397
v -0.804738 -0.009469 -0.360604
v -0.801710 -0.009727 -0.383144
v -0.812473 -0.009161 -0.328987
v -0.795455 -0.009116 -0.345405
v -0.835590 0.032584 -0.367976
v -0.826566 0.005238 -0.390961
v -0.803387 -0.009804 -0.386873
v -0.794208 -0.009201 -0.353104
v -0.822477 0.040732 -0.335971
v -0.830609 0.029481 -0.373720
v -0.816320 0.034675 -0.356106
v -0.820874 0.006383 -0.391357
v -0.800429 0.000583 -0.380358
v -0.799313 0.017419 -0.348386
v -0.838856 -0.010214 -0.375880
v -0.841868 -0.009897 -0.349055
v -0.854525 -0.010189 -0.355875
v -0.835854 -0.009512 -0.327712
v -0.832876 -0.009708 -0.345575
v -0.821146 -0.009900 -0.373358
v -0.833932 -0.010216 -0.381777
v -0.812083 -0.009478 -0.352755
v -0.814995 -0.009791 -0.372426
v -0.809013 -0.009354 -0.347237
v -0.838144 0.040724 -0.335839
v -0.825662 -0.009351 -0.327636
v -0.836606 0.012206 -0.379526
v -0.851965 0.012731 -0.355775
v -0.821839 -0.010224 -0.396395
v -0.834513 -0.010261 -0.384425
v -0.797946 -0.009571 -0.376000
v -0.812945 -0.009881 -0.381431
v -0.797226 -0.009032 -0.337202
v -0.803999 -0.009335 -0.351643
v -0.834228 0.044664 -0.343279
v -0.832421 0.017553 -0.380800
v -0.817546 -0.010141 -0.395239
v -0.795280 -0.009504 -0.374204
v -0.801878 0.021578 -0.340314
v -0.818991 0.031509 -0.365884
v -0.825999 0.044591 -0.341301
v -0.815602 0.021231 -0.373481
v -0.809816 0.017853 -0.369891
v -0.809754 0.025716 -0.358664
v -0.812144 0.033204 -0.350124
v -0.816158 0.038733 -0.342703
v -0.807418 0.028935 -0.345341
v -0.804227 0.015241 -0.365099
v -0.797938 0.011903 -0.359218
v -0.798399 0.005395 -0.370895
v -0.811542 0.010865 -0.380545
v -0.807274 0.002033 -0.385314
v -0.814009 0.004643 -0.388926
v -0.821225 0.024083 -0.376236
v -0.824016 0.013792 -0.384615
v -0.827102 0.022779 -0.378134
v -0.822580 0.039149 -0.358343
v -0.829561 0.038775 -0.362388
v -0.827998 0.043464 -0.350918
v -0.818289 0.031877 -0.332740
v -0.813481 -0.009186 -0.329612
v -0.805134 0.021545 -0.333880
v -0.794960 -0.009256 -0.356306
v -0.799216 -0.009357 -0.358790
v -0.795700 -0.009413 -0.366987
v -0.807895 -0.009902 -0.388857
v -0.813273 -0.009992 -0.389271
v -0.815016 -0.010086 -0.394127
v -0.830307 -0.010236 -0.387432
v -0.833860 -0.010246 -0.384082
v -0.833312 0.005829 -0.382686
v -0.840847 0.031110 -0.361914
v -0.846429 0.026878 -0.352470
v -0.840707 0.038384 -0.346652
v -0.798282 -0.009070 -0.338767
v -0.804926 -0.009117 -0.334515
v -0.803677 -0.009212 -0.342904
v -0.803030 -0.009651 -0.375984
v -0.806072 -0.009576 -0.366976
v -0.808827 -0.009714 -0.373892
v -0.825389 -0.010223 -0.392205
v -0.824129 -0.010153 -0.388482
v -0.829331 -0.010208 -0.386528
v -0.841768 0.008258 -0.375322
v -0.843780 -0.010280 -0.375014
v -0.848613 -0.010266 -0.368380
v -0.837738 0.031520 -0.331627
v -0.847042 0.019855 -0.332020
v -0.838107 -0.009557 -0.328374
v -0.820860 -0.009412 -0.337707
v -0.823307 -0.009543 -0.344522
v -0.814201 -0.009410 -0.345341
v -0.814149 -0.009586 -0.358310
v -0.820316 -0.009697 -0.359363
v -0.817767 -0.009739 -0.365364
v -0.826629 -0.010009 -0.375008
v -0.830811 -0.009987 -0.368523
v -0.832681 -0.010119 -0.376085
v -0.840952 -0.009647 -0.331730
v -0.851247 -0.009853 -0.334958
v -0.843273 -0.009783 -0.339043
v -0.844972 -0.010203 -0.367968
v -0.845372 -0.010059 -0.356950
v -0.852276 -0.010148 -0.355457
v 0.573916 -0.006891 0.026913
v 0.557267 -0.007990 0.008081
v 0.596384 -0.006567 0.012103
v 0.602583 -0.005802 0.031487
v 0.582437 -0.005960 0.049370
v 0.552815 -0.007120 0.043464
v 0.594621 0.035694 0.016166
v 0.615942 -0.005654 0.021120
v 0.611151 -0.004998 0.049437
v 0.577033 -0.005712 0.064244
v 0.557987 0.060784 0.033894
v 0.590042 0.040445 0.040516
v 0.585613 -0.006792 0.016802
v 0.558453 -0.007815 0.012787
v 0.580663 -0.007253 0.006534
v 0.546076 -0.007962 0.022046
v 0.558336 -0.007235 0.033076
v 0.588904 -0.006298 0.030142
v 0.601755 -0.006127 0.021171
v 0.577367 -0.006340 0.042053
v 0.591409 -0.005857 0.042545
v 0.567745 -0.006366 0.052302
v 0.555400 0.045088 0.020514
v 0.552971 0.039523 0.040145
v 0.596296 0.006881 0.013195
v 0.581956 0.028645 0.010121
v 0.614912 -0.005570 0.025223
v 0.606893 -0.006068 0.017251
v 0.598266 -0.005357 0.051935
v 0.609629 -0.005301 0.040696
v 0.563688 -0.006191 0.063086
v 0.580290 -0.005710 0.060539
v 0.574569 0.056977 0.023591
v 0.603673 0.021010 0.019185
v 0.616501 -0.005245 0.034676
v 0.596654 -0.005196 0.059390
v 0.566797 0.046550 0.051731
v 0.591271 0.048285 0.028600
v 0.573835 0.057507 0.039967
v 0.606666 0.024432 0.030319
v 0.604484 0.017163 0.044672
v 0.583632 0.034856 0.052741
v 0.578955 -0.006879 0.021516
v 0.555394 -0.008040 0.008540
v 0.589951 -0.006873 0.008948
v 0.548855 -0.008124 0.013184
v 0.553945 -0.007238 0.038043
v 0.581843 -0.006571 0.028850
v 0.602855 -0.005943 0.026262
v 0.575564 -0.006615 0.034616
v 0.586605 -0.005910 0.046260
v 0.559205 -0.006744 0.049101
v 0.555294 0.029413 0.012973
v 0.554481 0.053510 0.036534
v 0.596408 -0.006573 0.011870
v 0.590258 0.033403 0.012854
v 0.609521 -0.005660 0.028346
v 0.612702 -0.005837 0.018530
v 0.589618 -0.005683 0.050658
v 0.611802 -0.005084 0.045713
v 0.557293 -0.006657 0.054324
v 0.578573 -0.005650 0.064612
v 0.586338 0.047415 0.018860
v 0.610712 0.013754 0.019588
v 0.614720 -0.005069 0.042852
v 0.586225 -0.005437 0.063123
v 0.560940 0.056765 0.042154
v 0.593412 0.043790 0.021570
v 0.581886 0.049968 0.041018
v 0.613063 0.015330 0.024781
v 0.609747 0.007921 0.047799
v 0.580331 0.028079 0.059765
v 0.592149 -0.006672 0.013388
v 0.565951 -0.007362 0.019827
v 0.567971 -0.007704 0.005603
v 0.548015 -0.007586 0.032839
v 0.565796 -0.007089 0.029462
v 0.595907 -0.006043 0.030866
v 0.599382 -0.006356 0.015969
v 0.579718 -0.006134 0.046481
v 0.597159 -0.005826 0.036956
v 0.575605 -0.006134 0.051266
v 0.555402 0.056460 0.027506
v 0.551467 -0.007195 0.042422
v 0.596595 0.021972 0.014070
v 0.569016 0.021436 0.007867
v 0.617272 -0.005577 0.022260
v 0.601664 -0.006321 0.014509
v 0.606405 -0.005092 0.051710
v 0.606312 -0.005554 0.035769
v 0.570268 -0.005894 0.065785
v 0.581470 -0.005846 0.054446
v 0.563777 0.061821 0.028579
v 0.599295 0.028887 0.017514
v 0.617671 -0.005436 0.026685
v 0.605642 -0.005027 0.054830
v 0.571919 0.033000 0.060116
v 0.590099 0.046277 0.035158
v 0.564765 0.061805 0.036981
v 0.598282 0.033585 0.035790
v 0.596877 0.029266 0.042481
v 0.586455 0.038816 0.046359
v 0.577702 0.047947 0.047012
v 0.569416 0.054605 0.045769
v 0.574801 0.042431 0.053129
v 0.594284 0.025869 0.049398
v 0.590904 0.021521 0.057354
v 0.601625 0.013702 0.052936
v 0.606196 0.020775 0.037234
v 0.612046 0.009825 0.039656
v 0.613136 0.013154 0.032073
v 0.598955 0.037208 0.029543
v 0.605736 0.024416 0.024107
v 0.598690 0.035518 0.023385
v 0.581871 0.055618 0.034340
v 0.583249 0.055171 0.026399
v 0.573082 0.060708 0.031791
v 0.559258 0.045478 0.047265
v 0.557531 -0.006683 0.053163
v 0.564759 0.032649 0.059286
v 0.588968 -0.005398 0.061312
v 0.589826 -0.005509 0.056462
v 0.598728 -0.005198 0.056929
v 0.615023 -0.005200 0.037939
v 0.613552 -0.005399 0.032754
v 0.617503 -0.005362 0.029442
v 0.605937 -0.006095 0.017414
v 0.601568 -0.006304 0.015240
v 0.600626 0.014060 0.016115
v 0.578820 0.045212 0.016035
v 0.567986 0.039371 0.014094
v 0.564633 0.053859 0.021385
v 0.571371 -0.005901 0.064254
v 0.565087 -0.006248 0.059492
v 0.573386 -0.006021 0.057766
v 0.604632 -0.005288 0.046948
v 0.595133 -0.005598 0.047206
v 0.600666 -0.005556 0.042234
v 0.612114 -0.005803 0.020378
v 0.609058 -0.005834 0.022846
v 0.605427 -0.006077 0.018642
v 0.590824 0.016702 0.010711
v 0.589635 -0.006880 0.009070
v 0.581742 -0.007208 0.006828
v 0.551490 0.044619 0.029411
v 0.548515 0.029654 0.020637
v 0.547856 -0.007659 0.030497
v 0.562571 -0.006794 0.043447
v 0.568116 -0.006743 0.038799
v 0.572033 -0.006374 0.047055
v 0.584213 -0.006095 0.042625
v 0.583068 -0.006310 0.036478
v 0.589577 -0.006084 0.036796
v 0.595558 -0.006219 0.025155
v 0.588030 -0.006519 0.023473
v 0.594476 -0.006429 0.019108
v 0.550020 -0.007697 0.026670
v 0.549489 -0.008025 0.015901
v 0.556076 -0.007630 0.021968
v 0.582615 -0.007077 0.010385
v 0.572144 -0.007328 0.013815
v 0.568357 -0.007626 0.007856
v 0.075504 -0.008410 -0.120456
v 0.050797 -0.008822 -0.109714
v 0.067833 -0.009254 -0.148267
v 0.089647 -0.008670 -0.148170
v 0.101219 -0.007752 -0.121709
v 0.085402 -0.007525 -0.093462
v 0.071522 0.052819 -0.144643
v 0.083494 -0.009226 -0.165223
v 0.110783 -0.008170 -0.150964
v 0.114599 -0.007155 -0.111275
v 0.077564 0.091824 -0.101128
v 0.094849 0.059899 -0.131865
v 0.069062 -0.008933 -0.135729
v 0.055987 -0.008676 -0.109366
v 0.056956 -0.009218 -0.134081
v 0.061334 -0.008172 -0.093681
v 0.076636 -0.007967 -0.102530
v 0.083752 -0.008517 -0.134668
v 0.078855 -0.009017 -0.150741
v 0.092082 -0.007933 -0.118962
v 0.097227 -0.008121 -0.133116
v 0.099351 -0.007435 -0.105758
v 0.063019 0.069064 -0.103094
v 0.082214 0.060908 -0.094187
v 0.068958 0.010471 -0.147663
v 0.061151 0.043330 -0.133804
v 0.087337 -0.009068 -0.162814
v 0.076557 -0.009229 -0.157277
v 0.109069 -0.007895 -0.136999
v 0.101367 -0.008452 -0.152305
v 0.109005 -0.007000 -0.098053
v 0.111898 -0.007332 -0.115823
v 0.072529 0.085259 -0.121492
v 0.077547 0.030682 -0.153044
v 0.097500 -0.008762 -0.161304
v 0.116137 -0.007611 -0.132888
v 0.098618 0.070251 -0.104377
v 0.083130 0.071409 -0.136970
v 0.088985 0.085962 -0.115321
v 0.089900 0.035428 -0.152375
v 0.103789 0.024797 -0.145486
v 0.105178 0.052018 -0.121347
v 0.071667 -0.008671 -0.127380
v 0.050645 -0.008779 -0.107653
v 0.062488 -0.009270 -0.142751
v 0.053217 -0.008521 -0.099449
v 0.080248 -0.007730 -0.096408
v 0.080100 -0.008458 -0.127897
v 0.084410 -0.008856 -0.150177
v 0.083903 -0.008166 -0.119585
v 0.099427 -0.007922 -0.126988
v 0.093262 -0.007422 -0.098111
v 0.055247 0.046133 -0.105657
v 0.079074 0.081356 -0.096762
v 0.067602 -0.009263 -0.148368
v 0.066696 0.049761 -0.141313
v 0.088738 -0.008881 -0.156283
v 0.079782 -0.009269 -0.162777
v 0.104908 -0.007813 -0.128604
v 0.107201 -0.008309 -0.152860
v 0.097956 -0.007212 -0.094433
v 0.115484 -0.007165 -0.112724
v 0.071567 0.070520 -0.135169
v 0.080263 0.019587 -0.160173
v 0.105249 -0.008452 -0.156782
v 0.116495 -0.007329 -0.121018
v 0.086949 0.085679 -0.101454
v 0.076657 0.064732 -0.141530
v 0.092694 0.074383 -0.123271
v 0.086340 0.021710 -0.160836
v 0.108688 0.010883 -0.149925
v 0.111226 0.042235 -0.115735
v 0.067742 -0.009148 -0.143523
v 0.065645 -0.008540 -0.114680
v 0.051809 -0.009065 -0.121449
v 0.072981 -0.007825 -0.092085
v 0.075418 -0.008202 -0.111333
v 0.086806 -0.008594 -0.141568
v 0.072766 -0.009163 -0.150043
v 0.097374 -0.007813 -0.119893
v 0.093429 -0.008400 -0.140829
v 0.100893 -0.007586 -0.114115
v 0.070183 0.085692 -0.100653
v 0.083894 -0.007541 -0.092432
v 0.069996 0.032581 -0.147505
v 0.054552 0.033596 -0.121433
v 0.085096 -0.009206 -0.166200
v 0.072032 -0.009248 -0.152853
v 0.111531 -0.008021 -0.145372
v 0.095246 -0.008575 -0.150555
v 0.113933 -0.007003 -0.103868
v 0.106075 -0.007561 -0.119042
v 0.074063 0.093015 -0.108780
v 0.074421 0.042527 -0.149041
v 0.089740 -0.009058 -0.165142
v 0.114460 -0.007902 -0.143561
v 0.108819 0.049986 -0.106983
v 0.089424 0.068490 -0.133629
v 0.082955 0.092866 -0.107009
v 0.092734 0.049348 -0.141911
v 0.099078 0.043051 -0.138314
v 0.099616 0.057695 -0.126292
v 0.097416 0.071641 -0.117045
v 0.093430 0.081944 -0.108928
v 0.102676 0.063689 -0.112125
v 0.105263 0.038182 -0.133420
v 0.112243 0.031961 -0.127391
v 0.111259 0.019841 -0.139877
v 0.096783 0.030042 -0.149651
v 0.101153 0.013590 -0.154942
v 0.093791 0.018460 -0.158524
v 0.086598 0.054666 -0.144622
v 0.083259 0.035510 -0.153481
v 0.080227 0.052248 -0.146407
v 0.085899 0.082722 -0.125400
v 0.078256 0.082037 -0.129437
v 0.080410 0.090767 -0.117220
v 0.091570 0.069190 -0.098177
v 0.096851 -0.007256 -0.095059
v 0.105605 0.049933 -0.099959
v 0.115555 -0.007432 -0.124414
v 0.110894 -0.007613 -0.126894
v 0.114313 -0.007727 -0.135817
v 0.100339 -0.008627 -0.158717
v 0.094566 -0.008786 -0.158934
v 0.092495 -0.008959 -0.164059
v 0.076407 -0.009209 -0.156249
v 0.072746 -0.009221 -0.152514
v 0.073389 0.020703 -0.151031
v 0.066194 0.067788 -0.128460
v 0.060616 0.059923 -0.118119
v 0.066986 0.081336 -0.112123
v 0.112736 -0.007072 -0.105499
v 0.105803 -0.007146 -0.100668
v 0.106787 -0.007328 -0.109701
v 0.106089 -0.008161 -0.145140
v 0.103211 -0.008013 -0.135370
v 0.099971 -0.008267 -0.142657
v 0.081472 -0.009196 -0.161565
v 0.082977 -0.009065 -0.157633
v 0.077490 -0.009159 -0.155322
v 0.064647 0.025243 -0.142790
v 0.062508 -0.009261 -0.142389
v 0.057612 -0.009224 -0.135084
v 0.070796 0.068559 -0.096168
v 0.060821 0.046860 -0.096206
v 0.070541 -0.007904 -0.092699
v 0.088611 -0.007668 -0.103415
v 0.085705 -0.007911 -0.110607
v 0.095419 -0.007681 -0.111867
v 0.094929 -0.008013 -0.125753
v 0.088283 -0.008211 -0.126620
v 0.090759 -0.008295 -0.133152
v 0.080867 -0.008788 -0.143103
v 0.076663 -0.008736 -0.135985
v 0.074344 -0.008982 -0.144002
v 0.067354 -0.008069 -0.096172
v 0.056198 -0.008436 -0.099195
v 0.064563 -0.008321 -0.103903
v 0.061527 -0.009113 -0.134796
v 0.061562 -0.008840 -0.122984
v 0.054234 -0.008992 -0.121096
v 0.037423 -0.009764 -0.435052
v 0.045661 -0.008966 -0.396110
v 0.002933 -0.010095 -0.415191
v 0.007870 -0.010767 -0.461720
v 0.053649 -0.010052 -0.471394
v 0.077004 -0.008939 -0.430845
v 0.021198 -0.009476 -0.398710
v -0.002158 -0.010589 -0.439259
v 0.029467 0.022041 -0.473752
v 0.072194 0.023171 -0.454671
v 0.067287 0.027321 -0.408117
v 0.037971 0.053835 -0.434580
v 0.017151 -0.009959 -0.423379
v 0.042265 -0.009295 -0.412163
v 0.021992 -0.009490 -0.400489
v 0.065530 -0.008810 -0.409690
v 0.060688 -0.009279 -0.432579
v 0.020052 -0.010353 -0.450727
v -0.000221 -0.010548 -0.439053
v 0.046960 -0.009933 -0.456413
v 0.029589 -0.010523 -0.472089
v 0.070226 -0.009448 -0.453941
v 0.059636 -0.008705 -0.396488
v 0.078059 -0.008689 -0.416905
v 0.007613 -0.009789 -0.402017
v 0.032728 -0.009125 -0.390801
v -0.003213 -0.010838 -0.453200
v -0.006115 -0.010444 -0.425851
v 0.042399 0.022201 -0.479062
v 0.015210 -0.010822 -0.473617
v 0.080961 -0.009084 -0.444254
v 0.067514 0.022865 -0.467846
v 0.045602 0.030986 -0.397719
v 0.004965 0.029911 -0.415867
v 0.009661 0.029273 -0.460118
v 0.053480 0.062556 -0.469077
v 0.075692 0.063614 -0.430513
v 0.028370 0.046570 -0.413274
v 0.055278 0.046990 -0.418961
v 0.014642 0.045916 -0.437108
v 0.033346 0.078535 -0.457283
v 0.058460 0.079199 -0.446067
v -0.460838 -0.012323 0.496581
v -0.501709 -0.012946 0.468948
v -0.447194 -0.012586 0.449178
v -0.411535 -0.011862 0.494917
v -0.444012 -0.011776 0.542956
v -0.499742 -0.012446 0.526906
v -0.477665 -0.012871 0.450206
v -0.421934 -0.012201 0.466256
v -0.419619 0.008685 0.524513
v -0.474134 0.008324 0.544284
v -0.509756 0.009776 0.498577
v -0.460160 0.027442 0.497166
v -0.452818 -0.012478 0.468718
v -0.484861 -0.012690 0.480339
v -0.476842 -0.012844 0.452476
v -0.507728 -0.012762 0.498164
v -0.483705 -0.012396 0.514406
v -0.431859 -0.012052 0.495603
v -0.423839 -0.012207 0.467740
v -0.450948 -0.012002 0.523839
v -0.421968 -0.011731 0.522861
v -0.473815 -0.012074 0.541664
v -0.513841 -0.012961 0.481317
v -0.512685 -0.012667 0.515384
v -0.462709 -0.012799 0.441459
v -0.494752 -0.013011 0.453080
v -0.408991 -0.011980 0.477778
v -0.429951 -0.012405 0.450893
v -0.426576 0.008749 0.540381
v -0.407835 -0.011686 0.511845
v -0.491725 -0.012242 0.542269
v -0.458620 0.008537 0.552002
v -0.499282 0.012088 0.470669
v -0.447435 0.012432 0.451866
v -0.413521 0.013119 0.495366
v -0.444060 0.033586 0.541354
v -0.497063 0.032949 0.526090
v -0.470129 0.022472 0.469839
v -0.489219 0.022523 0.498076
v -0.437372 0.022866 0.479273
v -0.435868 0.043545 0.513639
v -0.467910 0.043333 0.525260
v -0.684721 -0.002982 0.172761
v -0.686973 0.012425 0.190863
v -0.685872 -0.001029 0.209344
v -0.704720 -0.013209 0.186710
v -0.710655 -0.008570 0.151398
v -0.705203 0.008779 0.157853
v -0.689277 0.008306 0.207544
v -0.707384 -0.006131 0.208405
v -0.731364 -0.008585 0.177647
v -0.724552 0.003574 0.156075
v -0.707867 0.015857 0.179548
v -0.719537 0.004326 0.189114
v -0.679485 -0.003253 0.190638
v -0.678994 0.004490 0.180126
v -0.676047 0.004931 0.199546
v -0.693864 0.011958 0.173057
v -0.689990 0.002133 0.160202
v -0.690531 -0.010204 0.177438
v -0.693559 -0.008750 0.200546
v -0.696866 -0.006759 0.158768
v -0.710940 -0.012256 0.168675
v -0.703921 -0.000581 0.148035
v -0.695674 0.016356 0.185857
v -0.705754 0.014373 0.166949
v -0.687642 0.004841 0.214476
v -0.689295 0.012805 0.204596
v -0.706004 -0.011096 0.201622
v -0.694915 -0.004520 0.213305
v -0.716312 -0.011609 0.159009
v -0.722668 -0.012470 0.183028
v -0.709650 0.005548 0.149192
v -0.716309 -0.003266 0.147401
v -0.701647 0.014903 0.197583
v -0.700606 0.001701 0.214511
v -0.724183 -0.008315 0.195905
v -0.728458 -0.003752 0.162008
v -0.724732 0.012630 0.168464
v -0.713614 0.008951 0.206474
v -0.721784 0.013072 0.187884
v -0.720744 -0.000131 0.204813
v -0.731486 -0.002297 0.185116
v -0.725019 0.004432 0.170916
v -0.260866 -0.015367 0.376621
v -0.267567 -0.007191 0.382480
v -0.273400 -0.015379 0.389667
v -0.272821 -0.015494 0.375241
v -0.263323 -0.015527 0.360243
v -0.263366 -0.008882 0.364326
v -0.273965 -0.009303 0.387864
v -0.280991 -0.015514 0.382256
v -0.279624 -0.015660 0.363037
v -0.269997 -0.015616 0.357227
v -0.271477 -0.005477 0.371392
v -0.279015 -0.011240 0.371089
v -0.264858 -0.015336 0.384929
v -0.261209 -0.015333 0.381142
v -0.266553 -0.015317 0.389252
v -0.264209 -0.007357 0.373656
v -0.258654 -0.015399 0.370203
v -0.264540 -0.015403 0.376497
v -0.273304 -0.015426 0.383973
v -0.260695 -0.015441 0.367498
v -0.269141 -0.015530 0.366541
v -0.259745 -0.015485 0.361148
v -0.269081 -0.005238 0.377745
v -0.266540 -0.006154 0.367466
v -0.275757 -0.015392 0.390903
v -0.272964 -0.007065 0.386758
v -0.278232 -0.015504 0.380274
v -0.278031 -0.015436 0.388168
v -0.267917 -0.015563 0.361202
v -0.278202 -0.015606 0.367937
v -0.262156 -0.010450 0.359683
v -0.264086 -0.015562 0.356843
v -0.275168 -0.006016 0.380084
v -0.280531 -0.015473 0.386658
v -0.283027 -0.015618 0.372123
v -0.273386 -0.015640 0.358196
v -0.274030 -0.007052 0.361748
v -0.282552 -0.009016 0.379413
v -0.279373 -0.006911 0.369860
v -0.284723 -0.015598 0.376446
v -0.282150 -0.015663 0.365673
v -0.275005 -0.011118 0.362585
v -0.086778 -0.008283 0.229471
v -0.091708 -0.000723 0.236077
v -0.095558 -0.008250 0.243653
v -0.097821 -0.008380 0.230535
v -0.092154 -0.008453 0.215180
v -0.091421 -0.002321 0.218894
v -0.096431 -0.002649 0.242158
v -0.103832 -0.008373 0.238437
v -0.106310 -0.008543 0.220846
v -0.098753 -0.008529 0.213750
v -0.097378 0.000845 0.226842
v -0.104217 -0.004454 0.228004
v -0.088772 -0.008233 0.237732
v -0.086214 -0.008243 0.233613
v -0.089466 -0.008205 0.241957
v -0.090383 -0.000897 0.227473
v -0.086022 -0.008327 0.223259
v -0.090114 -0.008310 0.230069
v -0.096570 -0.008302 0.238500
v -0.088385 -0.008367 0.221213
v -0.096183 -0.008436 0.221982
v -0.088754 -0.008419 0.215306
v -0.093991 0.001072 0.232107
v -0.093684 0.000205 0.222347
v -0.097444 -0.008255 0.245222
v -0.095748 -0.000590 0.240976
v -0.101727 -0.008372 0.236117
v -0.100022 -0.008296 0.243195
v -0.096111 -0.008477 0.216932
v -0.104082 -0.008487 0.224989
v -0.091223 -0.003776 0.214469
v -0.093498 -0.008490 0.212263
v -0.099025 0.000370 0.235388
v -0.102567 -0.008328 0.242317
v -0.107623 -0.008482 0.229695
v -0.101621 -0.008544 0.215278
v -0.101537 -0.000618 0.218635
v -0.105804 -0.002384 0.236198
v -0.104787 -0.000465 0.226980
v -0.108317 -0.008453 0.233919
v -0.108078 -0.008536 0.223710
v -0.102244 -0.004364 0.219564
v 0.566713 -0.008567 -0.376510
v 0.561261 -0.000205 -0.369204
v 0.557002 -0.008530 -0.360825
v 0.554499 -0.008675 -0.375334
v 0.560767 -0.008755 -0.392316
v 0.561577 -0.001972 -0.388209
v 0.556037 -0.002336 -0.362478
v 0.547851 -0.008666 -0.366594
v 0.545110 -0.008854 -0.386050
v 0.553468 -0.008839 -0.393899
v 0.554989 0.001529 -0.379418
v 0.547425 -0.004332 -0.378134
v 0.564507 -0.008512 -0.367374
v 0.567337 -0.008523 -0.371929
v 0.563740 -0.008481 -0.362701
v 0.562725 -0.000398 -0.378720
v 0.567549 -0.008616 -0.383382
v 0.563024 -0.008597 -0.375850
v 0.555882 -0.008588 -0.366524
v 0.564936 -0.008660 -0.385644
v 0.556311 -0.008736 -0.384794
v 0.564527 -0.008718 -0.392178
v 0.558735 0.001780 -0.373595
v 0.559075 0.000822 -0.384390
v 0.554915 -0.008536 -0.359090
v 0.556792 -0.000058 -0.363786
v 0.550179 -0.008665 -0.369159
v 0.552065 -0.008582 -0.361332
v 0.556391 -0.008781 -0.390380
v 0.547574 -0.008792 -0.381468
v 0.561796 -0.003582 -0.393103
v 0.559280 -0.008796 -0.395543
v 0.553167 0.001004 -0.369966
v 0.549249 -0.008617 -0.362303
v 0.543657 -0.008787 -0.376263
v 0.550296 -0.008855 -0.392208
v 0.550389 -0.000089 -0.388496
v 0.545669 -0.002043 -0.369070
v 0.546794 0.000080 -0.379266
v 0.542890 -0.008755 -0.371591
v 0.543155 -0.008846 -0.382883
v 0.549607 -0.004233 -0.387468
v -0.462440 -0.009968 -0.392770
v -0.470317 0.002112 -0.382215
v -0.476470 -0.009915 -0.370109
v -0.480086 -0.010124 -0.391070
v -0.471030 -0.010240 -0.415606
v -0.469859 -0.000441 -0.409672
v -0.477864 -0.000966 -0.372496
v -0.489691 -0.010111 -0.378443
v -0.493650 -0.010383 -0.406553
v -0.481575 -0.010361 -0.417892
v -0.479378 0.004618 -0.396971
v -0.490306 -0.003850 -0.395115
v -0.465626 -0.009889 -0.379569
v -0.461538 -0.009904 -0.386151
v -0.466735 -0.009844 -0.372819
v -0.468201 0.001834 -0.395963
v -0.461232 -0.010039 -0.402698
v -0.467770 -0.010011 -0.391815
v -0.478087 -0.009999 -0.378342
v -0.465007 -0.010102 -0.405965
v -0.477468 -0.010212 -0.404738
v -0.465597 -0.010186 -0.415406
v -0.473966 0.004980 -0.388557
v -0.473475 0.003596 -0.404154
v -0.479484 -0.009923 -0.367602
v -0.476773 0.002325 -0.374386
v -0.486327 -0.010110 -0.382150
v -0.483603 -0.009990 -0.370841
v -0.477353 -0.010278 -0.412808
v -0.490091 -0.010294 -0.399932
v -0.469543 -0.002767 -0.416743
v -0.473178 -0.010300 -0.420268
v -0.482010 0.003859 -0.383315
v -0.487671 -0.010040 -0.372244
v -0.495750 -0.010286 -0.392413
v -0.486158 -0.010385 -0.415450
v -0.486024 0.002280 -0.410086
v -0.492843 -0.000542 -0.382020
v -0.491218 0.002524 -0.396751
v -0.496858 -0.010240 -0.385663
v -0.496476 -0.010372 -0.401976
v -0.487154 -0.003706 -0.408602
v -0.257100 -0.008027 -0.170199
v -0.266329 0.006126 -0.157833
v -0.273538 -0.007965 -0.143649
v -0.277775 -0.008210 -0.168208
v -0.267165 -0.008346 -0.196955
v -0.265793 0.003135 -0.190002
v -0.275172 0.002520 -0.146447
v -0.289028 -0.008195 -0.153414
v -0.293667 -0.008513 -0.186348
v -0.279519 -0.008487 -0.199633
v -0.276945 0.009063 -0.175122
v -0.289749 -0.000860 -0.172947
v -0.260833 -0.007935 -0.154733
v -0.256044 -0.007953 -0.162445
v -0.262132 -0.007882 -0.146824
v -0.263850 0.005801 -0.173941
v -0.255685 -0.008110 -0.181831
v -0.263345 -0.008078 -0.169081
v -0.275433 -0.008063 -0.153295
v -0.260108 -0.008184 -0.185660
v -0.274708 -0.008313 -0.184222
v -0.260799 -0.008283 -0.196720
v -0.270605 0.009486 -0.165264
v -0.270029 0.007865 -0.183537
v -0.277070 -0.007975 -0.140712
v -0.273893 0.006376 -0.148661
v -0.285087 -0.008193 -0.157756
v -0.281895 -0.008053 -0.144506
v -0.274573 -0.008390 -0.193676
v -0.289497 -0.008409 -0.178591
v -0.265422 0.000410 -0.198287
v -0.269682 -0.008416 -0.202417
v -0.280029 0.008173 -0.159122
v -0.286661 -0.008112 -0.146150
v -0.296127 -0.008400 -0.169781
v -0.284890 -0.008515 -0.196772
v -0.284732 0.006322 -0.190487
v -0.292721 0.003016 -0.157605
v -0.290817 0.006609 -0.174863
v -0.297426 -0.008346 -0.161872
v -0.296978 -0.008501 -0.180986
v -0.286056 -0.000691 -0.188748
v 0.314635 -0.009269 -0.223158
v 0.306758 0.002811 -0.212602
v 0.300605 -0.009216 -0.200496
v 0.296988 -0.009425 -0.221457
v 0.306044 -0.009541 -0.245993
v 0.307215 0.000258 -0.240059
v 0.299210 -0.000267 -0.202884
v 0.287384 -0.009413 -0.208831
v 0.283424 -0.009684 -0.236940
v 0.295500 -0.009662 -0.248279
v 0.297697 0.005317 -0.227358
v 0.286768 -0.003151 -0.225502
v 0.311449 -0.009190 -0.209957
v 0.315536 -0.009205 -0.216539
v 0.310340 -0.009145 -0.203206
v 0.308873 0.002533 -0.226350
v 0.315843 -0.009340 -0.233085
v 0.309305 -0.009312 -0.222203
v 0.298987 -0.009300 -0.208729
v 0.312068 -0.009403 -0.236353
v 0.299606 -0.009513 -0.235126
v 0.311478 -0.009487 -0.245793
v 0.303109 0.005679 -0.218945
v 0.303600 0.004295 -0.234541
v 0.297590 -0.009224 -0.197989
v 0.300302 0.003024 -0.204774
v 0.290747 -0.009411 -0.212537
v 0.293472 -0.009291 -0.201228
v 0.299722 -0.009579 -0.243195
v 0.286984 -0.009595 -0.230319
v 0.307531 -0.002068 -0.247130
v 0.303896 -0.009601 -0.250655
v 0.295064 0.004558 -0.213703
v 0.289404 -0.009342 -0.202631
v 0.281325 -0.009587 -0.222800
v 0.290916 -0.009686 -0.245837
v 0.291050 0.002979 -0.240473
v 0.284232 0.000157 -0.212408
v 0.285857 0.003223 -0.227138
v 0.280216 -0.009542 -0.216050
v 0.280599 -0.009673 -0.232363
v 0.289921 -0.003007 -0.238989
v -0.402830 -0.012575 0.047834
v -0.393302 -0.000491 0.038730
v -0.386068 -0.012586 0.027112
v -0.385109 -0.012400 0.048360
v -0.397170 -0.012324 0.071566
v -0.397274 -0.002634 0.065839
v -0.384695 -0.003567 0.029938
v -0.373996 -0.012387 0.037038
v -0.373593 -0.012148 0.065421
v -0.386995 -0.012196 0.075156
v -0.386076 0.002426 0.054591
v -0.375270 -0.005855 0.053856
v -0.398013 -0.012634 0.035137
v -0.402894 -0.012632 0.041155
v -0.396066 -0.012670 0.028579
v -0.397131 -0.000601 0.052098
v -0.405273 -0.012519 0.057532
v -0.397421 -0.012526 0.047555
v -0.385496 -0.012511 0.035482
v -0.401937 -0.012456 0.061247
v -0.389420 -0.012332 0.061592
v -0.402535 -0.012383 0.070686
v -0.390382 0.002550 0.045573
v -0.392866 0.001394 0.060944
v -0.382763 -0.012572 0.025002
v -0.385909 -0.000267 0.031779
v -0.377798 -0.012397 0.040293
v -0.379083 -0.012505 0.028732
v -0.390546 -0.012277 0.069583
v -0.376294 -0.012232 0.058407
v -0.398548 -0.004859 0.072742
v -0.395624 -0.012268 0.076461
v -0.381779 0.001510 0.041346
v -0.375223 -0.012452 0.030634
v -0.369737 -0.012225 0.051656
v -0.382141 -0.012165 0.073308
v -0.381196 0.000422 0.068367
v -0.371008 -0.002694 0.041284
v -0.374365 0.000567 0.055794
v -0.367790 -0.012261 0.045099
v -0.370216 -0.012150 0.061235
v -0.380082 -0.005567 0.066848
v -0.336489 -0.007570 -0.264932
v -0.326962 0.004515 -0.274036
v -0.319728 -0.007580 -0.285654
v -0.318768 -0.007395 -0.264406
v -0.330830 -0.007318 -0.241199
v -0.330934 0.002372 -0.246927
v -0.318355 0.001439 -0.282828
v -0.307656 -0.007382 -0.275728
v -0.307252 -0.007142 -0.247345
v -0.320655 -0.007190 -0.237610
v -0.319736 0.007432 -0.258175
v -0.308930 -0.000849 -0.258910
v -0.331672 -0.007629 -0.277628
v -0.336554 -0.007626 -0.271611
v -0.329726 -0.007664 -0.284186
v -0.330791 0.004405 -0.260668
v -0.338932 -0.007513 -0.255234
v -0.331081 -0.007520 -0.265211
v -0.319155 -0.007505 -0.277284
v -0.335597 -0.007450 -0.251519
v -0.323080 -0.007326 -0.251174
v -0.336195 -0.007377 -0.242080
v -0.324042 0.007555 -0.267193
v -0.326526 0.006400 -0.251822
v -0.316422 -0.007566 -0.287764
v -0.319569 0.004739 -0.280986
v -0.311458 -0.007391 -0.272473
v -0.312743 -0.007500 -0.284034
v -0.324206 -0.007271 -0.243183
v -0.309954 -0.007226 -0.254359
v -0.332208 0.000147 -0.240023
v -0.329283 -0.007263 -0.236305
v -0.315438 0.006516 -0.271419
v -0.308883 -0.007447 -0.282132
v -0.303396 -0.007219 -0.261109
v -0.315801 -0.007159 -0.239458
v -0.314856 0.005428 -0.244399
v -0.304668 0.002312 -0.271481
v -0.308025 0.005573 -0.256971
v -0.301450 -0.007255 -0.267667
v -0.303875 -0.007144 -0.251531
v -0.313742 -0.000562 -0.245918
v 0.619052 -0.006686 -0.210728
v 0.625646 0.001678 -0.217029
v 0.630653 -0.006694 -0.225071
v 0.631317 -0.006565 -0.210363
v 0.622969 -0.006512 -0.194301
v 0.622897 0.000195 -0.198265
v 0.631604 -0.000451 -0.223115
v 0.639009 -0.006556 -0.218200
v 0.639288 -0.006390 -0.198554
v 0.630012 -0.006424 -0.191816
v 0.630648 0.003697 -0.206051
v 0.638127 -0.002035 -0.206559
v 0.622386 -0.006727 -0.219515
v 0.619007 -0.006725 -0.215351
v 0.623733 -0.006752 -0.224055
v 0.622996 0.001602 -0.207776
v 0.617361 -0.006647 -0.204015
v 0.622795 -0.006652 -0.210920
v 0.631050 -0.006642 -0.219277
v 0.619669 -0.006603 -0.201443
v 0.628333 -0.006518 -0.201205
v 0.619255 -0.006553 -0.194910
v 0.627667 0.003783 -0.212292
v 0.625948 0.002983 -0.201653
v 0.632941 -0.006684 -0.226531
v 0.630763 0.001833 -0.221840
v 0.636378 -0.006563 -0.215947
v 0.635488 -0.006638 -0.223949
v 0.627554 -0.006480 -0.195674
v 0.637419 -0.006449 -0.203410
v 0.622015 -0.001345 -0.193487
v 0.624039 -0.006474 -0.190913
v 0.633622 0.003063 -0.215218
v 0.638160 -0.006601 -0.222633
v 0.641957 -0.006444 -0.208082
v 0.633371 -0.006402 -0.193095
v 0.634026 0.002310 -0.196515
v 0.641077 0.000153 -0.215261
v 0.638754 0.002410 -0.205217
v 0.643304 -0.006469 -0.212621
v 0.641626 -0.006392 -0.201452
v 0.634797 -0.001836 -0.197567
v -0.164906 -0.010300 -0.306648
v -0.155378 0.001785 -0.315752
v -0.148144 -0.010310 -0.327370
v -0.147184 -0.010125 -0.306121
v -0.159246 -0.010048 -0.282915
v -0.159350 -0.000358 -0.288643
v -0.146771 -0.001291 -0.324544
v -0.136072 -0.010112 -0.317444
v -0.135669 -0.009872 -0.289060
v -0.149071 -0.009920 -0.279326
v -0.148152 0.004702 -0.299891
v -0.137346 -0.003579 -0.300625
v -0.160089 -0.010359 -0.319344
v -0.164970 -0.010356 -0.313327
v -0.158142 -0.010394 -0.325902
v -0.159207 0.001675 -0.302384
v -0.167348 -0.010243 -0.296950
v -0.159497 -0.010250 -0.306927
v -0.147572 -0.010235 -0.318999
v -0.164013 -0.010180 -0.293235
v -0.151496 -0.010056 -0.292890
v -0.164611 -0.010107 -0.283795
v -0.152458 0.004825 -0.308909
v -0.154942 0.003670 -0.293537
v -0.144839 -0.010296 -0.329479
v -0.147985 0.002009 -0.322702
v -0.139874 -0.010121 -0.314189
v -0.141159 -0.010229 -0.325750
v -0.152622 -0.010001 -0.284899
v -0.138370 -0.009956 -0.296075
v -0.160624 -0.002583 -0.281739
v -0.157699 -0.009993 -0.278021
v -0.143855 0.003786 -0.313135
v -0.137299 -0.010177 -0.323848
v -0.131813 -0.009949 -0.302825
v -0.144217 -0.009889 -0.281173
v -0.143272 0.002698 -0.286115
v -0.133084 -0.000418 -0.313197
v -0.136441 0.002843 -0.298687
v -0.129866 -0.009985 -0.309383
v -0.132292 -0.009874 -0.293247
v -0.142158 -0.003291 -0.287634
v 0.458771 -0.009821 0.247762
v 0.469934 0.004338 0.237095
v 0.478410 -0.009833 0.223483
v 0.479534 -0.009615 0.248379
v 0.465402 -0.009526 0.275567
v 0.465280 0.001828 0.268857
v 0.480019 0.000734 0.226794
v 0.492554 -0.009600 0.235113
v 0.493026 -0.009320 0.268368
v 0.477324 -0.009376 0.279773
v 0.478400 0.007756 0.255678
v 0.491061 -0.001946 0.254818
v 0.464415 -0.009890 0.232886
v 0.458696 -0.009886 0.239936
v 0.466696 -0.009931 0.225203
v 0.465448 0.004209 0.252758
v 0.455909 -0.009754 0.259124
v 0.465108 -0.009762 0.247435
v 0.479081 -0.009745 0.233290
v 0.459817 -0.009680 0.263477
v 0.474483 -0.009535 0.263881
v 0.459116 -0.009595 0.274536
v 0.473355 0.007901 0.245113
v 0.470445 0.006546 0.263122
v 0.482282 -0.009816 0.221011
v 0.478596 0.004600 0.228952
v 0.488099 -0.009611 0.238927
v 0.486594 -0.009738 0.225381
v 0.473163 -0.009470 0.273244
v 0.489862 -0.009418 0.260149
v 0.463788 -0.000780 0.276945
v 0.467214 -0.009461 0.281302
v 0.483435 0.006683 0.240161
v 0.491116 -0.009676 0.227610
v 0.497544 -0.009410 0.252240
v 0.483010 -0.009339 0.277608
v 0.484118 0.005407 0.271819
v 0.496055 0.001757 0.240088
v 0.492121 0.005577 0.257088
v 0.499824 -0.009452 0.244557
v 0.496983 -0.009322 0.263463
v 0.485424 -0.001610 0.270039
v 0.044971 -0.011667 0.334809
v 0.050933 -0.004104 0.329111
v 0.055460 -0.011674 0.321841
v 0.056061 -0.011557 0.335138
v 0.048512 -0.011510 0.349661
v 0.048447 -0.005445 0.346076
v 0.056319 -0.006030 0.323609
v 0.063014 -0.011549 0.328053
v 0.063267 -0.011399 0.345815
v 0.054880 -0.011430 0.351907
v 0.055455 -0.002279 0.339037
v 0.062217 -0.007461 0.338578
v 0.047985 -0.011704 0.326863
v 0.044930 -0.011702 0.330629
v 0.049203 -0.011726 0.322760
v 0.048537 -0.004173 0.337477
v 0.043442 -0.011631 0.340878
v 0.048355 -0.011636 0.334634
v 0.055818 -0.011627 0.327079
v 0.045529 -0.011592 0.343203
v 0.053362 -0.011515 0.343419
v 0.045155 -0.011546 0.349110
v 0.052760 -0.002202 0.333394
v 0.051206 -0.002925 0.343013
v 0.057528 -0.011665 0.320521
v 0.055560 -0.003964 0.324762
v 0.060635 -0.011555 0.330090
v 0.059831 -0.011623 0.322855
v 0.052658 -0.011480 0.348419
v 0.061577 -0.011452 0.341425
v 0.047650 -0.006838 0.350397
v 0.049480 -0.011475 0.352723
v 0.058144 -0.002852 0.330749
v 0.062246 -0.011590 0.324045
v 0.065680 -0.011448 0.337201
v 0.057917 -0.011410 0.350751
v 0.058509 -0.003533 0.347658
v 0.064885 -0.005483 0.330710
v 0.062784 -0.003442 0.339790
v 0.066898 -0.011470 0.333097
v 0.065380 -0.011401 0.343195
v 0.059206 -0.007281 0.346708
v -0.201025 -0.012098 0.548498
v -0.194558 -0.003896 0.542318
v -0.189647 -0.012106 0.534432
v -0.188996 -0.011980 0.548855
v -0.197184 -0.011928 0.564608
v -0.197254 -0.005350 0.560720
v -0.188716 -0.005984 0.536350
v -0.181453 -0.011971 0.541170
v -0.181179 -0.011808 0.560436
v -0.190277 -0.011841 0.567044
v -0.189653 -0.001915 0.553084
v -0.182318 -0.007536 0.552586
v -0.197756 -0.012138 0.539880
v -0.201069 -0.012136 0.543964
v -0.196434 -0.012163 0.535428
v -0.197157 -0.003970 0.551392
v -0.202683 -0.012060 0.555081
v -0.197354 -0.012065 0.548309
v -0.189259 -0.012055 0.540114
v -0.200419 -0.012017 0.557603
v -0.191923 -0.011933 0.557837
v -0.200825 -0.011968 0.564010
v -0.192576 -0.001831 0.546963
v -0.194262 -0.002616 0.557397
v -0.187404 -0.012096 0.533000
v -0.189539 -0.003744 0.537600
v -0.184034 -0.011977 0.543379
v -0.184906 -0.012051 0.535532
v -0.192687 -0.011896 0.563261
v -0.183013 -0.011865 0.555675
v -0.198119 -0.006860 0.565406
v -0.196134 -0.011890 0.567930
v -0.186736 -0.002537 0.544094
v -0.182286 -0.012015 0.536823
v -0.178562 -0.011861 0.551093
v -0.186982 -0.011820 0.565790
v -0.186340 -0.003276 0.562436
v -0.179425 -0.005391 0.544052
v -0.181704 -0.003177 0.553902
v -0.177241 -0.011885 0.546641
v -0.178887 -0.011810 0.557595
v -0.185584 -0.007341 0.561405
v 0.319518 -0.007371 -0.622417
v 0.329045 0.004713 -0.631521
v 0.336280 -0.007381 -0.643140
v 0.337239 -0.007196 -0.621891
v 0.325177 -0.007119 -0.598685
v 0.325073 0.002571 -0.604412
v 0.337653 0.001637 -0.640314
v 0.348351 -0.007183 -0.633213
v 0.348755 -0.006943 -0.604830
v 0.335352 -0.006992 -0.595095
v 0.336271 0.007631 -0.615660
v 0.347077 -0.000650 -0.616395
v 0.324335 -0.007430 -0.635114
v 0.319454 -0.007427 -0.629096
v 0.326281 -0.007466 -0.641672
v 0.325216 0.004604 -0.618153
v 0.317075 -0.007314 -0.612719
v 0.324926 -0.007321 -0.622696
v 0.336852 -0.007306 -0.634769
v 0.320411 -0.007251 -0.609004
v 0.332927 -0.007128 -0.608659
v 0.319812 -0.007178 -0.599565
v 0.331965 0.007754 -0.624678
v 0.329481 0.006598 -0.609307
v 0.339585 -0.007367 -0.645249
v 0.336439 0.004937 -0.638472
v 0.344550 -0.007192 -0.629958
v 0.343265 -0.007301 -0.641519
v 0.331801 -0.007072 -0.600668
v 0.346054 -0.007028 -0.611845
v 0.323800 0.000346 -0.597508
v 0.326724 -0.007064 -0.593790
v 0.340569 0.006715 -0.628905
v 0.347124 -0.007248 -0.639617
v 0.352611 -0.007020 -0.618595
v 0.340206 -0.006960 -0.596943
v 0.341152 0.005626 -0.601884
v 0.351340 0.002511 -0.628967
v 0.347982 0.005772 -0.614457
v 0.354557 -0.007056 -0.625152
v 0.352132 -0.006946 -0.609016
v 0.342266 -0.000363 -0.603403
v 0.358789 -0.010052 -0.314224
v 0.365383 -0.001688 -0.320525
v 0.370390 -0.010060 -0.328567
v 0.371055 -0.009931 -0.313860
v 0.362706 -0.009878 -0.297797
v 0.362634 -0.003171 -0.301762
v 0.371341 -0.003817 -0.326611
v 0.378746 -0.009922 -0.321696
v 0.379025 -0.009756 -0.302051
v 0.369749 -0.009790 -0.295312
v 0.370385 0.000331 -0.309547
v 0.377864 -0.005400 -0.310055
v 0.362123 -0.010093 -0.323012
v 0.358744 -0.010091 -0.318847
v 0.363470 -0.010118 -0.327551
v 0.362733 -0.001764 -0.311273
v 0.357098 -0.010013 -0.307511
v 0.362532 -0.010018 -0.314417
v 0.370787 -0.010008 -0.322773
v 0.359406 -0.009969 -0.304940
v 0.368070 -0.009884 -0.304701
v 0.358992 -0.009919 -0.298406
v 0.367405 0.000417 -0.315789
v 0.365685 -0.000383 -0.305149
v 0.372678 -0.010050 -0.330027
v 0.370501 -0.001533 -0.325336
v 0.376115 -0.009929 -0.319443
v 0.375226 -0.010004 -0.327445
v 0.367291 -0.009845 -0.299170
v 0.377156 -0.009815 -0.306906
v 0.361752 -0.004711 -0.296983
v 0.363777 -0.009840 -0.294410
v 0.373359 -0.000303 -0.318714
v 0.377897 -0.009967 -0.326129
v 0.381694 -0.009810 -0.311578
v 0.373108 -0.009768 -0.296592
v 0.373763 -0.001056 -0.300012
v 0.380814 -0.003213 -0.318757
v 0.378491 -0.000956 -0.308714
v 0.383042 -0.009834 -0.316117
v 0.381363 -0.009758 -0.304948
v 0.374534 -0.005201 -0.301063
v -0.277877 -0.003486 0.235939
v -0.271915 0.004076 0.230241
v -0.267388 -0.003493 0.222971
v -0.266787 -0.003377 0.236268
v -0.274335 -0.003329 0.250790
v -0.274400 0.002736 0.247206
v -0.266528 0.002151 0.224739
v -0.259833 -0.003368 0.229182
v -0.259580 -0.003219 0.246945
v -0.267968 -0.003249 0.253037
v -0.267392 0.005902 0.240167
v -0.260630 0.000720 0.239708
v -0.274862 -0.003523 0.227993
v -0.277917 -0.003521 0.231759
v -0.273644 -0.003545 0.223889
v -0.274311 0.004008 0.238607
v -0.279406 -0.003450 0.242007
v -0.274492 -0.003455 0.235764
v -0.267029 -0.003446 0.228209
v -0.277318 -0.003411 0.244333
v -0.269485 -0.003334 0.244548
v -0.277693 -0.003366 0.250240
v -0.270087 0.005979 0.234524
v -0.271642 0.005256 0.244143
v -0.265319 -0.003484 0.221651
v -0.267288 0.004216 0.225892
v -0.262212 -0.003374 0.231220
v -0.263016 -0.003442 0.223985
v -0.270190 -0.003299 0.249549
v -0.261271 -0.003271 0.242555
v -0.275197 0.001343 0.251526
v -0.273367 -0.003294 0.253853
v -0.264703 0.005329 0.231879
v -0.260601 -0.003409 0.225175
v -0.257167 -0.003267 0.238331
v -0.264930 -0.003229 0.251880
v -0.264339 0.004648 0.248788
v -0.257963 0.002698 0.231840
v -0.260064 0.004738 0.240920
v -0.255949 -0.003289 0.234227
v -0.257467 -0.003220 0.244325
v -0.263641 0.000900 0.247838
v -0.002202 -0.010018 0.260027
v 0.007325 0.002066 0.250922
v 0.014559 -0.010029 0.239304
v 0.015519 -0.009843 0.260553
v 0.003457 -0.009767 0.283759
v 0.003353 -0.000076 0.278032
v 0.015933 -0.001010 0.242130
v 0.026632 -0.009830 0.249231
v 0.027035 -0.009591 0.277614
v 0.013632 -0.009639 0.287349
v 0.014551 0.004983 0.266784
v 0.025357 -0.003298 0.266049
v 0.002615 -0.010077 0.247330
v -0.002266 -0.010074 0.253347
v 0.004561 -0.010113 0.240772
v 0.003496 0.001956 0.264291
v -0.004645 -0.009961 0.269724
v 0.003206 -0.009969 0.259748
v 0.015132 -0.009954 0.247675
v -0.001309 -0.009898 0.273440
v 0.011207 -0.009775 0.273785
v -0.001908 -0.009826 0.282879
v 0.010245 0.005107 0.257766
v 0.007761 0.003951 0.273137
v 0.017865 -0.010015 0.237195
v 0.014718 0.002290 0.243972
v 0.022830 -0.009840 0.252486
v 0.021545 -0.009948 0.240925
v 0.010081 -0.009720 0.281776
v 0.024334 -0.009675 0.270599
v 0.002080 -0.002302 0.284935
v 0.005004 -0.009711 0.288653
v 0.018849 0.004067 0.253539
v 0.025404 -0.009895 0.242827
v 0.030891 -0.009668 0.263849
v 0.018486 -0.009608 0.285501
v 0.019432 0.002979 0.280560
v 0.029619 -0.000137 0.253477
v 0.026262 0.003124 0.267987
v 0.032837 -0.009704 0.257292
v 0.030412 -0.009593 0.273428
v 0.020546 -0.003010 0.279041
v -0.560233 -0.010224 -0.225844
v -0.545454 0.005035 -0.233559
v -0.532707 -0.010118 -0.244988
v -0.539010 -0.009963 -0.218985
v -0.561731 -0.009984 -0.195191
v -0.559787 0.002228 -0.202197
v -0.531987 0.001220 -0.241139
v -0.521610 -0.009876 -0.228758
v -0.531092 -0.009682 -0.194333
v -0.550701 -0.009812 -0.187282
v -0.542279 0.008663 -0.211877
v -0.529018 -0.001725 -0.208925
v -0.549955 -0.010238 -0.239488
v -0.557965 -0.010269 -0.233934
v -0.545300 -0.010254 -0.246726
v -0.554775 0.004837 -0.218755
v -0.566590 -0.010195 -0.214989
v -0.553602 -0.010147 -0.224281
v -0.534955 -0.010054 -0.234676
v -0.563866 -0.010122 -0.209330
v -0.548866 -0.009938 -0.204517
v -0.567904 -0.010068 -0.198138
v -0.544312 0.008842 -0.224283
v -0.552719 0.007323 -0.206582
v -0.527973 -0.010084 -0.246374
v -0.534080 0.005362 -0.239358
v -0.527346 -0.009910 -0.226162
v -0.524838 -0.010006 -0.240577
v -0.553033 -0.009901 -0.195260
v -0.531891 -0.009768 -0.203755
v -0.563764 -0.000601 -0.194293
v -0.561582 -0.009929 -0.188736
v -0.532441 0.007571 -0.226361
v -0.520844 -0.009937 -0.236924
v -0.521599 -0.009717 -0.209605
v -0.544188 -0.009754 -0.187809
v -0.541235 0.006101 -0.193512
v -0.519434 0.002309 -0.222630
v -0.528567 0.006348 -0.206300
v -0.516945 -0.009732 -0.216842
v -0.525542 -0.009661 -0.198203
v -0.539391 -0.001425 -0.194924
v 0.140703 -0.011605 0.558666
v 0.150735 -0.001247 0.553429
v 0.159388 -0.011533 0.545671
v 0.155109 -0.011427 0.563322
v 0.139686 -0.011442 0.579473
v 0.141006 -0.003152 0.574717
v 0.159877 -0.003836 0.548284
v 0.166920 -0.011369 0.556688
v 0.160484 -0.011237 0.580055
v 0.147174 -0.011325 0.584842
v 0.152891 0.001216 0.568147
v 0.161892 -0.005836 0.570150
v 0.147680 -0.011614 0.549404
v 0.142243 -0.011635 0.553174
v 0.150839 -0.011625 0.544491
v 0.144408 -0.001381 0.563478
v 0.136388 -0.011585 0.566034
v 0.145205 -0.011553 0.559726
v 0.157862 -0.011489 0.552671
v 0.138238 -0.011535 0.569876
v 0.148419 -0.011410 0.573143
v 0.135497 -0.011499 0.577473
v 0.151510 0.001337 0.559726
v 0.145804 0.000306 0.571741
v 0.162601 -0.011509 0.544730
v 0.158456 -0.001025 0.549492
v 0.163027 -0.011391 0.558450
v 0.164730 -0.011456 0.548665
v 0.145591 -0.011385 0.579426
v 0.159942 -0.011295 0.573660
v 0.138307 -0.005073 0.580082
v 0.139788 -0.011404 0.583855
v 0.159568 0.000475 0.558315
v 0.167441 -0.011410 0.551145
v 0.166928 -0.011261 0.569689
v 0.151594 -0.011285 0.584484
v 0.153599 -0.000523 0.580613
v 0.168397 -0.003097 0.560847
v 0.162198 -0.000356 0.571932
v 0.170087 -0.011271 0.564776
v 0.164251 -0.011222 0.577428
v 0.154851 -0.005632 0.579654
v -0.354051 -0.010836 -0.513699
v -0.339272 0.004424 -0.521414
v -0.326525 -0.010730 -0.532843
v -0.332829 -0.010574 -0.506840
v -0.355549 -0.010596 -0.483046
v -0.353605 0.001616 -0.490052
v -0.325805 0.000608 -0.528995
v -0.315428 -0.010488 -0.516614
v -0.324909 -0.010294 -0.482189
v -0.344519 -0.010424 -0.475137
v -0.336097 0.008051 -0.499733
v -0.322835 -0.002337 -0.496780
v -0.343773 -0.010850 -0.527344
v -0.351783 -0.010881 -0.521790
v -0.339118 -0.010865 -0.534581
v -0.348593 0.004226 -0.506611
v -0.360408 -0.010807 -0.502844
v -0.347420 -0.010759 -0.512137
v -0.328773 -0.010666 -0.522531
v -0.357684 -0.010734 -0.497185
v -0.342684 -0.010549 -0.492372
v -0.361722 -0.010680 -0.485993
v -0.338130 0.008230 -0.512138
v -0.346537 0.006712 -0.494437
v -0.321791 -0.010696 -0.534230
v -0.327898 0.004750 -0.527214
v -0.321164 -0.010522 -0.514017
v -0.318656 -0.010617 -0.528433
v -0.346851 -0.010513 -0.483116
v -0.325709 -0.010379 -0.491610
v -0.357582 -0.001213 -0.482149
v -0.355400 -0.010541 -0.476591
v -0.326259 0.006959 -0.514216
v -0.314662 -0.010548 -0.524780
v -0.315417 -0.010329 -0.497460
v -0.338006 -0.010366 -0.475664
v -0.335053 0.005489 -0.481367
v -0.313252 0.001697 -0.510485
v -0.322384 0.005736 -0.494155
v -0.310763 -0.010344 -0.504698
v -0.319360 -0.010272 -0.486059
v -0.333209 -0.002037 -0.482779
v 0.363283 -0.014443 0.415200
v 0.380598 0.003435 0.406162
v 0.395533 -0.014319 0.392771
v 0.388147 -0.014137 0.423237
v 0.361527 -0.014162 0.451115
v 0.363805 0.000146 0.442906
v 0.396377 -0.001035 0.397280
v 0.408534 -0.014036 0.411786
v 0.397426 -0.013808 0.452120
v 0.374451 -0.013961 0.460382
v 0.384318 0.007685 0.431565
v 0.399855 -0.004486 0.435023
v 0.375325 -0.014460 0.399214
v 0.365940 -0.014496 0.405722
v 0.380778 -0.014478 0.390735
v 0.369677 0.003203 0.423506
v 0.355835 -0.014409 0.427919
v 0.371052 -0.014353 0.417031
v 0.392898 -0.014244 0.404853
v 0.359026 -0.014324 0.434549
v 0.376600 -0.014108 0.440188
v 0.354295 -0.014260 0.447662
v 0.381936 0.007895 0.417030
v 0.372086 0.006116 0.437769
v 0.401079 -0.014279 0.391146
v 0.393924 0.003817 0.399367
v 0.401814 -0.014075 0.414828
v 0.404752 -0.014187 0.397939
v 0.371718 -0.014065 0.451033
v 0.396489 -0.013909 0.441081
v 0.359146 -0.003169 0.452166
v 0.361702 -0.014098 0.458677
v 0.395844 0.006406 0.414595
v 0.409432 -0.014107 0.402219
v 0.408547 -0.013849 0.434227
v 0.382081 -0.013892 0.459764
v 0.385541 0.004683 0.453082
v 0.411083 0.000241 0.418966
v 0.400384 0.004973 0.438099
v 0.414000 -0.013867 0.425747
v 0.403927 -0.013783 0.447585
v 0.387701 -0.004134 0.451428
v -0.237740 -0.011587 0.245242
v -0.228491 -0.002038 0.240414
v -0.220514 -0.011521 0.233262
v -0.224459 -0.011424 0.249534
v -0.238677 -0.011437 0.264425
v -0.237461 -0.003795 0.260040
v -0.220063 -0.004426 0.235670
v -0.213570 -0.011370 0.243418
v -0.219503 -0.011248 0.264961
v -0.231774 -0.011330 0.269374
v -0.226504 0.000232 0.253982
v -0.218205 -0.006269 0.255830
v -0.231308 -0.011596 0.236703
v -0.236320 -0.011616 0.240179
v -0.228395 -0.011606 0.232174
v -0.234324 -0.002162 0.249678
v -0.241718 -0.011569 0.252035
v -0.233590 -0.011539 0.246220
v -0.221921 -0.011481 0.239715
v -0.240013 -0.011524 0.255577
v -0.230626 -0.011408 0.258588
v -0.242540 -0.011490 0.262580
v -0.227776 0.000344 0.246219
v -0.233037 -0.000606 0.257296
v -0.217552 -0.011500 0.232394
v -0.221373 -0.001834 0.236784
v -0.217159 -0.011391 0.245043
v -0.215590 -0.011451 0.236022
v -0.233234 -0.011385 0.264381
v -0.220003 -0.011302 0.259065
v -0.239949 -0.005565 0.264986
v -0.238584 -0.011403 0.268464
v -0.220348 -0.000451 0.244919
v -0.213090 -0.011408 0.238308
v -0.213563 -0.011270 0.255404
v -0.227699 -0.011293 0.269044
v -0.225851 -0.001371 0.265475
v -0.212208 -0.003744 0.247253
v -0.217923 -0.001217 0.257473
v -0.210650 -0.011280 0.250875
v -0.216030 -0.011235 0.262539
v -0.224697 -0.006081 0.264592
vn 0.0096 -0.9999 0.0083
vn 0.6005 0.7234 0.3408
vn -0.8435 0.4725 -0.2553
vn -0.2046 0.9142 -0.3499
vn -0.5871 0.8095 -0.0057
vn 0.4353 0.8319 -0.3441
vn 0.0571 0.6292 0.7751
vn 0.1130 0.9849 0.1310
vn 0.7094 0.0418 0.7036
vn 0.5677 -0.0154 0.8231
vn 0.8049 -0.2237 0.5496
vn 0.4395 0.4236 0.7921
vn -0.0096 0.9999 -0.0083
vn 0.6767 0.4279 0.5991
vn 0.9755 0.1101 -0.1905
vn 0.6989 0.5077 -0.5038
vn 0.3791 0.9252 -0.0168
vn 0.1544 0.9875 0.0304
vn -0.0553 0.9885 0.1410
vn -0.2796 0.9016 0.3301
vn -0.1620 0.4418 0.8823
vn 0.6918 0.4909 -0.5296
vn 0.8401 0.5073 -0.1922
vn 0.0742 0.9815 -0.1762
vn 0.1059 0.9944 -0.0030
vn -0.1208 0.4871 0.8650
vn -0.8231 0.1360 0.5514
vn -0.6414 0.6577 -0.3951
vn 0.1902 0.4674 -0.8633
vn 0.0143 0.4182 -0.9082
vn -0.3762 0.6025 -0.7039
vn -0.1109 0.9933 0.0325
vn -0.4079 0.9056 -0.1160
vn -0.8430 0.5334 -0.0698
vn -0.7761 0.5209 -0.3554
vn -0.6101 0.5135 -0.6034
vn -0.7482 0.6518 -0.1237
vn 0.0106 -0.9999 0.0134
vn 0.9900 0.1002 -0.0991
vn -0.0106 0.9999 -0.0134
vn 0.7011 0.1119 -0.7042
vn 0.2527 0.0842 -0.9639
vn 0.9852 0.0897 -0.1464
vn -0.8673 0.4887 -0.0947
vn -0.7615 0.3930 -0.5155
vn -0.8500 0.3512 -0.3927
vn 0.4078 0.9129 -0.0157
vn 0.6260 0.7322 -0.2684
vn 0.4441 0.8281 -0.3422
vn 0.3249 0.7203 0.6128
vn 0.5373 0.1598 0.8281
vn 0.7506 0.6056 0.2642
vn -0.4596 0.4572 0.7614
vn -0.4352 0.0794 0.8968
vn -0.3094 0.0868 0.9470
vn -0.8355 0.5370 0.1162
vn -0.8509 0.5252 -0.0102
vn -0.7703 0.5510 0.3210
vn -0.7051 0.5638 0.4300
vn -0.8432 0.4389 0.3104
vn -0.7284 0.4395 0.5256
vn -0.6569 0.5865 0.4738
vn -0.7499 0.6066 0.2641
vn -0.7308 0.5798 0.3603
vn -0.6486 0.4226 0.6330
vn -0.7186 0.4079 0.5632
vn -0.5636 0.0817 0.8220
vn -0.4765 0.6493 0.5927
vn -0.5019 0.5270 0.6859
vn -0.2653 0.6476 0.7143
vn -0.2433 0.5551 0.7954
vn -0.4774 0.4229 0.7702
vn -0.2499 0.1191 0.9609
vn 0.0344 0.5663 0.8235
vn -0.1131 0.1046 0.9881
vn 0.3065 0.1306 0.9429
vn -0.3572 0.8055 0.4728
vn -0.0587 0.8401 0.5393
vn 0.0717 0.9590 0.2742
vn 0.4352 0.8905 0.1328
vn 0.2972 0.8375 0.4585
vn 0.6929 0.7138 0.1017
vn 0.4558 0.8847 0.0981
vn 0.7057 0.7048 0.0717
vn 0.6915 0.7102 -0.1323
vn -0.3749 0.8224 0.4280
vn 0.0692 0.9617 0.2654
vn -0.3685 0.9205 0.1299
vn -0.3367 0.9389 0.0721
vn 0.2040 0.9769 0.0636
vn 0.3248 0.8864 -0.3298
vn -0.3951 0.9120 -0.1106
vn 0.3027 0.8768 -0.3736
vn -0.3120 0.7159 -0.6246
vn -0.7052 0.5752 0.4145
vn -0.7956 0.5983 0.0952
vn -0.8459 0.5058 0.1692
vn -0.8962 0.4120 -0.1647
vn -0.8095 0.5243 -0.2642
vn -0.8215 0.3485 -0.4513
vn -0.8074 0.5630 -0.1766
vn -0.7899 0.4182 -0.4485
vn -0.8243 0.4518 -0.3412
vn -0.9642 0.2613 0.0454
vn -0.9536 0.3001 -0.0239
vn -0.7847 0.5226 0.3333
vn -0.7429 0.4412 0.5035
vn -0.8800 0.1748 0.4417
vn -0.7021 0.1630 0.6931
vn -0.6930 0.4739 0.5433
vn -0.4909 0.3254 0.8082
vn -0.4140 0.2288 0.8811
vn 0.4519 0.1799 0.8737
vn 0.9845 0.1626 -0.0653
vn 0.9746 0.1936 0.1128
vn 0.9872 0.1131 -0.1124
vn 0.8841 0.4555 -0.1039
vn 0.9117 0.3255 -0.2508
vn 0.8289 0.4906 -0.2687
vn 0.6680 0.6048 -0.4335
vn 0.6474 0.4941 -0.5803
vn 0.5185 0.6551 -0.5495
vn 0.5396 0.6663 -0.5147
vn 0.6632 0.5071 -0.5505
vn 0.0494 0.1345 -0.9897
vn 0.4154 0.7178 -0.5587
vn 0.4159 0.1345 -0.8994
vn -0.1561 0.6201 -0.7688
vn -0.4546 0.0468 -0.8894
vn -0.5810 0.0402 -0.8129
vn -0.5345 0.0544 -0.8434
vn 0.0107 -0.9999 0.0134
vn -0.6760 0.1075 -0.7290
vn -0.8275 0.2071 -0.5218
vn 0.8158 0.4571 -0.3542
vn 0.9062 0.3102 -0.2873
vn 0.8005 0.3828 -0.4613
vn 0.7868 0.4514 -0.4210
vn 0.9207 0.1842 -0.3441
vn 0.9519 0.3043 0.0356
vn 0.5046 0.1308 -0.8534
vn 0.8030 0.0742 -0.5913
vn -0.5792 0.0443 -0.8140
vn -0.1380 0.0295 -0.9900
vn -0.9642 0.1628 -0.2096
vn 0.0105 -0.9999 0.0133
vn 0.0839 -0.9937 0.0739
vn -0.9837 0.1257 -0.1288
vn -0.0840 0.9937 -0.0739
vn -0.8450 0.1255 0.5199
vn -0.0839 0.9937 -0.0739
vn -0.4665 0.0835 0.8806
vn -0.9901 0.1140 -0.0815
vn 0.8107 0.5312 0.2463
vn 0.6200 0.4212 0.6620
vn 0.7404 0.3725 0.5595
vn -0.4380 0.8873 -0.1442
vn -0.6784 0.7331 0.0494
vn -0.5421 0.8279 0.1441
vn -0.2291 0.7131 -0.6626
vn -0.3510 0.1903 -0.9168
vn -0.6638 0.6090 -0.4341
vn 0.5581 0.4862 -0.6724
vn 0.6115 0.0891 -0.7862
vn 0.4978 0.1002 -0.8615
vn 0.8122 0.5830 0.0195
vn 0.8062 0.5716 0.1523
vn 0.7793 0.5940 -0.1996
vn 0.7296 0.6044 -0.3200
vn 0.8663 0.4721 -0.1630
vn 0.7875 0.4711 -0.3975
vn 0.6847 0.6261 -0.3731
vn 0.7405 0.6543 -0.1532
vn 0.7415 0.6232 -0.2487
vn 0.7283 0.4522 -0.5149
vn 0.7884 0.4369 -0.4331
vn 0.7217 0.0881 -0.6866
vn 0.5148 0.6812 -0.5206
vn 0.5756 0.5583 -0.5975
vn 0.3323 0.6691 -0.6648
vn 0.3396 0.5794 -0.7409
vn 0.5824 0.4511 -0.6763
vn 0.4383 0.1360 -0.8885
vn 0.0835 0.5834 -0.8079
vn 0.3123 0.1235 -0.9419
vn -0.1053 0.1576 -0.9819
vn 0.3532 0.8272 -0.4369
vn 0.0835 0.8360 -0.5423
vn -0.0945 0.9367 -0.3370
vn -0.4278 0.8612 -0.2745
vn -0.2425 0.8151 -0.5261
vn -0.6486 0.7052 -0.2863
vn -0.4522 0.8566 -0.2484
vn -0.6663 0.6980 -0.2625
vn -0.7015 0.7079 -0.0826
vn 0.3597 0.8457 -0.3942
vn -0.0943 0.9396 -0.3291
vn 0.2849 0.9499 -0.1285
vn 0.2408 0.9670 -0.0826
vn -0.2523 0.9508 -0.1795
vn -0.4388 0.8856 0.1523
vn 0.2662 0.9581 0.1053
vn -0.4297 0.8809 0.1983
vn 0.1002 0.7762 0.6225
vn 0.7254 0.6166 -0.3059
vn 0.7592 0.6503 0.0255
vn 0.8362 0.5477 -0.0283
vn 0.8326 0.4433 0.3320
vn 0.7132 0.5730 0.4038
vn 0.6985 0.3693 0.6130
vn 0.7246 0.6160 0.3089
vn 0.6624 0.4506 0.5984
vn 0.7188 0.4897 0.4935
vn 0.9513 0.2709 0.1467
vn 0.9254 0.3148 0.2110
vn 0.8001 0.5633 -0.2060
vn 0.7980 0.4732 -0.3733
vn 0.9495 0.1792 -0.2574
vn 0.8239 0.1722 -0.5400
vn 0.7499 0.5075 -0.4243
vn 0.6169 0.3497 -0.7051
vn 0.5684 0.2491 -0.7841
vn -0.2616 0.2100 -0.9421
vn -0.0840 0.9937 -0.0740
vn -0.9678 0.1908 -0.1645
vn -0.9163 0.2239 -0.3322
vn 0.0839 -0.9937 0.0740
vn -0.9834 0.1390 -0.1164
vn -0.8698 0.4765 -0.1279
vn -0.9358 0.3523 0.0124
vn -0.8593 0.5106 0.0308
vn -0.7563 0.6214 0.2045
vn -0.7748 0.5187 0.3614
vn -0.6544 0.6751 0.3406
vn -0.6644 0.6839 0.3014
vn -0.7816 0.5308 0.3277
vn -0.2791 0.1344 0.9508
vn -0.5673 0.7381 0.3652
vn -0.6161 0.1422 0.7747
vn -0.0774 0.6697 0.7386
vn 0.2473 0.0293 0.9685
vn 0.3884 0.0205 0.9213
vn 0.3354 0.0365 0.9414
vn 0.4981 0.0937 0.8620
vn 0.6934 0.2057 0.6905
vn -0.8697 0.4798 0.1157
vn -0.9402 0.3370 0.0493
vn -0.8840 0.4081 0.2281
vn -0.8604 0.4749 0.1849
vn -0.9713 0.2093 0.1131
vn -0.9064 0.3328 -0.2602
vn -0.6910 0.1403 0.7091
vn -0.9159 0.0884 0.3915
vn 0.3863 0.0250 0.9220
vn -0.0836 0.0156 0.9964
vn 0.0840 -0.9937 0.0740
vn 0.8987 0.1567 0.4096
vn -0.7784 0.0885 0.6215
vn 0.7218 0.4119 0.5561
vn -0.5621 0.8265 0.0304
vn -0.4849 0.6207 -0.6161
vn 0.5904 0.1074 -0.7999
vn 0.7563 0.6536 0.0287
vn 0.7786 0.5362 -0.3260
vn 0.7771 0.5743 -0.2575
vn 0.7191 0.4685 -0.5132
vn 0.5204 0.6273 -0.5793
vn 0.4470 0.4645 -0.7645
vn 0.1208 0.1828 -0.9757
vn 0.0808 0.8824 -0.4636
vn -0.4356 0.8242 -0.3619
vn -0.6464 0.7434 -0.1719
vn 0.2660 0.9124 -0.3111
vn -0.2432 0.9667 -0.0794
vn 0.0230 0.9454 0.3252
vn 0.7911 0.6099 -0.0468
vn 0.7756 0.4581 0.4343
vn 0.7207 0.4869 0.4935
vn 0.9475 0.2721 0.1677
vn 0.8805 0.2795 -0.3828
vn 0.7226 0.1931 -0.6637
vn -0.9136 0.1432 -0.3807
vn -0.9625 0.1613 -0.2180
vn -0.8984 0.4378 -0.0348
vn -0.7434 0.6038 0.2876
vn -0.7244 0.5694 0.3887
vn -0.4580 0.6694 0.5849
vn 0.3072 0.0161 0.9515
vn 0.5183 0.0886 0.8506
vn -0.8867 0.4397 0.1430
vn -0.9550 0.2635 -0.1358
vn -0.7038 0.1295 0.6985
vn 0.2365 -0.0018 0.9716
vn 0.0248 -0.9995 0.0213
vn -0.0248 0.9995 -0.0213
vn 0.0248 -0.9995 0.0214
vn 0.5598 0.2478 0.7907
vn 0.3177 0.0558 0.9466
vn 0.8654 0.0276 0.5004
vn -0.5752 0.0736 0.8147
vn -0.0248 0.9995 -0.0214
vn -0.2115 0.2659 0.9405
vn 0.0713 0.0782 0.9944
vn 0.0395 0.3501 0.9359
vn -0.7165 0.0703 0.6940
vn 0.9563 0.0355 -0.2901
vn -0.7890 0.6115 0.0591
vn -0.7170 0.4463 0.5355
vn -0.5553 0.6456 0.5243
vn -0.8447 0.5274 -0.0910
vn -0.9558 0.1670 0.2419
vn -0.7623 0.4524 0.4628
vn -0.7039 0.4626 -0.5390
vn -0.7466 0.1370 -0.6510
vn -0.8905 0.1850 -0.4156
vn -0.3380 0.4265 -0.8390
vn 0.0956 0.1048 -0.9899
vn -0.1247 0.1251 -0.9843
vn -0.1207 0.7183 -0.6852
vn 0.4682 0.7155 -0.5185
vn 0.3191 0.5334 -0.7834
vn -0.5457 0.4433 -0.7111
vn -0.4218 0.5381 -0.7297
vn -0.4863 0.4476 -0.7505
vn -0.3451 0.4409 -0.8286
vn -0.3099 0.5471 -0.7776
vn 0.0121 0.4712 -0.8820
vn -0.3313 0.4306 -0.8396
vn 0.0104 0.4729 -0.8811
vn 0.1009 0.1052 -0.9893
vn -0.5580 0.4225 -0.7142
vn -0.5038 0.4311 -0.7486
vn -0.5842 0.4377 -0.6834
vn -0.6041 0.4645 -0.6475
vn -0.5232 0.4515 -0.7228
vn -0.2839 0.1472 -0.9475
vn -0.6046 0.4639 -0.6475
vn -0.2462 0.1589 -0.9561
vn -0.5219 0.1450 -0.8406
vn -0.6145 0.4339 -0.6589
vn -0.6502 0.4497 -0.6124
vn -0.7274 0.4390 -0.5274
vn -0.7390 0.4264 -0.5216
vn -0.6787 0.4178 -0.6040
vn -0.8815 0.1780 -0.4374
vn -0.8305 0.4276 -0.3569
vn -0.9195 0.1702 -0.3543
vn -0.9851 0.1542 0.0760
vn -0.5939 0.4006 -0.6977
vn -0.7125 0.4158 -0.5652
vn -0.7211 0.4715 -0.5076
vn -0.8851 0.4646 -0.0266
vn -0.9002 0.4262 -0.0891
vn -0.8515 0.3422 0.3974
vn -0.8861 0.4415 -0.1411
vn -0.9329 0.3296 0.1452
vn -0.8895 0.3616 0.2792
vn -0.5280 0.4337 -0.7302
vn -0.6602 0.5462 -0.5156
vn -0.4461 0.5501 -0.7060
vn -0.4162 0.7769 -0.4725
vn -0.6912 0.6726 -0.2642
vn -0.4763 0.8376 0.2677
vn -0.3160 0.8172 -0.4820
vn -0.4135 0.8576 0.3060
vn 0.1403 0.9890 -0.0465
vn 0.8117 0.4388 -0.3855
vn 0.9163 0.1794 -0.3579
vn 0.6591 0.3471 -0.6672
vn 0.6486 0.3937 -0.6515
vn 0.8984 0.0727 -0.4331
vn 0.9425 0.0545 -0.3297
vn 0.2947 0.4095 -0.8634
vn 0.5684 0.0836 -0.8185
vn -0.0063 0.1157 -0.9933
vn 0.0247 -0.9995 0.0213
vn -0.0247 0.9995 -0.0213
vn -0.7788 0.0862 0.6213
vn -0.3523 0.0556 0.9343
vn -0.7503 0.0827 0.6560
vn -0.6700 0.0477 0.7408
vn -0.7212 0.1032 0.6850
vn -0.6900 0.0315 0.7231
vn -0.7135 0.1646 0.6810
vn -0.5898 0.3794 0.7129
vn -0.3332 0.2886 0.8976
vn -0.3649 0.4930 0.7898
vn -0.2416 0.4685 0.8498
vn -0.2179 0.2723 0.9372
vn 0.0636 0.3121 0.9479
vn -0.1683 0.5970 0.7844
vn 0.1959 0.4100 0.8908
vn 0.4120 0.7698 0.4875
vn 0.0247 -0.9995 0.0214
vn -0.7061 0.1641 0.6888
vn -0.6572 0.0326 0.7530
vn -0.4547 0.1026 0.8847
vn -0.4000 0.0668 0.9141
vn -0.6523 0.0294 0.7574
vn 0.0244 -0.9995 0.0214
vn -0.3408 0.0670 0.9377
vn 0.0056 0.0579 0.9983
vn 0.9179 0.3768 0.1243
vn 0.8009 0.1809 0.5708
vn 0.9928 0.1195 -0.0001
vn 0.9978 0.0481 0.0460
vn 0.7805 0.3096 0.5432
vn 0.9988 0.0477 0.0118
vn 0.9969 0.0273 -0.0740
vn 0.0242 -0.9995 0.0211
vn 0.5808 0.0872 0.8094
vn -0.0602 0.2544 0.9652
vn -0.7179 0.6036 0.3468
vn -0.8433 0.4487 0.2958
vn -0.8331 0.1994 -0.5160
vn -0.0998 0.1295 -0.9865
vn 0.2157 0.6593 -0.7203
vn -0.4850 0.4468 -0.7518
vn -0.2404 0.5037 -0.8298
vn -0.1659 0.4168 -0.8937
vn -0.5784 0.4442 -0.6842
vn -0.5201 0.4546 -0.7231
vn -0.4515 0.1811 -0.8737
vn -0.6302 0.4196 -0.6532
vn -0.7354 0.4198 -0.5319
vn -0.9418 0.1893 -0.2778
vn -0.6971 0.4315 -0.5726
vn -0.8985 0.4373 -0.0370
vn -0.9129 0.3588 0.1945
vn -0.5408 0.5035 -0.6738
vn -0.5735 0.7915 -0.2115
vn -0.2049 0.9754 -0.0814
vn 0.8311 0.3098 -0.4618
vn 0.9548 0.0615 -0.2909
vn 0.3251 0.1255 -0.9373
vn -0.3756 0.0507 0.9254
vn -0.6310 0.0461 0.7744
vn -0.7962 0.1061 0.5956
vn -0.4295 0.3622 0.8272
vn -0.1528 0.3633 0.9191
vn 0.1235 0.5500 0.8260
vn -0.6043 0.1034 0.7900
vn -0.4777 0.0390 0.8777
vn -0.3054 0.0536 0.9507
vn 0.9483 0.2525 0.1925
vn 0.9988 0.0487 0.0070
vn 0.0098 -0.9997 0.0231
vn 0.0098 -0.9997 0.0232
vn 0.2474 0.1410 -0.9586
vn -0.0098 0.9997 -0.0231
vn -0.4142 0.1551 -0.8969
vn -0.8130 0.1158 -0.5706
vn 0.2020 0.1278 -0.9710
vn 0.0097 -0.9997 0.0231
vn -0.3650 0.5894 0.7206
vn -0.7165 0.4840 0.5023
vn -0.6423 0.4350 0.6311
vn 0.1020 0.9380 -0.3313
vn -0.0276 0.8050 -0.5926
vn -0.1337 0.8787 -0.4583
vn 0.5899 0.8011 -0.1014
vn 0.9527 0.2081 -0.2213
vn 0.4480 0.6985 -0.5580
vn 0.5282 0.5546 0.6430
vn 0.6917 0.0942 0.7160
vn 0.7818 0.1051 0.6146
vn -0.1657 0.6401 0.7502
vn -0.2820 0.6279 0.7254
vn 0.0342 0.6542 0.7555
vn 0.1494 0.6669 0.7300
vn 0.0013 0.5346 0.8451
vn 0.2322 0.5352 0.8122
vn 0.2013 0.6891 0.6961
vn -0.0084 0.7090 0.7051
vn 0.0804 0.6829 0.7261
vn 0.3559 0.5163 0.7790
vn 0.2710 0.4996 0.8228
vn 0.5773 0.0961 0.8109
vn 0.3524 0.7475 0.5631
vn 0.4392 0.6288 0.6416
vn 0.5179 0.7443 0.4216
vn 0.6099 0.6563 0.4441
vn 0.5347 0.5167 0.6687
vn 0.8143 0.1474 0.5615
vn 0.7153 0.6661 0.2113
vn 0.8869 0.1302 0.4432
vn 0.9852 0.1682 0.0335
vn 0.2724 0.8768 0.3964
vn 0.4034 0.8982 0.1748
vn 0.2235 0.9747 -0.0051
vn 0.2213 0.9235 -0.3134
vn 0.4381 0.8905 -0.1227
vn 0.2854 0.7907 -0.5417
vn 0.2013 0.9191 -0.3386
vn 0.2661 0.7832 -0.5619
vn 0.0992 0.7872 -0.6086
vn 0.2303 0.8896 0.3944
vn 0.2161 0.9764 -0.0057
vn -0.0018 0.9576 0.2881
vn -0.0362 0.9688 0.2453
vn 0.1033 0.9821 -0.1577
vn -0.1545 0.9207 -0.3584
vn -0.1911 0.9513 0.2420
vn -0.1941 0.9144 -0.3552
vn -0.5966 0.8013 0.0445
vn 0.1355 0.6782 0.7223
vn -0.1677 0.7011 0.6930
vn -0.1240 0.6076 0.7845
vn -0.4449 0.5048 0.7397
vn -0.4901 0.6269 0.6057
vn -0.6860 0.4320 0.5854
vn -0.4084 0.6661 0.6241
vn -0.6623 0.5124 0.5466
vn -0.5733 0.5496 0.6077
vn -0.2866 0.3243 0.9015
vn -0.3452 0.3724 0.8615
vn 0.0405 0.6251 0.7795
vn 0.2075 0.5372 0.8175
vn 0.1107 0.2144 0.9705
vn 0.4075 0.2002 0.8910
vn 0.2576 0.5730 0.7780
vn 0.5757 0.4035 0.7112
vn 0.6774 0.2856 0.6779
vn 0.9643 0.2324 -0.1268
vn -0.0098 0.9997 -0.0232
vn 0.2749 0.2193 -0.9361
vn 0.4339 0.2569 -0.8636
vn 0.2338 0.1573 -0.9595
vn 0.1927 0.5536 -0.8102
vn 0.0770 0.4134 -0.9073
vn 0.0328 0.5891 -0.8074
vn -0.1524 0.6975 -0.7002
vn -0.2902 0.5930 -0.7511
vn -0.2887 0.7424 -0.6046
vn -0.2530 0.7517 -0.6090
vn -0.2586 0.6058 -0.7524
vn -0.9035 0.1779 -0.3899
vn -0.3201 0.7952 -0.5149
vn -0.6923 0.1814 -0.6985
vn -0.6865 0.7163 -0.1254
vn -0.9913 0.0592 0.1175
vn -0.9636 0.0487 0.2629
vn -0.9757 0.0678 0.2081
vn -0.9160 0.1345 0.3781
vn -0.7689 0.2594 0.5844
vn -0.0447 0.5554 -0.8304
vn 0.0427 0.3959 -0.9173
vn -0.1452 0.4769 -0.8669
vn -0.1117 0.5496 -0.8279
vn -0.0039 0.2464 -0.9692
vn 0.3477 0.3887 -0.8532
vn -0.6192 0.1775 -0.7649
vn -0.2755 0.1077 -0.9553
vn -0.0097 0.9997 -0.0231
vn -0.9639 0.0541 0.2607
vn -0.9761 0.0409 -0.2136
vn -0.5283 0.2005 0.8250
vn -0.5198 0.1138 -0.8466
vn -0.6344 0.4744 0.6103
vn -0.0318 0.8836 -0.4672
vn 0.6017 0.7119 -0.3623
vn 0.7066 0.1158 0.6980
vn -0.1704 0.7040 0.6895
vn 0.1573 0.6005 0.7840
vn 0.0895 0.6366 0.7660
vn 0.3530 0.5336 0.7686
vn 0.4169 0.6979 0.5824
vn 0.6401 0.5326 0.5537
vn 0.9445 0.2005 0.2604
vn 0.3230 0.9325 0.1618
vn 0.3087 0.8968 -0.3169
vn 0.1712 0.8222 -0.5428
vn 0.1595 0.9408 0.2991
vn 0.0149 0.9872 -0.1585
vn -0.3424 0.9393 0.0191
vn -0.1058 0.6661 0.7383
vn -0.5292 0.5194 0.6710
vn -0.5737 0.5470 0.6096
vn -0.3060 0.3259 0.8945
vn 0.2311 0.3272 0.9163
vn 0.5421 0.2220 0.8105
vn 0.4897 0.1575 -0.8575
vn 0.3309 0.1826 -0.9259
vn 0.1094 0.5103 -0.8530
vn -0.2291 0.6784 -0.6981
vn -0.3223 0.6426 -0.6951
vn -0.5215 0.7268 -0.4469
vn -0.9829 0.0436 0.1786
vn -0.9078 0.1284 0.3994
vn -0.0654 0.5118 -0.8566
vn 0.2369 0.3074 -0.9216
vn -0.6069 0.1644 -0.7776
vn -0.9942 0.0220 0.1055
vn 0.0158 -0.9998 0.0136
vn -0.0157 0.9998 -0.0136
vn 0.0157 -0.9998 0.0136
vn -0.8199 0.3842 0.4244
vn -0.9762 0.1074 0.1883
vn -0.6107 0.0560 0.7899
vn -0.7290 0.1297 -0.6721
vn 0.0159 -0.9998 0.0137
vn -0.0158 0.9998 -0.0136
vn -0.8577 0.4085 -0.3122
vn -0.9880 0.1420 -0.0601
vn -0.8551 0.5129 -0.0760
vn -0.5925 0.1220 -0.7963
vn 0.1592 0.0527 0.9858
vn 0.0127 0.7726 -0.6348
vn -0.3977 0.6176 -0.6785
vn -0.3708 0.7948 -0.4804
vn 0.1492 0.6994 -0.6990
vn -0.1189 0.2592 -0.9585
vn -0.3299 0.6239 -0.7085
vn 0.5369 0.6346 -0.5559
vn 0.7333 0.1989 -0.6501
vn 0.5120 0.2753 -0.8137
vn 0.7783 0.5939 -0.2037
vn 0.9634 0.1448 0.2257
vn 0.9844 0.1759 0.0066
vn 0.5090 0.8605 -0.0221
vn 0.3193 0.8552 0.4082
vn 0.6080 0.7073 0.3606
vn 0.6800 0.6132 -0.4021
vn 0.6456 0.7122 -0.2756
vn 0.7070 0.6179 -0.3439
vn 0.7638 0.6104 -0.2098
vn 0.6707 0.7210 -0.1744
vn 0.7565 0.6439 0.1146
vn 0.7764 0.5986 -0.1972
vn 0.7551 0.6458 0.1130
vn 0.9621 0.1455 0.2308
vn 0.6920 0.5895 -0.4167
vn 0.7137 0.5993 -0.3626
vn 0.6614 0.6070 -0.4406
vn 0.6217 0.6366 -0.4562
vn 0.6848 0.6223 -0.3792
vn 0.9652 0.2103 -0.1553
vn 0.6220 0.6360 -0.4568
vn 0.9666 0.2282 -0.1168
vn 0.8908 0.2082 -0.4039
vn 0.6442 0.6026 -0.4711
vn 0.6008 0.6204 -0.5042
vn 0.5366 0.6086 -0.5846
vn 0.5365 0.5943 -0.5991
vn 0.6071 0.5842 -0.5386
vn 0.5334 0.2644 -0.8034
vn 0.3980 0.5960 -0.6974
vn 0.4579 0.2542 -0.8519
vn 0.0467 0.2373 -0.9703
vn 0.6890 0.5638 -0.4555
vn 0.5763 0.5821 -0.5736
vn 0.5082 0.6441 -0.5717
vn 0.1055 0.6365 -0.7640
vn 0.1666 0.5950 -0.7863
vn -0.2735 0.4991 -0.8223
vn 0.2090 0.6118 -0.7629
vn -0.0341 0.4815 -0.8758
vn -0.1613 0.5217 -0.8377
vn 0.6988 0.6023 -0.3859
vn 0.4854 0.7190 -0.4975
vn 0.6232 0.7235 -0.2968
vn 0.3593 0.8966 -0.2588
vn 0.2510 0.8233 -0.5092
vn -0.1696 0.9201 -0.3530
vn 0.3463 0.9207 -0.1799
vn -0.1997 0.9299 -0.3089
vn -0.0135 0.9956 0.0932
vn 0.2251 0.6088 0.7607
vn 0.2203 0.2721 0.9367
vn 0.5204 0.4991 0.6929
vn 0.4949 0.5564 0.6674
vn 0.3063 0.1079 0.9458
vn 0.1992 0.0816 0.9766
vn 0.7293 0.5742 0.3720
vn 0.7319 0.1163 0.6714
vn 0.9789 0.1615 0.1250
vn -0.5124 0.1448 -0.8465
vn -0.8766 0.1049 -0.4696
vn -0.5503 0.1402 -0.8231
vn -0.6454 0.0879 -0.7588
vn -0.5814 0.1721 -0.7952
vn -0.6256 0.0623 -0.7776
vn -0.5731 0.2636 -0.7759
vn -0.5787 0.5451 -0.6067
vn -0.7974 0.4371 -0.4162
vn -0.6373 0.6640 -0.3912
vn -0.7079 0.6402 -0.2986
vn -0.8520 0.4168 -0.3168
vn -0.8821 0.4675 -0.0569
vn -0.6203 0.7547 -0.2136
vn -0.8119 0.5800 0.0669
vn -0.4130 0.8767 0.2468
vn 0.0163 -0.9998 0.0142
vn -0.5816 0.2631 -0.7698
vn -0.6594 0.0646 -0.7490
vn -0.8101 0.1756 -0.5594
vn -0.8497 0.1217 -0.5131
vn -0.6644 0.0597 -0.7450
vn 0.0182 -0.9997 0.0155
vn -0.8805 0.1227 -0.4580
vn -0.0156 0.9998 -0.0135
vn -0.9859 0.1107 -0.1255
vn -0.2379 0.5402 0.8072
vn -0.6585 0.2889 0.6949
vn -0.1356 0.1886 0.9727
vn -0.1797 0.0793 0.9805
vn -0.6063 0.4617 0.6475
vn -0.1460 0.0779 0.9862
vn -0.0599 0.0443 0.9972
vn 0.0157 -0.9998 0.0135
vn 0.0151 -0.9998 0.0131
vn -0.8730 0.1536 0.4629
vn -0.0158 0.9998 -0.0137
vn -0.9022 0.3940 -0.1756
vn -0.2228 0.7638 -0.6058
vn -0.1780 0.6199 -0.7642
vn 0.6006 0.2951 -0.7432
vn 0.9826 0.1828 0.0316
vn 0.5214 0.8168 0.2469
vn 0.7083 0.6170 -0.3428
vn 0.7263 0.6781 -0.1124
vn 0.8117 0.5825 -0.0421
vn 0.6591 0.6143 -0.4339
vn 0.6835 0.6258 -0.3757
vn 0.9073 0.2628 -0.3283
vn 0.6458 0.5863 -0.4891
vn 0.5475 0.5867 -0.5967
vn 0.3831 0.2837 -0.8791
vn 0.5763 0.6001 -0.5548
vn 0.1189 0.6073 -0.7855
vn -0.0820 0.5179 -0.8515
vn 0.6236 0.6776 -0.3897
vn 0.1795 0.9018 -0.3931
vn 0.0387 0.9915 -0.1242
vn 0.3136 0.4529 0.8346
vn 0.1586 0.0934 0.9829
vn 0.8776 0.1786 0.4450
vn -0.8653 0.0971 -0.4918
vn -0.6836 0.0862 -0.7247
vn -0.4843 0.1747 -0.8573
vn -0.7017 0.5260 -0.4806
vn -0.8134 0.5280 -0.2442
vn -0.6988 0.7152 0.0108
vn -0.6987 0.1747 -0.6938
vn -0.8057 0.0777 -0.5872
vn -0.8991 0.1023 -0.4257
vn -0.3125 0.3838 0.8690
vn -0.1413 0.0794 0.9868
vn 0.0334 -0.9990 0.0288
vn -0.0334 0.9990 -0.0288
vn -0.7072 0.3104 -0.6353
vn -0.5178 0.0840 -0.8514
vn -0.9527 0.0506 -0.2997
vn 0.3767 0.0939 -0.9216
vn 0.0334 -0.9990 0.0287
vn -0.0334 0.9990 -0.0289
vn -0.0176 0.3270 -0.9448
vn -0.2904 0.1090 -0.9507
vn -0.2532 0.4207 -0.8711
vn 0.5416 0.0869 -0.8361
vn -0.8707 0.0519 0.4891
vn 0.6693 0.7015 -0.2447
vn 0.5256 0.5252 -0.6693
vn 0.3445 0.7213 -0.6009
vn 0.7773 0.6180 -0.1180
vn 0.8689 0.1984 -0.4536
vn 0.5839 0.5323 -0.6129
vn 0.7613 0.5498 0.3436
vn 0.8694 0.1540 0.4695
vn 0.9552 0.2151 0.2034
vn 0.4787 0.5086 0.7157
vn 0.1167 0.1193 0.9860
vn 0.3307 0.1423 0.9330
vn 0.1995 0.8071 0.5556
vn -0.3499 0.7871 0.5081
vn -0.1682 0.6212 0.7654
vn 0.6502 0.5280 0.5462
vn 0.5180 0.6333 0.5751
vn 0.6004 0.5329 0.5963
vn 0.4812 0.5252 0.7019
vn 0.4199 0.6423 0.6411
vn 0.1444 0.5579 0.8172
vn 0.4717 0.5133 0.7170
vn 0.1457 0.5598 0.8157
vn 0.1113 0.1199 0.9865
vn 0.6664 0.5041 0.5495
vn 0.6198 0.5140 0.5931
vn 0.6825 0.5216 0.5120
vn 0.6889 0.5522 0.4695
vn 0.6295 0.5374 0.5612
vn 0.4781 0.1686 0.8620
vn 0.6895 0.5515 0.4695
vn 0.4420 0.1836 0.8780
vn 0.6895 0.1644 0.7053
vn 0.7071 0.5171 0.4823
vn 0.7284 0.5353 0.4276
vn 0.7860 0.5228 0.3299
vn 0.7984 0.5082 0.3230
vn 0.7601 0.4984 0.4170
vn 0.9517 0.2062 0.2273
vn 0.8486 0.5092 0.1434
vn 0.9707 0.1970 0.1374
vn 0.9373 0.1806 -0.2982
vn 0.7013 0.4784 0.5285
vn 0.7845 0.4961 0.3722
vn 0.7690 0.5598 0.3087
vn 0.8147 0.5493 -0.1859
vn 0.8525 0.5066 -0.1289
vn 0.7050 0.4098 -0.5789
vn 0.8481 0.5242 -0.0768
vn 0.8462 0.3944 -0.3583
vn 0.7663 0.4319 -0.4756
vn 0.6388 0.5170 0.5698
vn 0.6966 0.6417 0.3208
vn 0.5338 0.6461 0.5455
vn 0.4118 0.8608 0.2991
vn 0.6391 0.7662 0.0677
vn 0.2980 0.8880 -0.3501
vn 0.3175 0.8926 0.3202
vn 0.2344 0.9002 -0.3671
vn -0.1580 0.9872 0.0205
vn -0.6953 0.5165 0.4999
vn -0.8161 0.2255 0.5321
vn -0.5064 0.4172 0.7546
vn -0.4986 0.4692 0.7289
vn -0.7844 0.0953 0.6129
vn -0.8490 0.0746 0.5232
vn -0.1241 0.4878 0.8641
vn -0.3815 0.1004 0.9189
vn 0.2168 0.1318 0.9673
vn 0.6173 0.1048 -0.7797
vn 0.1348 0.0758 -0.9880
vn 0.5819 0.1013 -0.8069
vn 0.4878 0.0600 -0.8709
vn 0.5450 0.1272 -0.8288
vn 0.5127 0.0396 -0.8576
vn 0.5317 0.2021 -0.8225
vn 0.3765 0.4519 -0.8087
vn 0.1046 0.3519 -0.9302
vn 0.1374 0.5699 -0.8101
vn 0.0155 0.5443 -0.8388
vn -0.0114 0.3343 -0.9424
vn -0.2776 0.3798 -0.8824
vn -0.0442 0.6672 -0.7436
vn -0.3851 0.4834 -0.7861
vn -0.4711 0.8071 -0.3558
vn 0.5227 0.2017 -0.8283
vn 0.4740 0.0416 -0.8796
vn 0.2412 0.1316 -0.9615
vn 0.1847 0.0888 -0.9788
vn 0.4685 0.0378 -0.8827
vn 0.0332 -0.9990 0.0297
vn 0.1220 0.0900 -0.9884
vn -0.0334 0.9990 -0.0287
vn -0.2269 0.0835 -0.9703
vn -0.8913 0.4499 0.0561
vn -0.8945 0.2342 -0.3808
vn -0.9653 0.1580 0.2081
vn -0.9829 0.0718 0.1697
vn -0.8546 0.3784 -0.3556
vn -0.9766 0.0709 0.2032
vn -0.9566 0.0448 0.2879
vn 0.0329 -0.9991 0.0283
vn -0.7414 0.1235 -0.6597
vn -0.1647 0.3151 -0.9347
vn 0.5388 0.6877 -0.4866
vn 0.7007 0.5296 -0.4780
vn 0.9204 0.2327 0.3143
vn 0.3063 0.1481 0.9403
vn -0.0912 0.7462 0.6595
vn 0.5996 0.5320 0.5979
vn 0.3713 0.5951 0.7128
vn 0.3244 0.4971 0.8048
vn 0.6758 0.5291 0.5131
vn 0.6260 0.5410 0.5617
vn 0.6251 0.2100 0.7518
vn 0.7236 0.5006 0.4751
vn 0.7985 0.5006 0.3345
vn 0.9736 0.2212 0.0562
vn 0.7683 0.5143 0.3810
vn 0.8360 0.5189 -0.1785
vn 0.8097 0.4287 -0.4007
vn 0.6264 0.5958 0.5027
vn 0.4929 0.8693 0.0365
vn 0.1230 0.9923 -0.0125
vn -0.7088 0.3759 0.5969
vn -0.8692 0.0839 0.4873
vn -0.1211 0.1482 0.9815
vn 0.1598 0.0694 -0.9847
vn 0.4425 0.0589 -0.8948
vn 0.6381 0.1289 -0.7591
vn 0.2030 0.4332 -0.8781
vn -0.0735 0.4347 -0.8976
vn -0.3045 0.6204 -0.7228
vn 0.4076 0.1298 -0.9039
vn 0.2708 0.0532 -0.9612
vn 0.0857 0.0741 -0.9936
vn -0.9492 0.3145 0.0060
vn -0.9755 0.0721 0.2078
vn 0.0267 -0.9994 0.0230
vn -0.0267 0.9994 -0.0230
vn -0.8455 0.2328 0.4806
vn -0.9718 0.0619 0.2274
vn -0.5798 0.0319 0.8141
vn -0.7590 0.0753 -0.6467
vn 0.0266 -0.9994 0.0229
vn -0.9222 0.2496 -0.2955
vn -0.9964 0.0823 -0.0215
vn -0.9444 0.3253 -0.0469
vn -0.6263 0.0708 -0.7763
vn 0.1980 0.0300 0.9797
vn -0.0149 0.5737 -0.8189
vn -0.4907 0.4121 -0.7677
vn -0.5115 0.6022 -0.6129
vn 0.1490 0.4908 -0.8585
vn -0.1598 0.1530 -0.9752
vn -0.4150 0.4177 -0.8083
vn 0.6024 0.4272 -0.6743
vn 0.7169 0.1163 -0.6875
vn 0.4925 0.1629 -0.8550
vn 0.8806 0.3909 -0.2678
vn 0.9784 0.0839 0.1889
vn 0.9942 0.1023 -0.0324
vn 0.7152 0.6964 -0.0596
vn 0.4698 0.6883 0.5527
vn 0.7626 0.4987 0.4121
vn 0.7672 0.4078 -0.4951
vn 0.7805 0.5040 -0.3699
vn 0.8032 0.4120 -0.4303
vn 0.8714 0.4053 -0.2766
vn 0.8214 0.5134 -0.2484
vn 0.8946 0.4357 0.0996
vn 0.8809 0.3950 -0.2609
vn 0.8939 0.4374 0.0977
vn 0.9773 0.0843 0.1942
vn 0.7706 0.3872 -0.5062
vn 0.8019 0.3956 -0.4477
vn 0.7415 0.4023 -0.5369
vn 0.7069 0.4291 -0.5623
vn 0.7778 0.4160 -0.4712
vn 0.9729 0.1230 -0.1960
vn 0.7069 0.4285 -0.5628
vn 0.9784 0.1338 -0.1574
vn 0.8872 0.1218 -0.4451
vn 0.7186 0.3985 -0.5699
vn 0.6738 0.4143 -0.6118
vn 0.5920 0.4038 -0.6975
vn 0.5868 0.3914 -0.7088
vn 0.6667 0.3827 -0.6395
vn 0.5138 0.1562 -0.8436
vn 0.4245 0.3929 -0.8157
vn 0.4337 0.1499 -0.8885
vn 0.0089 0.1396 -0.9902
vn 0.7558 0.3657 -0.5432
vn 0.6295 0.3810 -0.6772
vn 0.5714 0.4361 -0.6953
vn 0.0890 0.4292 -0.8988
vn 0.1558 0.3921 -0.9066
vn -0.3342 0.3149 -0.8883
vn 0.2071 0.4068 -0.8897
vn -0.0739 0.3017 -0.9505
vn -0.2140 0.3323 -0.9186
vn 0.7850 0.3983 -0.4745
vn 0.5758 0.5114 -0.6379
vn 0.7582 0.5163 -0.3982
vn 0.5138 0.7584 -0.4011
vn 0.3129 0.6406 -0.7012
vn -0.2770 0.8042 -0.5259
vn 0.5159 0.8046 -0.2939
vn -0.3247 0.8243 -0.4638
vn -0.0154 0.9869 0.1608
vn 0.2945 0.4038 0.8662
vn 0.2638 0.1603 0.9512
vn 0.5999 0.3143 0.7358
vn 0.5853 0.3593 0.7269
vn 0.3446 0.0620 0.9367
vn 0.2380 0.0467 0.9701
vn 0.8422 0.3740 0.3882
vn 0.7612 0.0671 0.6450
vn 0.9918 0.0938 0.0872
vn -0.5490 0.0842 -0.8316
vn -0.8977 0.0607 -0.4365
vn -0.5859 0.0815 -0.8063
vn -0.6764 0.0509 -0.7348
vn -0.6182 0.1003 -0.7796
vn -0.6564 0.0362 -0.7535
vn -0.6174 0.1556 -0.7711
vn -0.6721 0.3507 -0.6521
vn -0.8704 0.2695 -0.4120
vn -0.7762 0.4554 -0.4361
vn -0.8436 0.4327 -0.3179
vn -0.9187 0.2553 -0.3014
vn -0.9563 0.2913 -0.0243
vn -0.7980 0.5525 -0.2408
vn -0.9185 0.3793 0.1120
vn -0.5774 0.7242 0.3770
vn -0.6258 0.1553 -0.7644
vn -0.6892 0.0375 -0.7236
vn -0.8400 0.1023 -0.5328
vn -0.8734 0.0705 -0.4818
vn -0.6940 0.0347 -0.7192
vn 0.0256 -0.9994 0.0221
vn -0.9023 0.0711 -0.4253
vn -0.9941 0.0640 -0.0871
vn -0.2292 0.3463 0.9097
vn -0.6490 0.1708 0.7413
vn -0.0983 0.1095 0.9891
vn -0.1413 0.0453 0.9889
vn -0.6266 0.2868 0.7246
vn -0.1073 0.0446 0.9932
vn -0.0207 0.0251 0.9995
vn 0.0262 -0.9994 0.0224
vn -0.8610 0.0889 0.5008
vn -0.0266 0.9994 -0.0229
vn -0.9595 0.2396 -0.1482
vn -0.3146 0.5631 -0.7642
vn -0.2404 0.4142 -0.8779
vn 0.5884 0.1752 -0.7893
vn 0.9943 0.1065 -0.0071
vn 0.7137 0.6312 0.3035
vn 0.8043 0.4112 -0.4288
vn 0.8670 0.4687 -0.1693
vn 0.9207 0.3811 -0.0842
vn 0.7421 0.4088 -0.5312
vn 0.7779 0.4191 -0.4681
vn 0.9151 0.1550 -0.3723
vn 0.7136 0.3845 -0.5856
vn 0.5971 0.3849 -0.7038
vn 0.3583 0.1681 -0.9183
vn 0.6361 0.3964 -0.6620
vn 0.1020 0.4029 -0.9095
vn -0.1268 0.3293 -0.9357
vn 0.7304 0.4684 -0.4971
vn 0.2438 0.7682 -0.5920
vn 0.0592 0.9748 -0.2151
vn 0.3731 0.2803 0.8844
vn 0.1978 0.0536 0.9788
vn 0.9041 0.1038 0.4145
vn -0.8867 0.0562 -0.4589
vn -0.7133 0.0500 -0.6991
vn -0.5228 0.1019 -0.8464
vn -0.7973 0.3356 -0.5018
vn -0.9116 0.3371 -0.2354
vn -0.8602 0.5078 0.0469
vn -0.7327 0.1018 -0.6729
vn -0.8298 0.0450 -0.5563
vn -0.9183 0.0592 -0.3915
vn -0.2926 0.2323 0.9276
vn -0.1026 0.0454 0.9937
vn 0.0191 -0.9997 0.0164
vn 0.0191 -0.9997 0.0165
vn 0.0324 -0.2204 -0.9749
vn 0.4083 -0.0739 -0.9099
vn -0.4933 0.2774 0.8244
vn -0.9349 0.2860 -0.2104
vn -0.4745 0.2762 -0.8358
vn 0.8790 0.2753 -0.3894
vn 0.0668 0.5127 0.8560
vn -0.3781 0.6177 0.6896
vn -0.0983 0.6465 0.7566
vn 0.7697 0.2770 -0.5752
vn -0.3390 0.6015 0.7234
vn 0.2490 0.7584 -0.6024
vn -0.3053 0.2858 -0.9084
vn -0.2890 0.6179 0.7312
vn -0.8917 0.4358 -0.1222
vn -0.9585 0.2849 0.0014
vn -0.3331 0.9281 0.1664
vn -0.5739 0.7581 0.3097
vn -0.2974 0.2756 0.9141
vn 0.0584 0.9365 0.3457
vn 0.1216 0.7653 0.6320
vn 0.4216 0.6215 0.6603
vn 0.8446 0.1256 0.5205
vn 0.9931 0.0522 0.1046
vn 0.9234 0.1349 -0.3595
vn 0.8947 0.3063 -0.3250
vn 0.4026 0.1142 -0.9082
vn -0.3636 0.3166 -0.8761
vn -0.4999 0.2134 -0.8394
vn -0.7369 0.1218 -0.6649
vn -0.9467 0.3152 0.0660
vn -0.9088 0.3167 -0.2716
vn -0.8622 0.1146 0.4935
vn -0.2318 0.3066 0.9232
vn -0.5443 0.3092 0.7798
vn 0.2042 0.1024 0.9736
vn 0.4502 0.1863 0.8733
vn 0.9313 0.1452 -0.3342
vn 0.6529 -0.2525 -0.7141
vn 0.7100 -0.2272 -0.6665
vn -0.3766 0.1596 -0.9125
vn 0.1075 -0.2473 -0.9630
vn -0.0191 0.9997 -0.0164
vn -0.0191 0.9997 -0.0165
vn 0.7411 0.0585 0.6688
vn 0.6078 -0.4328 0.6658
vn 0.3370 -0.1701 0.9260
vn -0.2049 0.5083 -0.8364
vn 0.7375 0.4952 -0.4593
vn 0.8459 0.4718 0.2488
vn -0.3378 0.4950 0.8005
vn -0.4857 0.7660 -0.4211
vn -0.1585 0.8400 -0.5189
vn -0.3167 0.8565 -0.4075
vn -0.1511 0.4926 0.8571
vn -0.1952 0.8296 -0.5231
vn 0.1276 0.9208 0.3686
vn 0.7744 0.4869 0.4039
vn -0.2206 0.8400 -0.4958
vn 0.5776 0.6880 -0.4393
vn 0.6156 0.4978 -0.6109
vn 0.0442 0.9799 -0.1943
vn 0.1001 0.9171 -0.3859
vn -0.3843 0.5096 -0.7698
vn -0.1693 0.9787 -0.1162
vn -0.3325 0.9155 -0.2264
vn -0.5253 0.8413 -0.1274
vn -0.9400 0.2744 0.2026
vn -0.7834 0.1254 0.6088
vn -0.4091 0.2644 0.8734
vn -0.3807 0.5403 0.7504
vn 0.3330 0.1983 0.9218
vn 0.7758 0.5329 0.3379
vn 0.8975 0.3676 0.2437
vn 0.9789 0.2012 -0.0350
vn 0.5533 0.5427 -0.6319
vn 0.7438 0.5390 -0.3953
vn 0.2672 0.2248 -0.9371
vn -0.4228 0.5523 -0.7185
vn -0.1429 0.5506 -0.8225
vn -0.8048 0.2363 -0.5445
vn -0.8750 0.3825 -0.2967
vn -0.4302 0.2840 0.8569
vn 0.0342 -0.4681 0.8830
vn -0.0349 -0.4274 0.9034
vn 0.8821 0.2705 0.3856
vn 0.5429 -0.4720 0.6946
vn -0.9877 0.1530 0.0322
vn 0.8731 -0.4111 -0.2620
vn 0.5201 0.8245 -0.2229
vn 0.6896 -0.6923 -0.2125
vn 0.6132 -0.7132 -0.3397
vn 0.7229 -0.4787 -0.4982
vn 0.5026 0.8370 -0.2165
vn 0.7580 -0.2845 0.5870
vn 0.1960 -0.9684 0.1541
vn 0.2429 -0.9495 -0.1986
vn 0.5687 0.6312 -0.5274
vn 0.3918 0.9192 0.0408
vn 0.5007 -0.4792 0.7209
vn -0.0682 -0.9886 0.1342
vn -0.3295 -0.7666 -0.5511
vn 0.3414 0.8097 -0.4773
vn -0.0023 0.8324 0.5542
vn -0.3831 -0.3385 0.8594
vn -0.8434 -0.4178 0.3379
vn -0.8985 0.4357 -0.0534
vn -0.1922 0.9813 0.0069
vn -0.9382 -0.2015 0.2814
vn -0.9859 0.0786 0.1479
vn -0.9991 0.0250 -0.0329
vn -0.5192 0.8393 0.1613
vn -0.8470 0.5119 -0.1432
vn -0.9799 0.1443 -0.1375
vn -0.5246 0.8288 0.1949
vn -0.8574 -0.1689 0.4862
vn -0.4420 -0.5690 0.6934
vn -0.7914 0.6013 0.1098
vn -0.4400 0.1847 0.8788
vn -0.0104 0.7341 0.6790
vn -0.9142 -0.1842 0.3610
vn -0.2316 0.9233 0.3065
vn -0.1376 0.9855 0.0995
vn -0.1012 0.9859 -0.1331
vn -0.1162 0.8994 -0.4215
vn -0.3559 0.7520 -0.5549
vn -0.7624 -0.1101 -0.6377
vn -0.5563 -0.6747 -0.4851
vn -0.5686 -0.7502 -0.3375
vn -0.5046 -0.8372 0.2108
vn -0.2292 -0.9339 0.2744
vn -0.2880 -0.7997 0.5268
vn -0.2828 -0.4255 0.8596
vn 0.0402 -0.1547 0.9871
vn -0.2058 0.8550 0.4760
vn -0.3572 0.5109 0.7819
vn 0.0760 0.9841 0.1606
vn -0.0825 0.9933 0.0810
vn -0.4201 0.4745 -0.7735
vn 0.0083 0.1930 -0.9812
vn 0.1498 -0.4882 -0.8598
vn -0.3401 -0.9322 -0.1234
vn -0.0378 -0.9982 -0.0458
vn -0.0326 -0.9986 -0.0416
vn -0.1192 -0.8126 0.5706
vn 0.2024 -0.9229 0.3275
vn 0.4606 -0.8268 0.3230
vn -0.9241 0.2069 0.3214
vn 0.5767 0.6805 0.4520
vn 0.5282 0.8465 0.0659
vn 0.0183 0.9933 -0.1139
vn 0.3215 0.9086 -0.2667
vn 0.3986 0.7918 -0.4628
vn 0.3951 0.6901 -0.6063
vn 0.6468 -0.3950 -0.6524
vn 0.4281 -0.6326 -0.6454
vn 0.2316 -0.9522 -0.1993
vn 0.1997 -0.9493 -0.2430
vn 0.1424 -0.9846 -0.1012
vn 0.2654 -0.9594 0.0952
vn 0.4293 -0.8961 0.1127
vn 0.5097 -0.8165 0.2711
vn 0.4132 0.7793 -0.4711
vn 0.5551 0.7331 -0.3930
vn 0.8652 -0.2179 -0.4517
vn 0.7020 -0.6385 0.3155
vn 0.9580 -0.2505 -0.1397
vn 0.6210 0.7758 -0.1119
vn -0.6488 0.7286 -0.2194
vn 0.8897 0.4495 0.0800
vn 0.2570 0.9196 0.2971
vn 0.5732 0.8100 -0.1242
vn -0.3751 0.8317 0.4093
vn -0.2157 0.6392 -0.7381
vn -0.1550 0.9807 -0.1191
vn -0.8314 0.0862 -0.5490
vn -0.7181 0.0289 -0.6954
vn -0.9053 -0.1836 -0.3831
vn -0.5800 0.4509 -0.6785
vn -0.7689 0.4557 -0.4485
vn -0.9174 0.1335 0.3749
vn -0.5943 0.5110 0.6211
vn -0.3813 0.9213 0.0761
vn -0.1761 0.9843 -0.0138
vn 0.0060 0.9867 -0.1627
vn 0.1900 0.9009 -0.3903
vn -0.0234 0.4581 -0.8886
vn -0.5825 0.4937 0.6457
vn -0.7841 0.5190 0.3404
vn -0.0587 0.9830 0.1739
vn -0.1232 0.9923 0.0092
vn -0.0606 0.5021 -0.8627
vn 0.6971 0.1287 -0.7053
vn 0.7168 0.6467 0.2606
vn -0.0272 0.4527 0.8912
vn 0.1589 0.3967 0.9041
vn 0.5113 0.5870 0.6277
vn 0.0821 0.9943 -0.0683
vn 0.4135 0.9103 0.0211
vn 0.8491 0.5173 -0.1072
vn 0.8441 0.4997 0.1942
vn 0.7283 0.4900 0.4790
vn 0.7655 0.6424 -0.0359
vn 0.0097 -0.9999 0.0083
vn -0.6805 0.7283 -0.0804
vn 0.8857 0.4514 -0.1089
vn 0.3149 0.9197 0.2347
vn 0.5341 0.8099 -0.2425
vn -0.2808 0.8319 0.4786
vn -0.3640 0.6398 -0.6769
vn -0.1751 0.9808 -0.0862
vn -0.9279 0.0851 -0.3629
vn -0.8478 0.0286 -0.5296
vn -0.9652 -0.1854 -0.1845
vn -0.7084 0.4511 -0.5429
vn -0.8458 0.4549 -0.2787
vn -0.8191 0.1293 0.5589
vn -0.4517 0.5085 0.7330
vn -0.3563 0.9218 0.1526
vn -0.1738 0.9846 0.0213
vn -0.0267 0.9864 -0.1624
vn 0.1051 0.9004 -0.4222
vn -0.2079 0.4599 -0.8633
vn -0.4350 0.4911 0.7547
vn -0.6968 0.5167 0.4975
vn -0.0195 0.9834 0.1804
vn -0.1171 0.9926 0.0326
vn -0.2386 0.5037 -0.8303
vn 0.5336 0.1333 -0.8352
vn 0.7552 0.6473 0.1032
vn 0.1612 0.4506 0.8780
vn 0.3458 0.3949 0.8512
vn 0.6325 0.5868 0.5056
vn 0.0674 0.9940 -0.0861
vn 0.4093 0.9099 -0.0679
vn 0.8064 0.5192 -0.2830
vn 0.8653 0.5011 0.0119
vn 0.8126 0.4906 0.3145
vn 0.7399 0.6434 -0.1963
vn -0.9652 -0.1853 -0.1845
vn -0.4517 0.5086 0.7330
vn 0.5336 0.1333 -0.8351
vn 0.7552 0.6473 0.1031
vn 0.1613 0.4507 0.8780
vn 0.3458 0.3949 0.8511
vn 0.8856 0.4514 -0.1089
vn 0.5340 0.8099 -0.2426
vn -0.8477 0.0287 -0.5296
vn 0.1615 0.4506 0.8780
vn 0.1614 0.4506 0.8780
vn 0.5341 0.8099 -0.2426
vn 0.1613 0.4506 0.8780
vn 0.6720 0.7237 0.1571
vn -0.8823 0.4706 -0.0111
vn -0.2922 0.9140 -0.2814
vn -0.5658 0.8096 0.1566
vn 0.3220 0.8316 -0.4524
vn 0.2733 0.6281 0.7286
vn 0.1470 0.9849 0.0912
vn 0.8777 0.0422 0.4773
vn 0.7749 -0.0161 0.6319
vn 0.9264 -0.2223 0.3039
vn 0.6445 0.4227 0.6371
vn 0.8175 0.4284 0.3849
vn 0.8829 0.1155 -0.4552
vn 0.5291 0.5109 -0.6775
vn 0.3602 0.9246 -0.1245
vn 0.1585 0.9872 -0.0169
vn -0.0118 0.9889 0.1481
vn -0.1753 0.9023 0.3938
vn 0.0919 0.4387 0.8939
vn 0.5152 0.4943 -0.7002
vn 0.7511 0.5101 -0.4190
vn 0.0239 0.9810 -0.1926
vn 0.1027 0.9941 -0.0354
vn 0.1268 0.4844 0.8656
vn -0.6370 0.1299 0.7599
vn -0.7260 0.6572 -0.2025
vn -0.0572 0.4704 -0.8806
vn -0.2384 0.4210 -0.8751
vn -0.5560 0.6030 -0.5721
vn -0.0956 0.9937 0.0593
vn -0.4232 0.9060 -0.0003
vn -0.8305 0.5313 0.1673
vn -0.8450 0.5196 -0.1263
vn -0.7536 0.5133 -0.4107
vn -0.7541 0.6508 0.0884
vn 0.2733 0.6281 0.7285
vn 0.7749 -0.0162 0.6319
vn -0.0097 0.9999 -0.0083
vn 0.3602 0.9245 -0.1244
vn 0.7511 0.5102 -0.4190
vn -0.0577 0.4703 -0.8806
vn -0.8823 0.4706 -0.0110
vn 0.9264 -0.2223 0.3038
vn 0.8175 0.4284 0.3848
vn 0.3602 0.9245 -0.1245
vn 0.9264 -0.2222 0.3039
vn 0.0919 0.4388 0.8939
vn -0.0573 0.4704 -0.8806
vn -0.5657 0.8096 0.1566
vn 0.8829 0.1154 -0.4552
vn 0.7512 0.5101 -0.4190
vn -0.6369 0.1299 0.7599
vn -0.0571 0.4704 -0.8806
vn 0.2734 0.6281 0.7286
vn 0.8777 0.0422 0.4774
vn -0.0578 0.4702 -0.8807
vn -0.0575 0.4703 -0.8806
vn -0.0096 0.9999 -0.0082
vn -0.7259 0.6572 -0.2025
vn -0.0573 0.4703 -0.8806
vn -0.0576 0.4703 -0.8806
vn -0.2046 0.9141 -0.3499
vn 0.7094 0.0417 0.7036
vn 0.1901 0.4674 -0.8634
vn -0.5871 0.8095 -0.0056
vn 0.0572 0.6292 0.7751
vn -0.2796 0.9016 0.3300
vn 0.1903 0.4674 -0.8633
vn -0.8430 0.5334 -0.0697
vn 0.4394 0.4236 0.7921
vn -0.2797 0.9016 0.3300
vn -0.1620 0.4419 0.8823
vn -0.1209 0.4870 0.8650
vn 0.6154 0.0800 -0.7841
vn -0.8341 0.3850 -0.3950
vn 0.4994 0.8355 -0.2290
vn 0.6014 0.6192 0.5049
vn -0.4140 0.0959 0.9052
vn -0.7938 0.6013 0.0912
vn -0.7409 0.4994 0.4491
vn -0.7560 0.5339 0.3787
vn -0.6424 0.4380 0.6289
vn -0.4624 0.5965 0.6561
vn -0.3288 0.4371 0.8371
vn 0.0772 0.1579 0.9844
vn -0.0802 0.8888 0.4512
vn 0.4709 0.8515 0.2307
vn 0.6565 0.7539 -0.0256
vn -0.3085 0.8959 0.3196
vn 0.1658 0.9852 -0.0443
vn -0.2007 0.9013 -0.3839
vn -0.8082 0.5627 0.1736
vn -0.8633 0.4247 -0.2727
vn -0.8258 0.4494 -0.3407
vn -0.9646 0.2625 0.0246
vn -0.7979 0.2638 0.5420
vn -0.5815 0.1795 0.7935
vn 0.9795 0.1141 0.1658
vn 0.9910 0.1333 -0.0085
vn 0.8874 0.4140 -0.2030
vn 0.6312 0.5835 -0.5110
vn 0.5848 0.5450 -0.6008
vn 0.2514 0.6351 -0.7304
vn -0.5085 0.0354 -0.8603
vn -0.0107 0.9999 -0.0134
vn -0.6928 0.1030 -0.7137
vn 0.8261 0.4153 -0.3809
vn 0.9672 0.2348 -0.0970
vn 0.5206 0.1204 -0.8453
vn -0.4431 0.0181 -0.8963
vt 0.181819 0.000000
vt 0.227273 0.078731
vt 0.136365 0.078731
vt 0.681818 0.078731
vt 0.727273 0.157461
vt 0.681818 0.236191
vt 0.636364 0.157461
vt 0.909091 0.000000
vt 0.954545 0.078731
vt 0.863636 0.078731
vt 0.727273 0.000000
vt 0.772727 0.078731
vt 0.545455 0.000000
vt 0.590909 0.078731
vt 0.500000 0.078731
vt 0.090910 0.157461
vt 0.181819 0.157461
vt 0.136365 0.236191
vt 0.818182 0.157461
vt 0.909091 0.157461
vt 0.863636 0.236191
vt 0.772727 0.393651
vt 0.863636 0.393651
vt 0.636364 0.472382
vt 0.590909 0.393651
vt 0.454546 0.157461
vt 0.545455 0.157461
vt 0.500000 0.236191
vt 0.272728 0.157461
vt 0.318182 0.236191
vt 0.227273 0.236191
vt 0.045455 0.236191
vt 0.772727 0.236191
vt 0.590909 0.236191
vt 0.409092 0.236191
vt 0.181819 0.314921
vt 0.272728 0.314921
vt 0.227273 0.393651
vt 0.000000 0.314921
vt 0.090910 0.314921
vt 0.045455 0.393651
vt 0.727273 0.314921
vt 0.818182 0.314921
vt 0.545455 0.314921
vt 0.636364 0.314921
vt 0.363637 0.314921
vt 0.454546 0.314921
vt 0.409092 0.393651
vt 0.500000 0.393651
vt 0.272728 0.472382
vt 0.681818 0.393651
vt 0.909091 0.314921
vt 0.136365 0.393651
vt 0.090910 0.472382
vt 0.318182 0.393651
vt 0.363637 0.157461
vt 0.318182 0.078731
vt 0.954545 0.236191
vt 1.000000 0.157461
vt 0.409092 0.078731
vt 0.363637 0.000000
vt 0.363637 0.157461
vt 0.318182 0.157461
vt 0.340910 0.118096
vt 0.295455 0.118096
vt 0.886364 0.039365
vt 0.909091 0.078731
vt 0.909091 0.000000
vt 0.931818 0.039365
vt 0.704546 0.039365
vt 0.727273 0.078731
vt 0.727273 0.000000
vt 0.750000 0.039365
vt 0.522728 0.039365
vt 0.545455 0.078731
vt 0.545455 0.000000
vt 0.568182 0.039365
vt 0.318183 0.236191
vt 0.295455 0.196826
vt 0.340910 0.196826
vt 0.136364 0.236191
vt 0.113637 0.196826
vt 0.159092 0.196826
vt 0.136365 0.157461
vt 0.181819 0.157461
vt 0.863637 0.236191
vt 0.840909 0.196826
vt 0.886364 0.196826
vt 0.863636 0.157461
vt 0.909091 0.157461
vt 0.681819 0.236191
vt 0.659091 0.196826
vt 0.704546 0.196826
vt 0.681819 0.157461
vt 0.727273 0.157461
vt 0.500001 0.236191
vt 0.477273 0.196826
vt 0.522728 0.196826
vt 0.500001 0.157461
vt 0.545455 0.157461
vt 0.227274 0.236191
vt 0.250001 0.196826
vt 0.272728 0.236191
vt 0.068183 0.196826
vt 0.090910 0.236191
vt 0.772728 0.236191
vt 0.795455 0.196826
vt 0.818182 0.236191
vt 0.590910 0.236191
vt 0.613637 0.196826
vt 0.636364 0.236191
vt 0.409092 0.236191
vt 0.431819 0.196826
vt 0.454546 0.236191
vt 0.204546 0.354286
vt 0.250001 0.354286
vt 0.227274 0.314921
vt 0.272728 0.314921
vt 0.022728 0.354286
vt 0.068182 0.354286
vt 0.045455 0.314921
vt 0.090910 0.314921
vt 0.750000 0.354286
vt 0.795455 0.354286
vt 0.772728 0.314921
vt 0.818182 0.314921
vt 0.568182 0.354286
vt 0.613637 0.354286
vt 0.590910 0.314921
vt 0.636364 0.314921
vt 0.386364 0.354286
vt 0.431819 0.354286
vt 0.409092 0.314921
vt 0.454546 0.314921
vt 0.454546 0.472382
vt 0.431819 0.433017
vt 0.477273 0.433017
vt 0.454546 0.393652
vt 0.477273 0.354286
vt 0.522728 0.354286
vt 0.500001 0.314921
vt 0.636364 0.472382
vt 0.613637 0.433017
vt 0.659091 0.433017
vt 0.636364 0.393652
vt 0.659091 0.354286
vt 0.704546 0.354286
vt 0.681819 0.314921
vt 0.818182 0.472382
vt 0.795455 0.433017
vt 0.840909 0.433017
vt 0.818182 0.393652
vt 0.840909 0.354286
vt 0.886364 0.354286
vt 0.863637 0.314921
vt 0.090910 0.472382
vt 0.068183 0.433017
vt 0.113637 0.433017
vt 0.090910 0.393652
vt 0.113637 0.354286
vt 0.159092 0.354286
vt 0.136364 0.314921
vt 0.272728 0.472382
vt 0.250001 0.433017
vt 0.295455 0.433017
vt 0.272728 0.393652
vt 0.295455 0.354286
vt 0.340910 0.354286
vt 0.318182 0.314921
vt 0.386364 0.275556
vt 0.431819 0.275556
vt 0.477273 0.275556
vt 0.522728 0.275556
vt 0.568182 0.275556
vt 0.613637 0.275556
vt 0.659091 0.275556
vt 0.704546 0.275556
vt 0.750000 0.275556
vt 0.795455 0.275556
vt 0.840909 0.275556
vt 0.886364 0.275556
vt 0.022728 0.275556
vt 0.068182 0.275556
vt 0.113637 0.275556
vt 0.159092 0.275556
vt 0.204546 0.275556
vt 0.250001 0.275556
vt 0.295455 0.275556
vt 0.340910 0.275556
vt 0.545455 0.236191
vt 0.568182 0.196826
vt 0.590910 0.157461
vt 0.727273 0.236191
vt 0.750000 0.196826
vt 0.772728 0.157461
vt 0.931818 0.275556
vt 0.909091 0.236191
vt 0.931818 0.196826
vt 0.977273 0.196826
vt 0.954546 0.157461
vt 0.181819 0.236191
vt 0.204546 0.196826
vt 0.227274 0.157461
vt 0.363637 0.236191
vt 0.386364 0.196826
vt 0.409092 0.157461
vt 0.477273 0.118096
vt 0.522728 0.118096
vt 0.568182 0.118096
vt 0.613637 0.118096
vt 0.659091 0.118096
vt 0.704546 0.118096
vt 0.750000 0.118096
vt 0.795455 0.118096
vt 0.840909 0.118096
vt 0.886364 0.118096
vt 0.931818 0.118096
vt 0.977273 0.118096
vt 0.431819 0.118096
vt 0.386364 0.118096
vt 0.363637 0.078731
vt 0.386364 0.039365
vt 0.340910 0.039365
vt 0.363637 0.000000
vt 0.113637 0.118096
vt 0.159092 0.118096
vt 0.204546 0.118096
vt 0.181819 0.078731
vt 0.250001 0.118096
vt 0.204546 0.039365
vt 0.159092 0.039365
vt 0.181819 0.000000
vt 0.454546 0.472382
vt 0.818182 0.472382
s 0
usemtl Material.005
f 1/1/1 14/2/1 13/3/1
f 20/4/1 21/5/1 29/6/1 5/7/1
f 1/8/1 13/9/1 18/10/1
f 1/11/1 18/12/1 20/4/1
f 1/13/1 20/14/1 17/15/1
f 3/16/1 15/17/1 25/18/1
f 4/19/1 19/20/1 27/21/1
f 41/22/2 40/23/2 12/24/2 42/25/2
f 6/26/3 22/27/3 31/28/3
f 2/29/4 23/30/4 26/31/4
f 3/16/1 25/18/1 28/32/1
f 4/19/1 27/21/1 30/33/1
f 5/7/1 29/6/1 32/34/1
f 6/26/5 31/28/5 24/35/5
f 7/36/6 33/37/6 38/38/6
f 8/39/1 34/40/1 40/41/1
f 9/42/1 35/43/1 41/22/1
f 10/44/7 36/45/7 42/25/7
f 11/46/8 37/47/8 39/48/8
f 39/48/9 37/47/9 42/49/9
f 37/47/10 10/44/10 42/49/10
f 38/38/11 39/48/11 42/49/11 12/50/11
f 42/25/12 36/45/12 41/51/12
f 36/45/13 9/42/13 41/51/13
f 41/22/1 35/43/1 40/23/1
f 35/43/1 8/52/1 40/23/1
f 40/41/14 38/53/14 12/54/14
f 40/41/15 34/40/15 38/53/15
f 34/40/16 7/36/16 38/53/16
f 38/38/17 33/37/17 39/55/17
f 33/37/18 11/46/18 39/55/18
f 24/35/19 37/47/19 11/46/19
f 24/35/20 31/28/20 37/47/20
f 31/28/21 10/44/21 37/47/21
f 32/34/1 36/45/1 10/44/1
f 32/34/1 29/6/1 36/45/1
f 29/6/1 9/42/1 36/45/1
f 30/33/1 35/43/1 9/42/1
f 30/33/1 27/21/1 35/43/1
f 27/21/1 8/52/1 35/43/1
f 28/32/1 34/40/1 8/39/1
f 28/32/1 25/18/1 34/40/1
f 25/18/22 7/36/22 34/40/22
f 26/31/23 33/37/23 7/36/23
f 26/31/24 23/30/24 33/37/24
f 23/30/25 11/46/25 33/37/25
f 31/28/26 32/34/26 10/44/26
f 31/28/27 22/27/27 32/34/27
f 22/27/1 5/7/1 32/34/1
f 29/6/1 30/33/1 9/42/1
f 16/56/28 23/30/28 2/29/28 14/57/28
f 27/21/1 28/58/1 8/52/1
f 27/21/1 19/20/1 28/58/1
f 19/20/1 3/59/1 28/58/1
f 25/18/29 26/31/29 7/36/29
f 25/18/30 15/17/30 26/31/30
f 15/17/31 2/29/31 26/31/31
f 23/30/32 24/35/32 11/46/32
f 23/30/33 16/56/33 24/35/33
f 21/5/1 4/19/1 30/33/1 29/6/1
f 17/15/34 22/27/34 6/26/34
f 17/15/1 20/14/1 22/27/1
f 20/14/1 5/7/1 22/27/1
f 20/4/1 18/12/1 21/5/1
f 18/12/1 4/19/1 21/5/1
f 18/10/1 19/20/1 4/19/1
f 18/10/1 13/9/1 19/20/1
f 13/9/1 3/59/1 19/20/1
f 16/56/35 14/57/35 17/60/35
f 14/57/1 1/61/1 17/60/1
f 13/3/1 15/17/1 3/16/1
f 13/3/1 14/2/1 15/17/1
f 14/2/36 2/29/36 15/17/36
f 16/56/37 17/60/37 6/26/37 24/35/37
f 58/62/38 88/63/38 200/64/38
f 44/29/38 86/65/38 88/63/38
f 56/57/38 200/64/38 86/65/38
f 60/10/38 90/66/38 197/67/38
f 43/68/38 85/69/38 90/66/38
f 55/9/38 197/67/38 85/69/38
f 62/4/38 92/70/38 194/71/38
f 43/72/38 90/73/38 92/70/38
f 60/12/38 194/71/38 90/73/38
f 59/15/38 119/74/38 191/75/38
f 43/76/38 92/77/38 119/74/38
f 62/14/38 191/75/38 92/77/38
f 65/78/38 95/79/38 188/80/38
f 44/29/38 88/63/38 95/79/38
f 58/62/38 188/80/38 88/63/38
f 67/81/38 97/82/38 185/83/38
f 45/16/38 87/84/38 97/82/38
f 57/85/38 185/83/38 87/84/38
f 69/86/39 99/87/39 182/88/39
f 46/19/38 91/89/38 99/87/38
f 61/90/40 182/88/40 91/89/40
f 71/91/38 101/92/38 179/93/38
f 47/7/38 93/94/38 101/92/38
f 63/95/38 179/93/38 93/94/38
f 73/96/38 103/97/38 176/98/38
f 48/26/38 94/99/38 103/97/38
f 64/100/38 176/98/38 94/99/38
f 68/101/38 128/102/38 173/103/38
f 44/29/38 95/79/38 128/102/38
f 65/78/38 173/103/38 95/79/38
f 70/32/41 130/104/41 170/105/41
f 45/16/40 97/82/40 130/104/40
f 67/81/42 170/105/42 97/82/42
f 72/106/38 132/107/38 167/108/38
f 46/19/38 99/87/38 132/107/38
f 69/86/43 167/108/43 99/87/43
f 74/109/38 134/110/38 164/111/38
f 47/7/38 101/92/38 134/110/38
f 71/91/38 164/111/38 101/92/38
f 66/112/38 126/113/38 161/114/38
f 48/26/38 103/97/38 126/113/38
f 73/96/38 161/114/38 103/97/38
f 80/38/44 110/115/44 158/116/44
f 49/36/45 105/117/45 110/115/45
f 75/118/46 158/116/46 105/117/46
f 82/41/47 112/119/47 155/120/47
f 50/39/48 106/121/48 112/119/48
f 76/122/49 155/120/49 106/121/49
f 83/22/50 113/123/50 152/124/50
f 51/42/51 107/125/51 113/123/51
f 77/126/52 152/124/52 107/125/52
f 84/25/53 114/127/53 149/128/53
f 52/44/54 108/129/54 114/127/54
f 78/130/55 149/128/55 108/129/55
f 81/48/56 141/131/56 146/132/56
f 53/46/57 109/133/57 141/131/57
f 79/134/58 146/132/58 109/133/58
f 54/135/59 111/136/59 144/137/59
f 81/48/60 145/138/60 111/136/60
f 84/49/61 144/137/61 145/138/61
f 84/49/62 145/138/62 147/139/62
f 81/48/63 146/132/63 145/138/63
f 79/134/64 147/139/64 146/132/64
f 84/49/65 147/139/65 114/140/65
f 79/134/66 139/141/66 147/139/66
f 52/44/67 114/140/67 139/141/67
f 54/142/68 144/143/68 143/144/68
f 84/25/69 148/145/69 144/143/69
f 83/51/70 143/144/70 148/145/70
f 83/51/71 148/145/71 150/146/71
f 84/25/72 149/128/72 148/145/72
f 78/130/73 150/146/73 149/128/73
f 83/51/74 150/146/74 113/147/74
f 78/130/75 138/148/75 150/146/75
f 51/42/76 113/147/76 138/148/76
f 54/149/77 143/150/77 142/151/77
f 83/22/78 151/152/78 143/150/78
f 82/23/79 142/151/79 151/152/79
f 82/23/80 151/152/80 153/153/80
f 83/22/81 152/124/81 151/152/81
f 77/126/82 153/153/82 152/124/82
f 82/23/83 153/153/83 112/154/83
f 77/126/84 137/155/84 153/153/84
f 50/52/85 112/154/85 137/155/85
f 54/156/86 142/157/86 140/158/86
f 82/41/87 154/159/87 142/157/87
f 80/53/88 140/158/88 154/159/88
f 80/53/89 154/159/89 156/160/89
f 82/41/90 155/120/90 154/159/90
f 76/122/91 156/160/91 155/120/91
f 80/53/92 156/160/92 110/161/92
f 76/122/93 136/162/93 156/160/93
f 49/36/94 110/161/94 136/162/94
f 54/163/95 140/164/95 111/165/95
f 80/38/96 157/166/96 140/164/96
f 81/55/97 111/165/97 157/166/97
f 81/55/98 157/166/98 159/167/98
f 80/38/99 158/116/99 157/166/99
f 75/118/100 159/167/100 158/116/100
f 81/55/101 159/167/101 141/168/101
f 75/118/102 135/169/102 159/167/102
f 53/46/103 141/168/103 135/169/103
f 53/46/104 96/170/104 109/133/104
f 66/112/105 160/171/105 96/170/105
f 79/134/106 109/133/106 160/171/106
f 79/134/107 160/171/107 162/172/107
f 66/112/108 161/114/108 160/171/108
f 73/96/109 162/172/109 161/114/109
f 79/134/110 162/172/110 139/141/110
f 73/96/111 133/173/111 162/172/111
f 52/44/112 139/141/112 133/173/112
f 52/44/38 104/174/38 108/129/38
f 74/109/38 163/175/38 104/174/38
f 78/130/38 108/129/38 163/175/38
f 78/130/38 163/175/38 165/176/38
f 74/109/38 164/111/38 163/175/38
f 71/91/38 165/176/38 164/111/38
f 78/130/38 165/176/38 138/148/38
f 71/91/38 131/177/38 165/176/38
f 51/42/38 138/148/38 131/177/38
f 51/42/113 102/178/113 107/125/113
f 72/106/40 166/179/40 102/178/40
f 77/126/114 107/125/114 166/179/114
f 77/126/115 166/179/115 168/180/115
f 72/106/38 167/108/38 166/179/38
f 69/86/116 168/180/116 167/108/116
f 77/126/117 168/180/117 137/155/117
f 69/86/118 129/181/118 168/180/118
f 50/52/119 137/155/119 129/181/119
f 50/39/120 100/182/120 106/121/120
f 70/32/121 169/183/121 100/182/121
f 76/122/122 106/121/122 169/183/122
f 76/122/123 169/183/123 171/184/123
f 70/32/124 170/105/124 169/183/124
f 67/81/125 171/184/125 170/105/125
f 76/122/126 171/184/126 136/162/126
f 67/81/127 127/185/127 171/184/127
f 49/36/128 136/162/128 127/185/128
f 49/36/129 98/186/129 105/117/129
f 68/101/38 172/187/38 98/186/38
f 75/118/130 105/117/130 172/187/130
f 75/118/131 172/187/131 174/188/131
f 68/101/132 173/103/132 172/187/132
f 65/78/38 174/188/38 173/103/38
f 75/118/133 174/188/133 135/169/133
f 65/78/40 125/189/40 174/188/40
f 53/46/134 135/169/134 125/189/134
f 52/44/38 133/173/38 104/174/38
f 73/96/38 175/190/38 133/173/38
f 74/109/38 104/174/38 175/190/38
f 74/109/38 175/190/38 177/191/38
f 73/96/38 176/98/38 175/190/38
f 64/100/38 177/191/38 176/98/38
f 74/109/38 177/191/38 134/110/38
f 64/100/38 124/192/38 177/191/38
f 47/7/38 134/110/38 124/192/38
f 51/42/38 131/177/38 102/178/38
f 71/91/38 178/193/38 131/177/38
f 72/106/38 102/178/38 178/193/38
f 72/106/38 178/193/38 180/194/38
f 71/91/38 179/93/38 178/193/38
f 63/95/38 180/194/38 179/93/38
f 72/106/38 180/194/38 132/107/38
f 63/95/38 123/195/38 180/194/38
f 46/19/38 132/107/38 123/195/38
f 50/52/135 129/181/135 100/196/135
f 69/86/136 181/197/136 129/181/136
f 70/58/137 100/196/137 181/197/137
f 70/58/138 181/197/138 183/198/138
f 69/86/139 182/88/139 181/197/139
f 61/90/140 183/198/140 182/88/140
f 70/58/141 183/198/141 130/199/141
f 61/90/142 121/200/142 183/198/142
f 45/59/40 130/199/40 121/200/40
f 49/36/143 127/185/143 98/186/143
f 67/81/144 184/201/144 127/185/144
f 68/101/38 98/186/38 184/201/38
f 68/101/38 184/201/38 186/202/38
f 67/81/38 185/83/38 184/201/38
f 57/85/38 186/202/38 185/83/38
f 68/101/38 186/202/38 128/102/38
f 57/85/38 117/203/38 186/202/38
f 44/29/38 128/102/38 117/203/38
f 53/46/145 125/189/145 96/170/145
f 65/78/146 187/204/146 125/189/146
f 66/112/40 96/170/40 187/204/40
f 66/112/38 187/204/38 189/205/38
f 65/78/38 188/80/38 187/204/38
f 58/62/38 189/205/38 188/80/38
f 66/112/38 189/205/38 126/113/38
f 58/62/38 118/206/38 189/205/38
f 48/26/38 126/113/38 118/206/38
f 48/26/38 89/207/38 94/99/38
f 59/15/38 190/208/38 89/207/38
f 64/100/38 94/99/38 190/208/38
f 64/100/38 190/208/38 192/209/38
f 59/15/38 191/75/38 190/208/38
f 62/14/38 192/209/38 191/75/38
f 64/100/38 192/209/38 124/192/38
f 62/14/38 122/210/38 192/209/38
f 47/7/38 124/192/38 122/210/38
f 47/7/38 122/211/38 93/94/38
f 62/4/38 193/212/38 122/211/38
f 63/95/38 93/94/38 193/212/38
f 63/95/38 193/212/38 195/213/38
f 62/4/38 194/71/38 193/212/38
f 60/12/38 195/213/38 194/71/38
f 63/95/38 195/213/38 123/195/38
f 60/12/38 120/214/38 195/213/38
f 46/19/38 123/195/38 120/214/38
f 46/19/38 120/215/38 91/89/38
f 60/10/38 196/216/38 120/215/38
f 61/90/38 91/89/38 196/216/38
f 61/90/38 196/216/38 198/217/38
f 60/10/38 197/67/38 196/216/38
f 55/9/38 198/217/38 197/67/38
f 61/90/38 198/217/38 121/200/38
f 55/9/38 115/218/38 198/217/38
f 45/59/38 121/200/38 115/218/38
f 48/26/38 118/206/38 89/219/38
f 58/62/38 199/220/38 118/206/38
f 59/60/38 89/219/38 199/220/38
f 59/60/38 199/220/38 201/221/38
f 58/62/38 200/64/38 199/220/38
f 56/57/38 201/221/38 200/64/38
f 59/60/38 201/221/38 119/222/38
f 56/57/38 116/223/38 201/221/38
f 43/224/38 119/222/38 116/223/38
f 45/16/38 115/225/38 87/84/38
f 55/3/38 202/226/38 115/225/38
f 57/85/38 87/84/38 202/226/38
f 57/85/38 202/226/38 204/227/38
f 55/3/38 203/228/38 202/226/38
f 56/2/38 204/227/38 203/228/38
f 57/85/38 204/227/38 117/203/38
f 56/2/38 86/229/38 204/227/38
f 44/29/38 117/203/38 86/229/38
f 220/62/147 250/63/147 362/64/147
f 206/29/147 248/65/147 250/63/147
f 218/57/147 362/64/147 248/65/147
f 222/10/147 252/66/147 359/67/147
f 205/68/147 247/69/147 252/66/147
f 217/9/147 359/67/147 247/69/147
f 224/4/147 254/70/147 356/71/147
f 205/72/147 252/73/147 254/70/147
f 222/12/147 356/71/147 252/73/147
f 221/15/147 281/74/147 353/75/147
f 205/76/147 254/77/147 281/74/147
f 224/14/147 353/75/147 254/77/147
f 227/78/147 257/79/147 350/80/147
f 206/29/147 250/63/147 257/79/147
f 220/62/147 350/80/147 250/63/147
f 229/81/147 259/82/147 347/83/147
f 207/16/147 249/84/147 259/82/147
f 219/85/147 347/83/147 249/84/147
f 231/86/148 261/87/148 344/88/148
f 208/19/147 253/89/147 261/87/147
f 223/90/149 344/88/149 253/89/149
f 233/91/147 263/92/147 341/93/147
f 209/7/147 255/94/147 263/92/147
f 225/95/147 341/93/147 255/94/147
f 235/96/147 265/97/147 338/98/147
f 210/26/147 256/99/147 265/97/147
f 226/100/147 338/98/147 256/99/147
f 230/101/147 290/102/147 335/103/147
f 206/29/147 257/79/147 290/102/147
f 227/78/147 335/103/147 257/79/147
f 232/32/150 292/104/150 332/105/150
f 207/16/151 259/82/151 292/104/151
f 229/81/152 332/105/152 259/82/152
f 234/106/147 294/107/147 329/108/147
f 208/19/147 261/87/147 294/107/147
f 231/86/153 329/108/153 261/87/153
f 236/109/147 296/110/147 326/111/147
f 209/7/147 263/92/147 296/110/147
f 233/91/147 326/111/147 263/92/147
f 228/112/147 288/113/147 323/114/147
f 210/26/147 265/97/147 288/113/147
f 235/96/147 323/114/147 265/97/147
f 242/38/154 272/115/154 320/116/154
f 211/36/155 267/117/155 272/115/155
f 237/118/156 320/116/156 267/117/156
f 244/41/157 274/119/157 317/120/157
f 212/39/158 268/121/158 274/119/158
f 238/122/159 317/120/159 268/121/159
f 245/22/160 275/123/160 314/124/160
f 213/42/161 269/125/161 275/123/161
f 239/126/162 314/124/162 269/125/162
f 246/25/163 276/127/163 311/128/163
f 214/44/164 270/129/164 276/127/164
f 240/130/165 311/128/165 270/129/165
f 243/48/166 303/131/166 308/132/166
f 215/46/167 271/133/167 303/131/167
f 241/134/168 308/132/168 271/133/168
f 216/135/169 273/136/169 306/137/169
f 243/48/170 307/138/170 273/136/170
f 246/49/171 306/137/171 307/138/171
f 246/49/172 307/138/172 309/139/172
f 243/48/173 308/132/173 307/138/173
f 241/134/174 309/139/174 308/132/174
f 246/49/175 309/139/175 276/140/175
f 241/134/176 301/141/176 309/139/176
f 214/44/177 276/140/177 301/141/177
f 216/142/178 306/143/178 305/144/178
f 246/25/179 310/145/179 306/143/179
f 245/51/180 305/144/180 310/145/180
f 245/51/181 310/145/181 312/146/181
f 246/25/182 311/128/182 310/145/182
f 240/130/183 312/146/183 311/128/183
f 245/51/184 312/146/184 275/147/184
f 240/130/185 300/148/185 312/146/185
f 213/42/186 275/147/186 300/148/186
f 216/149/187 305/150/187 304/151/187
f 245/22/188 313/152/188 305/150/188
f 244/23/189 304/151/189 313/152/189
f 244/23/190 313/152/190 315/153/190
f 245/22/191 314/124/191 313/152/191
f 239/126/192 315/153/192 314/124/192
f 244/23/193 315/153/193 274/154/193
f 239/126/194 299/155/194 315/153/194
f 212/52/195 274/154/195 299/155/195
f 216/156/196 304/157/196 302/158/196
f 244/41/197 316/159/197 304/157/197
f 242/53/198 302/158/198 316/159/198
f 242/53/199 316/159/199 318/160/199
f 244/41/200 317/120/200 316/159/200
f 238/122/201 318/160/201 317/120/201
f 242/53/202 318/160/202 272/161/202
f 238/122/203 298/162/203 318/160/203
f 211/36/204 272/161/204 298/162/204
f 216/163/205 302/164/205 273/165/205
f 242/38/206 319/166/206 302/164/206
f 243/55/207 273/165/207 319/166/207
f 243/55/208 319/166/208 321/167/208
f 242/38/209 320/116/209 319/166/209
f 237/118/210 321/167/210 320/116/210
f 243/55/211 321/167/211 303/168/211
f 237/118/212 297/169/212 321/167/212
f 215/46/213 303/168/213 297/169/213
f 215/46/214 258/170/214 271/133/214
f 228/112/215 322/171/215 258/170/215
f 241/134/216 271/133/216 322/171/216
f 241/134/217 322/171/217 324/172/217
f 228/112/218 323/114/218 322/171/218
f 235/96/219 324/172/219 323/114/219
f 241/134/220 324/172/220 301/141/220
f 235/96/221 295/173/221 324/172/221
f 214/44/222 301/141/222 295/173/222
f 214/44/147 266/174/147 270/129/147
f 236/109/147 325/175/147 266/174/147
f 240/130/147 270/129/147 325/175/147
f 240/130/147 325/175/147 327/176/147
f 236/109/147 326/111/147 325/175/147
f 233/91/147 327/176/147 326/111/147
f 240/130/147 327/176/147 300/148/147
f 233/91/147 293/177/147 327/176/147
f 213/42/147 300/148/147 293/177/147
f 213/42/223 264/178/223 269/125/223
f 234/106/224 328/179/224 264/178/224
f 239/126/225 269/125/225 328/179/225
f 239/126/226 328/179/226 330/180/226
f 234/106/227 329/108/227 328/179/227
f 231/86/228 330/180/228 329/108/228
f 239/126/229 330/180/229 299/155/229
f 231/86/230 291/181/230 330/180/230
f 212/52/231 299/155/231 291/181/231
f 212/39/232 262/182/232 268/121/232
f 232/32/233 331/183/233 262/182/233
f 238/122/234 268/121/234 331/183/234
f 238/122/235 331/183/235 333/184/235
f 232/32/236 332/105/236 331/183/236
f 229/81/237 333/184/237 332/105/237
f 238/122/238 333/184/238 298/162/238
f 229/81/239 289/185/239 333/184/239
f 211/36/240 298/162/240 289/185/240
f 211/36/241 260/186/241 267/117/241
f 230/101/147 334/187/147 260/186/147
f 237/118/242 267/117/242 334/187/242
f 237/118/243 334/187/243 336/188/243
f 230/101/147 335/103/147 334/187/147
f 227/78/147 336/188/147 335/103/147
f 237/118/244 336/188/244 297/169/244
f 227/78/151 287/189/151 336/188/151
f 215/46/245 297/169/245 287/189/245
f 214/44/147 295/173/147 266/174/147
f 235/96/147 337/190/147 295/173/147
f 236/109/147 266/174/147 337/190/147
f 236/109/147 337/190/147 339/191/147
f 235/96/147 338/98/147 337/190/147
f 226/100/147 339/191/147 338/98/147
f 236/109/147 339/191/147 296/110/147
f 226/100/147 286/192/147 339/191/147
f 209/7/147 296/110/147 286/192/147
f 213/42/147 293/177/147 264/178/147
f 233/91/147 340/193/147 293/177/147
f 234/106/147 264/178/147 340/193/147
f 234/106/147 340/193/147 342/194/147
f 233/91/147 341/93/147 340/193/147
f 225/95/147 342/194/147 341/93/147
f 234/106/147 342/194/147 294/107/147
f 225/95/147 285/195/147 342/194/147
f 208/19/147 294/107/147 285/195/147
f 212/52/246 291/181/246 262/196/246
f 231/86/247 343/197/247 291/181/247
f 232/58/248 262/196/248 343/197/248
f 232/58/249 343/197/249 345/198/249
f 231/86/250 344/88/250 343/197/250
f 223/90/251 345/198/251 344/88/251
f 232/58/252 345/198/252 292/199/252
f 223/90/253 283/200/253 345/198/253
f 207/59/151 292/199/151 283/200/151
f 211/36/254 289/185/254 260/186/254
f 229/81/255 346/201/255 289/185/255
f 230/101/256 260/186/256 346/201/256
f 230/101/147 346/201/147 348/202/147
f 229/81/147 347/83/147 346/201/147
f 219/85/147 348/202/147 347/83/147
f 230/101/147 348/202/147 290/102/147
f 219/85/147 279/203/147 348/202/147
f 206/29/147 290/102/147 279/203/147
f 215/46/257 287/189/257 258/170/257
f 227/78/256 349/204/256 287/189/256
f 228/112/151 258/170/151 349/204/151
f 228/112/147 349/204/147 351/205/147
f 227/78/147 350/80/147 349/204/147
f 220/62/147 351/205/147 350/80/147
f 228/112/147 351/205/147 288/113/147
f 220/62/147 280/206/147 351/205/147
f 210/26/147 288/113/147 280/206/147
f 210/26/147 251/207/147 256/99/147
f 221/15/147 352/208/147 251/207/147
f 226/100/147 256/99/147 352/208/147
f 226/100/147 352/208/147 354/209/147
f 221/15/147 353/75/147 352/208/147
f 224/14/147 354/209/147 353/75/147
f 226/100/147 354/209/147 286/192/147
f 224/14/147 284/210/147 354/209/147
f 209/7/147 286/192/147 284/210/147
f 209/7/147 284/211/147 255/94/147
f 224/4/147 355/212/147 284/211/147
f 225/95/147 255/94/147 355/212/147
f 225/95/147 355/212/147 357/213/147
f 224/4/147 356/71/147 355/212/147
f 222/12/147 357/213/147 356/71/147
f 225/95/147 357/213/147 285/195/147
f 222/12/147 282/214/147 357/213/147
f 208/19/147 285/195/147 282/214/147
f 208/19/147 282/215/147 253/89/147
f 222/10/147 358/216/147 282/215/147
f 223/90/147 253/89/147 358/216/147
f 223/90/147 358/216/147 360/217/147
f 222/10/147 359/67/147 358/216/147
f 217/9/147 360/217/147 359/67/147
f 223/90/147 360/217/147 283/200/147
f 217/9/147 277/218/147 360/217/147
f 207/59/147 283/200/147 277/218/147
f 210/26/147 280/206/147 251/219/147
f 220/62/147 361/220/147 280/206/147
f 221/60/147 251/219/147 361/220/147
f 221/60/147 361/220/147 363/221/147
f 220/62/147 362/64/147 361/220/147
f 218/57/147 363/221/147 362/64/147
f 221/60/147 363/221/147 281/222/147
f 218/57/147 278/223/147 363/221/147
f 205/224/147 281/222/147 278/223/147
f 207/16/147 277/225/147 249/84/147
f 217/3/147 364/226/147 277/225/147
f 219/85/147 249/84/147 364/226/147
f 219/85/147 364/226/147 366/227/147
f 217/3/147 365/228/147 364/226/147
f 218/2/147 366/227/147 365/228/147
f 219/85/147 366/227/147 279/203/147
f 218/2/147 248/229/147 366/227/147
f 206/29/147 279/203/147 248/229/147
f 218/2/147 365/228/147 278/230/147
f 217/3/147 247/231/147 365/228/147
f 205/232/147 278/230/147 247/231/147
f 365/228/147 247/231/147 278/230/147
f 362/64/147 250/63/147 248/65/147
f 359/67/147 252/66/147 247/69/147
f 356/71/147 254/70/147 252/73/147
f 353/75/147 281/74/147 254/77/147
f 350/80/147 257/79/147 250/63/147
f 347/83/147 259/82/147 249/84/147
f 344/88/149 261/87/149 253/89/149
f 341/93/147 263/92/147 255/94/147
f 338/98/147 265/97/147 256/99/147
f 335/103/147 290/102/147 257/79/147
f 332/105/258 292/104/258 259/82/258
f 329/108/147 294/107/147 261/87/147
f 326/111/147 296/110/147 263/92/147
f 323/114/147 288/113/147 265/97/147
f 320/116/259 272/115/259 267/117/259
f 317/120/260 274/119/260 268/121/260
f 314/124/261 275/123/261 269/125/261
f 311/128/262 276/127/262 270/129/262
f 308/132/263 303/131/263 271/133/263
f 306/137/264 273/136/264 307/138/264
f 309/139/265 307/138/265 308/132/265
f 276/140/266 309/139/266 301/141/266
f 305/144/267 306/143/267 310/145/267
f 312/146/268 310/145/268 311/128/268
f 275/147/269 312/146/269 300/148/269
f 304/151/270 305/150/270 313/152/270
f 315/153/271 313/152/271 314/124/271
f 274/154/272 315/153/272 299/155/272
f 302/158/273 304/157/273 316/159/273
f 318/160/274 316/159/274 317/120/274
f 272/161/275 318/160/275 298/162/275
f 273/165/276 302/164/276 319/166/276
f 321/167/277 319/166/277 320/116/277
f 303/168/278 321/167/278 297/169/278
f 271/133/279 258/170/279 322/171/279
f 324/172/280 322/171/280 323/114/280
f 301/141/281 324/172/281 295/173/281
f 270/129/147 266/174/147 325/175/147
f 327/176/147 325/175/147 326/111/147
f 300/148/147 327/176/147 293/177/147
f 269/125/282 264/178/282 328/179/282
f 330/180/283 328/179/283 329/108/283
f 299/155/284 330/180/284 291/181/284
f 268/121/285 262/182/285 331/183/285
f 333/184/286 331/183/286 332/105/286
f 298/162/287 333/184/287 289/185/287
f 267/117/288 260/186/288 334/187/288
f 336/188/151 334/187/151 335/103/151
f 297/169/289 336/188/289 287/189/289
f 266/174/147 295/173/147 337/190/147
f 339/191/147 337/190/147 338/98/147
f 296/110/147 339/191/147 286/192/147
f 264/178/147 293/177/147 340/193/147
f 342/194/147 340/193/147 341/93/147
f 294/107/147 342/194/147 285/195/147
f 262/196/290 291/181/290 343/197/290
f 345/198/291 343/197/291 344/88/291
f 292/199/292 345/198/292 283/200/292
f 260/186/293 289/185/293 346/201/293
f 348/202/147 346/201/147 347/83/147
f 290/102/147 348/202/147 279/203/147
f 258/170/151 287/189/151 349/204/151
f 351/205/147 349/204/147 350/80/147
f 288/113/147 351/205/147 280/206/147
f 256/99/147 251/207/147 352/208/147
f 354/209/147 352/208/147 353/75/147
f 286/192/147 354/209/147 284/210/147
f 255/94/147 284/211/147 355/212/147
f 357/213/147 355/212/147 356/71/147
f 285/195/147 357/213/147 282/214/147
f 253/89/147 282/215/147 358/216/147
f 360/217/147 358/216/147 359/67/147
f 283/200/147 360/217/147 277/218/147
f 251/219/147 280/206/147 361/220/147
f 363/221/147 361/220/147 362/64/147
f 281/222/147 363/221/147 278/223/147
f 249/84/147 277/225/147 364/226/147
f 366/227/147 364/226/147 365/228/147
f 279/203/147 366/227/147 248/229/147
f 382/62/294 412/63/294 524/64/294
f 368/29/295 410/65/295 412/63/295
f 380/57/294 524/64/294 410/65/294
f 384/10/294 414/66/294 521/67/294
f 367/68/294 409/69/294 414/66/294
f 379/9/294 521/67/294 409/69/294
f 386/4/296 416/70/296 518/71/296
f 367/72/296 414/73/296 416/70/296
f 384/12/296 518/71/296 414/73/296
f 383/15/294 443/74/294 515/75/294
f 367/76/294 416/77/294 443/74/294
f 386/14/294 515/75/294 416/77/294
f 389/78/297 419/79/297 512/80/297
f 368/29/298 412/63/298 419/79/298
f 382/62/299 512/80/299 412/63/299
f 391/81/300 421/82/300 509/83/300
f 369/16/294 411/84/294 421/82/294
f 381/85/301 509/83/301 411/84/301
f 393/86/294 423/87/294 506/88/294
f 370/19/294 415/89/294 423/87/294
f 385/90/294 506/88/294 415/89/294
f 395/91/296 425/92/296 503/93/296
f 371/7/294 417/94/294 425/92/294
f 387/95/296 503/93/296 417/94/296
f 397/96/294 427/97/294 500/98/294
f 372/26/296 418/99/296 427/97/296
f 388/100/294 500/98/294 418/99/294
f 392/101/302 452/102/302 497/103/302
f 368/29/303 419/79/303 452/102/303
f 389/78/304 497/103/304 419/79/304
f 394/32/301 454/104/301 494/105/301
f 369/16/294 421/82/294 454/104/294
f 391/81/305 494/105/305 421/82/305
f 396/106/294 456/107/294 491/108/294
f 370/19/294 423/87/294 456/107/294
f 393/86/296 491/108/296 423/87/296
f 398/109/294 458/110/294 488/111/294
f 371/7/294 425/92/294 458/110/294
f 395/91/294 488/111/294 425/92/294
f 390/112/306 450/113/306 485/114/306
f 372/26/296 427/97/296 450/113/296
f 397/96/295 485/114/295 427/97/295
f 404/38/307 434/115/307 482/116/307
f 373/36/308 429/117/308 434/115/308
f 399/118/309 482/116/309 429/117/309
f 406/41/310 436/119/310 479/120/310
f 374/39/311 430/121/311 436/119/311
f 400/122/312 479/120/312 430/121/312
f 407/22/313 437/123/313 476/124/313
f 375/42/314 431/125/314 437/123/314
f 401/126/315 476/124/315 431/125/315
f 408/25/316 438/127/316 473/128/316
f 376/44/317 432/129/317 438/127/317
f 402/130/318 473/128/318 432/129/318
f 405/48/319 465/131/319 470/132/319
f 377/46/320 433/133/320 465/131/320
f 403/134/321 470/132/321 433/133/321
f 378/135/322 435/136/322 468/137/322
f 405/48/323 469/138/323 435/136/323
f 408/49/324 468/137/324 469/138/324
f 408/49/325 469/138/325 471/139/325
f 405/48/326 470/132/326 469/138/326
f 403/134/327 471/139/327 470/132/327
f 408/49/328 471/139/328 438/140/328
f 403/134/329 463/141/329 471/139/329
f 376/44/330 438/140/330 463/141/330
f 378/142/331 468/143/331 467/144/331
f 408/25/332 472/145/332 468/143/332
f 407/51/333 467/144/333 472/145/333
f 407/51/334 472/145/334 474/146/334
f 408/25/335 473/128/335 472/145/335
f 402/130/336 474/146/336 473/128/336
f 407/51/337 474/146/337 437/147/337
f 402/130/338 462/148/338 474/146/338
f 375/42/339 437/147/339 462/148/339
f 378/149/340 467/150/340 466/151/340
f 407/22/341 475/152/341 467/150/341
f 406/23/342 466/151/342 475/152/342
f 406/23/343 475/152/343 477/153/343
f 407/22/344 476/124/344 475/152/344
f 401/126/345 477/153/345 476/124/345
f 406/23/346 477/153/346 436/154/346
f 401/126/347 461/155/347 477/153/347
f 374/52/348 436/154/348 461/155/348
f 378/156/349 466/157/349 464/158/349
f 406/41/350 478/159/350 466/157/350
f 404/53/351 464/158/351 478/159/351
f 404/53/352 478/159/352 480/160/352
f 406/41/353 479/120/353 478/159/353
f 400/122/354 480/160/354 479/120/354
f 404/53/355 480/160/355 434/161/355
f 400/122/356 460/162/356 480/160/356
f 373/36/357 434/161/357 460/162/357
f 378/163/358 464/164/358 435/165/358
f 404/38/359 481/166/359 464/164/359
f 405/55/360 435/165/360 481/166/360
f 405/55/361 481/166/361 483/167/361
f 404/38/362 482/116/362 481/166/362
f 399/118/363 483/167/363 482/116/363
f 405/55/364 483/167/364 465/168/364
f 399/118/365 459/169/365 483/167/365
f 377/46/366 465/168/366 459/169/366
f 377/46/367 420/170/367 433/133/367
f 390/112/368 484/171/368 420/170/368
f 403/134/369 433/133/369 484/171/369
f 403/134/370 484/171/370 486/172/370
f 390/112/371 485/114/371 484/171/371
f 397/96/372 486/172/372 485/114/372
f 403/134/373 486/172/373 463/141/373
f 397/96/374 457/173/374 486/172/374
f 376/44/375 463/141/375 457/173/375
f 376/44/295 428/174/295 432/129/295
f 398/109/294 487/175/294 428/174/294
f 402/130/294 432/129/294 487/175/294
f 402/130/294 487/175/294 489/176/294
f 398/109/294 488/111/294 487/175/294
f 395/91/294 489/176/294 488/111/294
f 402/130/294 489/176/294 462/148/294
f 395/91/294 455/177/294 489/176/294
f 375/42/294 462/148/294 455/177/294
f 375/42/294 426/178/294 431/125/294
f 396/106/296 490/179/296 426/178/296
f 401/126/376 431/125/376 490/179/376
f 401/126/296 490/179/296 492/180/296
f 396/106/296 491/108/296 490/179/296
f 393/86/296 492/180/296 491/108/296
f 401/126/377 492/180/377 461/155/377
f 393/86/294 453/181/294 492/180/294
f 374/52/301 461/155/301 453/181/301
f 374/39/378 424/182/378 430/121/378
f 394/32/301 493/183/301 424/182/301
f 400/122/379 430/121/379 493/183/379
f 400/122/380 493/183/380 495/184/380
f 394/32/295 494/105/295 493/183/295
f 391/81/381 495/184/381 494/105/381
f 400/122/382 495/184/382 460/162/382
f 391/81/383 451/185/383 495/184/383
f 373/36/384 460/162/384 451/185/384
f 373/36/385 422/186/385 429/117/385
f 392/101/386 496/187/386 422/186/386
f 399/118/387 429/117/387 496/187/387
f 399/118/388 496/187/388 498/188/388
f 392/101/389 497/103/389 496/187/389
f 389/78/390 498/188/390 497/103/390
f 399/118/391 498/188/391 459/169/391
f 389/78/392 449/189/392 498/188/392
f 377/46/393 459/169/393 449/189/393
f 376/44/295 457/173/295 428/174/295
f 397/96/296 499/190/296 457/173/296
f 398/109/294 428/174/294 499/190/294
f 398/109/294 499/190/294 501/191/294
f 397/96/296 500/98/296 499/190/296
f 388/100/294 501/191/294 500/98/294
f 398/109/294 501/191/294 458/110/294
f 388/100/294 448/192/294 501/191/294
f 371/7/294 458/110/294 448/192/294
f 375/42/294 455/177/294 426/178/294
f 395/91/296 502/193/296 455/177/296
f 396/106/294 426/178/294 502/193/294
f 396/106/294 502/193/294 504/194/294
f 395/91/294 503/93/294 502/193/294
f 387/95/296 504/194/296 503/93/296
f 396/106/294 504/194/294 456/107/294
f 387/95/294 447/195/294 504/194/294
f 370/19/294 456/107/294 447/195/294
f 374/52/394 453/181/394 424/196/394
f 393/86/294 505/197/294 453/181/294
f 394/58/294 424/196/294 505/197/294
f 394/58/296 505/197/296 507/198/296
f 393/86/294 506/88/294 505/197/294
f 385/90/294 507/198/294 506/88/294
f 394/58/294 507/198/294 454/199/294
f 385/90/294 445/200/294 507/198/294
f 369/59/294 454/199/294 445/200/294
f 373/36/395 451/185/395 422/186/395
f 391/81/396 508/201/396 451/185/396
f 392/101/397 422/186/397 508/201/397
f 392/101/398 508/201/398 510/202/398
f 391/81/399 509/83/399 508/201/399
f 381/85/400 510/202/400 509/83/400
f 392/101/401 510/202/401 452/102/401
f 381/85/295 441/203/295 510/202/295
f 368/29/402 452/102/402 441/203/402
f 377/46/403 449/189/403 420/170/403
f 389/78/404 511/204/404 449/189/404
f 390/112/405 420/170/405 511/204/405
f 390/112/406 511/204/406 513/205/406
f 389/78/407 512/80/407 511/204/407
f 382/62/408 513/205/408 512/80/408
f 390/112/409 513/205/409 450/113/409
f 382/62/301 442/206/301 513/205/301
f 372/26/294 450/113/294 442/206/294
f 372/26/294 413/207/294 418/99/294
f 383/15/294 514/208/294 413/207/294
f 388/100/294 418/99/294 514/208/294
f 388/100/294 514/208/294 516/209/294
f 383/15/294 515/75/294 514/208/294
f 386/14/294 516/209/294 515/75/294
f 388/100/296 516/209/296 448/192/296
f 386/14/296 446/210/296 516/209/296
f 371/7/296 448/192/296 446/210/296
f 371/7/294 446/211/294 417/94/294
f 386/4/294 517/212/294 446/211/294
f 387/95/294 417/94/294 517/212/294
f 387/95/294 517/212/294 519/213/294
f 386/4/294 518/71/294 517/212/294
f 384/12/294 519/213/294 518/71/294
f 387/95/294 519/213/294 447/195/294
f 384/12/294 444/214/294 519/213/294
f 370/19/294 447/195/294 444/214/294
f 370/19/294 444/215/294 415/89/294
f 384/10/294 520/216/294 444/215/294
f 385/90/294 415/89/294 520/216/294
f 385/90/296 520/216/296 522/217/296
f 384/10/294 521/67/294 520/216/294
f 379/9/294 522/217/294 521/67/294
f 385/90/294 522/217/294 445/200/294
f 379/9/294 439/218/294 522/217/294
f 369/59/296 445/200/296 439/218/296
f 372/26/294 442/206/294 413/219/294
f 382/62/296 523/220/296 442/206/296
f 383/60/296 413/219/296 523/220/296
f 383/60/294 523/220/294 525/221/294
f 382/62/296 524/64/296 523/220/296
f 380/57/294 525/221/294 524/64/294
f 383/60/294 525/221/294 443/222/294
f 380/57/294 440/223/294 525/221/294
f 367/224/294 443/222/294 440/223/294
f 369/16/294 439/225/294 411/84/294
f 379/3/294 526/226/294 439/225/294
f 381/85/294 411/84/294 526/226/294
f 381/85/294 526/226/294 528/227/294
f 379/3/294 527/228/294 526/226/294
f 380/2/294 528/227/294 527/228/294
f 381/85/294 528/227/294 441/203/294
f 380/2/294 410/229/294 528/227/294
f 368/29/410 441/203/410 410/229/410
f 380/2/294 527/228/294 440/230/294
f 379/3/294 409/231/294 527/228/294
f 367/232/294 440/230/294 409/231/294
f 527/228/294 409/231/294 440/230/294
f 524/64/294 412/63/294 410/65/294
f 521/67/294 414/66/294 409/69/294
f 518/71/294 416/70/294 414/73/294
f 515/75/294 443/74/294 416/77/294
f 512/80/411 419/79/411 412/63/411
f 509/83/301 421/82/301 411/84/301
f 506/88/294 423/87/294 415/89/294
f 503/93/294 425/92/294 417/94/294
f 500/98/294 427/97/294 418/99/294
f 497/103/412 452/102/412 419/79/412
f 494/105/301 454/104/301 421/82/301
f 491/108/296 456/107/296 423/87/296
f 488/111/294 458/110/294 425/92/294
f 485/114/301 450/113/301 427/97/301
f 482/116/413 434/115/413 429/117/413
f 479/120/414 436/119/414 430/121/414
f 476/124/415 437/123/415 431/125/415
f 473/128/416 438/127/416 432/129/416
f 470/132/417 465/131/417 433/133/417
f 468/137/418 435/136/418 469/138/418
f 471/139/419 469/138/419 470/132/419
f 438/140/420 471/139/420 463/141/420
f 467/144/421 468/143/421 472/145/421
f 474/146/422 472/145/422 473/128/422
f 437/147/423 474/146/423 462/148/423
f 466/151/424 467/150/424 475/152/424
f 477/153/425 475/152/425 476/124/425
f 436/154/426 477/153/426 461/155/426
f 464/158/427 466/157/427 478/159/427
f 480/160/428 478/159/428 479/120/428
f 434/161/429 480/160/429 460/162/429
f 435/165/430 464/164/430 481/166/430
f 483/167/431 481/166/431 482/116/431
f 465/168/432 483/167/432 459/169/432
f 433/133/433 420/170/433 484/171/433
f 486/172/434 484/171/434 485/114/434
f 463/141/435 486/172/435 457/173/435
f 432/129/296 428/174/296 487/175/296
f 489/176/294 487/175/294 488/111/294
f 462/148/294 489/176/294 455/177/294
f 431/125/294 426/178/294 490/179/294
f 492/180/294 490/179/294 491/108/294
f 461/155/376 492/180/376 453/181/376
f 430/121/436 424/182/436 493/183/436
f 495/184/437 493/183/437 494/105/437
f 460/162/438 495/184/438 451/185/438
f 429/117/439 422/186/439 496/187/439
f 498/188/440 496/187/440 497/103/440
f 459/169/441 498/188/441 449/189/441
f 428/174/296 457/173/296 499/190/296
f 501/191/294 499/190/294 500/98/294
f 458/110/296 501/191/296 448/192/296
f 426/178/294 455/177/294 502/193/294
f 504/194/296 502/193/296 503/93/296
f 456/107/294 504/194/294 447/195/294
f 424/196/294 453/181/294 505/197/294
f 507/198/294 505/197/294 506/88/294
f 454/199/296 507/198/296 445/200/296
f 422/186/442 451/185/442 508/201/442
f 510/202/443 508/201/443 509/83/443
f 452/102/444 510/202/444 441/203/444
f 420/170/445 449/189/445 511/204/445
f 513/205/446 511/204/446 512/80/446
f 450/113/377 513/205/377 442/206/377
f 418/99/294 413/207/294 514/208/294
f 516/209/294 514/208/294 515/75/294
f 448/192/294 516/209/294 446/210/294
f 417/94/294 446/211/294 517/212/294
f 519/213/294 517/212/294 518/71/294
f 447/195/294 519/213/294 444/214/294
f 415/89/294 444/215/294 520/216/294
f 522/217/294 520/216/294 521/67/294
f 445/200/296 522/217/296 439/218/296
f 413/219/294 442/206/294 523/220/294
f 525/221/294 523/220/294 524/64/294
f 443/222/294 525/221/294 440/223/294
f 411/84/294 439/225/294 526/226/294
f 528/227/296 526/226/296 527/228/296
f 441/203/296 528/227/296 410/229/296
f 544/62/447 574/63/447 686/64/447
f 530/29/447 572/65/447 574/63/447
f 542/57/447 686/64/447 572/65/447
f 546/10/447 576/66/447 683/67/447
f 529/68/447 571/69/447 576/66/447
f 541/9/447 683/67/447 571/69/447
f 548/4/447 578/70/447 680/71/447
f 529/72/447 576/73/447 578/70/447
f 546/12/447 680/71/447 576/73/447
f 545/15/447 605/74/447 677/75/447
f 529/76/447 578/77/447 605/74/447
f 548/14/447 677/75/447 578/77/447
f 551/78/447 581/79/447 674/80/447
f 530/29/447 574/63/447 581/79/447
f 544/62/447 674/80/447 574/63/447
f 553/81/448 583/82/448 671/83/448
f 531/16/447 573/84/447 583/82/447
f 543/85/447 671/83/447 573/84/447
f 555/86/449 585/87/449 668/88/449
f 532/19/447 577/89/447 585/87/447
f 547/90/450 668/88/450 577/89/450
f 557/91/447 587/92/447 665/93/447
f 533/7/447 579/94/447 587/92/447
f 549/95/447 665/93/447 579/94/447
f 559/96/447 589/97/447 662/98/447
f 534/26/447 580/99/447 589/97/447
f 550/100/447 662/98/447 580/99/447
f 554/101/447 614/102/447 659/103/447
f 530/29/447 581/79/447 614/102/447
f 551/78/447 659/103/447 581/79/447
f 556/32/451 616/104/451 656/105/451
f 531/16/450 583/82/450 616/104/450
f 553/81/452 656/105/452 583/82/452
f 558/106/447 618/107/447 653/108/447
f 532/19/447 585/87/447 618/107/447
f 555/86/453 653/108/453 585/87/453
f 560/109/454 620/110/454 650/111/454
f 533/7/447 587/92/447 620/110/447
f 557/91/447 650/111/447 587/92/447
f 552/112/447 612/113/447 647/114/447
f 534/26/447 589/97/447 612/113/447
f 559/96/447 647/114/447 589/97/447
f 566/38/455 596/115/455 644/116/455
f 535/36/456 591/117/456 596/115/456
f 561/118/457 644/116/457 591/117/457
f 568/41/458 598/119/458 641/120/458
f 536/39/459 592/121/459 598/119/459
f 562/122/460 641/120/460 592/121/460
f 569/22/461 599/123/461 638/124/461
f 537/42/462 593/125/462 599/123/462
f 563/126/463 638/124/463 593/125/463
f 570/25/464 600/127/464 635/128/464
f 538/44/465 594/129/465 600/127/465
f 564/130/466 635/128/466 594/129/466
f 567/48/467 627/131/467 632/132/467
f 539/46/468 595/133/468 627/131/468
f 565/134/469 632/132/469 595/133/469
f 540/135/470 597/136/470 630/137/470
f 567/48/471 631/138/471 597/136/471
f 570/49/472 630/137/472 631/138/472
f 570/49/473 631/138/473 633/139/473
f 567/48/474 632/132/474 631/138/474
f 565/134/475 633/139/475 632/132/475
f 570/49/476 633/139/476 600/140/476
f 565/134/477 625/141/477 633/139/477
f 538/44/478 600/140/478 625/141/478
f 540/142/479 630/143/479 629/144/479
f 570/25/480 634/145/480 630/143/480
f 569/51/481 629/144/481 634/145/481
f 569/51/482 634/145/482 636/146/482
f 570/25/483 635/128/483 634/145/483
f 564/130/484 636/146/484 635/128/484
f 569/51/485 636/146/485 599/147/485
f 564/130/486 624/148/486 636/146/486
f 537/42/487 599/147/487 624/148/487
f 540/149/488 629/150/488 628/151/488
f 569/22/489 637/152/489 629/150/489
f 568/23/490 628/151/490 637/152/490
f 568/23/491 637/152/491 639/153/491
f 569/22/492 638/124/492 637/152/492
f 563/126/493 639/153/493 638/124/493
f 568/23/494 639/153/494 598/154/494
f 563/126/495 623/155/495 639/153/495
f 536/52/496 598/154/496 623/155/496
f 540/156/497 628/157/497 626/158/497
f 568/41/498 640/159/498 628/157/498
f 566/53/499 626/158/499 640/159/499
f 566/53/500 640/159/500 642/160/500
f 568/41/501 641/120/501 640/159/501
f 562/122/502 642/160/502 641/120/502
f 566/53/503 642/160/503 596/161/503
f 562/122/504 622/162/504 642/160/504
f 535/36/505 596/161/505 622/162/505
f 540/163/506 626/164/506 597/165/506
f 566/38/507 643/166/507 626/164/507
f 567/55/508 597/165/508 643/166/508
f 567/55/509 643/166/509 645/167/509
f 566/38/510 644/116/510 643/166/510
f 561/118/511 645/167/511 644/116/511
f 567/55/512 645/167/512 627/168/512
f 561/118/513 621/169/513 645/167/513
f 539/46/514 627/168/514 621/169/514
f 539/46/515 582/170/515 595/133/515
f 552/112/516 646/171/516 582/170/516
f 565/134/517 595/133/517 646/171/517
f 565/134/518 646/171/518 648/172/518
f 552/112/519 647/114/519 646/171/519
f 559/96/520 648/172/520 647/114/520
f 565/134/521 648/172/521 625/141/521
f 559/96/522 619/173/522 648/172/522
f 538/44/523 625/141/523 619/173/523
f 538/44/447 590/174/447 594/129/447
f 560/109/447 649/175/447 590/174/447
f 564/130/447 594/129/447 649/175/447
f 564/130/447 649/175/447 651/176/447
f 560/109/447 650/111/447 649/175/447
f 557/91/447 651/176/447 650/111/447
f 564/130/448 651/176/448 624/148/448
f 557/91/447 617/177/447 651/176/447
f 537/42/454 624/148/454 617/177/454
f 537/42/524 588/178/524 593/125/524
f 558/106/525 652/179/525 588/178/525
f 563/126/526 593/125/526 652/179/526
f 563/126/527 652/179/527 654/180/527
f 558/106/447 653/108/447 652/179/447
f 555/86/528 654/180/528 653/108/528
f 563/126/529 654/180/529 623/155/529
f 555/86/530 615/181/530 654/180/530
f 536/52/531 623/155/531 615/181/531
f 536/39/532 586/182/532 592/121/532
f 556/32/533 655/183/533 586/182/533
f 562/122/534 592/121/534 655/183/534
f 562/122/535 655/183/535 657/184/535
f 556/32/536 656/105/536 655/183/536
f 553/81/537 657/184/537 656/105/537
f 562/122/538 657/184/538 622/162/538
f 553/81/539 613/185/539 657/184/539
f 535/36/540 622/162/540 613/185/540
f 535/36/541 584/186/541 591/117/541
f 554/101/447 658/187/447 584/186/447
f 561/118/542 591/117/542 658/187/542
f 561/118/543 658/187/543 660/188/543
f 554/101/447 659/103/447 658/187/447
f 551/78/454 660/188/454 659/103/454
f 561/118/544 660/188/544 621/169/544
f 551/78/450 611/189/450 660/188/450
f 539/46/545 621/169/545 611/189/545
f 538/44/454 619/173/454 590/174/454
f 559/96/447 661/190/447 619/173/447
f 560/109/447 590/174/447 661/190/447
f 560/109/447 661/190/447 663/191/447
f 559/96/447 662/98/447 661/190/447
f 550/100/447 663/191/447 662/98/447
f 560/109/447 663/191/447 620/110/447
f 550/100/447 610/192/447 663/191/447
f 533/7/447 620/110/447 610/192/447
f 537/42/454 617/177/454 588/178/454
f 557/91/447 664/193/447 617/177/447
f 558/106/447 588/178/447 664/193/447
f 558/106/447 664/193/447 666/194/447
f 557/91/447 665/93/447 664/193/447
f 549/95/447 666/194/447 665/93/447
f 558/106/447 666/194/447 618/107/447
f 549/95/447 609/195/447 666/194/447
f 532/19/447 618/107/447 609/195/447
f 536/52/546 615/181/546 586/196/546
f 555/86/547 667/197/547 615/181/547
f 556/58/548 586/196/548 667/197/548
f 556/58/549 667/197/549 669/198/549
f 555/86/550 668/88/550 667/197/550
f 547/90/551 669/198/551 668/88/551
f 556/58/552 669/198/552 616/199/552
f 547/90/553 607/200/553 669/198/553
f 531/59/554 616/199/554 607/200/554
f 535/36/555 613/185/555 584/186/555
f 553/81/556 670/201/556 613/185/556
f 554/101/447 584/186/447 670/201/447
f 554/101/447 670/201/447 672/202/447
f 553/81/447 671/83/447 670/201/447
f 543/85/447 672/202/447 671/83/447
f 554/101/447 672/202/447 614/102/447
f 543/85/447 603/203/447 672/202/447
f 530/29/447 614/102/447 603/203/447
f 539/46/557 611/189/557 582/170/557
f 551/78/448 673/204/448 611/189/448
f 552/112/450 582/170/450 673/204/450
f 552/112/447 673/204/447 675/205/447
f 551/78/447 674/80/447 673/204/447
f 544/62/447 675/205/447 674/80/447
f 552/112/447 675/205/447 612/113/447
f 544/62/447 604/206/447 675/205/447
f 534/26/447 612/113/447 604/206/447
f 534/26/447 575/207/447 580/99/447
f 545/15/447 676/208/447 575/207/447
f 550/100/447 580/99/447 676/208/447
f 550/100/447 676/208/447 678/209/447
f 545/15/447 677/75/447 676/208/447
f 548/14/447 678/209/447 677/75/447
f 550/100/447 678/209/447 610/192/447
f 548/14/447 608/210/447 678/209/447
f 533/7/447 610/192/447 608/210/447
f 533/7/447 608/211/447 579/94/447
f 548/4/447 679/212/447 608/211/447
f 549/95/447 579/94/447 679/212/447
f 549/95/447 679/212/447 681/213/447
f 548/4/447 680/71/447 679/212/447
f 546/12/447 681/213/447 680/71/447
f 549/95/447 681/213/447 609/195/447
f 546/12/447 606/214/447 681/213/447
f 532/19/447 609/195/447 606/214/447
f 532/19/447 606/215/447 577/89/447
f 546/10/447 682/216/447 606/215/447
f 547/90/447 577/89/447 682/216/447
f 547/90/447 682/216/447 684/217/447
f 546/10/447 683/67/447 682/216/447
f 541/9/447 684/217/447 683/67/447
f 547/90/447 684/217/447 607/200/447
f 541/9/447 601/218/447 684/217/447
f 531/59/447 607/200/447 601/218/447
f 534/26/447 604/206/447 575/219/447
f 544/62/447 685/220/447 604/206/447
f 545/60/447 575/219/447 685/220/447
f 545/60/447 685/220/447 687/221/447
f 544/62/447 686/64/447 685/220/447
f 542/57/447 687/221/447 686/64/447
f 545/60/447 687/221/447 605/222/447
f 542/57/447 602/223/447 687/221/447
f 529/224/447 605/222/447 602/223/447
f 531/16/447 601/225/447 573/84/447
f 541/3/447 688/226/447 601/225/447
f 543/85/447 573/84/447 688/226/447
f 543/85/447 688/226/447 690/227/447
f 541/3/447 689/228/447 688/226/447
f 542/2/447 690/227/447 689/228/447
f 543/85/447 690/227/447 603/203/447
f 542/2/447 572/229/447 690/227/447
f 530/29/447 603/203/447 572/229/447
f 542/2/447 689/228/447 602/230/447
f 541/3/447 571/231/447 689/228/447
f 529/232/447 602/230/447 571/231/447
f 689/228/447 571/231/447 602/230/447
f 686/64/447 574/63/447 572/65/447
f 683/67/447 576/66/447 571/69/447
f 680/71/447 578/70/447 576/73/447
f 677/75/447 605/74/447 578/77/447
f 674/80/447 581/79/447 574/63/447
f 671/83/447 583/82/447 573/84/447
f 668/88/450 585/87/450 577/89/450
f 665/93/447 587/92/447 579/94/447
f 662/98/447 589/97/447 580/99/447
f 659/103/447 614/102/447 581/79/447
f 656/105/558 616/104/558 583/82/558
f 653/108/447 618/107/447 585/87/447
f 650/111/447 620/110/447 587/92/447
f 647/114/447 612/113/447 589/97/447
f 644/116/559 596/115/559 591/117/559
f 641/120/560 598/119/560 592/121/560
f 638/124/561 599/123/561 593/125/561
f 635/128/562 600/127/562 594/129/562
f 632/132/563 627/131/563 595/133/563
f 630/137/564 597/136/564 631/138/564
f 633/139/565 631/138/565 632/132/565
f 600/140/566 633/139/566 625/141/566
f 629/144/567 630/143/567 634/145/567
f 636/146/568 634/145/568 635/128/568
f 599/147/569 636/146/569 624/148/569
f 628/151/570 629/150/570 637/152/570
f 639/153/571 637/152/571 638/124/571
f 598/154/572 639/153/572 623/155/572
f 626/158/573 628/157/573 640/159/573
f 642/160/574 640/159/574 641/120/574
f 596/161/575 642/160/575 622/162/575
f 597/165/576 626/164/576 643/166/576
f 645/167/577 643/166/577 644/116/577
f 627/168/578 645/167/578 621/169/578
f 595/133/579 582/170/579 646/171/579
f 648/172/580 646/171/580 647/114/580
f 625/141/581 648/172/581 619/173/581
f 594/129/447 590/174/447 649/175/447
f 651/176/447 649/175/447 650/111/447
f 624/148/447 651/176/447 617/177/447
f 593/125/582 588/178/582 652/179/582
f 654/180/583 652/179/583 653/108/583
f 623/155/584 654/180/584 615/181/584
f 592/121/585 586/182/585 655/183/585
f 657/184/586 655/183/586 656/105/586
f 622/162/587 657/184/587 613/185/587
f 591/117/588 584/186/588 658/187/588
f 660/188/525 658/187/525 659/103/525
f 621/169/589 660/188/589 611/189/589
f 590/174/447 619/173/447 661/190/447
f 663/191/447 661/190/447 662/98/447
f 620/110/447 663/191/447 610/192/447
f 588/178/447 617/177/447 664/193/447
f 666/194/447 664/193/447 665/93/447
f 618/107/447 666/194/447 609/195/447
f 586/196/590 615/181/590 667/197/590
f 669/198/591 667/197/591 668/88/591
f 616/199/592 669/198/592 607/200/592
f 584/186/593 613/185/593 670/201/593
f 672/202/447 670/201/447 671/83/447
f 614/102/447 672/202/447 603/203/447
f 582/170/450 611/189/450 673/204/450
f 675/205/447 673/204/447 674/80/447
f 612/113/447 675/205/447 604/206/447
f 580/99/447 575/207/447 676/208/447
f 678/209/447 676/208/447 677/75/447
f 610/192/447 678/209/447 608/210/447
f 579/94/447 608/211/447 679/212/447
f 681/213/447 679/212/447 680/71/447
f 609/195/447 681/213/447 606/214/447
f 577/89/447 606/215/447 682/216/447
f 684/217/447 682/216/447 683/67/447
f 607/200/447 684/217/447 601/218/447
f 575/219/447 604/206/447 685/220/447
f 687/221/447 685/220/447 686/64/447
f 605/222/447 687/221/447 602/223/447
f 573/84/447 601/225/447 688/226/447
f 690/227/447 688/226/447 689/228/447
f 603/203/447 690/227/447 572/229/447
f 706/62/594 736/63/594 848/64/594
f 692/29/595 734/65/595 736/63/595
f 704/57/596 848/64/596 734/65/596
f 708/10/594 738/66/594 845/67/594
f 691/68/594 733/69/594 738/66/594
f 703/9/594 845/67/594 733/69/594
f 710/4/594 740/70/594 842/71/594
f 691/72/596 738/73/596 740/70/596
f 708/12/594 842/71/594 738/73/594
f 707/15/594 767/74/594 839/75/594
f 691/76/596 740/77/596 767/74/596
f 710/14/594 839/75/594 740/77/594
f 713/78/597 743/79/597 836/80/597
f 692/29/598 736/63/598 743/79/598
f 706/62/599 836/80/599 736/63/599
f 715/81/600 745/82/600 833/83/600
f 693/16/601 735/84/601 745/82/601
f 705/85/602 833/83/602 735/84/602
f 717/86/594 747/87/594 830/88/594
f 694/19/594 739/89/594 747/87/594
f 709/90/594 830/88/594 739/89/594
f 719/91/596 749/92/596 827/93/596
f 695/7/594 741/94/594 749/92/594
f 711/95/594 827/93/594 741/94/594
f 721/96/594 751/97/594 824/98/594
f 696/26/594 742/99/594 751/97/594
f 712/100/594 824/98/594 742/99/594
f 716/101/603 776/102/603 821/103/603
f 692/29/604 743/79/604 776/102/604
f 713/78/605 821/103/605 743/79/605
f 718/32/595 778/104/595 818/105/595
f 693/16/596 745/82/596 778/104/596
f 715/81/606 818/105/606 745/82/606
f 720/106/594 780/107/594 815/108/594
f 694/19/596 747/87/596 780/107/596
f 717/86/594 815/108/594 747/87/594
f 722/109/594 782/110/594 812/111/594
f 695/7/594 749/92/594 782/110/594
f 719/91/594 812/111/594 749/92/594
f 714/112/607 774/113/607 809/114/607
f 696/26/596 751/97/596 774/113/596
f 721/96/595 809/114/595 751/97/595
f 728/38/608 758/115/608 806/116/608
f 697/36/609 753/117/609 758/115/609
f 723/118/610 806/116/610 753/117/610
f 730/41/611 760/119/611 803/120/611
f 698/39/612 754/121/612 760/119/612
f 724/122/613 803/120/613 754/121/613
f 731/22/614 761/123/614 800/124/614
f 699/42/615 755/125/615 761/123/615
f 725/126/616 800/124/616 755/125/616
f 732/25/617 762/127/617 797/128/617
f 700/44/618 756/129/618 762/127/618
f 726/130/619 797/128/619 756/129/619
f 729/48/620 789/131/620 794/132/620
f 701/46/621 757/133/621 789/131/621
f 727/134/622 794/132/622 757/133/622
f 702/135/623 759/136/623 792/137/623
f 729/48/624 793/138/624 759/136/624
f 732/49/625 792/137/625 793/138/625
f 732/49/626 793/138/626 795/139/626
f 729/48/627 794/132/627 793/138/627
f 727/134/628 795/139/628 794/132/628
f 732/49/629 795/139/629 762/140/629
f 727/134/630 787/141/630 795/139/630
f 700/44/631 762/140/631 787/141/631
f 702/142/632 792/143/632 791/144/632
f 732/25/633 796/145/633 792/143/633
f 731/51/634 791/144/634 796/145/634
f 731/51/635 796/145/635 798/146/635
f 732/25/636 797/128/636 796/145/636
f 726/130/637 798/146/637 797/128/637
f 731/51/638 798/146/638 761/147/638
f 726/130/639 786/148/639 798/146/639
f 699/42/640 761/147/640 786/148/640
f 702/149/641 791/150/641 790/151/641
f 731/22/642 799/152/642 791/150/642
f 730/23/643 790/151/643 799/152/643
f 730/23/644 799/152/644 801/153/644
f 731/22/645 800/124/645 799/152/645
f 725/126/646 801/153/646 800/124/646
f 730/23/647 801/153/647 760/154/647
f 725/126/648 785/155/648 801/153/648
f 698/52/649 760/154/649 785/155/649
f 702/156/650 790/157/650 788/158/650
f 730/41/651 802/159/651 790/157/651
f 728/53/652 788/158/652 802/159/652
f 728/53/653 802/159/653 804/160/653
f 730/41/654 803/120/654 802/159/654
f 724/122/655 804/160/655 803/120/655
f 728/53/656 804/160/656 758/161/656
f 724/122/657 784/162/657 804/160/657
f 697/36/658 758/161/658 784/162/658
f 702/163/659 788/164/659 759/165/659
f 728/38/660 805/166/660 788/164/660
f 729/55/661 759/165/661 805/166/661
f 729/55/662 805/166/662 807/167/662
f 728/38/663 806/116/663 805/166/663
f 723/118/664 807/167/664 806/116/664
f 729/55/665 807/167/665 789/168/665
f 723/118/666 783/169/666 807/167/666
f 701/46/667 789/168/667 783/169/667
f 701/46/668 744/170/668 757/133/668
f 714/112/669 808/171/669 744/170/669
f 727/134/670 757/133/670 808/171/670
f 727/134/671 808/171/671 810/172/671
f 714/112/672 809/114/672 808/171/672
f 721/96/673 810/172/673 809/114/673
f 727/134/674 810/172/674 787/141/674
f 721/96/675 781/173/675 810/172/675
f 700/44/676 787/141/676 781/173/676
f 700/44/595 752/174/595 756/129/595
f 722/109/596 811/175/596 752/174/596
f 726/130/596 756/129/596 811/175/596
f 726/130/594 811/175/594 813/176/594
f 722/109/594 812/111/594 811/175/594
f 719/91/596 813/176/596 812/111/596
f 726/130/594 813/176/594 786/148/594
f 719/91/594 779/177/594 813/176/594
f 699/42/594 786/148/594 779/177/594
f 699/42/594 750/178/594 755/125/594
f 720/106/594 814/179/594 750/178/594
f 725/126/596 755/125/596 814/179/596
f 725/126/596 814/179/596 816/180/596
f 720/106/594 815/108/594 814/179/594
f 717/86/594 816/180/594 815/108/594
f 725/126/595 816/180/595 785/155/595
f 717/86/594 777/181/594 816/180/594
f 698/52/602 785/155/602 777/181/602
f 698/39/677 748/182/677 754/121/677
f 718/32/602 817/183/602 748/182/602
f 724/122/678 754/121/678 817/183/678
f 724/122/679 817/183/679 819/184/679
f 718/32/602 818/105/602 817/183/602
f 715/81/680 819/184/680 818/105/680
f 724/122/681 819/184/681 784/162/681
f 715/81/682 775/185/682 819/184/682
f 697/36/683 784/162/683 775/185/683
f 697/36/684 746/186/684 753/117/684
f 716/101/685 820/187/685 746/186/685
f 723/118/686 753/117/686 820/187/686
f 723/118/687 820/187/687 822/188/687
f 716/101/688 821/103/688 820/187/688
f 713/78/689 822/188/689 821/103/689
f 723/118/690 822/188/690 783/169/690
f 713/78/691 773/189/691 822/188/691
f 701/46/692 783/169/692 773/189/692
f 700/44/602 781/173/602 752/174/602
f 721/96/594 823/190/594 781/173/594
f 722/109/594 752/174/594 823/190/594
f 722/109/594 823/190/594 825/191/594
f 721/96/594 824/98/594 823/190/594
f 712/100/594 825/191/594 824/98/594
f 722/109/594 825/191/594 782/110/594
f 712/100/594 772/192/594 825/191/594
f 695/7/594 782/110/594 772/192/594
f 699/42/596 779/177/596 750/178/596
f 719/91/594 826/193/594 779/177/594
f 720/106/594 750/178/594 826/193/594
f 720/106/594 826/193/594 828/194/594
f 719/91/594 827/93/594 826/193/594
f 711/95/594 828/194/594 827/93/594
f 720/106/594 828/194/594 780/107/594
f 711/95/594 771/195/594 828/194/594
f 694/19/594 780/107/594 771/195/594
f 698/52/693 777/181/693 748/196/693
f 717/86/594 829/197/594 777/181/594
f 718/58/596 748/196/596 829/197/596
f 718/58/596 829/197/596 831/198/596
f 717/86/596 830/88/596 829/197/596
f 709/90/594 831/198/594 830/88/594
f 718/58/596 831/198/596 778/199/596
f 709/90/594 769/200/594 831/198/594
f 693/59/594 778/199/594 769/200/594
f 697/36/694 775/185/694 746/186/694
f 715/81/695 832/201/695 775/185/695
f 716/101/696 746/186/696 832/201/696
f 716/101/697 832/201/697 834/202/697
f 715/81/698 833/83/698 832/201/698
f 705/85/699 834/202/699 833/83/699
f 716/101/700 834/202/700 776/102/700
f 705/85/701 765/203/701 834/202/701
f 692/29/702 776/102/702 765/203/702
f 701/46/703 773/189/703 744/170/703
f 713/78/704 835/204/704 773/189/704
f 714/112/705 744/170/705 835/204/705
f 714/112/706 835/204/706 837/205/706
f 713/78/707 836/80/707 835/204/707
f 706/62/708 837/205/708 836/80/708
f 714/112/709 837/205/709 774/113/709
f 706/62/602 766/206/602 837/205/602
f 696/26/710 774/113/710 766/206/710
f 696/26/594 737/207/594 742/99/594
f 707/15/594 838/208/594 737/207/594
f 712/100/594 742/99/594 838/208/594
f 712/100/594 838/208/594 840/209/594
f 707/15/594 839/75/594 838/208/594
f 710/14/594 840/209/594 839/75/594
f 712/100/596 840/209/596 772/192/596
f 710/14/594 770/210/594 840/209/594
f 695/7/594 772/192/594 770/210/594
f 695/7/594 770/211/594 741/94/594
f 710/4/596 841/212/596 770/211/596
f 711/95/594 741/94/594 841/212/594
f 711/95/594 841/212/594 843/213/594
f 710/4/594 842/71/594 841/212/594
f 708/12/594 843/213/594 842/71/594
f 711/95/594 843/213/594 771/195/594
f 708/12/594 768/214/594 843/213/594
f 694/19/596 771/195/596 768/214/596
f 694/19/594 768/215/594 739/89/594
f 708/10/594 844/216/594 768/215/594
f 709/90/594 739/89/594 844/216/594
f 709/90/594 844/216/594 846/217/594
f 708/10/594 845/67/594 844/216/594
f 703/9/596 846/217/596 845/67/596
f 709/90/594 846/217/594 769/200/594
f 703/9/594 763/218/594 846/217/594
f 693/59/594 769/200/594 763/218/594
f 696/26/594 766/206/594 737/219/594
f 706/62/594 847/220/594 766/206/594
f 707/60/594 737/219/594 847/220/594
f 707/60/594 847/220/594 849/221/594
f 706/62/594 848/64/594 847/220/594
f 704/57/594 849/221/594 848/64/594
f 707/60/594 849/221/594 767/222/594
f 704/57/594 764/223/594 849/221/594
f 691/224/594 767/222/594 764/223/594
f 693/16/594 763/225/594 735/84/594
f 703/3/596 850/226/596 763/225/596
f 705/85/594 735/84/594 850/226/594
f 705/85/594 850/226/594 852/227/594
f 703/3/594 851/228/594 850/226/594
f 704/2/594 852/227/594 851/228/594
f 705/85/594 852/227/594 765/203/594
f 704/2/596 734/229/596 852/227/596
f 692/29/711 765/203/711 734/229/711
f 704/2/594 851/228/594 764/230/594
f 703/3/596 733/231/596 851/228/596
f 691/232/594 764/230/594 733/231/594
f 851/228/594 733/231/594 764/230/594
f 848/64/596 736/63/596 734/65/596
f 845/67/594 738/66/594 733/69/594
f 842/71/594 740/70/594 738/73/594
f 839/75/594 767/74/594 740/77/594
f 836/80/712 743/79/712 736/63/712
f 833/83/713 745/82/713 735/84/713
f 830/88/594 747/87/594 739/89/594
f 827/93/594 749/92/594 741/94/594
f 824/98/594 751/97/594 742/99/594
f 821/103/714 776/102/714 743/79/714
f 818/105/602 778/104/602 745/82/602
f 815/108/594 780/107/594 747/87/594
f 812/111/596 782/110/596 749/92/596
f 809/114/595 774/113/595 751/97/595
f 806/116/715 758/115/715 753/117/715
f 803/120/716 760/119/716 754/121/716
f 800/124/717 761/123/717 755/125/717
f 797/128/718 762/127/718 756/129/718
f 794/132/719 789/131/719 757/133/719
f 792/137/720 759/136/720 793/138/720
f 795/139/721 793/138/721 794/132/721
f 762/140/722 795/139/722 787/141/722
f 791/144/723 792/143/723 796/145/723
f 798/146/724 796/145/724 797/128/724
f 761/147/725 798/146/725 786/148/725
f 790/151/726 791/150/726 799/152/726
f 801/153/727 799/152/727 800/124/727
f 760/154/728 801/153/728 785/155/728
f 788/158/729 790/157/729 802/159/729
f 804/160/730 802/159/730 803/120/730
f 758/161/731 804/160/731 784/162/731
f 759/165/732 788/164/732 805/166/732
f 807/167/733 805/166/733 806/116/733
f 789/168/734 807/167/734 783/169/734
f 757/133/735 744/170/735 808/171/735
f 810/172/736 808/171/736 809/114/736
f 787/141/737 810/172/737 781/173/737
f 756/129/596 752/174/596 811/175/596
f 813/176/594 811/175/594 812/111/594
f 786/148/594 813/176/594 779/177/594
f 755/125/596 750/178/596 814/179/596
f 816/180/596 814/179/596 815/108/596
f 785/155/710 816/180/710 777/181/710
f 754/121/738 748/182/738 817/183/738
f 819/184/739 817/183/739 818/105/739
f 784/162/740 819/184/740 775/185/740
f 753/117/741 746/186/741 820/187/741
f 822/188/742 820/187/742 821/103/742
f 783/169/743 822/188/743 773/189/743
f 752/174/594 781/173/594 823/190/594
f 825/191/594 823/190/594 824/98/594
f 782/110/594 825/191/594 772/192/594
f 750/178/594 779/177/594 826/193/594
f 828/194/594 826/193/594 827/93/594
f 780/107/594 828/194/594 771/195/594
f 748/196/594 777/181/594 829/197/594
f 831/198/594 829/197/594 830/88/594
f 778/199/594 831/198/594 769/200/594
f 746/186/744 775/185/744 832/201/744
f 834/202/745 832/201/745 833/83/745
f 776/102/746 834/202/746 765/203/746
f 744/170/747 773/189/747 835/204/747
f 837/205/748 835/204/748 836/80/748
f 774/113/595 837/205/595 766/206/595
f 742/99/594 737/207/594 838/208/594
f 840/209/594 838/208/594 839/75/594
f 772/192/594 840/209/594 770/210/594
f 741/94/594 770/211/594 841/212/594
f 843/213/594 841/212/594 842/71/594
f 771/195/594 843/213/594 768/214/594
f 739/89/594 768/215/594 844/216/594
f 846/217/594 844/216/594 845/67/594
f 769/200/596 846/217/596 763/218/596
f 737/219/594 766/206/594 847/220/594
f 849/221/594 847/220/594 848/64/594
f 767/222/594 849/221/594 764/223/594
f 735/84/594 763/225/594 850/226/594
f 852/227/594 850/226/594 851/228/594
f 765/203/594 852/227/594 734/229/594
f 868/62/749 898/63/749 1010/64/749
f 854/29/750 896/65/750 898/63/750
f 866/57/749 1010/64/749 896/65/749
f 870/10/749 900/66/749 1007/67/749
f 853/68/749 895/69/749 900/66/749
f 865/9/749 1007/67/749 895/69/749
f 872/4/749 902/70/749 1004/71/749
f 853/72/749 900/73/749 902/70/749
f 870/12/749 1004/71/749 900/73/749
f 869/15/749 929/74/749 1001/75/749
f 853/76/749 902/77/749 929/74/749
f 872/14/749 1001/75/749 902/77/749
f 875/78/751 905/79/751 998/80/751
f 854/29/752 898/63/752 905/79/752
f 868/62/753 998/80/753 898/63/753
f 877/81/754 907/82/754 995/83/754
f 855/16/755 897/84/755 907/82/755
f 867/85/756 995/83/756 897/84/756
f 879/86/749 909/87/749 992/88/749
f 856/19/749 901/89/749 909/87/749
f 871/90/749 992/88/749 901/89/749
f 881/91/749 911/92/749 989/93/749
f 857/7/749 903/94/749 911/92/749
f 873/95/749 989/93/749 903/94/749
f 883/96/749 913/97/749 986/98/749
f 858/26/749 904/99/749 913/97/749
f 874/100/749 986/98/749 904/99/749
f 878/101/757 938/102/757 983/103/757
f 854/29/758 905/79/758 938/102/758
f 875/78/759 983/103/759 905/79/759
f 880/32/750 940/104/750 980/105/750
f 855/16/755 907/82/755 940/104/755
f 877/81/760 980/105/760 907/82/760
f 882/106/749 942/107/749 977/108/749
f 856/19/749 909/87/749 942/107/749
f 879/86/749 977/108/749 909/87/749
f 884/109/749 944/110/749 974/111/749
f 857/7/749 911/92/749 944/110/749
f 881/91/749 974/111/749 911/92/749
f 876/112/761 936/113/761 971/114/761
f 858/26/749 913/97/749 936/113/749
f 883/96/750 971/114/750 913/97/750
f 890/38/762 920/115/762 968/116/762
f 859/36/763 915/117/763 920/115/763
f 885/118/764 968/116/764 915/117/764
f 892/41/765 922/119/765 965/120/765
f 860/39/766 916/121/766 922/119/766
f 886/122/767 965/120/767 916/121/767
f 893/22/768 923/123/768 962/124/768
f 861/42/769 917/125/769 923/123/769
f 887/126/770 962/124/770 917/125/770
f 894/25/771 924/127/771 959/128/771
f 862/44/772 918/129/772 924/127/772
f 888/130/773 959/128/773 918/129/773
f 891/48/774 951/131/774 956/132/774
f 863/46/775 919/133/775 951/131/775
f 889/134/776 956/132/776 919/133/776
f 864/135/777 921/136/777 954/137/777
f 891/48/778 955/138/778 921/136/778
f 894/49/779 954/137/779 955/138/779
f 894/49/780 955/138/780 957/139/780
f 891/48/781 956/132/781 955/138/781
f 889/134/782 957/139/782 956/132/782
f 894/49/783 957/139/783 924/140/783
f 889/134/784 949/141/784 957/139/784
f 862/44/785 924/140/785 949/141/785
f 864/142/786 954/143/786 953/144/786
f 894/25/787 958/145/787 954/143/787
f 893/51/788 953/144/788 958/145/788
f 893/51/789 958/145/789 960/146/789
f 894/25/790 959/128/790 958/145/790
f 888/130/791 960/146/791 959/128/791
f 893/51/792 960/146/792 923/147/792
f 888/130/793 948/148/793 960/146/793
f 861/42/794 923/147/794 948/148/794
f 864/149/795 953/150/795 952/151/795
f 893/22/796 961/152/796 953/150/796
f 892/23/797 952/151/797 961/152/797
f 892/23/798 961/152/798 963/153/798
f 893/22/799 962/124/799 961/152/799
f 887/126/800 963/153/800 962/124/800
f 892/23/801 963/153/801 922/154/801
f 887/126/802 947/155/802 963/153/802
f 860/52/803 922/154/803 947/155/803
f 864/156/804 952/157/804 950/158/804
f 892/41/805 964/159/805 952/157/805
f 890/53/806 950/158/806 964/159/806
f 890/53/807 964/159/807 966/160/807
f 892/41/808 965/120/808 964/159/808
f 886/122/809 966/160/809 965/120/809
f 890/53/810 966/160/810 920/161/810
f 886/122/811 946/162/811 966/160/811
f 859/36/812 920/161/812 946/162/812
f 864/163/813 950/164/813 921/165/813
f 890/38/814 967/166/814 950/164/814
f 891/55/815 921/165/815 967/166/815
f 891/55/816 967/166/816 969/167/816
f 890/38/817 968/116/817 967/166/817
f 885/118/818 969/167/818 968/116/818
f 891/55/819 969/167/819 951/168/819
f 885/118/820 945/169/820 969/167/820
f 863/46/821 951/168/821 945/169/821
f 863/46/822 906/170/822 919/133/822
f 876/112/823 970/171/823 906/170/823
f 889/134/824 919/133/824 970/171/824
f 889/134/825 970/171/825 972/172/825
f 876/112/826 971/114/826 970/171/826
f 883/96/827 972/172/827 971/114/827
f 889/134/828 972/172/828 949/141/828
f 883/96/829 943/173/829 972/172/829
f 862/44/830 949/141/830 943/173/830
f 862/44/750 914/174/750 918/129/750
f 884/109/749 973/175/749 914/174/749
f 888/130/749 918/129/749 973/175/749
f 888/130/749 973/175/749 975/176/749
f 884/109/749 974/111/749 973/175/749
f 881/91/749 975/176/749 974/111/749
f 888/130/749 975/176/749 948/148/749
f 881/91/749 941/177/749 975/176/749
f 861/42/749 948/148/749 941/177/749
f 861/42/749 912/178/749 917/125/749
f 882/106/749 976/179/749 912/178/749
f 887/126/749 917/125/749 976/179/749
f 887/126/749 976/179/749 978/180/749
f 882/106/749 977/108/749 976/179/749
f 879/86/749 978/180/749 977/108/749
f 887/126/750 978/180/750 947/155/750
f 879/86/749 939/181/749 978/180/749
f 860/52/750 947/155/750 939/181/750
f 860/39/831 910/182/831 916/121/831
f 880/32/750 979/183/750 910/182/750
f 886/122/832 916/121/832 979/183/832
f 886/122/833 979/183/833 981/184/833
f 880/32/750 980/105/750 979/183/750
f 877/81/834 981/184/834 980/105/834
f 886/122/835 981/184/835 946/162/835
f 877/81/836 937/185/836 981/184/836
f 859/36/837 946/162/837 937/185/837
f 859/36/838 908/186/838 915/117/838
f 878/101/839 982/187/839 908/186/839
f 885/118/840 915/117/840 982/187/840
f 885/118/841 982/187/841 984/188/841
f 878/101/842 983/103/842 982/187/842
f 875/78/843 984/188/843 983/103/843
f 885/118/844 984/188/844 945/169/844
f 875/78/845 935/189/845 984/188/845
f 863/46/846 945/169/846 935/189/846
f 862/44/750 943/173/750 914/174/750
f 883/96/749 985/190/749 943/173/749
f 884/109/749 914/174/749 985/190/749
f 884/109/749 985/190/749 987/191/749
f 883/96/749 986/98/749 985/190/749
f 874/100/749 987/191/749 986/98/749
f 884/109/749 987/191/749 944/110/749
f 874/100/749 934/192/749 987/191/749
f 857/7/749 944/110/749 934/192/749
f 861/42/749 941/177/749 912/178/749
f 881/91/749 988/193/749 941/177/749
f 882/106/749 912/178/749 988/193/749
f 882/106/749 988/193/749 990/194/749
f 881/91/749 989/93/749 988/193/749
f 873/95/749 990/194/749 989/93/749
f 882/106/749 990/194/749 942/107/749
f 873/95/749 933/195/749 990/194/749
f 856/19/749 942/107/749 933/195/749
f 860/52/755 939/181/755 910/196/755
f 879/86/749 991/197/749 939/181/749
f 880/58/749 910/196/749 991/197/749
f 880/58/749 991/197/749 993/198/749
f 879/86/749 992/88/749 991/197/749
f 871/90/749 993/198/749 992/88/749
f 880/58/749 993/198/749 940/199/749
f 871/90/749 931/200/749 993/198/749
f 855/59/749 940/199/749 931/200/749
f 859/36/847 937/185/847 908/186/847
f 877/81/848 994/201/848 937/185/848
f 878/101/849 908/186/849 994/201/849
f 878/101/850 994/201/850 996/202/850
f 877/81/851 995/83/851 994/201/851
f 867/85/852 996/202/852 995/83/852
f 878/101/853 996/202/853 938/102/853
f 867/85/854 927/203/854 996/202/854
f 854/29/855 938/102/855 927/203/855
f 863/46/856 935/189/856 906/170/856
f 875/78/857 997/204/857 935/189/857
f 876/112/858 906/170/858 997/204/858
f 876/112/859 997/204/859 999/205/859
f 875/78/860 998/80/860 997/204/860
f 868/62/861 999/205/861 998/80/861
f 876/112/862 999/205/862 936/113/862
f 868/62/750 928/206/750 999/205/750
f 858/26/749 936/113/749 928/206/749
f 858/26/749 899/207/749 904/99/749
f 869/15/749 1000/208/749 899/207/749
f 874/100/749 904/99/749 1000/208/749
f 874/100/749 1000/208/749 1002/209/749
f 869/15/749 1001/75/749 1000/208/749
f 872/14/749 1002/209/749 1001/75/749
f 874/100/749 1002/209/749 934/192/749
f 872/14/749 932/210/749 1002/209/749
f 857/7/749 934/192/749 932/210/749
f 857/7/749 932/211/749 903/94/749
f 872/4/749 1003/212/749 932/211/749
f 873/95/749 903/94/749 1003/212/749
f 873/95/749 1003/212/749 1005/213/749
f 872/4/749 1004/71/749 1003/212/749
f 870/12/749 1005/213/749 1004/71/749
f 873/95/749 1005/213/749 933/195/749
f 870/12/749 930/214/749 1005/213/749
f 856/19/749 933/195/749 930/214/749
f 856/19/749 930/215/749 901/89/749
f 870/10/749 1006/216/749 930/215/749
f 871/90/749 901/89/749 1006/216/749
f 871/90/749 1006/216/749 1008/217/749
f 870/10/749 1007/67/749 1006/216/749
f 865/9/749 1008/217/749 1007/67/749
f 871/90/749 1008/217/749 931/200/749
f 865/9/749 925/218/749 1008/217/749
f 855/59/749 931/200/749 925/218/749
f 858/26/749 928/206/749 899/219/749
f 868/62/749 1009/220/749 928/206/749
f 869/60/749 899/219/749 1009/220/749
f 869/60/749 1009/220/749 1011/221/749
f 868/62/749 1010/64/749 1009/220/749
f 866/57/749 1011/221/749 1010/64/749
f 869/60/749 1011/221/749 929/222/749
f 866/57/749 926/223/749 1011/221/749
f 853/224/749 929/222/749 926/223/749
f 855/16/749 925/225/749 897/84/749
f 865/3/749 1012/226/749 925/225/749
f 867/85/749 897/84/749 1012/226/749
f 867/85/749 1012/226/749 1014/227/749
f 865/3/749 1013/228/749 1012/226/749
f 866/2/749 1014/227/749 1013/228/749
f 867/85/749 1014/227/749 927/203/749
f 866/2/749 896/229/749 1014/227/749
f 854/29/863 927/203/863 896/229/863
f 866/2/749 1013/228/749 926/230/749
f 865/3/749 895/231/749 1013/228/749
f 853/232/749 926/230/749 895/231/749
f 1013/228/749 895/231/749 926/230/749
f 1010/64/749 898/63/749 896/65/749
f 1007/67/749 900/66/749 895/69/749
f 1004/71/749 902/70/749 900/73/749
f 1001/75/749 929/74/749 902/77/749
f 998/80/864 905/79/864 898/63/864
f 995/83/750 907/82/750 897/84/750
f 992/88/749 909/87/749 901/89/749
f 989/93/749 911/92/749 903/94/749
f 986/98/749 913/97/749 904/99/749
f 983/103/865 938/102/865 905/79/865
f 980/105/750 940/104/750 907/82/750
f 977/108/749 942/107/749 909/87/749
f 974/111/749 944/110/749 911/92/749
f 971/114/750 936/113/750 913/97/750
f 968/116/866 920/115/866 915/117/866
f 965/120/867 922/119/867 916/121/867
f 962/124/868 923/123/868 917/125/868
f 959/128/869 924/127/869 918/129/869
f 956/132/870 951/131/870 919/133/870
f 954/137/871 921/136/871 955/138/871
f 957/139/872 955/138/872 956/132/872
f 924/140/873 957/139/873 949/141/873
f 953/144/874 954/143/874 958/145/874
f 960/146/875 958/145/875 959/128/875
f 923/147/876 960/146/876 948/148/876
f 952/151/877 953/150/877 961/152/877
f 963/153/878 961/152/878 962/124/878
f 922/154/879 963/153/879 947/155/879
f 950/158/880 952/157/880 964/159/880
f 966/160/881 964/159/881 965/120/881
f 920/161/882 966/160/882 946/162/882
f 921/165/883 950/164/883 967/166/883
f 969/167/884 967/166/884 968/116/884
f 951/168/885 969/167/885 945/169/885
f 919/133/886 906/170/886 970/171/886
f 972/172/887 970/171/887 971/114/887
f 949/141/888 972/172/888 943/173/888
f 918/129/749 914/174/749 973/175/749
f 975/176/749 973/175/749 974/111/749
f 948/148/749 975/176/749 941/177/749
f 917/125/749 912/178/749 976/179/749
f 978/180/749 976/179/749 977/108/749
f 947/155/749 978/180/749 939/181/749
f 916/121/889 910/182/889 979/183/889
f 981/184/890 979/183/890 980/105/890
f 946/162/891 981/184/891 937/185/891
f 915/117/892 908/186/892 982/187/892
f 984/188/893 982/187/893 983/103/893
f 945/169/894 984/188/894 935/189/894
f 914/174/749 943/173/749 985/190/749
f 987/191/749 985/190/749 986/98/749
f 944/110/749 987/191/749 934/192/749
f 912/178/749 941/177/749 988/193/749
f 990/194/749 988/193/749 989/93/749
f 942/107/749 990/194/749 933/195/749
f 910/196/749 939/181/749 991/197/749
f 993/198/749 991/197/749 992/88/749
f 940/199/749 993/198/749 931/200/749
f 908/186/895 937/185/895 994/201/895
f 996/202/896 994/201/896 995/83/896
f 938/102/897 996/202/897 927/203/897
f 906/170/898 935/189/898 997/204/898
f 999/205/899 997/204/899 998/80/899
f 936/113/750 999/205/750 928/206/750
f 904/99/749 899/207/749 1000/208/749
f 1002/209/749 1000/208/749 1001/75/749
f 934/192/749 1002/209/749 932/210/749
f 903/94/749 932/211/749 1003/212/749
f 1005/213/749 1003/212/749 1004/71/749
f 933/195/749 1005/213/749 930/214/749
f 901/89/749 930/215/749 1006/216/749
f 1008/217/749 1006/216/749 1007/67/749
f 931/200/749 1008/217/749 925/218/749
f 899/219/749 928/206/749 1009/220/749
f 1011/221/749 1009/220/749 1010/64/749
f 929/222/749 1011/221/749 926/223/749
f 897/84/749 925/225/749 1012/226/749
f 1014/227/749 1012/226/749 1013/228/749
f 927/203/749 1014/227/749 896/229/749
f 1030/62/900 1060/63/900 1172/64/900
f 1016/29/901 1058/65/901 1060/63/901
f 1028/57/900 1172/64/900 1058/65/900
f 1032/10/900 1062/66/900 1169/67/900
f 1015/68/900 1057/69/900 1062/66/900
f 1027/9/900 1169/67/900 1057/69/900
f 1034/4/900 1064/70/900 1166/71/900
f 1015/72/900 1062/73/900 1064/70/900
f 1032/12/900 1166/71/900 1062/73/900
f 1031/15/900 1091/74/900 1163/75/900
f 1015/76/900 1064/77/900 1091/74/900
f 1034/14/900 1163/75/900 1064/77/900
f 1037/78/902 1067/79/902 1160/80/902
f 1016/29/903 1060/63/903 1067/79/903
f 1030/62/904 1160/80/904 1060/63/904
f 1039/81/905 1069/82/905 1157/83/905
f 1017/16/906 1059/84/906 1069/82/906
f 1029/85/901 1157/83/901 1059/84/901
f 1041/86/900 1071/87/900 1154/88/900
f 1018/19/900 1063/89/900 1071/87/900
f 1033/90/900 1154/88/900 1063/89/900
f 1043/91/900 1073/92/900 1151/93/900
f 1019/7/900 1065/94/900 1073/92/900
f 1035/95/900 1151/93/900 1065/94/900
f 1045/96/900 1075/97/900 1148/98/900
f 1020/26/900 1066/99/900 1075/97/900
f 1036/100/900 1148/98/900 1066/99/900
f 1040/101/907 1100/102/907 1145/103/907
f 1016/29/908 1067/79/908 1100/102/908
f 1037/78/909 1145/103/909 1067/79/909
f 1042/32/901 1102/104/901 1142/105/901
f 1017/16/900 1069/82/900 1102/104/900
f 1039/81/910 1142/105/910 1069/82/910
f 1044/106/900 1104/107/900 1139/108/900
f 1018/19/900 1071/87/900 1104/107/900
f 1041/86/900 1139/108/900 1071/87/900
f 1046/109/900 1106/110/900 1136/111/900
f 1019/7/900 1073/92/900 1106/110/900
f 1043/91/900 1136/111/900 1073/92/900
f 1038/112/911 1098/113/911 1133/114/911
f 1020/26/900 1075/97/900 1098/113/900
f 1045/96/901 1133/114/901 1075/97/901
f 1052/38/912 1082/115/912 1130/116/912
f 1021/36/913 1077/117/913 1082/115/913
f 1047/118/914 1130/116/914 1077/117/914
f 1054/41/915 1084/119/915 1127/120/915
f 1022/39/916 1078/121/916 1084/119/916
f 1048/122/917 1127/120/917 1078/121/917
f 1055/22/918 1085/123/918 1124/124/918
f 1023/42/919 1079/125/919 1085/123/919
f 1049/126/920 1124/124/920 1079/125/920
f 1056/25/921 1086/127/921 1121/128/921
f 1024/44/922 1080/129/922 1086/127/922
f 1050/130/923 1121/128/923 1080/129/923
f 1053/48/924 1113/131/924 1118/132/924
f 1025/46/925 1081/133/925 1113/131/925
f 1051/134/926 1118/132/926 1081/133/926
f 1026/135/927 1083/136/927 1116/137/927
f 1053/48/928 1117/138/928 1083/136/928
f 1056/49/929 1116/137/929 1117/138/929
f 1056/49/930 1117/138/930 1119/139/930
f 1053/48/931 1118/132/931 1117/138/931
f 1051/134/932 1119/139/932 1118/132/932
f 1056/49/933 1119/139/933 1086/140/933
f 1051/134/934 1111/141/934 1119/139/934
f 1024/44/935 1086/140/935 1111/141/935
f 1026/142/936 1116/143/936 1115/144/936
f 1056/25/937 1120/145/937 1116/143/937
f 1055/51/938 1115/144/938 1120/145/938
f 1055/51/939 1120/145/939 1122/146/939
f 1056/25/940 1121/128/940 1120/145/940
f 1050/130/941 1122/146/941 1121/128/941
f 1055/51/942 1122/146/942 1085/147/942
f 1050/130/943 1110/148/943 1122/146/943
f 1023/42/944 1085/147/944 1110/148/944
f 1026/149/945 1115/150/945 1114/151/945
f 1055/22/946 1123/152/946 1115/150/946
f 1054/23/947 1114/151/947 1123/152/947
f 1054/23/948 1123/152/948 1125/153/948
f 1055/22/949 1124/124/949 1123/152/949
f 1049/126/950 1125/153/950 1124/124/950
f 1054/23/951 1125/153/951 1084/154/951
f 1049/126/952 1109/155/952 1125/153/952
f 1022/52/953 1084/154/953 1109/155/953
f 1026/156/954 1114/157/954 1112/158/954
f 1054/41/955 1126/159/955 1114/157/955
f 1052/53/956 1112/158/956 1126/159/956
f 1052/53/957 1126/159/957 1128/160/957
f 1054/41/958 1127/120/958 1126/159/958
f 1048/122/959 1128/160/959 1127/120/959
f 1052/53/960 1128/160/960 1082/161/960
f 1048/122/961 1108/162/961 1128/160/961
f 1021/36/962 1082/161/962 1108/162/962
f 1026/163/963 1112/164/963 1083/165/963
f 1052/38/964 1129/166/964 1112/164/964
f 1053/55/965 1083/165/965 1129/166/965
f 1053/55/966 1129/166/966 1131/167/966
f 1052/38/967 1130/116/967 1129/166/967
f 1047/118/968 1131/167/968 1130/116/968
f 1053/55/969 1131/167/969 1113/168/969
f 1047/118/970 1107/169/970 1131/167/970
f 1025/46/971 1113/168/971 1107/169/971
f 1025/46/972 1068/170/972 1081/133/972
f 1038/112/973 1132/171/973 1068/170/973
f 1051/134/974 1081/133/974 1132/171/974
f 1051/134/975 1132/171/975 1134/172/975
f 1038/112/976 1133/114/976 1132/171/976
f 1045/96/977 1134/172/977 1133/114/977
f 1051/134/978 1134/172/978 1111/141/978
f 1045/96/979 1105/173/979 1134/172/979
f 1024/44/980 1111/141/980 1105/173/980
f 1024/44/901 1076/174/901 1080/129/901
f 1046/109/900 1135/175/900 1076/174/900
f 1050/130/900 1080/129/900 1135/175/900
f 1050/130/900 1135/175/900 1137/176/900
f 1046/109/900 1136/111/900 1135/175/900
f 1043/91/900 1137/176/900 1136/111/900
f 1050/130/900 1137/176/900 1110/148/900
f 1043/91/900 1103/177/900 1137/176/900
f 1023/42/900 1110/148/900 1103/177/900
f 1023/42/900 1074/178/900 1079/125/900
f 1044/106/900 1138/179/900 1074/178/900
f 1049/126/900 1079/125/900 1138/179/900
f 1049/126/900 1138/179/900 1140/180/900
f 1044/106/900 1139/108/900 1138/179/900
f 1041/86/900 1140/180/900 1139/108/900
f 1049/126/901 1140/180/901 1109/155/901
f 1041/86/900 1101/181/900 1140/180/900
f 1022/52/901 1109/155/901 1101/181/901
f 1022/39/981 1072/182/981 1078/121/981
f 1042/32/901 1141/183/901 1072/182/901
f 1048/122/982 1078/121/982 1141/183/982
f 1048/122/983 1141/183/983 1143/184/983
f 1042/32/901 1142/105/901 1141/183/901
f 1039/81/984 1143/184/984 1142/105/984
f 1048/122/985 1143/184/985 1108/162/985
f 1039/81/986 1099/185/986 1143/184/986
f 1021/36/987 1108/162/987 1099/185/987
f 1021/36/988 1070/186/988 1077/117/988
f 1040/101/989 1144/187/989 1070/186/989
f 1047/118/990 1077/117/990 1144/187/990
f 1047/118/991 1144/187/991 1146/188/991
f 1040/101/992 1145/103/992 1144/187/992
f 1037/78/993 1146/188/993 1145/103/993
f 1047/118/994 1146/188/994 1107/169/994
f 1037/78/995 1097/189/995 1146/188/995
f 1025/46/996 1107/169/996 1097/189/996
f 1024/44/901 1105/173/901 1076/174/901
f 1045/96/900 1147/190/900 1105/173/900
f 1046/109/900 1076/174/900 1147/190/900
f 1046/109/900 1147/190/900 1149/191/900
f 1045/96/900 1148/98/900 1147/190/900
f 1036/100/900 1149/191/900 1148/98/900
f 1046/109/900 1149/191/900 1106/110/900
f 1036/100/900 1096/192/900 1149/191/900
f 1019/7/900 1106/110/900 1096/192/900
f 1023/42/900 1103/177/900 1074/178/900
f 1043/91/900 1150/193/900 1103/177/900
f 1044/106/900 1074/178/900 1150/193/900
f 1044/106/900 1150/193/900 1152/194/900
f 1043/91/900 1151/93/900 1150/193/900
f 1035/95/900 1152/194/900 1151/93/900
f 1044/106/900 1152/194/900 1104/107/900
f 1035/95/900 1095/195/900 1152/194/900
f 1018/19/900 1104/107/900 1095/195/900
f 1022/52/900 1101/181/900 1072/196/900
f 1041/86/900 1153/197/900 1101/181/900
f 1042/58/900 1072/196/900 1153/197/900
f 1042/58/900 1153/197/900 1155/198/900
f 1041/86/900 1154/88/900 1153/197/900
f 1033/90/900 1155/198/900 1154/88/900
f 1042/58/900 1155/198/900 1102/199/900
f 1033/90/900 1093/200/900 1155/198/900
f 1017/59/900 1102/199/900 1093/200/900
f 1021/36/997 1099/185/997 1070/186/997
f 1039/81/998 1156/201/998 1099/185/998
f 1040/101/999 1070/186/999 1156/201/999
f 1040/101/1000 1156/201/1000 1158/202/1000
f 1039/81/1001 1157/83/1001 1156/201/1001
f 1029/85/1002 1158/202/1002 1157/83/1002
f 1040/101/1003 1158/202/1003 1100/102/1003
f 1029/85/901 1089/203/901 1158/202/901
f 1016/29/1004 1100/102/1004 1089/203/1004
f 1025/46/1005 1097/189/1005 1068/170/1005
f 1037/78/1006 1159/204/1006 1097/189/1006
f 1038/112/1007 1068/170/1007 1159/204/1007
f 1038/112/1008 1159/204/1008 1161/205/1008
f 1037/78/1009 1160/80/1009 1159/204/1009
f 1030/62/1010 1161/205/1010 1160/80/1010
f 1038/112/1011 1161/205/1011 1098/113/1011
f 1030/62/901 1090/206/901 1161/205/901
f 1020/26/900 1098/113/900 1090/206/900
f 1020/26/900 1061/207/900 1066/99/900
f 1031/15/900 1162/208/900 1061/207/900
f 1036/100/900 1066/99/900 1162/208/900
f 1036/100/900 1162/208/900 1164/209/900
f 1031/15/900 1163/75/900 1162/208/900
f 1034/14/900 1164/209/900 1163/75/900
f 1036/100/900 1164/209/900 1096/192/900
f 1034/14/900 1094/210/900 1164/209/900
f 1019/7/900 1096/192/900 1094/210/900
f 1019/7/900 1094/211/900 1065/94/900
f 1034/4/900 1165/212/900 1094/211/900
f 1035/95/900 1065/94/900 1165/212/900
f 1035/95/900 1165/212/900 1167/213/900
f 1034/4/900 1166/71/900 1165/212/900
f 1032/12/900 1167/213/900 1166/71/900
f 1035/95/900 1167/213/900 1095/195/900
f 1032/12/900 1092/214/900 1167/213/900
f 1018/19/900 1095/195/900 1092/214/900
f 1018/19/900 1092/215/900 1063/89/900
f 1032/10/900 1168/216/900 1092/215/900
f 1033/90/900 1063/89/900 1168/216/900
f 1033/90/900 1168/216/900 1170/217/900
f 1032/10/900 1169/67/900 1168/216/900
f 1027/9/900 1170/217/900 1169/67/900
f 1033/90/900 1170/217/900 1093/200/900
f 1027/9/900 1087/218/900 1170/217/900
f 1017/59/900 1093/200/900 1087/218/900
f 1020/26/900 1090/206/900 1061/219/900
f 1030/62/900 1171/220/900 1090/206/900
f 1031/60/900 1061/219/900 1171/220/900
f 1031/60/900 1171/220/900 1173/221/900
f 1030/62/900 1172/64/900 1171/220/900
f 1028/57/900 1173/221/900 1172/64/900
f 1031/60/900 1173/221/900 1091/222/900
f 1028/57/900 1088/223/900 1173/221/900
f 1015/224/900 1091/222/900 1088/223/900
f 1017/16/900 1087/225/900 1059/84/900
f 1027/3/900 1174/226/900 1087/225/900
f 1029/85/900 1059/84/900 1174/226/900
f 1029/85/900 1174/226/900 1176/227/900
f 1027/3/900 1175/228/900 1174/226/900
f 1028/2/900 1176/227/900 1175/228/900
f 1029/85/900 1176/227/900 1089/203/900
f 1028/2/900 1058/229/900 1176/227/900
f 1016/29/1012 1089/203/1012 1058/229/1012
f 1028/2/900 1175/228/900 1088/230/900
f 1027/3/900 1057/231/900 1175/228/900
f 1015/232/900 1088/230/900 1057/231/900
f 1175/228/900 1057/231/900 1088/230/900
f 1172/64/900 1060/63/900 1058/65/900
f 1169/67/900 1062/66/900 1057/69/900
f 1166/71/900 1064/70/900 1062/73/900
f 1163/75/900 1091/74/900 1064/77/900
f 1160/80/1013 1067/79/1013 1060/63/1013
f 1157/83/1014 1069/82/1014 1059/84/1014
f 1154/88/900 1071/87/900 1063/89/900
f 1151/93/900 1073/92/900 1065/94/900
f 1148/98/900 1075/97/900 1066/99/900
f 1145/103/1015 1100/102/1015 1067/79/1015
f 1142/105/901 1102/104/901 1069/82/901
f 1139/108/900 1104/107/900 1071/87/900
f 1136/111/900 1106/110/900 1073/92/900
f 1133/114/901 1098/113/901 1075/97/901
f 1130/116/1016 1082/115/1016 1077/117/1016
f 1127/120/1017 1084/119/1017 1078/121/1017
f 1124/124/1018 1085/123/1018 1079/125/1018
f 1121/128/1019 1086/127/1019 1080/129/1019
f 1118/132/1020 1113/131/1020 1081/133/1020
f 1116/137/1021 1083/136/1021 1117/138/1021
f 1119/139/1022 1117/138/1022 1118/132/1022
f 1086/140/1023 1119/139/1023 1111/141/1023
f 1115/144/1024 1116/143/1024 1120/145/1024
f 1122/146/1025 1120/145/1025 1121/128/1025
f 1085/147/1026 1122/146/1026 1110/148/1026
f 1114/151/1027 1115/150/1027 1123/152/1027
f 1125/153/1028 1123/152/1028 1124/124/1028
f 1084/154/1029 1125/153/1029 1109/155/1029
f 1112/158/1030 1114/157/1030 1126/159/1030
f 1128/160/1031 1126/159/1031 1127/120/1031
f 1082/161/1032 1128/160/1032 1108/162/1032
f 1083/165/1033 1112/164/1033 1129/166/1033
f 1131/167/1034 1129/166/1034 1130/116/1034
f 1113/168/1035 1131/167/1035 1107/169/1035
f 1081/133/1036 1068/170/1036 1132/171/1036
f 1134/172/1037 1132/171/1037 1133/114/1037
f 1111/141/1038 1134/172/1038 1105/173/1038
f 1080/129/900 1076/174/900 1135/175/900
f 1137/176/900 1135/175/900 1136/111/900
f 1110/148/900 1137/176/900 1103/177/900
f 1079/125/900 1074/178/900 1138/179/900
f 1140/180/900 1138/179/900 1139/108/900
f 1109/155/900 1140/180/900 1101/181/900
f 1078/121/1039 1072/182/1039 1141/183/1039
f 1143/184/1040 1141/183/1040 1142/105/1040
f 1108/162/1041 1143/184/1041 1099/185/1041
f 1077/117/1042 1070/186/1042 1144/187/1042
f 1146/188/1043 1144/187/1043 1145/103/1043
f 1107/169/1044 1146/188/1044 1097/189/1044
f 1076/174/900 1105/173/900 1147/190/900
f 1149/191/900 1147/190/900 1148/98/900
f 1106/110/900 1149/191/900 1096/192/900
f 1074/178/900 1103/177/900 1150/193/900
f 1152/194/900 1150/193/900 1151/93/900
f 1104/107/900 1152/194/900 1095/195/900
f 1072/196/900 1101/181/900 1153/197/900
f 1155/198/900 1153/197/900 1154/88/900
f 1102/199/900 1155/198/900 1093/200/900
f 1070/186/1045 1099/185/1045 1156/201/1045
f 1158/202/1046 1156/201/1046 1157/83/1046
f 1100/102/1047 1158/202/1047 1089/203/1047
f 1068/170/1048 1097/189/1048 1159/204/1048
f 1161/205/1049 1159/204/1049 1160/80/1049
f 1098/113/901 1161/205/901 1090/206/901
f 1066/99/900 1061/207/900 1162/208/900
f 1164/209/900 1162/208/900 1163/75/900
f 1096/192/900 1164/209/900 1094/210/900
f 1065/94/900 1094/211/900 1165/212/900
f 1167/213/900 1165/212/900 1166/71/900
f 1095/195/900 1167/213/900 1092/214/900
f 1063/89/900 1092/215/900 1168/216/900
f 1170/217/900 1168/216/900 1169/67/900
f 1093/200/900 1170/217/900 1087/218/900
f 1061/219/900 1090/206/900 1171/220/900
f 1173/221/900 1171/220/900 1172/64/900
f 1091/222/900 1173/221/900 1088/223/900
f 1059/84/900 1087/225/900 1174/226/900
f 1176/227/900 1174/226/900 1175/228/900
f 1089/203/900 1176/227/900 1058/229/900
f 1177/1/1050 1190/2/1050 1189/3/1050
f 1178/29/1051 1190/57/1051 1192/56/1051
f 1177/8/1051 1189/9/1051 1194/10/1051
f 1177/11/1050 1194/12/1050 1196/4/1050
f 1177/13/1050 1196/14/1050 1193/15/1050
f 1178/29/1050 1192/56/1050 1199/30/1050
f 1179/16/1051 1191/17/1051 1201/18/1051
f 1180/19/1050 1195/20/1050 1203/21/1050
f 1181/7/1052 1197/5/1052 1205/6/1052
f 1182/26/1050 1198/27/1050 1207/28/1050
f 1178/29/1050 1199/30/1050 1202/31/1050
f 1179/16/1050 1201/18/1050 1204/32/1050
f 1180/19/1051 1203/21/1051 1206/33/1051
f 1181/7/1053 1205/6/1053 1208/34/1053
f 1182/26/1050 1207/28/1050 1200/35/1050
f 1183/36/1054 1209/37/1054 1214/38/1054
f 1184/39/1055 1210/40/1055 1216/41/1055
f 1185/42/1056 1211/43/1056 1217/22/1056
f 1186/44/1057 1212/45/1057 1218/25/1057
f 1187/46/1058 1213/47/1058 1215/48/1058
f 1215/48/1059 1218/49/1059 1188/233/1059
f 1215/48/1060 1213/47/1060 1218/49/1060
f 1213/47/1061 1186/44/1061 1218/49/1061
f 1218/25/1062 1217/51/1062 1188/24/1062
f 1218/25/1063 1212/45/1063 1217/51/1063
f 1212/45/1064 1185/42/1064 1217/51/1064
f 1217/22/1065 1216/23/1065 1188/234/1065
f 1217/22/1066 1211/43/1066 1216/23/1066
f 1211/43/1067 1184/52/1067 1216/23/1067
f 1216/41/1068 1214/53/1068 1188/54/1068
f 1216/41/1069 1210/40/1069 1214/53/1069
f 1210/40/1070 1183/36/1070 1214/53/1070
f 1214/38/1071 1215/55/1071 1188/50/1071
f 1214/38/1072 1209/37/1072 1215/55/1072
f 1209/37/1073 1187/46/1073 1215/55/1073
f 1200/35/1074 1213/47/1074 1187/46/1074
f 1200/35/1075 1207/28/1075 1213/47/1075
f 1207/28/1076 1186/44/1076 1213/47/1076
f 1208/34/1077 1212/45/1077 1186/44/1077
f 1208/34/1078 1205/6/1078 1212/45/1078
f 1205/6/1079 1185/42/1079 1212/45/1079
f 1206/33/1080 1211/43/1080 1185/42/1080
f 1206/33/1081 1203/21/1081 1211/43/1081
f 1203/21/1082 1184/52/1082 1211/43/1082
f 1204/32/1083 1210/40/1083 1184/39/1083
f 1204/32/1084 1201/18/1084 1210/40/1084
f 1201/18/1085 1183/36/1085 1210/40/1085
f 1202/31/1086 1209/37/1086 1183/36/1086
f 1202/31/1087 1199/30/1087 1209/37/1087
f 1199/30/1088 1187/46/1088 1209/37/1088
f 1207/28/1089 1208/34/1089 1186/44/1089
f 1207/28/1090 1198/27/1090 1208/34/1090
f 1198/27/1091 1181/7/1091 1208/34/1091
f 1205/6/1092 1206/33/1092 1185/42/1092
f 1205/6/1093 1197/5/1093 1206/33/1093
f 1197/5/1050 1180/19/1050 1206/33/1050
f 1203/21/1094 1204/58/1094 1184/52/1094
f 1203/21/1051 1195/20/1051 1204/58/1051
f 1195/20/1050 1179/59/1050 1204/58/1050
f 1201/18/1095 1202/31/1095 1183/36/1095
f 1201/18/1050 1191/17/1050 1202/31/1050
f 1191/17/1050 1178/29/1050 1202/31/1050
f 1199/30/1096 1200/35/1096 1187/46/1096
f 1199/30/1050 1192/56/1050 1200/35/1050
f 1192/56/1050 1182/26/1050 1200/35/1050
f 1193/15/1050 1198/27/1050 1182/26/1050
f 1193/15/1050 1196/14/1050 1198/27/1050
f 1196/14/1050 1181/7/1050 1198/27/1050
f 1196/4/1050 1197/5/1050 1181/7/1050
f 1196/4/1050 1194/12/1050 1197/5/1050
f 1194/12/1050 1180/19/1050 1197/5/1050
f 1194/10/1050 1195/20/1050 1180/19/1050
f 1194/10/1050 1189/9/1050 1195/20/1050
f 1189/9/1050 1179/59/1050 1195/20/1050
f 1192/56/1050 1193/60/1050 1182/26/1050
f 1192/56/1050 1190/57/1050 1193/60/1050
f 1190/57/1050 1177/61/1050 1193/60/1050
f 1189/3/1050 1191/17/1050 1179/16/1050
f 1189/3/1050 1190/2/1050 1191/17/1050
f 1190/2/1051 1178/29/1051 1191/17/1051
f 1219/1/1 1232/2/1 1231/3/1
f 1220/29/1 1232/57/1 1234/56/1
f 1219/8/1 1231/9/1 1236/10/1
f 1219/11/1 1236/12/1 1238/4/1
f 1219/13/1 1238/14/1 1235/15/1
f 1220/29/1 1234/56/1 1241/30/1
f 1221/16/1 1233/17/1 1243/18/1
f 1222/19/1 1237/20/1 1245/21/1
f 1223/7/1097 1239/5/1097 1247/6/1097
f 1224/26/1 1240/27/1 1249/28/1
f 1220/29/1 1241/30/1 1244/31/1
f 1221/16/1 1243/18/1 1246/32/1
f 1222/19/1 1245/21/1 1248/33/1
f 1223/7/1098 1247/6/1098 1250/34/1098
f 1224/26/1 1249/28/1 1242/35/1
f 1225/36/1099 1251/37/1099 1256/38/1099
f 1226/39/1100 1252/40/1100 1258/41/1100
f 1227/42/1101 1253/43/1101 1259/22/1101
f 1228/44/1102 1254/45/1102 1260/25/1102
f 1229/46/1103 1255/47/1103 1257/48/1103
f 1257/48/1104 1260/49/1104 1230/233/1104
f 1257/48/1105 1255/47/1105 1260/49/1105
f 1255/47/1106 1228/44/1106 1260/49/1106
f 1260/25/1107 1259/51/1107 1230/24/1107
f 1260/25/1108 1254/45/1108 1259/51/1108
f 1254/45/1109 1227/42/1109 1259/51/1109
f 1259/22/1110 1258/23/1110 1230/234/1110
f 1259/22/1111 1253/43/1111 1258/23/1111
f 1253/43/1112 1226/52/1112 1258/23/1112
f 1258/41/1113 1256/53/1113 1230/54/1113
f 1258/41/1114 1252/40/1114 1256/53/1114
f 1252/40/1115 1225/36/1115 1256/53/1115
f 1256/38/1116 1257/55/1116 1230/50/1116
f 1256/38/1117 1251/37/1117 1257/55/1117
f 1251/37/1118 1229/46/1118 1257/55/1118
f 1242/35/1119 1255/47/1119 1229/46/1119
f 1242/35/1120 1249/28/1120 1255/47/1120
f 1249/28/1121 1228/44/1121 1255/47/1121
f 1250/34/1122 1254/45/1122 1228/44/1122
f 1250/34/1123 1247/6/1123 1254/45/1123
f 1247/6/1124 1227/42/1124 1254/45/1124
f 1248/33/1125 1253/43/1125 1227/42/1125
f 1248/33/1126 1245/21/1126 1253/43/1126
f 1245/21/1127 1226/52/1127 1253/43/1127
f 1246/32/1128 1252/40/1128 1226/39/1128
f 1246/32/1129 1243/18/1129 1252/40/1129
f 1243/18/1130 1225/36/1130 1252/40/1130
f 1244/31/1131 1251/37/1131 1225/36/1131
f 1244/31/1132 1241/30/1132 1251/37/1132
f 1241/30/1133 1229/46/1133 1251/37/1133
f 1249/28/1134 1250/34/1134 1228/44/1134
f 1249/28/1135 1240/27/1135 1250/34/1135
f 1240/27/1136 1223/7/1136 1250/34/1136
f 1247/6/1137 1248/33/1137 1227/42/1137
f 1247/6/1138 1239/5/1138 1248/33/1138
f 1239/5/1 1222/19/1 1248/33/1
f 1245/21/13 1246/58/13 1226/52/13
f 1245/21/1 1237/20/1 1246/58/1
f 1237/20/1 1221/59/1 1246/58/1
f 1243/18/13 1244/31/13 1225/36/13
f 1243/18/1 1233/17/1 1244/31/1
f 1233/17/1 1220/29/1 1244/31/1
f 1241/30/1139 1242/35/1139 1229/46/1139
f 1241/30/1 1234/56/1 1242/35/1
f 1234/56/1 1224/26/1 1242/35/1
f 1235/15/1 1240/27/1 1224/26/1
f 1235/15/1 1238/14/1 1240/27/1
f 1238/14/1 1223/7/1 1240/27/1
f 1238/4/1 1239/5/1 1223/7/1
f 1238/4/1 1236/12/1 1239/5/1
f 1236/12/1 1222/19/1 1239/5/1
f 1236/10/1 1237/20/1 1222/19/1
f 1236/10/1 1231/9/1 1237/20/1
f 1231/9/1 1221/59/1 1237/20/1
f 1234/56/1 1235/60/1 1224/26/1
f 1234/56/1 1232/57/1 1235/60/1
f 1232/57/1 1219/61/1 1235/60/1
f 1231/3/1 1233/17/1 1221/16/1
f 1231/3/1 1232/2/1 1233/17/1
f 1232/2/1 1220/29/1 1233/17/1
f 1261/1/1140 1274/2/1140 1273/3/1140
f 1262/29/1141 1274/57/1141 1276/56/1141
f 1261/8/1142 1273/9/1142 1278/10/1142
f 1261/11/1143 1278/12/1143 1280/4/1143
f 1261/13/1144 1280/14/1144 1277/15/1144
f 1262/29/1145 1276/56/1145 1283/30/1145
f 1263/16/1146 1275/17/1146 1285/18/1146
f 1264/19/1147 1279/20/1147 1287/21/1147
f 1265/7/1148 1281/5/1148 1289/6/1148
f 1266/26/1149 1282/27/1149 1291/28/1149
f 1262/29/1150 1283/30/1150 1286/31/1150
f 1263/16/1151 1285/18/1151 1288/32/1151
f 1264/19/1152 1287/21/1152 1290/33/1152
f 1265/7/1153 1289/6/1153 1292/34/1153
f 1266/26/1154 1291/28/1154 1284/35/1154
f 1267/36/1155 1293/37/1155 1298/38/1155
f 1268/39/1156 1294/40/1156 1300/41/1156
f 1269/42/1157 1295/43/1157 1301/22/1157
f 1270/44/1158 1296/45/1158 1302/25/1158
f 1271/46/1159 1297/47/1159 1299/48/1159
f 1299/48/1160 1302/49/1160 1272/233/1160
f 1299/48/1161 1297/47/1161 1302/49/1161
f 1297/47/1162 1270/44/1162 1302/49/1162
f 1302/25/1163 1301/51/1163 1272/24/1163
f 1302/25/1164 1296/45/1164 1301/51/1164
f 1296/45/1165 1269/42/1165 1301/51/1165
f 1301/22/1166 1300/23/1166 1272/234/1166
f 1301/22/1167 1295/43/1167 1300/23/1167
f 1295/43/1168 1268/52/1168 1300/23/1168
f 1300/41/1169 1298/53/1169 1272/54/1169
f 1300/41/1170 1294/40/1170 1298/53/1170
f 1294/40/1171 1267/36/1171 1298/53/1171
f 1298/38/1172 1299/55/1172 1272/50/1172
f 1298/38/1173 1293/37/1173 1299/55/1173
f 1293/37/1174 1271/46/1174 1299/55/1174
f 1284/35/1175 1297/47/1175 1271/46/1175
f 1284/35/1176 1291/28/1176 1297/47/1176
f 1291/28/1177 1270/44/1177 1297/47/1177
f 1292/34/1178 1296/45/1178 1270/44/1178
f 1292/34/1179 1289/6/1179 1296/45/1179
f 1289/6/1180 1269/42/1180 1296/45/1180
f 1290/33/1181 1295/43/1181 1269/42/1181
f 1290/33/1182 1287/21/1182 1295/43/1182
f 1287/21/1183 1268/52/1183 1295/43/1183
f 1288/32/1184 1294/40/1184 1268/39/1184
f 1288/32/1185 1285/18/1185 1294/40/1185
f 1285/18/1186 1267/36/1186 1294/40/1186
f 1286/31/1187 1293/37/1187 1267/36/1187
f 1286/31/1188 1283/30/1188 1293/37/1188
f 1283/30/1189 1271/46/1189 1293/37/1189
f 1291/28/1190 1292/34/1190 1270/44/1190
f 1291/28/1191 1282/27/1191 1292/34/1191
f 1282/27/1192 1265/7/1192 1292/34/1192
f 1289/6/1193 1290/33/1193 1269/42/1193
f 1289/6/1194 1281/5/1194 1290/33/1194
f 1281/5/1195 1264/19/1195 1290/33/1195
f 1287/21/1196 1288/58/1196 1268/52/1196
f 1287/21/1197 1279/20/1197 1288/58/1197
f 1279/20/1198 1263/59/1198 1288/58/1198
f 1285/18/1199 1286/31/1199 1267/36/1199
f 1285/18/1200 1275/17/1200 1286/31/1200
f 1275/17/1201 1262/29/1201 1286/31/1201
f 1283/30/1202 1284/35/1202 1271/46/1202
f 1283/30/1203 1276/56/1203 1284/35/1203
f 1276/56/1204 1266/26/1204 1284/35/1204
f 1277/15/1205 1282/27/1205 1266/26/1205
f 1277/15/1206 1280/14/1206 1282/27/1206
f 1280/14/1207 1265/7/1207 1282/27/1207
f 1280/4/1208 1281/5/1208 1265/7/1208
f 1280/4/1209 1278/12/1209 1281/5/1209
f 1278/12/1210 1264/19/1210 1281/5/1210
f 1278/10/1211 1279/20/1211 1264/19/1211
f 1278/10/1212 1273/9/1212 1279/20/1212
f 1273/9/1213 1263/59/1213 1279/20/1213
f 1276/56/1214 1277/60/1214 1266/26/1214
f 1276/56/1215 1274/57/1215 1277/60/1215
f 1274/57/1216 1261/61/1216 1277/60/1216
f 1273/3/1217 1275/17/1217 1263/16/1217
f 1273/3/1218 1274/2/1218 1275/17/1218
f 1274/2/1219 1262/29/1219 1275/17/1219
f 1303/1/1 1316/2/1 1315/3/1
f 1322/4/1 1323/5/1 1331/6/1 1307/7/1
f 1303/8/1 1315/9/1 1320/10/1
f 1303/11/1 1320/12/1 1322/4/1
f 1303/13/1 1322/14/1 1319/15/1
f 1305/16/1 1317/17/1 1327/18/1
f 1306/19/1 1321/20/1 1329/21/1
f 1343/22/1220 1342/23/1220 1314/24/1220 1344/25/1220
f 1308/26/1221 1324/27/1221 1333/28/1221
f 1304/29/1222 1325/30/1222 1328/31/1222
f 1305/16/1 1327/18/1 1330/32/1
f 1306/19/1 1329/21/1 1332/33/1
f 1307/7/1 1331/6/1 1334/34/1
f 1308/26/1223 1333/28/1223 1326/35/1223
f 1309/36/1224 1335/37/1224 1340/38/1224
f 1310/39/1 1336/40/1 1342/41/1
f 1311/42/1 1337/43/1 1343/22/1
f 1312/44/1225 1338/45/1225 1344/25/1225
f 1313/46/1226 1339/47/1226 1341/48/1226
f 1341/48/1227 1339/47/1227 1344/49/1227
f 1339/47/1228 1312/44/1228 1344/49/1228
f 1340/38/1229 1341/48/1229 1344/49/1229 1314/50/1229
f 1344/25/1230 1338/45/1230 1343/51/1230
f 1338/45/13 1311/42/13 1343/51/13
f 1343/22/1 1337/43/1 1342/23/1
f 1337/43/1 1310/52/1 1342/23/1
f 1342/41/1231 1340/53/1231 1314/54/1231
f 1342/41/1232 1336/40/1232 1340/53/1232
f 1336/40/1233 1309/36/1233 1340/53/1233
f 1340/38/1234 1335/37/1234 1341/55/1234
f 1335/37/1235 1313/46/1235 1341/55/1235
f 1326/35/1236 1339/47/1236 1313/46/1236
f 1326/35/1237 1333/28/1237 1339/47/1237
f 1333/28/1238 1312/44/1238 1339/47/1238
f 1334/34/1 1338/45/1 1312/44/1
f 1334/34/1 1331/6/1 1338/45/1
f 1331/6/1 1311/42/1 1338/45/1
f 1332/33/1 1337/43/1 1311/42/1
f 1332/33/1 1329/21/1 1337/43/1
f 1329/21/1 1310/52/1 1337/43/1
f 1330/32/1 1336/40/1 1310/39/1
f 1330/32/1 1327/18/1 1336/40/1
f 1327/18/1239 1309/36/1239 1336/40/1239
f 1328/31/1240 1335/37/1240 1309/36/1240
f 1328/31/1241 1325/30/1241 1335/37/1241
f 1325/30/1242 1313/46/1242 1335/37/1242
f 1333/28/1243 1334/34/1243 1312/44/1243
f 1333/28/1244 1324/27/1244 1334/34/1244
f 1324/27/1 1307/7/1 1334/34/1
f 1331/6/1 1332/33/1 1311/42/1
f 1318/56/1245 1325/30/1245 1304/29/1245 1316/57/1245
f 1329/21/1 1330/58/1 1310/52/1
f 1329/21/1 1321/20/1 1330/58/1
f 1321/20/1 1305/59/1 1330/58/1
f 1327/18/1246 1328/31/1246 1309/36/1246
f 1327/18/1247 1317/17/1247 1328/31/1247
f 1317/17/1248 1304/29/1248 1328/31/1248
f 1325/30/1249 1326/35/1249 1313/46/1249
f 1325/30/1250 1318/56/1250 1326/35/1250
f 1323/5/1 1306/19/1 1332/33/1 1331/6/1
f 1319/15/1251 1324/27/1251 1308/26/1251
f 1319/15/1 1322/14/1 1324/27/1
f 1322/14/1 1307/7/1 1324/27/1
f 1322/4/1 1320/12/1 1323/5/1
f 1320/12/1 1306/19/1 1323/5/1
f 1320/10/1 1321/20/1 1306/19/1
f 1320/10/1 1315/9/1 1321/20/1
f 1315/9/1 1305/59/1 1321/20/1
f 1318/56/1252 1316/57/1252 1319/60/1252
f 1316/57/1 1303/61/1 1319/60/1
f 1315/3/1 1317/17/1 1305/16/1
f 1315/3/1 1316/2/1 1317/17/1
f 1316/2/1253 1304/29/1253 1317/17/1253
f 1318/56/1254 1319/60/1254 1308/26/1254 1326/35/1254
f 1345/1/1 1358/2/1 1357/3/1
f 1364/4/1 1365/5/1 1373/6/1 1349/7/1
f 1345/8/1 1357/9/1 1362/10/1
f 1345/11/1 1362/12/1 1364/4/1
f 1345/13/1 1364/14/1 1361/15/1
f 1347/16/1255 1359/17/1255 1369/18/1255
f 1348/19/1 1363/20/1 1371/21/1
f 1385/22/1256 1384/23/1256 1356/24/1256 1386/25/1256
f 1350/26/1257 1366/27/1257 1375/28/1257
f 1346/29/1258 1367/30/1258 1370/31/1258
f 1347/16/1 1369/18/1 1372/32/1
f 1348/19/1 1371/21/1 1374/33/1
f 1349/7/1 1373/6/1 1376/34/1
f 1350/26/1259 1375/28/1259 1368/35/1259
f 1351/36/1260 1377/37/1260 1382/38/1260
f 1352/39/1 1378/40/1 1384/41/1
f 1353/42/1 1379/43/1 1385/22/1
f 1354/44/1261 1380/45/1261 1386/25/1261
f 1355/46/1262 1381/47/1262 1383/48/1262
f 1383/48/1263 1381/47/1263 1386/49/1263
f 1381/47/1264 1354/44/1264 1386/49/1264
f 1382/38/1265 1383/48/1265 1386/49/1265 1356/50/1265
f 1386/25/1266 1380/45/1266 1385/51/1266
f 1380/45/13 1353/42/13 1385/51/13
f 1385/22/1 1379/43/1 1384/23/1
f 1379/43/1 1352/52/1 1384/23/1
f 1384/41/1267 1382/53/1267 1356/54/1267
f 1384/41/1268 1378/40/1268 1382/53/1268
f 1378/40/1269 1351/36/1269 1382/53/1269
f 1382/38/1270 1377/37/1270 1383/55/1270
f 1377/37/1271 1355/46/1271 1383/55/1271
f 1368/35/1272 1381/47/1272 1355/46/1272
f 1368/35/1273 1375/28/1273 1381/47/1273
f 1375/28/1274 1354/44/1274 1381/47/1274
f 1376/34/1 1380/45/1 1354/44/1
f 1376/34/1 1373/6/1 1380/45/1
f 1373/6/1 1353/42/1 1380/45/1
f 1374/33/1 1379/43/1 1353/42/1
f 1374/33/1 1371/21/1 1379/43/1
f 1371/21/1 1352/52/1 1379/43/1
f 1372/32/1 1378/40/1 1352/39/1
f 1372/32/1 1369/18/1 1378/40/1
f 1369/18/1275 1351/36/1275 1378/40/1275
f 1370/31/1276 1377/37/1276 1351/36/1276
f 1370/31/1277 1367/30/1277 1377/37/1277
f 1367/30/1278 1355/46/1278 1377/37/1278
f 1375/28/1279 1376/34/1279 1354/44/1279
f 1375/28/1280 1366/27/1280 1376/34/1280
f 1366/27/1 1349/7/1 1376/34/1
f 1373/6/1 1374/33/1 1353/42/1
f 1360/56/1281 1367/30/1281 1346/29/1281 1358/57/1281
f 1371/21/1 1372/58/1 1352/52/1
f 1371/21/1 1363/20/1 1372/58/1
f 1363/20/1 1347/59/1 1372/58/1
f 1369/18/1282 1370/31/1282 1351/36/1282
f 1369/18/1283 1359/17/1283 1370/31/1283
f 1359/17/1284 1346/29/1284 1370/31/1284
f 1367/30/1285 1368/35/1285 1355/46/1285
f 1367/30/1286 1360/56/1286 1368/35/1286
f 1365/5/1 1348/19/1 1374/33/1 1373/6/1
f 1361/15/1287 1366/27/1287 1350/26/1287
f 1361/15/1 1364/14/1 1366/27/1
f 1364/14/1 1349/7/1 1366/27/1
f 1364/4/1 1362/12/1 1365/5/1
f 1362/12/1 1348/19/1 1365/5/1
f 1362/10/1 1363/20/1 1348/19/1
f 1362/10/1 1357/9/1 1363/20/1
f 1357/9/1 1347/59/1 1363/20/1
f 1360/56/1288 1358/57/1288 1361/60/1288
f 1358/57/1 1345/61/1 1361/60/1
f 1357/3/1 1359/17/1 1347/16/1
f 1357/3/1 1358/2/1 1359/17/1
f 1358/2/1289 1346/29/1289 1359/17/1289
f 1360/56/1290 1361/60/1290 1350/26/1290 1368/35/1290
f 1387/1/1 1400/2/1 1399/3/1
f 1406/4/1 1407/5/1 1415/6/1 1391/7/1
f 1387/8/1 1399/9/1 1404/10/1
f 1387/11/1 1404/12/1 1406/4/1
f 1387/13/1 1406/14/1 1403/15/1
f 1389/16/1 1401/17/1 1411/18/1
f 1390/19/1 1405/20/1 1413/21/1
f 1427/22/1256 1426/23/1256 1398/24/1256 1428/25/1256
f 1392/26/1257 1408/27/1257 1417/28/1257
f 1388/29/1258 1409/30/1258 1412/31/1258
f 1389/16/1 1411/18/1 1414/32/1
f 1390/19/1 1413/21/1 1416/33/1
f 1391/7/1 1415/6/1 1418/34/1
f 1392/26/1259 1417/28/1259 1410/35/1259
f 1393/36/1260 1419/37/1260 1424/38/1260
f 1394/39/1 1420/40/1 1426/41/1
f 1395/42/1 1421/43/1 1427/22/1
f 1396/44/1261 1422/45/1261 1428/25/1261
f 1397/46/1262 1423/47/1262 1425/48/1262
f 1425/48/1263 1423/47/1263 1428/49/1263
f 1423/47/1264 1396/44/1264 1428/49/1264
f 1424/38/1291 1425/48/1291 1428/49/1291 1398/50/1291
f 1428/25/1266 1422/45/1266 1427/51/1266
f 1422/45/13 1395/42/13 1427/51/13
f 1427/22/1 1421/43/1 1426/23/1
f 1421/43/1 1394/52/1 1426/23/1
f 1426/41/1267 1424/53/1267 1398/54/1267
f 1426/41/1268 1420/40/1268 1424/53/1268
f 1420/40/1292 1393/36/1292 1424/53/1292
f 1424/38/1270 1419/37/1270 1425/55/1270
f 1419/37/1271 1397/46/1271 1425/55/1271
f 1410/35/1272 1423/47/1272 1397/46/1272
f 1410/35/1273 1417/28/1273 1423/47/1273
f 1417/28/1274 1396/44/1274 1423/47/1274
f 1418/34/1 1422/45/1 1396/44/1
f 1418/34/1 1415/6/1 1422/45/1
f 1415/6/1 1395/42/1 1422/45/1
f 1416/33/1 1421/43/1 1395/42/1
f 1416/33/1 1413/21/1 1421/43/1
f 1413/21/1 1394/52/1 1421/43/1
f 1414/32/1 1420/40/1 1394/39/1
f 1414/32/1 1411/18/1 1420/40/1
f 1411/18/1275 1393/36/1275 1420/40/1275
f 1412/31/1276 1419/37/1276 1393/36/1276
f 1412/31/1277 1409/30/1277 1419/37/1277
f 1409/30/1278 1397/46/1278 1419/37/1278
f 1417/28/1279 1418/34/1279 1396/44/1279
f 1417/28/1293 1408/27/1293 1418/34/1293
f 1408/27/1 1391/7/1 1418/34/1
f 1415/6/1 1416/33/1 1395/42/1
f 1402/56/1294 1409/30/1294 1388/29/1294 1400/57/1294
f 1413/21/1 1414/58/1 1394/52/1
f 1413/21/1 1405/20/1 1414/58/1
f 1405/20/1 1389/59/1 1414/58/1
f 1411/18/1295 1412/31/1295 1393/36/1295
f 1411/18/1296 1401/17/1296 1412/31/1296
f 1401/17/1284 1388/29/1284 1412/31/1284
f 1409/30/1285 1410/35/1285 1397/46/1285
f 1409/30/1286 1402/56/1286 1410/35/1286
f 1407/5/1 1390/19/1 1416/33/1 1415/6/1
f 1403/15/1287 1408/27/1287 1392/26/1287
f 1403/15/1 1406/14/1 1408/27/1
f 1406/14/1 1391/7/1 1408/27/1
f 1406/4/1 1404/12/1 1407/5/1
f 1404/12/1 1390/19/1 1407/5/1
f 1404/10/1 1405/20/1 1390/19/1
f 1404/10/1 1399/9/1 1405/20/1
f 1399/9/1 1389/59/1 1405/20/1
f 1402/56/1288 1400/57/1288 1403/60/1288
f 1400/57/1 1387/61/1 1403/60/1
f 1399/3/1 1401/17/1 1389/16/1
f 1399/3/1 1400/2/1 1401/17/1
f 1400/2/1289 1388/29/1289 1401/17/1289
f 1402/56/1290 1403/60/1290 1392/26/1290 1410/35/1290
f 1429/1/1 1442/2/1 1441/3/1
f 1448/4/1 1449/5/1 1457/6/1 1433/7/1
f 1429/8/1 1441/9/1 1446/10/1
f 1429/11/1 1446/12/1 1448/4/1
f 1429/13/1 1448/14/1 1445/15/1
f 1431/16/1 1443/17/1 1453/18/1
f 1432/19/1 1447/20/1 1455/21/1
f 1469/22/1256 1468/23/1256 1440/24/1256 1470/25/1256
f 1434/26/1297 1450/27/1297 1459/28/1297
f 1430/29/1258 1451/30/1258 1454/31/1258
f 1431/16/1 1453/18/1 1456/32/1
f 1432/19/1 1455/21/1 1458/33/1
f 1433/7/1 1457/6/1 1460/34/1
f 1434/26/1298 1459/28/1298 1452/35/1298
f 1435/36/1260 1461/37/1260 1466/38/1260
f 1436/39/1 1462/40/1 1468/41/1
f 1437/42/1 1463/43/1 1469/22/1
f 1438/44/1261 1464/45/1261 1470/25/1261
f 1439/46/1262 1465/47/1262 1467/48/1262
f 1467/48/1263 1465/47/1263 1470/49/1263
f 1465/47/1299 1438/44/1299 1470/49/1299
f 1466/38/1291 1467/48/1291 1470/49/1291 1440/50/1291
f 1470/25/1266 1464/45/1266 1469/51/1266
f 1464/45/13 1437/42/13 1469/51/13
f 1469/22/1 1463/43/1 1468/23/1
f 1463/43/1 1436/52/1 1468/23/1
f 1468/41/1267 1466/53/1267 1440/54/1267
f 1468/41/1268 1462/40/1268 1466/53/1268
f 1462/40/1269 1435/36/1269 1466/53/1269
f 1466/38/1270 1461/37/1270 1467/55/1270
f 1461/37/1271 1439/46/1271 1467/55/1271
f 1452/35/1272 1465/47/1272 1439/46/1272
f 1452/35/1273 1459/28/1273 1465/47/1273
f 1459/28/1274 1438/44/1274 1465/47/1274
f 1460/34/1255 1464/45/1255 1438/44/1255
f 1460/34/1 1457/6/1 1464/45/1
f 1457/6/1 1437/42/1 1464/45/1
f 1458/33/1 1463/43/1 1437/42/1
f 1458/33/1 1455/21/1 1463/43/1
f 1455/21/1 1436/52/1 1463/43/1
f 1456/32/1 1462/40/1 1436/39/1
f 1456/32/1 1453/18/1 1462/40/1
f 1453/18/1275 1435/36/1275 1462/40/1275
f 1454/31/1276 1461/37/1276 1435/36/1276
f 1454/31/1277 1451/30/1277 1461/37/1277
f 1451/30/1278 1439/46/1278 1461/37/1278
f 1459/28/1279 1460/34/1279 1438/44/1279
f 1459/28/1280 1450/27/1280 1460/34/1280
f 1450/27/1 1433/7/1 1460/34/1
f 1457/6/1 1458/33/1 1437/42/1
f 1444/56/1294 1451/30/1294 1430/29/1294 1442/57/1294
f 1455/21/1 1456/58/1 1436/52/1
f 1455/21/1 1447/20/1 1456/58/1
f 1447/20/1 1431/59/1 1456/58/1
f 1453/18/1300 1454/31/1300 1435/36/1300
f 1453/18/1283 1443/17/1283 1454/31/1283
f 1443/17/1284 1430/29/1284 1454/31/1284
f 1451/30/1285 1452/35/1285 1439/46/1285
f 1451/30/1286 1444/56/1286 1452/35/1286
f 1449/5/1 1432/19/1 1458/33/1 1457/6/1
f 1445/15/1287 1450/27/1287 1434/26/1287
f 1445/15/1 1448/14/1 1450/27/1
f 1448/14/1 1433/7/1 1450/27/1
f 1448/4/1 1446/12/1 1449/5/1
f 1446/12/1 1432/19/1 1449/5/1
f 1446/10/1 1447/20/1 1432/19/1
f 1446/10/1 1441/9/1 1447/20/1
f 1441/9/1 1431/59/1 1447/20/1
f 1444/56/1288 1442/57/1288 1445/60/1288
f 1442/57/1 1429/61/1 1445/60/1
f 1441/3/1 1443/17/1 1431/16/1
f 1441/3/1 1442/2/1 1443/17/1
f 1442/2/1289 1430/29/1289 1443/17/1289
f 1444/56/1290 1445/60/1290 1434/26/1290 1452/35/1290
f 1471/1/1 1484/2/1 1483/3/1
f 1490/4/1 1491/5/1 1499/6/1 1475/7/1
f 1471/8/1 1483/9/1 1488/10/1
f 1471/11/1 1488/12/1 1490/4/1
f 1471/13/1 1490/14/1 1487/15/1
f 1473/16/1 1485/17/1 1495/18/1
f 1474/19/1 1489/20/1 1497/21/1
f 1511/22/1256 1510/23/1256 1482/24/1256 1512/25/1256
f 1476/26/1257 1492/27/1257 1501/28/1257
f 1472/29/1258 1493/30/1258 1496/31/1258
f 1473/16/1 1495/18/1 1498/32/1
f 1474/19/1 1497/21/1 1500/33/1
f 1475/7/1 1499/6/1 1502/34/1
f 1476/26/1259 1501/28/1259 1494/35/1259
f 1477/36/1260 1503/37/1260 1508/38/1260
f 1478/39/1 1504/40/1 1510/41/1
f 1479/42/1 1505/43/1 1511/22/1
f 1480/44/1261 1506/45/1261 1512/25/1261
f 1481/46/1262 1507/47/1262 1509/48/1262
f 1509/48/1263 1507/47/1263 1512/49/1263
f 1507/47/1264 1480/44/1264 1512/49/1264
f 1508/38/1291 1509/48/1291 1512/49/1291 1482/50/1291
f 1512/25/1266 1506/45/1266 1511/51/1266
f 1506/45/13 1479/42/13 1511/51/13
f 1511/22/1255 1505/43/1255 1510/23/1255
f 1505/43/1 1478/52/1 1510/23/1
f 1510/41/1267 1508/53/1267 1482/54/1267
f 1510/41/1268 1504/40/1268 1508/53/1268
f 1504/40/1269 1477/36/1269 1508/53/1269
f 1508/38/1270 1503/37/1270 1509/55/1270
f 1503/37/1271 1481/46/1271 1509/55/1271
f 1494/35/1272 1507/47/1272 1481/46/1272
f 1494/35/1273 1501/28/1273 1507/47/1273
f 1501/28/1274 1480/44/1274 1507/47/1274
f 1502/34/1 1506/45/1 1480/44/1
f 1502/34/1 1499/6/1 1506/45/1
f 1499/6/1 1479/42/1 1506/45/1
f 1500/33/1 1505/43/1 1479/42/1
f 1500/33/1 1497/21/1 1505/43/1
f 1497/21/1 1478/52/1 1505/43/1
f 1498/32/1 1504/40/1 1478/39/1
f 1498/32/1 1495/18/1 1504/40/1
f 1495/18/1275 1477/36/1275 1504/40/1275
f 1496/31/1276 1503/37/1276 1477/36/1276
f 1496/31/1277 1493/30/1277 1503/37/1277
f 1493/30/1278 1481/46/1278 1503/37/1278
f 1501/28/1279 1502/34/1279 1480/44/1279
f 1501/28/1280 1492/27/1280 1502/34/1280
f 1492/27/1 1475/7/1 1502/34/1
f 1499/6/1 1500/33/1 1479/42/1
f 1486/56/1294 1493/30/1294 1472/29/1294 1484/57/1294
f 1497/21/1 1498/58/1 1478/52/1
f 1497/21/1 1489/20/1 1498/58/1
f 1489/20/1 1473/59/1 1498/58/1
f 1495/18/1301 1496/31/1301 1477/36/1301
f 1495/18/1283 1485/17/1283 1496/31/1283
f 1485/17/1284 1472/29/1284 1496/31/1284
f 1493/30/1285 1494/35/1285 1481/46/1285
f 1493/30/1286 1486/56/1286 1494/35/1286
f 1491/5/1 1474/19/1 1500/33/1 1499/6/1
f 1487/15/1287 1492/27/1287 1476/26/1287
f 1487/15/1 1490/14/1 1492/27/1
f 1490/14/1 1475/7/1 1492/27/1
f 1490/4/1 1488/12/1 1491/5/1
f 1488/12/1 1474/19/1 1491/5/1
f 1488/10/1 1489/20/1 1474/19/1
f 1488/10/1 1483/9/1 1489/20/1
f 1483/9/1 1473/59/1 1489/20/1
f 1486/56/1288 1484/57/1288 1487/60/1288
f 1484/57/1 1471/61/1 1487/60/1
f 1483/3/1 1485/17/1 1473/16/1
f 1483/3/1 1484/2/1 1485/17/1
f 1484/2/1289 1472/29/1289 1485/17/1289
f 1486/56/1290 1487/60/1290 1476/26/1290 1494/35/1290
f 1513/1/1 1526/2/1 1525/3/1
f 1532/4/1 1533/5/1 1541/6/1 1517/7/1
f 1513/8/1 1525/9/1 1530/10/1
f 1513/11/1 1530/12/1 1532/4/1
f 1513/13/1 1532/14/1 1529/15/1
f 1515/16/1 1527/17/1 1537/18/1
f 1516/19/1 1531/20/1 1539/21/1
f 1553/22/1256 1552/23/1256 1524/24/1256 1554/25/1256
f 1518/26/1297 1534/27/1297 1543/28/1297
f 1514/29/1258 1535/30/1258 1538/31/1258
f 1515/16/1 1537/18/1 1540/32/1
f 1516/19/1 1539/21/1 1542/33/1
f 1517/7/1 1541/6/1 1544/34/1
f 1518/26/1302 1543/28/1302 1536/35/1302
f 1519/36/1260 1545/37/1260 1550/38/1260
f 1520/39/1 1546/40/1 1552/41/1
f 1521/42/1 1547/43/1 1553/22/1
f 1522/44/1261 1548/45/1261 1554/25/1261
f 1523/46/1262 1549/47/1262 1551/48/1262
f 1551/48/1263 1549/47/1263 1554/49/1263
f 1549/47/1264 1522/44/1264 1554/49/1264
f 1550/38/1291 1551/48/1291 1554/49/1291 1524/50/1291
f 1554/25/1266 1548/45/1266 1553/51/1266
f 1548/45/13 1521/42/13 1553/51/13
f 1553/22/1 1547/43/1 1552/23/1
f 1547/43/1 1520/52/1 1552/23/1
f 1552/41/1267 1550/53/1267 1524/54/1267
f 1552/41/1268 1546/40/1268 1550/53/1268
f 1546/40/1269 1519/36/1269 1550/53/1269
f 1550/38/1270 1545/37/1270 1551/55/1270
f 1545/37/1271 1523/46/1271 1551/55/1271
f 1536/35/1272 1549/47/1272 1523/46/1272
f 1536/35/1273 1543/28/1273 1549/47/1273
f 1543/28/1274 1522/44/1274 1549/47/1274
f 1544/34/1 1548/45/1 1522/44/1
f 1544/34/1 1541/6/1 1548/45/1
f 1541/6/1 1521/42/1 1548/45/1
f 1542/33/1 1547/43/1 1521/42/1
f 1542/33/1 1539/21/1 1547/43/1
f 1539/21/1 1520/52/1 1547/43/1
f 1540/32/1 1546/40/1 1520/39/1
f 1540/32/1 1537/18/1 1546/40/1
f 1537/18/1275 1519/36/1275 1546/40/1275
f 1538/31/1276 1545/37/1276 1519/36/1276
f 1538/31/1277 1535/30/1277 1545/37/1277
f 1535/30/1278 1523/46/1278 1545/37/1278
f 1543/28/1279 1544/34/1279 1522/44/1279
f 1543/28/1280 1534/27/1280 1544/34/1280
f 1534/27/1 1517/7/1 1544/34/1
f 1541/6/1 1542/33/1 1521/42/1
f 1528/56/1294 1535/30/1294 1514/29/1294 1526/57/1294
f 1539/21/1 1540/58/1 1520/52/1
f 1539/21/1 1531/20/1 1540/58/1
f 1531/20/1 1515/59/1 1540/58/1
f 1537/18/1303 1538/31/1303 1519/36/1303
f 1537/18/1283 1527/17/1283 1538/31/1283
f 1527/17/1284 1514/29/1284 1538/31/1284
f 1535/30/1285 1536/35/1285 1523/46/1285
f 1535/30/1286 1528/56/1286 1536/35/1286
f 1533/5/1 1516/19/1 1542/33/1 1541/6/1
f 1529/15/1287 1534/27/1287 1518/26/1287
f 1529/15/1 1532/14/1 1534/27/1
f 1532/14/1 1517/7/1 1534/27/1
f 1532/4/1 1530/12/1 1533/5/1
f 1530/12/1 1516/19/1 1533/5/1
f 1530/10/1 1531/20/1 1516/19/1
f 1530/10/1 1525/9/1 1531/20/1
f 1525/9/1 1515/59/1 1531/20/1
f 1528/56/1288 1526/57/1288 1529/60/1288
f 1526/57/1 1513/61/1 1529/60/1
f 1525/3/1 1527/17/1 1515/16/1
f 1525/3/1 1526/2/1 1527/17/1
f 1526/2/1289 1514/29/1289 1527/17/1289
f 1528/56/1290 1529/60/1290 1518/26/1290 1536/35/1290
f 1555/1/1 1568/2/1 1567/3/1
f 1574/4/1 1575/5/1 1583/6/1 1559/7/1
f 1555/8/1 1567/9/1 1572/10/1
f 1555/11/1 1572/12/1 1574/4/1
f 1555/13/1 1574/14/1 1571/15/1
f 1557/16/1 1569/17/1 1579/18/1
f 1558/19/1 1573/20/1 1581/21/1
f 1595/22/1304 1594/23/1304 1566/24/1304 1596/25/1304
f 1560/26/1305 1576/27/1305 1585/28/1305
f 1556/29/1306 1577/30/1306 1580/31/1306
f 1557/16/1 1579/18/1 1582/32/1
f 1558/19/1 1581/21/1 1584/33/1
f 1559/7/1 1583/6/1 1586/34/1
f 1560/26/1307 1585/28/1307 1578/35/1307
f 1561/36/1308 1587/37/1308 1592/38/1308
f 1562/39/1 1588/40/1 1594/41/1
f 1563/42/1 1589/43/1 1595/22/1
f 1564/44/1309 1590/45/1309 1596/25/1309
f 1565/46/1310 1591/47/1310 1593/48/1310
f 1593/48/1311 1591/47/1311 1596/49/1311
f 1591/47/1312 1564/44/1312 1596/49/1312
f 1592/38/1313 1593/48/1313 1596/49/1313 1566/50/1313
f 1596/25/1314 1590/45/1314 1595/51/1314
f 1590/45/13 1563/42/13 1595/51/13
f 1595/22/1255 1589/43/1255 1594/23/1255
f 1589/43/1 1562/52/1 1594/23/1
f 1594/41/1315 1592/53/1315 1566/54/1315
f 1594/41/1316 1588/40/1316 1592/53/1316
f 1588/40/1317 1561/36/1317 1592/53/1317
f 1592/38/1318 1587/37/1318 1593/55/1318
f 1587/37/1319 1565/46/1319 1593/55/1319
f 1578/35/1320 1591/47/1320 1565/46/1320
f 1578/35/1321 1585/28/1321 1591/47/1321
f 1585/28/1322 1564/44/1322 1591/47/1322
f 1586/34/1 1590/45/1 1564/44/1
f 1586/34/1 1583/6/1 1590/45/1
f 1583/6/1 1563/42/1 1590/45/1
f 1584/33/1 1589/43/1 1563/42/1
f 1584/33/1 1581/21/1 1589/43/1
f 1581/21/1 1562/52/1 1589/43/1
f 1582/32/1 1588/40/1 1562/39/1
f 1582/32/1 1579/18/1 1588/40/1
f 1579/18/1323 1561/36/1323 1588/40/1323
f 1580/31/1324 1587/37/1324 1561/36/1324
f 1580/31/1325 1577/30/1325 1587/37/1325
f 1577/30/1326 1565/46/1326 1587/37/1326
f 1585/28/1327 1586/34/1327 1564/44/1327
f 1585/28/1328 1576/27/1328 1586/34/1328
f 1576/27/1 1559/7/1 1586/34/1
f 1583/6/1 1584/33/1 1563/42/1
f 1570/56/1329 1577/30/1329 1556/29/1329 1568/57/1329
f 1581/21/1 1582/58/1 1562/52/1
f 1581/21/1 1573/20/1 1582/58/1
f 1573/20/1 1557/59/1 1582/58/1
f 1579/18/1330 1580/31/1330 1561/36/1330
f 1579/18/1331 1569/17/1331 1580/31/1331
f 1569/17/1332 1556/29/1332 1580/31/1332
f 1577/30/1333 1578/35/1333 1565/46/1333
f 1577/30/1334 1570/56/1334 1578/35/1334
f 1575/5/1 1558/19/1 1584/33/1 1583/6/1
f 1571/15/1335 1576/27/1335 1560/26/1335
f 1571/15/1 1574/14/1 1576/27/1
f 1574/14/1 1559/7/1 1576/27/1
f 1574/4/1 1572/12/1 1575/5/1
f 1572/12/1 1558/19/1 1575/5/1
f 1572/10/1 1573/20/1 1558/19/1
f 1572/10/1 1567/9/1 1573/20/1
f 1567/9/1 1557/59/1 1573/20/1
f 1570/56/1336 1568/57/1336 1571/60/1336
f 1568/57/1 1555/61/1 1571/60/1
f 1567/3/1 1569/17/1 1557/16/1
f 1567/3/1255 1568/2/1255 1569/17/1255
f 1568/2/1337 1556/29/1337 1569/17/1337
f 1570/56/1338 1571/60/1338 1560/26/1338 1578/35/1338
f 1597/1/1 1610/2/1 1609/3/1
f 1616/4/1 1617/5/1 1625/6/1 1601/7/1
f 1597/8/1 1609/9/1 1614/10/1
f 1597/11/1 1614/12/1 1616/4/1
f 1597/13/1 1616/14/1 1613/15/1
f 1599/16/1 1611/17/1 1621/18/1
f 1600/19/1 1615/20/1 1623/21/1
f 1637/22/1304 1636/23/1304 1608/24/1304 1638/25/1304
f 1602/26/1305 1618/27/1305 1627/28/1305
f 1598/29/1306 1619/30/1306 1622/31/1306
f 1599/16/1 1621/18/1 1624/32/1
f 1600/19/1 1623/21/1 1626/33/1
f 1601/7/1 1625/6/1 1628/34/1
f 1602/26/1307 1627/28/1307 1620/35/1307
f 1603/36/1308 1629/37/1308 1634/38/1308
f 1604/39/1 1630/40/1 1636/41/1
f 1605/42/1 1631/43/1 1637/22/1
f 1606/44/1339 1632/45/1339 1638/25/1339
f 1607/46/1310 1633/47/1310 1635/48/1310
f 1635/48/1311 1633/47/1311 1638/49/1311
f 1633/47/1340 1606/44/1340 1638/49/1340
f 1634/38/1313 1635/48/1313 1638/49/1313 1608/50/1313
f 1638/25/1314 1632/45/1314 1637/51/1314
f 1632/45/1341 1605/42/1341 1637/51/1341
f 1637/22/1 1631/43/1 1636/23/1
f 1631/43/1 1604/52/1 1636/23/1
f 1636/41/1315 1634/53/1315 1608/54/1315
f 1636/41/1316 1630/40/1316 1634/53/1316
f 1630/40/1317 1603/36/1317 1634/53/1317
f 1634/38/1342 1629/37/1342 1635/55/1342
f 1629/37/1319 1607/46/1319 1635/55/1319
f 1620/35/1320 1633/47/1320 1607/46/1320
f 1620/35/1321 1627/28/1321 1633/47/1321
f 1627/28/1322 1606/44/1322 1633/47/1322
f 1628/34/1 1632/45/1 1606/44/1
f 1628/34/1 1625/6/1 1632/45/1
f 1625/6/1 1605/42/1 1632/45/1
f 1626/33/1 1631/43/1 1605/42/1
f 1626/33/1 1623/21/1 1631/43/1
f 1623/21/1 1604/52/1 1631/43/1
f 1624/32/1 1630/40/1 1604/39/1
f 1624/32/1 1621/18/1 1630/40/1
f 1621/18/1323 1603/36/1323 1630/40/1323
f 1622/31/1343 1629/37/1343 1603/36/1343
f 1622/31/1325 1619/30/1325 1629/37/1325
f 1619/30/1326 1607/46/1326 1629/37/1326
f 1627/28/1327 1628/34/1327 1606/44/1327
f 1627/28/1328 1618/27/1328 1628/34/1328
f 1618/27/1 1601/7/1 1628/34/1
f 1625/6/1 1626/33/1 1605/42/1
f 1612/56/1329 1619/30/1329 1598/29/1329 1610/57/1329
f 1623/21/1 1624/58/1 1604/52/1
f 1623/21/1 1615/20/1 1624/58/1
f 1615/20/1 1599/59/1 1624/58/1
f 1621/18/1344 1622/31/1344 1603/36/1344
f 1621/18/1331 1611/17/1331 1622/31/1331
f 1611/17/1332 1598/29/1332 1622/31/1332
f 1619/30/1333 1620/35/1333 1607/46/1333
f 1619/30/1334 1612/56/1334 1620/35/1334
f 1617/5/1 1600/19/1 1626/33/1 1625/6/1
f 1613/15/1335 1618/27/1335 1602/26/1335
f 1613/15/1 1616/14/1 1618/27/1
f 1616/14/1 1601/7/1 1618/27/1
f 1616/4/1 1614/12/1 1617/5/1
f 1614/12/1 1600/19/1 1617/5/1
f 1614/10/1 1615/20/1 1600/19/1
f 1614/10/1 1609/9/1 1615/20/1
f 1609/9/1 1599/59/1 1615/20/1
f 1612/56/1336 1610/57/1336 1613/60/1336
f 1610/57/1 1597/61/1 1613/60/1
f 1609/3/1 1611/17/1 1599/16/1
f 1609/3/1 1610/2/1 1611/17/1
f 1610/2/1337 1598/29/1337 1611/17/1337
f 1612/56/1338 1613/60/1338 1602/26/1338 1620/35/1338
f 1639/1/1 1652/2/1 1651/3/1
f 1658/4/1 1659/5/1 1667/6/1 1643/7/1
f 1639/8/1 1651/9/1 1656/10/1
f 1639/11/1 1656/12/1 1658/4/1
f 1639/13/1 1658/14/1 1655/15/1
f 1641/16/1 1653/17/1 1663/18/1
f 1642/19/1 1657/20/1 1665/21/1
f 1679/22/1304 1678/23/1304 1650/24/1304 1680/25/1304
f 1644/26/1345 1660/27/1345 1669/28/1345
f 1640/29/1306 1661/30/1306 1664/31/1306
f 1641/16/1 1663/18/1 1666/32/1
f 1642/19/1 1665/21/1 1668/33/1
f 1643/7/1 1667/6/1 1670/34/1
f 1644/26/1307 1669/28/1307 1662/35/1307
f 1645/36/1308 1671/37/1308 1676/38/1308
f 1646/39/1 1672/40/1 1678/41/1
f 1647/42/1 1673/43/1 1679/22/1
f 1648/44/1309 1674/45/1309 1680/25/1309
f 1649/46/1310 1675/47/1310 1677/48/1310
f 1677/48/1311 1675/47/1311 1680/49/1311
f 1675/47/1312 1648/44/1312 1680/49/1312
f 1676/38/1346 1677/48/1346 1680/49/1346 1650/50/1346
f 1680/25/1314 1674/45/1314 1679/51/1314
f 1674/45/1341 1647/42/1341 1679/51/1341
f 1679/22/1 1673/43/1 1678/23/1
f 1673/43/1 1646/52/1 1678/23/1
f 1678/41/1347 1676/53/1347 1650/54/1347
f 1678/41/1316 1672/40/1316 1676/53/1316
f 1672/40/1317 1645/36/1317 1676/53/1317
f 1676/38/1348 1671/37/1348 1677/55/1348
f 1671/37/1319 1649/46/1319 1677/55/1319
f 1662/35/1320 1675/47/1320 1649/46/1320
f 1662/35/1321 1669/28/1321 1675/47/1321
f 1669/28/1322 1648/44/1322 1675/47/1322
f 1670/34/1 1674/45/1 1648/44/1
f 1670/34/1 1667/6/1 1674/45/1
f 1667/6/1 1647/42/1 1674/45/1
f 1668/33/1 1673/43/1 1647/42/1
f 1668/33/1 1665/21/1 1673/43/1
f 1665/21/1 1646/52/1 1673/43/1
f 1666/32/1 1672/40/1 1646/39/1
f 1666/32/1 1663/18/1 1672/40/1
f 1663/18/1323 1645/36/1323 1672/40/1323
f 1664/31/1324 1671/37/1324 1645/36/1324
f 1664/31/1325 1661/30/1325 1671/37/1325
f 1661/30/1326 1649/46/1326 1671/37/1326
f 1669/28/1327 1670/34/1327 1648/44/1327
f 1669/28/1328 1660/27/1328 1670/34/1328
f 1660/27/1 1643/7/1 1670/34/1
f 1667/6/1 1668/33/1 1647/42/1
f 1654/56/1329 1661/30/1329 1640/29/1329 1652/57/1329
f 1665/21/1 1666/58/1 1646/52/1
f 1665/21/1 1657/20/1 1666/58/1
f 1657/20/1 1641/59/1 1666/58/1
f 1663/18/1330 1664/31/1330 1645/36/1330
f 1663/18/1331 1653/17/1331 1664/31/1331
f 1653/17/1332 1640/29/1332 1664/31/1332
f 1661/30/1333 1662/35/1333 1649/46/1333
f 1661/30/1334 1654/56/1334 1662/35/1334
f 1659/5/1 1642/19/1 1668/33/1 1667/6/1
f 1655/15/1335 1660/27/1335 1644/26/1335
f 1655/15/1 1658/14/1 1660/27/1
f 1658/14/1 1643/7/1 1660/27/1
f 1658/4/1 1656/12/1 1659/5/1
f 1656/12/1 1642/19/1 1659/5/1
f 1656/10/1 1657/20/1 1642/19/1
f 1656/10/1 1651/9/1 1657/20/1
f 1651/9/1 1641/59/1 1657/20/1
f 1654/56/1336 1652/57/1336 1655/60/1336
f 1652/57/1 1639/61/1 1655/60/1
f 1651/3/1 1653/17/1 1641/16/1
f 1651/3/1 1652/2/1 1653/17/1
f 1652/2/1337 1640/29/1337 1653/17/1337
f 1654/56/1338 1655/60/1338 1644/26/1338 1662/35/1338
f 1681/1/1 1694/2/1 1693/3/1
f 1700/4/1 1701/5/1 1709/6/1 1685/7/1
f 1681/8/1 1693/9/1 1698/10/1
f 1681/11/1 1698/12/1 1700/4/1
f 1681/13/1 1700/14/1 1697/15/1
f 1683/16/1 1695/17/1 1705/18/1
f 1684/19/1 1699/20/1 1707/21/1
f 1721/22/1304 1720/23/1304 1692/24/1304 1722/25/1304
f 1686/26/1305 1702/27/1305 1711/28/1305
f 1682/29/1306 1703/30/1306 1706/31/1306
f 1683/16/1 1705/18/1 1708/32/1
f 1684/19/1 1707/21/1 1710/33/1
f 1685/7/1 1709/6/1 1712/34/1
f 1686/26/1307 1711/28/1307 1704/35/1307
f 1687/36/1308 1713/37/1308 1718/38/1308
f 1688/39/1 1714/40/1 1720/41/1
f 1689/42/1 1715/43/1 1721/22/1
f 1690/44/1309 1716/45/1309 1722/25/1309
f 1691/46/1310 1717/47/1310 1719/48/1310
f 1719/48/1311 1717/47/1311 1722/49/1311
f 1717/47/1312 1690/44/1312 1722/49/1312
f 1718/38/1313 1719/48/1313 1722/49/1313 1692/50/1313
f 1722/25/1314 1716/45/1314 1721/51/1314
f 1716/45/13 1689/42/13 1721/51/13
f 1721/22/1 1715/43/1 1720/23/1
f 1715/43/1 1688/52/1 1720/23/1
f 1720/41/1315 1718/53/1315 1692/54/1315
f 1720/41/1316 1714/40/1316 1718/53/1316
f 1714/40/1317 1687/36/1317 1718/53/1317
f 1718/38/1318 1713/37/1318 1719/55/1318
f 1713/37/1319 1691/46/1319 1719/55/1319
f 1704/35/1320 1717/47/1320 1691/46/1320
f 1704/35/1321 1711/28/1321 1717/47/1321
f 1711/28/1322 1690/44/1322 1717/47/1322
f 1712/34/1 1716/45/1 1690/44/1
f 1712/34/1 1709/6/1 1716/45/1
f 1709/6/1 1689/42/1 1716/45/1
f 1710/33/1 1715/43/1 1689/42/1
f 1710/33/1 1707/21/1 1715/43/1
f 1707/21/1 1688/52/1 1715/43/1
f 1708/32/1 1714/40/1 1688/39/1
f 1708/32/1 1705/18/1 1714/40/1
f 1705/18/1323 1687/36/1323 1714/40/1323
f 1706/31/1324 1713/37/1324 1687/36/1324
f 1706/31/1325 1703/30/1325 1713/37/1325
f 1703/30/1326 1691/46/1326 1713/37/1326
f 1711/28/1327 1712/34/1327 1690/44/1327
f 1711/28/1328 1702/27/1328 1712/34/1328
f 1702/27/1 1685/7/1 1712/34/1
f 1709/6/1 1710/33/1 1689/42/1
f 1696/56/1329 1703/30/1329 1682/29/1329 1694/57/1329
f 1707/21/1 1708/58/1 1688/52/1
f 1707/21/1 1699/20/1 1708/58/1
f 1699/20/1 1683/59/1 1708/58/1
f 1705/18/1330 1706/31/1330 1687/36/1330
f 1705/18/1331 1695/17/1331 1706/31/1331
f 1695/17/1332 1682/29/1332 1706/31/1332
f 1703/30/1333 1704/35/1333 1691/46/1333
f 1703/30/1334 1696/56/1334 1704/35/1334
f 1701/5/1 1684/19/1 1710/33/1 1709/6/1
f 1697/15/1335 1702/27/1335 1686/26/1335
f 1697/15/1 1700/14/1 1702/27/1
f 1700/14/1 1685/7/1 1702/27/1
f 1700/4/1 1698/12/1 1701/5/1
f 1698/12/1 1684/19/1 1701/5/1
f 1698/10/1 1699/20/1 1684/19/1
f 1698/10/1 1693/9/1 1699/20/1
f 1693/9/1 1683/59/1 1699/20/1
f 1696/56/1336 1694/57/1336 1697/60/1336
f 1694/57/1 1681/61/1 1697/60/1
f 1693/3/1 1695/17/1 1683/16/1
f 1693/3/1 1694/2/1 1695/17/1
f 1694/2/1337 1682/29/1337 1695/17/1337
f 1696/56/1338 1697/60/1338 1686/26/1338 1704/35/1338
f 1723/1/1 1736/2/1 1735/3/1
f 1742/4/1 1743/5/1 1751/6/1 1727/7/1
f 1723/8/1 1735/9/1 1740/10/1
f 1723/11/1 1740/12/1 1742/4/1
f 1723/13/1 1742/14/1 1739/15/1
f 1725/16/1 1737/17/1 1747/18/1
f 1726/19/1 1741/20/1 1749/21/1
f 1763/22/1304 1762/23/1304 1734/24/1304 1764/25/1304
f 1728/26/1305 1744/27/1305 1753/28/1305
f 1724/29/1306 1745/30/1306 1748/31/1306
f 1725/16/1 1747/18/1 1750/32/1
f 1726/19/1 1749/21/1 1752/33/1
f 1727/7/1 1751/6/1 1754/34/1
f 1728/26/1307 1753/28/1307 1746/35/1307
f 1729/36/1308 1755/37/1308 1760/38/1308
f 1730/39/1 1756/40/1 1762/41/1
f 1731/42/1 1757/43/1 1763/22/1
f 1732/44/1309 1758/45/1309 1764/25/1309
f 1733/46/1310 1759/47/1310 1761/48/1310
f 1761/48/1311 1759/47/1311 1764/49/1311
f 1759/47/1312 1732/44/1312 1764/49/1312
f 1760/38/1349 1761/48/1349 1764/49/1349 1734/50/1349
f 1764/25/1314 1758/45/1314 1763/51/1314
f 1758/45/13 1731/42/13 1763/51/13
f 1763/22/1 1757/43/1 1762/23/1
f 1757/43/1 1730/52/1 1762/23/1
f 1762/41/1347 1760/53/1347 1734/54/1347
f 1762/41/1316 1756/40/1316 1760/53/1316
f 1756/40/1317 1729/36/1317 1760/53/1317
f 1760/38/1318 1755/37/1318 1761/55/1318
f 1755/37/1319 1733/46/1319 1761/55/1319
f 1746/35/1320 1759/47/1320 1733/46/1320
f 1746/35/1321 1753/28/1321 1759/47/1321
f 1753/28/1350 1732/44/1350 1759/47/1350
f 1754/34/1 1758/45/1 1732/44/1
f 1754/34/1 1751/6/1 1758/45/1
f 1751/6/1 1731/42/1 1758/45/1
f 1752/33/1 1757/43/1 1731/42/1
f 1752/33/1 1749/21/1 1757/43/1
f 1749/21/1 1730/52/1 1757/43/1
f 1750/32/1 1756/40/1 1730/39/1
f 1750/32/1 1747/18/1 1756/40/1
f 1747/18/1323 1729/36/1323 1756/40/1323
f 1748/31/1324 1755/37/1324 1729/36/1324
f 1748/31/1325 1745/30/1325 1755/37/1325
f 1745/30/1326 1733/46/1326 1755/37/1326
f 1753/28/1327 1754/34/1327 1732/44/1327
f 1753/28/1328 1744/27/1328 1754/34/1328
f 1744/27/1 1727/7/1 1754/34/1
f 1751/6/1 1752/33/1 1731/42/1
f 1738/56/1329 1745/30/1329 1724/29/1329 1736/57/1329
f 1749/21/1 1750/58/1 1730/52/1
f 1749/21/1 1741/20/1 1750/58/1
f 1741/20/1 1725/59/1 1750/58/1
f 1747/18/1351 1748/31/1351 1729/36/1351
f 1747/18/1331 1737/17/1331 1748/31/1331
f 1737/17/1332 1724/29/1332 1748/31/1332
f 1745/30/1333 1746/35/1333 1733/46/1333
f 1745/30/1334 1738/56/1334 1746/35/1334
f 1743/5/1 1726/19/1 1752/33/1 1751/6/1
f 1739/15/1335 1744/27/1335 1728/26/1335
f 1739/15/1 1742/14/1 1744/27/1
f 1742/14/1 1727/7/1 1744/27/1
f 1742/4/1 1740/12/1 1743/5/1
f 1740/12/1 1726/19/1 1743/5/1
f 1740/10/1 1741/20/1 1726/19/1
f 1740/10/1 1735/9/1 1741/20/1
f 1735/9/1 1725/59/1 1741/20/1
f 1738/56/1336 1736/57/1336 1739/60/1336
f 1736/57/1 1723/61/1 1739/60/1
f 1735/3/1 1737/17/1 1725/16/1
f 1735/3/1 1736/2/1 1737/17/1
f 1736/2/1337 1724/29/1337 1737/17/1337
f 1738/56/1338 1739/60/1338 1728/26/1338 1746/35/1338
f 1765/1/1 1778/2/1 1777/3/1
f 1784/4/1 1785/5/1 1793/6/1 1769/7/1
f 1765/8/1 1777/9/1 1782/10/1
f 1765/11/1 1782/12/1 1784/4/1
f 1765/13/1 1784/14/1 1781/15/1
f 1767/16/1 1779/17/1 1789/18/1
f 1768/19/1 1783/20/1 1791/21/1
f 1805/22/1304 1804/23/1304 1776/24/1304 1806/25/1304
f 1770/26/1345 1786/27/1345 1795/28/1345
f 1766/29/1306 1787/30/1306 1790/31/1306
f 1767/16/1 1789/18/1 1792/32/1
f 1768/19/1 1791/21/1 1794/33/1
f 1769/7/1 1793/6/1 1796/34/1
f 1770/26/1352 1795/28/1352 1788/35/1352
f 1771/36/1308 1797/37/1308 1802/38/1308
f 1772/39/1 1798/40/1 1804/41/1
f 1773/42/1 1799/43/1 1805/22/1
f 1774/44/1309 1800/45/1309 1806/25/1309
f 1775/46/1310 1801/47/1310 1803/48/1310
f 1803/48/1311 1801/47/1311 1806/49/1311
f 1801/47/1312 1774/44/1312 1806/49/1312
f 1802/38/1313 1803/48/1313 1806/49/1313 1776/50/1313
f 1806/25/1314 1800/45/1314 1805/51/1314
f 1800/45/13 1773/42/13 1805/51/13
f 1805/22/1 1799/43/1 1804/23/1
f 1799/43/1 1772/52/1 1804/23/1
f 1804/41/1315 1802/53/1315 1776/54/1315
f 1804/41/1353 1798/40/1353 1802/53/1353
f 1798/40/1317 1771/36/1317 1802/53/1317
f 1802/38/1318 1797/37/1318 1803/55/1318
f 1797/37/1319 1775/46/1319 1803/55/1319
f 1788/35/1320 1801/47/1320 1775/46/1320
f 1788/35/1321 1795/28/1321 1801/47/1321
f 1795/28/1322 1774/44/1322 1801/47/1322
f 1796/34/1 1800/45/1 1774/44/1
f 1796/34/1 1793/6/1 1800/45/1
f 1793/6/1 1773/42/1 1800/45/1
f 1794/33/1 1799/43/1 1773/42/1
f 1794/33/1 1791/21/1 1799/43/1
f 1791/21/1 1772/52/1 1799/43/1
f 1792/32/1 1798/40/1 1772/39/1
f 1792/32/1 1789/18/1 1798/40/1
f 1789/18/1323 1771/36/1323 1798/40/1323
f 1790/31/1354 1797/37/1354 1771/36/1354
f 1790/31/1325 1787/30/1325 1797/37/1325
f 1787/30/1326 1775/46/1326 1797/37/1326
f 1795/28/1327 1796/34/1327 1774/44/1327
f 1795/28/1355 1786/27/1355 1796/34/1355
f 1786/27/1 1769/7/1 1796/34/1
f 1793/6/1 1794/33/1 1773/42/1
f 1780/56/1329 1787/30/1329 1766/29/1329 1778/57/1329
f 1791/21/1 1792/58/1 1772/52/1
f 1791/21/1 1783/20/1 1792/58/1
f 1783/20/1 1767/59/1 1792/58/1
f 1789/18/1356 1790/31/1356 1771/36/1356
f 1789/18/1331 1779/17/1331 1790/31/1331
f 1779/17/1332 1766/29/1332 1790/31/1332
f 1787/30/1333 1788/35/1333 1775/46/1333
f 1787/30/1334 1780/56/1334 1788/35/1334
f 1785/5/1 1768/19/1 1794/33/1 1793/6/1
f 1781/15/1335 1786/27/1335 1770/26/1335
f 1781/15/1 1784/14/1 1786/27/1
f 1784/14/1 1769/7/1 1786/27/1
f 1784/4/1 1782/12/1 1785/5/1
f 1782/12/1 1768/19/1 1785/5/1
f 1782/10/1 1783/20/1 1768/19/1
f 1782/10/1 1777/9/1 1783/20/1
f 1777/9/1 1767/59/1 1783/20/1
f 1780/56/1336 1778/57/1336 1781/60/1336
f 1778/57/1 1765/61/1 1781/60/1
f 1777/3/1 1779/17/1 1767/16/1
f 1777/3/1 1778/2/1 1779/17/1
f 1778/2/1337 1766/29/1337 1779/17/1337
f 1780/56/1338 1781/60/1338 1770/26/1338 1788/35/1338
f 1807/1/1 1820/2/1 1819/3/1
f 1826/4/1 1827/5/1 1835/6/1 1811/7/1
f 1807/8/1 1819/9/1 1824/10/1
f 1807/11/1 1824/12/1 1826/4/1
f 1807/13/1 1826/14/1 1823/15/1
f 1809/16/1 1821/17/1 1831/18/1
f 1810/19/1 1825/20/1 1833/21/1
f 1847/22/1304 1846/23/1304 1818/24/1304 1848/25/1304
f 1812/26/1345 1828/27/1345 1837/28/1345
f 1808/29/1306 1829/30/1306 1832/31/1306
f 1809/16/1 1831/18/1 1834/32/1
f 1810/19/1 1833/21/1 1836/33/1
f 1811/7/1 1835/6/1 1838/34/1
f 1812/26/1352 1837/28/1352 1830/35/1352
f 1813/36/1308 1839/37/1308 1844/38/1308
f 1814/39/1 1840/40/1 1846/41/1
f 1815/42/1 1841/43/1 1847/22/1
f 1816/44/1357 1842/45/1357 1848/25/1357
f 1817/46/1310 1843/47/1310 1845/48/1310
f 1845/48/1358 1843/47/1358 1848/49/1358
f 1843/47/1312 1816/44/1312 1848/49/1312
f 1844/38/1313 1845/48/1313 1848/49/1313 1818/50/1313
f 1848/25/1314 1842/45/1314 1847/51/1314
f 1842/45/1341 1815/42/1341 1847/51/1341
f 1847/22/1 1841/43/1 1846/23/1
f 1841/43/1 1814/52/1 1846/23/1
f 1846/41/1315 1844/53/1315 1818/54/1315
f 1846/41/1353 1840/40/1353 1844/53/1353
f 1840/40/1317 1813/36/1317 1844/53/1317
f 1844/38/1348 1839/37/1348 1845/55/1348
f 1839/37/1319 1817/46/1319 1845/55/1319
f 1830/35/1320 1843/47/1320 1817/46/1320
f 1830/35/1321 1837/28/1321 1843/47/1321
f 1837/28/1350 1816/44/1350 1843/47/1350
f 1838/34/1 1842/45/1 1816/44/1
f 1838/34/1 1835/6/1 1842/45/1
f 1835/6/1 1815/42/1 1842/45/1
f 1836/33/1 1841/43/1 1815/42/1
f 1836/33/1 1833/21/1 1841/43/1
f 1833/21/1 1814/52/1 1841/43/1
f 1834/32/1 1840/40/1 1814/39/1
f 1834/32/1 1831/18/1 1840/40/1
f 1831/18/1323 1813/36/1323 1840/40/1323
f 1832/31/1343 1839/37/1343 1813/36/1343
f 1832/31/1325 1829/30/1325 1839/37/1325
f 1829/30/1326 1817/46/1326 1839/37/1326
f 1837/28/1327 1838/34/1327 1816/44/1327
f 1837/28/1328 1828/27/1328 1838/34/1328
f 1828/27/1 1811/7/1 1838/34/1
f 1835/6/1 1836/33/1 1815/42/1
f 1822/56/1329 1829/30/1329 1808/29/1329 1820/57/1329
f 1833/21/1 1834/58/1 1814/52/1
f 1833/21/1 1825/20/1 1834/58/1
f 1825/20/1 1809/59/1 1834/58/1
f 1831/18/1359 1832/31/1359 1813/36/1359
f 1831/18/1331 1821/17/1331 1832/31/1331
f 1821/17/1332 1808/29/1332 1832/31/1332
f 1829/30/1333 1830/35/1333 1817/46/1333
f 1829/30/1334 1822/56/1334 1830/35/1334
f 1827/5/1 1810/19/1 1836/33/1 1835/6/1
f 1823/15/1335 1828/27/1335 1812/26/1335
f 1823/15/1 1826/14/1 1828/27/1
f 1826/14/1 1811/7/1 1828/27/1
f 1826/4/1 1824/12/1 1827/5/1
f 1824/12/1 1810/19/1 1827/5/1
f 1824/10/1 1825/20/1 1810/19/1
f 1824/10/1 1819/9/1 1825/20/1
f 1819/9/1 1809/59/1 1825/20/1
f 1822/56/1336 1820/57/1336 1823/60/1336
f 1820/57/1 1807/61/1 1823/60/1
f 1819/3/1 1821/17/1 1809/16/1
f 1819/3/1 1820/2/1 1821/17/1
f 1820/2/1337 1808/29/1337 1821/17/1337
f 1822/56/1338 1823/60/1338 1812/26/1338 1830/35/1338
f 1849/1/1 1862/2/1 1861/3/1
f 1868/4/1 1869/5/1 1877/6/1 1853/7/1
f 1849/8/1 1861/9/1 1866/10/1
f 1849/11/1 1866/12/1 1868/4/1
f 1849/13/1 1868/14/1 1865/15/1
f 1851/16/1 1863/17/1 1873/18/1
f 1852/19/1 1867/20/1 1875/21/1
f 1889/22/1304 1888/23/1304 1860/24/1304 1890/25/1304
f 1854/26/1305 1870/27/1305 1879/28/1305
f 1850/29/1306 1871/30/1306 1874/31/1306
f 1851/16/1 1873/18/1 1876/32/1
f 1852/19/1 1875/21/1 1878/33/1
f 1853/7/1 1877/6/1 1880/34/1
f 1854/26/1307 1879/28/1307 1872/35/1307
f 1855/36/1308 1881/37/1308 1886/38/1308
f 1856/39/1 1882/40/1 1888/41/1
f 1857/42/1 1883/43/1 1889/22/1
f 1858/44/1309 1884/45/1309 1890/25/1309
f 1859/46/1310 1885/47/1310 1887/48/1310
f 1887/48/1358 1885/47/1358 1890/49/1358
f 1885/47/1312 1858/44/1312 1890/49/1312
f 1886/38/1313 1887/48/1313 1890/49/1313 1860/50/1313
f 1890/25/1314 1884/45/1314 1889/51/1314
f 1884/45/13 1857/42/13 1889/51/13
f 1889/22/1 1883/43/1 1888/23/1
f 1883/43/1 1856/52/1 1888/23/1
f 1888/41/1315 1886/53/1315 1860/54/1315
f 1888/41/1316 1882/40/1316 1886/53/1316
f 1882/40/1317 1855/36/1317 1886/53/1317
f 1886/38/1342 1881/37/1342 1887/55/1342
f 1881/37/1319 1859/46/1319 1887/55/1319
f 1872/35/1320 1885/47/1320 1859/46/1320
f 1872/35/1321 1879/28/1321 1885/47/1321
f 1879/28/1322 1858/44/1322 1885/47/1322
f 1880/34/1 1884/45/1 1858/44/1
f 1880/34/1 1877/6/1 1884/45/1
f 1877/6/1 1857/42/1 1884/45/1
f 1878/33/1 1883/43/1 1857/42/1
f 1878/33/1 1875/21/1 1883/43/1
f 1875/21/1 1856/52/1 1883/43/1
f 1876/32/1 1882/40/1 1856/39/1
f 1876/32/1 1873/18/1 1882/40/1
f 1873/18/1323 1855/36/1323 1882/40/1323
f 1874/31/1343 1881/37/1343 1855/36/1343
f 1874/31/1325 1871/30/1325 1881/37/1325
f 1871/30/1326 1859/46/1326 1881/37/1326
f 1879/28/1327 1880/34/1327 1858/44/1327
f 1879/28/1328 1870/27/1328 1880/34/1328
f 1870/27/1 1853/7/1 1880/34/1
f 1877/6/1 1878/33/1 1857/42/1
f 1864/56/1329 1871/30/1329 1850/29/1329 1862/57/1329
f 1875/21/1 1876/58/1 1856/52/1
f 1875/21/1 1867/20/1 1876/58/1
f 1867/20/1 1851/59/1 1876/58/1
f 1873/18/1360 1874/31/1360 1855/36/1360
f 1873/18/1331 1863/17/1331 1874/31/1331
f 1863/17/1332 1850/29/1332 1874/31/1332
f 1871/30/1333 1872/35/1333 1859/46/1333
f 1871/30/1334 1864/56/1334 1872/35/1334
f 1869/5/1 1852/19/1 1878/33/1 1877/6/1
f 1865/15/1335 1870/27/1335 1854/26/1335
f 1865/15/1 1868/14/1 1870/27/1
f 1868/14/1 1853/7/1 1870/27/1
f 1868/4/1 1866/12/1 1869/5/1
f 1866/12/1 1852/19/1 1869/5/1
f 1866/10/1 1867/20/1 1852/19/1
f 1866/10/1 1861/9/1 1867/20/1
f 1861/9/1 1851/59/1 1867/20/1
f 1864/56/1336 1862/57/1336 1865/60/1336
f 1862/57/1 1849/61/1 1865/60/1
f 1861/3/1 1863/17/1 1851/16/1
f 1861/3/1 1862/2/1 1863/17/1
f 1862/2/1337 1850/29/1337 1863/17/1337
f 1864/56/1338 1865/60/1338 1854/26/1338 1872/35/1338
f 1891/1/1 1904/2/1 1903/3/1
f 1910/4/1 1911/5/1 1919/6/1 1895/7/1
f 1891/8/1 1903/9/1 1908/10/1
f 1891/11/1 1908/12/1 1910/4/1
f 1891/13/1 1910/14/1 1907/15/1
f 1893/16/1 1905/17/1 1915/18/1
f 1894/19/1 1909/20/1 1917/21/1
f 1931/22/1304 1930/23/1304 1902/24/1304 1932/25/1304
f 1896/26/1305 1912/27/1305 1921/28/1305
f 1892/29/1306 1913/30/1306 1916/31/1306
f 1893/16/1 1915/18/1 1918/32/1
f 1894/19/1 1917/21/1 1920/33/1
f 1895/7/1 1919/6/1 1922/34/1
f 1896/26/1307 1921/28/1307 1914/35/1307
f 1897/36/1308 1923/37/1308 1928/38/1308
f 1898/39/1 1924/40/1 1930/41/1
f 1899/42/1 1925/43/1 1931/22/1
f 1900/44/1309 1926/45/1309 1932/25/1309
f 1901/46/1310 1927/47/1310 1929/48/1310
f 1929/48/1358 1927/47/1358 1932/49/1358
f 1927/47/1312 1900/44/1312 1932/49/1312
f 1928/38/1349 1929/48/1349 1932/49/1349 1902/50/1349
f 1932/25/1314 1926/45/1314 1931/51/1314
f 1926/45/1361 1899/42/1361 1931/51/1361
f 1931/22/1255 1925/43/1255 1930/23/1255
f 1925/43/1 1898/52/1 1930/23/1
f 1930/41/1347 1928/53/1347 1902/54/1347
f 1930/41/1316 1924/40/1316 1928/53/1316
f 1924/40/1317 1897/36/1317 1928/53/1317
f 1928/38/1348 1923/37/1348 1929/55/1348
f 1923/37/1319 1901/46/1319 1929/55/1319
f 1914/35/1320 1927/47/1320 1901/46/1320
f 1914/35/1321 1921/28/1321 1927/47/1321
f 1921/28/1322 1900/44/1322 1927/47/1322
f 1922/34/1 1926/45/1 1900/44/1
f 1922/34/1 1919/6/1 1926/45/1
f 1919/6/1 1899/42/1 1926/45/1
f 1920/33/1 1925/43/1 1899/42/1
f 1920/33/1 1917/21/1 1925/43/1
f 1917/21/1 1898/52/1 1925/43/1
f 1918/32/1 1924/40/1 1898/39/1
f 1918/32/1 1915/18/1 1924/40/1
f 1915/18/1323 1897/36/1323 1924/40/1323
f 1916/31/1324 1923/37/1324 1897/36/1324
f 1916/31/1325 1913/30/1325 1923/37/1325
f 1913/30/1326 1901/46/1326 1923/37/1326
f 1921/28/1327 1922/34/1327 1900/44/1327
f 1921/28/1328 1912/27/1328 1922/34/1328
f 1912/27/1 1895/7/1 1922/34/1
f 1919/6/1 1920/33/1 1899/42/1
f 1906/56/1362 1913/30/1362 1892/29/1362 1904/57/1362
f 1917/21/1 1918/58/1 1898/52/1
f 1917/21/1 1909/20/1 1918/58/1
f 1909/20/1 1893/59/1 1918/58/1
f 1915/18/1330 1916/31/1330 1897/36/1330
f 1915/18/1331 1905/17/1331 1916/31/1331
f 1905/17/1332 1892/29/1332 1916/31/1332
f 1913/30/1333 1914/35/1333 1901/46/1333
f 1913/30/1334 1906/56/1334 1914/35/1334
f 1911/5/1 1894/19/1 1920/33/1 1919/6/1
f 1907/15/1335 1912/27/1335 1896/26/1335
f 1907/15/1 1910/14/1 1912/27/1
f 1910/14/1 1895/7/1 1912/27/1
f 1910/4/1 1908/12/1 1911/5/1
f 1908/12/1 1894/19/1 1911/5/1
f 1908/10/1 1909/20/1 1894/19/1
f 1908/10/1 1903/9/1 1909/20/1
f 1903/9/1 1893/59/1 1909/20/1
f 1906/56/1336 1904/57/1336 1907/60/1336
f 1904/57/1 1891/61/1 1907/60/1
f 1903/3/1 1905/17/1 1893/16/1
f 1903/3/1 1904/2/1 1905/17/1
f 1904/2/1337 1892/29/1337 1905/17/1337
f 1906/56/1338 1907/60/1338 1896/26/1338 1914/35/1338
f 1933/1/1 1946/2/1 1945/3/1
f 1952/4/1 1953/5/1 1961/6/1 1937/7/1
f 1933/8/1 1945/9/1 1950/10/1
f 1933/11/1 1950/12/1 1952/4/1
f 1933/13/1 1952/14/1 1949/15/1
f 1935/16/1 1947/17/1 1957/18/1
f 1936/19/1 1951/20/1 1959/21/1
f 1973/22/1304 1972/23/1304 1944/24/1304 1974/25/1304
f 1938/26/1345 1954/27/1345 1963/28/1345
f 1934/29/1306 1955/30/1306 1958/31/1306
f 1935/16/1 1957/18/1 1960/32/1
f 1936/19/1 1959/21/1 1962/33/1
f 1937/7/1 1961/6/1 1964/34/1
f 1938/26/1307 1963/28/1307 1956/35/1307
f 1939/36/1308 1965/37/1308 1970/38/1308
f 1940/39/1 1966/40/1 1972/41/1
f 1941/42/1 1967/43/1 1973/22/1
f 1942/44/1309 1968/45/1309 1974/25/1309
f 1943/46/1310 1969/47/1310 1971/48/1310
f 1971/48/1311 1969/47/1311 1974/49/1311
f 1969/47/1312 1942/44/1312 1974/49/1312
f 1970/38/1313 1971/48/1313 1974/49/1313 1944/50/1313
f 1974/25/1314 1968/45/1314 1973/51/1314
f 1968/45/13 1941/42/13 1973/51/13
f 1973/22/1 1967/43/1 1972/23/1
f 1967/43/1 1940/52/1 1972/23/1
f 1972/41/1315 1970/53/1315 1944/54/1315
f 1972/41/1316 1966/40/1316 1970/53/1316
f 1966/40/1317 1939/36/1317 1970/53/1317
f 1970/38/1318 1965/37/1318 1971/55/1318
f 1965/37/1319 1943/46/1319 1971/55/1319
f 1956/35/1320 1969/47/1320 1943/46/1320
f 1956/35/1321 1963/28/1321 1969/47/1321
f 1963/28/1322 1942/44/1322 1969/47/1322
f 1964/34/1 1968/45/1 1942/44/1
f 1964/34/1 1961/6/1 1968/45/1
f 1961/6/1 1941/42/1 1968/45/1
f 1962/33/1 1967/43/1 1941/42/1
f 1962/33/1 1959/21/1 1967/43/1
f 1959/21/1 1940/52/1 1967/43/1
f 1960/32/1 1966/40/1 1940/39/1
f 1960/32/1 1957/18/1 1966/40/1
f 1957/18/1323 1939/36/1323 1966/40/1323
f 1958/31/1343 1965/37/1343 1939/36/1343
f 1958/31/1325 1955/30/1325 1965/37/1325
f 1955/30/1326 1943/46/1326 1965/37/1326
f 1963/28/1327 1964/34/1327 1942/44/1327
f 1963/28/1328 1954/27/1328 1964/34/1328
f 1954/27/1 1937/7/1 1964/34/1
f 1961/6/1 1962/33/1 1941/42/1
f 1948/56/1329 1955/30/1329 1934/29/1329 1946/57/1329
f 1959/21/1 1960/58/1 1940/52/1
f 1959/21/1 1951/20/1 1960/58/1
f 1951/20/1 1935/59/1 1960/58/1
f 1957/18/1363 1958/31/1363 1939/36/1363
f 1957/18/1331 1947/17/1331 1958/31/1331
f 1947/17/1332 1934/29/1332 1958/31/1332
f 1955/30/1333 1956/35/1333 1943/46/1333
f 1955/30/1334 1948/56/1334 1956/35/1334
f 1953/5/1 1936/19/1 1962/33/1 1961/6/1
f 1949/15/1335 1954/27/1335 1938/26/1335
f 1949/15/1 1952/14/1 1954/27/1
f 1952/14/1 1937/7/1 1954/27/1
f 1952/4/1 1950/12/1 1953/5/1
f 1950/12/1 1936/19/1 1953/5/1
f 1950/10/1 1951/20/1 1936/19/1
f 1950/10/1 1945/9/1 1951/20/1
f 1945/9/1 1935/59/1 1951/20/1
f 1948/56/1336 1946/57/1336 1949/60/1336
f 1946/57/1 1933/61/1 1949/60/1
f 1945/3/1 1947/17/1 1935/16/1
f 1945/3/1 1946/2/1 1947/17/1
f 1946/2/1337 1934/29/1337 1947/17/1337
f 1948/56/1338 1949/60/1338 1938/26/1338 1956/35/1338
f 1975/1/1 1988/2/1 1987/3/1
f 1994/4/1 1995/5/1 2003/6/1 1979/7/1
f 1975/8/1 1987/9/1 1992/10/1
f 1975/11/1 1992/12/1 1994/4/1
f 1975/13/1 1994/14/1 1991/15/1
f 1977/16/1 1989/17/1 1999/18/1
f 1978/19/1 1993/20/1 2001/21/1
f 2015/22/1304 2014/23/1304 1986/24/1304 2016/25/1304
f 1980/26/1305 1996/27/1305 2005/28/1305
f 1976/29/1306 1997/30/1306 2000/31/1306
f 1977/16/1 1999/18/1 2002/32/1
f 1978/19/1 2001/21/1 2004/33/1
f 1979/7/1 2003/6/1 2006/34/1
f 1980/26/1307 2005/28/1307 1998/35/1307
f 1981/36/1308 2007/37/1308 2012/38/1308
f 1982/39/1 2008/40/1 2014/41/1
f 1983/42/1 2009/43/1 2015/22/1
f 1984/44/1309 2010/45/1309 2016/25/1309
f 1985/46/1310 2011/47/1310 2013/48/1310
f 2013/48/1311 2011/47/1311 2016/49/1311
f 2011/47/1312 1984/44/1312 2016/49/1312
f 2012/38/1313 2013/48/1313 2016/49/1313 1986/50/1313
f 2016/25/1314 2010/45/1314 2015/51/1314
f 2010/45/1341 1983/42/1341 2015/51/1341
f 2015/22/1 2009/43/1 2014/23/1
f 2009/43/1 1982/52/1 2014/23/1
f 2014/41/1315 2012/53/1315 1986/54/1315
f 2014/41/1316 2008/40/1316 2012/53/1316
f 2008/40/1317 1981/36/1317 2012/53/1317
f 2012/38/1342 2007/37/1342 2013/55/1342
f 2007/37/1319 1985/46/1319 2013/55/1319
f 1998/35/1320 2011/47/1320 1985/46/1320
f 1998/35/1321 2005/28/1321 2011/47/1321
f 2005/28/1322 1984/44/1322 2011/47/1322
f 2006/34/1 2010/45/1 1984/44/1
f 2006/34/1 2003/6/1 2010/45/1
f 2003/6/1 1983/42/1 2010/45/1
f 2004/33/1 2009/43/1 1983/42/1
f 2004/33/1 2001/21/1 2009/43/1
f 2001/21/1 1982/52/1 2009/43/1
f 2002/32/1 2008/40/1 1982/39/1
f 2002/32/1 1999/18/1 2008/40/1
f 1999/18/1323 1981/36/1323 2008/40/1323
f 2000/31/1343 2007/37/1343 1981/36/1343
f 2000/31/1325 1997/30/1325 2007/37/1325
f 1997/30/1326 1985/46/1326 2007/37/1326
f 2005/28/1327 2006/34/1327 1984/44/1327
f 2005/28/1328 1996/27/1328 2006/34/1328
f 1996/27/1 1979/7/1 2006/34/1
f 2003/6/1 2004/33/1 1983/42/1
f 1990/56/1329 1997/30/1329 1976/29/1329 1988/57/1329
f 2001/21/1 2002/58/1 1982/52/1
f 2001/21/1 1993/20/1 2002/58/1
f 1993/20/1 1977/59/1 2002/58/1
f 1999/18/1364 2000/31/1364 1981/36/1364
f 1999/18/1331 1989/17/1331 2000/31/1331
f 1989/17/1332 1976/29/1332 2000/31/1332
f 1997/30/1333 1998/35/1333 1985/46/1333
f 1997/30/1334 1990/56/1334 1998/35/1334
f 1995/5/1 1978/19/1 2004/33/1 2003/6/1
f 1991/15/1335 1996/27/1335 1980/26/1335
f 1991/15/1 1994/14/1 1996/27/1
f 1994/14/1 1979/7/1 1996/27/1
f 1994/4/1 1992/12/1 1995/5/1
f 1992/12/1 1978/19/1 1995/5/1
f 1992/10/1 1993/20/1 1978/19/1
f 1992/10/1 1987/9/1 1993/20/1
f 1987/9/1 1977/59/1 1993/20/1
f 1990/56/1336 1988/57/1336 1991/60/1336
f 1988/57/1 1975/61/1 1991/60/1
f 1987/3/1 1989/17/1 1977/16/1
f 1987/3/1 1988/2/1 1989/17/1
f 1988/2/1337 1976/29/1337 1989/17/1337
f 1990/56/1338 1991/60/1338 1980/26/1338 1998/35/1338
f 2017/1/1 2030/2/1 2029/3/1
f 2036/4/1 2037/5/1 2045/6/1 2021/7/1
f 2017/8/1 2029/9/1 2034/10/1
f 2017/11/1 2034/12/1 2036/4/1
f 2017/13/1 2036/14/1 2033/15/1
f 2019/16/1 2031/17/1 2041/18/1
f 2020/19/1 2035/20/1 2043/21/1
f 2057/22/2 2056/23/2 2028/24/2 2058/25/2
f 2022/26/3 2038/27/3 2047/28/3
f 2018/29/1365 2039/30/1365 2042/31/1365
f 2019/16/1 2041/18/1 2044/32/1
f 2020/19/1 2043/21/1 2046/33/1
f 2021/7/1 2045/6/1 2048/34/1
f 2022/26/5 2047/28/5 2040/35/5
f 2023/36/6 2049/37/6 2054/38/6
f 2024/39/1 2050/40/1 2056/41/1
f 2025/42/1 2051/43/1 2057/22/1
f 2026/44/7 2052/45/7 2058/25/7
f 2027/46/8 2053/47/8 2055/48/8
f 2055/48/1366 2053/47/1366 2058/49/1366
f 2053/47/10 2026/44/10 2058/49/10
f 2054/38/11 2055/48/11 2058/49/11 2028/50/11
f 2058/25/12 2052/45/12 2057/51/12
f 2052/45/13 2025/42/13 2057/51/13
f 2057/22/1 2051/43/1 2056/23/1
f 2051/43/1 2024/52/1 2056/23/1
f 2056/41/14 2054/53/14 2028/54/14
f 2056/41/15 2050/40/15 2054/53/15
f 2050/40/16 2023/36/16 2054/53/16
f 2054/38/17 2049/37/17 2055/55/17
f 2049/37/18 2027/46/18 2055/55/18
f 2040/35/19 2053/47/19 2027/46/19
f 2040/35/20 2047/28/20 2053/47/20
f 2047/28/21 2026/44/21 2053/47/21
f 2048/34/1 2052/45/1 2026/44/1
f 2048/34/1 2045/6/1 2052/45/1
f 2045/6/1 2025/42/1 2052/45/1
f 2046/33/1 2051/43/1 2025/42/1
f 2046/33/1 2043/21/1 2051/43/1
f 2043/21/1 2024/52/1 2051/43/1
f 2044/32/1 2050/40/1 2024/39/1
f 2044/32/1 2041/18/1 2050/40/1
f 2041/18/22 2023/36/22 2050/40/22
f 2042/31/23 2049/37/23 2023/36/23
f 2042/31/24 2039/30/24 2049/37/24
f 2039/30/25 2027/46/25 2049/37/25
f 2047/28/26 2048/34/26 2026/44/26
f 2047/28/27 2038/27/27 2048/34/27
f 2038/27/1 2021/7/1 2048/34/1
f 2045/6/1 2046/33/1 2025/42/1
f 2032/56/28 2039/30/28 2018/29/28 2030/57/28
f 2043/21/1 2044/58/1 2024/52/1
f 2043/21/1 2035/20/1 2044/58/1
f 2035/20/1 2019/59/1 2044/58/1
f 2041/18/1367 2042/31/1367 2023/36/1367
f 2041/18/30 2031/17/30 2042/31/30
f 2031/17/31 2018/29/31 2042/31/31
f 2039/30/32 2040/35/32 2027/46/32
f 2039/30/33 2032/56/33 2040/35/33
f 2037/5/1 2020/19/1 2046/33/1 2045/6/1
f 2033/15/34 2038/27/34 2022/26/34
f 2033/15/1 2036/14/1 2038/27/1
f 2036/14/1 2021/7/1 2038/27/1
f 2036/4/1 2034/12/1 2037/5/1
f 2034/12/1 2020/19/1 2037/5/1
f 2034/10/1 2035/20/1 2020/19/1
f 2034/10/1 2029/9/1 2035/20/1
f 2029/9/1 2019/59/1 2035/20/1
f 2032/56/35 2030/57/35 2033/60/35
f 2030/57/1 2017/61/1 2033/60/1
f 2029/3/1 2031/17/1 2019/16/1
f 2029/3/1 2030/2/1 2031/17/1
f 2030/2/36 2018/29/36 2031/17/36
f 2032/56/37 2033/60/37 2022/26/37 2040/35/37
f 2059/1/1 2072/2/1 2071/3/1
f 2078/4/1 2079/5/1 2087/6/1 2063/7/1
f 2059/8/1 2071/9/1 2076/10/1
f 2059/11/1 2076/12/1 2078/4/1
f 2059/13/1 2078/14/1 2075/15/1
f 2061/16/1 2073/17/1 2083/18/1
f 2062/19/1 2077/20/1 2085/21/1
f 2099/22/2 2098/23/2 2070/24/2 2100/25/2
f 2064/26/3 2080/27/3 2089/28/3
f 2060/29/4 2081/30/4 2084/31/4
f 2061/16/1 2083/18/1 2086/32/1
f 2062/19/1 2085/21/1 2088/33/1
f 2063/7/1 2087/6/1 2090/34/1
f 2064/26/1368 2089/28/1368 2082/35/1368
f 2065/36/6 2091/37/6 2096/38/6
f 2066/39/1 2092/40/1 2098/41/1
f 2067/42/1 2093/43/1 2099/22/1
f 2068/44/1369 2094/45/1369 2100/25/1369
f 2069/46/8 2095/47/8 2097/48/8
f 2097/48/9 2095/47/9 2100/49/9
f 2095/47/10 2068/44/10 2100/49/10
f 2096/38/11 2097/48/11 2100/49/11 2070/50/11
f 2100/25/12 2094/45/12 2099/51/12
f 2094/45/13 2067/42/13 2099/51/13
f 2099/22/1 2093/43/1 2098/23/1
f 2093/43/1 2066/52/1 2098/23/1
f 2098/41/14 2096/53/14 2070/54/14
f 2098/41/15 2092/40/15 2096/53/15
f 2092/40/16 2065/36/16 2096/53/16
f 2096/38/17 2091/37/17 2097/55/17
f 2091/37/18 2069/46/18 2097/55/18
f 2082/35/19 2095/47/19 2069/46/19
f 2082/35/1370 2089/28/1370 2095/47/1370
f 2089/28/21 2068/44/21 2095/47/21
f 2090/34/1 2094/45/1 2068/44/1
f 2090/34/1 2087/6/1 2094/45/1
f 2087/6/1 2067/42/1 2094/45/1
f 2088/33/1 2093/43/1 2067/42/1
f 2088/33/1 2085/21/1 2093/43/1
f 2085/21/1 2066/52/1 2093/43/1
f 2086/32/1 2092/40/1 2066/39/1
f 2086/32/1 2083/18/1 2092/40/1
f 2083/18/22 2065/36/22 2092/40/22
f 2084/31/23 2091/37/23 2065/36/23
f 2084/31/24 2081/30/24 2091/37/24
f 2081/30/25 2069/46/25 2091/37/25
f 2089/28/26 2090/34/26 2068/44/26
f 2089/28/27 2080/27/27 2090/34/27
f 2080/27/1 2063/7/1 2090/34/1
f 2087/6/1 2088/33/1 2067/42/1
f 2074/56/28 2081/30/28 2060/29/28 2072/57/28
f 2085/21/1 2086/58/1 2066/52/1
f 2085/21/1 2077/20/1 2086/58/1
f 2077/20/1 2061/59/1 2086/58/1
f 2083/18/1371 2084/31/1371 2065/36/1371
f 2083/18/30 2073/17/30 2084/31/30
f 2073/17/31 2060/29/31 2084/31/31
f 2081/30/32 2082/35/32 2069/46/32
f 2081/30/33 2074/56/33 2082/35/33
f 2079/5/1 2062/19/1 2088/33/1 2087/6/1
f 2075/15/1372 2080/27/1372 2064/26/1372
f 2075/15/1 2078/14/1 2080/27/1
f 2078/14/1 2063/7/1 2080/27/1
f 2078/4/1 2076/12/1 2079/5/1
f 2076/12/1 2062/19/1 2079/5/1
f 2076/10/1 2077/20/1 2062/19/1
f 2076/10/1 2071/9/1 2077/20/1
f 2071/9/1 2061/59/1 2077/20/1
f 2074/56/35 2072/57/35 2075/60/35
f 2072/57/1 2059/61/1 2075/60/1
f 2071/3/1 2073/17/1 2061/16/1
f 2071/3/1 2072/2/1 2073/17/1
f 2072/2/36 2060/29/36 2073/17/36
f 2074/56/37 2075/60/37 2064/26/37 2082/35/37
f 2101/1/1 2114/2/1 2113/3/1
f 2120/4/1 2121/5/1 2129/6/1 2105/7/1
f 2101/8/1 2113/9/1 2118/10/1
f 2101/11/1 2118/12/1 2120/4/1
f 2101/13/1 2120/14/1 2117/15/1
f 2103/16/1 2115/17/1 2125/18/1
f 2104/19/1 2119/20/1 2127/21/1
f 2141/22/2 2140/23/2 2112/24/2 2142/25/2
f 2106/26/3 2122/27/3 2131/28/3
f 2102/29/4 2123/30/4 2126/31/4
f 2103/16/1 2125/18/1 2128/32/1
f 2104/19/1 2127/21/1 2130/33/1
f 2105/7/1 2129/6/1 2132/34/1
f 2106/26/1368 2131/28/1368 2124/35/1368
f 2107/36/6 2133/37/6 2138/38/6
f 2108/39/1 2134/40/1 2140/41/1
f 2109/42/1 2135/43/1 2141/22/1
f 2110/44/1369 2136/45/1369 2142/25/1369
f 2111/46/8 2137/47/8 2139/48/8
f 2139/48/1366 2137/47/1366 2142/49/1366
f 2137/47/10 2110/44/10 2142/49/10
f 2138/38/11 2139/48/11 2142/49/11 2112/50/11
f 2142/25/1373 2136/45/1373 2141/51/1373
f 2136/45/13 2109/42/13 2141/51/13
f 2141/22/1 2135/43/1 2140/23/1
f 2135/43/1 2108/52/1 2140/23/1
f 2140/41/14 2138/53/14 2112/54/14
f 2140/41/15 2134/40/15 2138/53/15
f 2134/40/16 2107/36/16 2138/53/16
f 2138/38/17 2133/37/17 2139/55/17
f 2133/37/18 2111/46/18 2139/55/18
f 2124/35/19 2137/47/19 2111/46/19
f 2124/35/1374 2131/28/1374 2137/47/1374
f 2131/28/1375 2110/44/1375 2137/47/1375
f 2132/34/1 2136/45/1 2110/44/1
f 2132/34/1 2129/6/1 2136/45/1
f 2129/6/1 2109/42/1 2136/45/1
f 2130/33/1 2135/43/1 2109/42/1
f 2130/33/1 2127/21/1 2135/43/1
f 2127/21/1 2108/52/1 2135/43/1
f 2128/32/1 2134/40/1 2108/39/1
f 2128/32/1 2125/18/1 2134/40/1
f 2125/18/22 2107/36/22 2134/40/22
f 2126/31/23 2133/37/23 2107/36/23
f 2126/31/24 2123/30/24 2133/37/24
f 2123/30/25 2111/46/25 2133/37/25
f 2131/28/1376 2132/34/1376 2110/44/1376
f 2131/28/27 2122/27/27 2132/34/27
f 2122/27/1 2105/7/1 2132/34/1
f 2129/6/1 2130/33/1 2109/42/1
f 2116/56/28 2123/30/28 2102/29/28 2114/57/28
f 2127/21/1 2128/58/1 2108/52/1
f 2127/21/1 2119/20/1 2128/58/1
f 2119/20/1 2103/59/1 2128/58/1
f 2125/18/1371 2126/31/1371 2107/36/1371
f 2125/18/30 2115/17/30 2126/31/30
f 2115/17/31 2102/29/31 2126/31/31
f 2123/30/32 2124/35/32 2111/46/32
f 2123/30/33 2116/56/33 2124/35/33
f 2121/5/1 2104/19/1 2130/33/1 2129/6/1
f 2117/15/34 2122/27/34 2106/26/34
f 2117/15/1 2120/14/1 2122/27/1
f 2120/14/1 2105/7/1 2122/27/1
f 2120/4/1 2118/12/1 2121/5/1
f 2118/12/1 2104/19/1 2121/5/1
f 2118/10/1 2119/20/1 2104/19/1
f 2118/10/1 2113/9/1 2119/20/1
f 2113/9/1 2103/59/1 2119/20/1
f 2116/56/35 2114/57/35 2117/60/35
f 2114/57/1 2101/61/1 2117/60/1
f 2113/3/1 2115/17/1 2103/16/1
f 2113/3/1 2114/2/1 2115/17/1
f 2114/2/36 2102/29/36 2115/17/36
f 2116/56/37 2117/60/37 2106/26/37 2124/35/37
f 2143/1/1 2156/2/1 2155/3/1
f 2162/4/1 2163/5/1 2171/6/1 2147/7/1
f 2143/8/1 2155/9/1 2160/10/1
f 2143/11/1 2160/12/1 2162/4/1
f 2143/13/1 2162/14/1 2159/15/1
f 2145/16/1 2157/17/1 2167/18/1
f 2146/19/1 2161/20/1 2169/21/1
f 2183/22/2 2182/23/2 2154/24/2 2184/25/2
f 2148/26/3 2164/27/3 2173/28/3
f 2144/29/4 2165/30/4 2168/31/4
f 2145/16/1 2167/18/1 2170/32/1
f 2146/19/1 2169/21/1 2172/33/1
f 2147/7/1 2171/6/1 2174/34/1
f 2148/26/5 2173/28/5 2166/35/5
f 2149/36/6 2175/37/6 2180/38/6
f 2150/39/1 2176/40/1 2182/41/1
f 2151/42/1 2177/43/1 2183/22/1
f 2152/44/7 2178/45/7 2184/25/7
f 2153/46/8 2179/47/8 2181/48/8
f 2181/48/9 2179/47/9 2184/49/9
f 2179/47/10 2152/44/10 2184/49/10
f 2180/38/11 2181/48/11 2184/49/11 2154/50/11
f 2184/25/12 2178/45/12 2183/51/12
f 2178/45/13 2151/42/13 2183/51/13
f 2183/22/1 2177/43/1 2182/23/1
f 2177/43/1 2150/52/1 2182/23/1
f 2182/41/14 2180/53/14 2154/54/14
f 2182/41/15 2176/40/15 2180/53/15
f 2176/40/16 2149/36/16 2180/53/16
f 2180/38/17 2175/37/17 2181/55/17
f 2175/37/18 2153/46/18 2181/55/18
f 2166/35/19 2179/47/19 2153/46/19
f 2166/35/1370 2173/28/1370 2179/47/1370
f 2173/28/21 2152/44/21 2179/47/21
f 2174/34/1 2178/45/1 2152/44/1
f 2174/34/1 2171/6/1 2178/45/1
f 2171/6/1 2151/42/1 2178/45/1
f 2172/33/1 2177/43/1 2151/42/1
f 2172/33/1 2169/21/1 2177/43/1
f 2169/21/1 2150/52/1 2177/43/1
f 2170/32/1 2176/40/1 2150/39/1
f 2170/32/1 2167/18/1 2176/40/1
f 2167/18/22 2149/36/22 2176/40/22
f 2168/31/23 2175/37/23 2149/36/23
f 2168/31/24 2165/30/24 2175/37/24
f 2165/30/25 2153/46/25 2175/37/25
f 2173/28/26 2174/34/26 2152/44/26
f 2173/28/27 2164/27/27 2174/34/27
f 2164/27/1 2147/7/1 2174/34/1
f 2171/6/1 2172/33/1 2151/42/1
f 2158/56/28 2165/30/28 2144/29/28 2156/57/28
f 2169/21/1 2170/58/1 2150/52/1
f 2169/21/1 2161/20/1 2170/58/1
f 2161/20/1 2145/59/1 2170/58/1
f 2167/18/1371 2168/31/1371 2149/36/1371
f 2167/18/30 2157/17/30 2168/31/30
f 2157/17/31 2144/29/31 2168/31/31
f 2165/30/32 2166/35/32 2153/46/32
f 2165/30/33 2158/56/33 2166/35/33
f 2163/5/1 2146/19/1 2172/33/1 2171/6/1
f 2159/15/34 2164/27/34 2148/26/34
f 2159/15/1 2162/14/1 2164/27/1
f 2162/14/1 2147/7/1 2164/27/1
f 2162/4/1 2160/12/1 2163/5/1
f 2160/12/1 2146/19/1 2163/5/1
f 2160/10/1 2161/20/1 2146/19/1
f 2160/10/1 2155/9/1 2161/20/1
f 2155/9/1 2145/59/1 2161/20/1
f 2158/56/35 2156/57/35 2159/60/35
f 2156/57/1 2143/61/1 2159/60/1
f 2155/3/1 2157/17/1 2145/16/1
f 2155/3/1 2156/2/1 2157/17/1
f 2156/2/36 2144/29/36 2157/17/36
f 2158/56/37 2159/60/37 2148/26/37 2166/35/37
f 2185/1/1 2198/2/1 2197/3/1
f 2204/4/1 2205/5/1 2213/6/1 2189/7/1
f 2185/8/1 2197/9/1 2202/10/1
f 2185/11/1 2202/12/1 2204/4/1
f 2185/13/1 2204/14/1 2201/15/1
f 2187/16/1 2199/17/1 2209/18/1
f 2188/19/1 2203/20/1 2211/21/1
f 2225/22/2 2224/23/2 2196/24/2 2226/25/2
f 2190/26/3 2206/27/3 2215/28/3
f 2186/29/4 2207/30/4 2210/31/4
f 2187/16/1 2209/18/1 2212/32/1
f 2188/19/1 2211/21/1 2214/33/1
f 2189/7/1 2213/6/1 2216/34/1
f 2190/26/5 2215/28/5 2208/35/5
f 2191/36/6 2217/37/6 2222/38/6
f 2192/39/1 2218/40/1 2224/41/1
f 2193/42/1 2219/43/1 2225/22/1
f 2194/44/7 2220/45/7 2226/25/7
f 2195/46/8 2221/47/8 2223/48/8
f 2223/48/1366 2221/47/1366 2226/49/1366
f 2221/47/10 2194/44/10 2226/49/10
f 2222/38/11 2223/48/11 2226/49/11 2196/50/11
f 2226/25/12 2220/45/12 2225/51/12
f 2220/45/1341 2193/42/1341 2225/51/1341
f 2225/22/1 2219/43/1 2224/23/1
f 2219/43/1 2192/52/1 2224/23/1
f 2224/41/14 2222/53/14 2196/54/14
f 2224/41/15 2218/40/15 2222/53/15
f 2218/40/16 2191/36/16 2222/53/16
f 2222/38/17 2217/37/17 2223/55/17
f 2217/37/18 2195/46/18 2223/55/18
f 2208/35/19 2221/47/19 2195/46/19
f 2208/35/20 2215/28/20 2221/47/20
f 2215/28/21 2194/44/21 2221/47/21
f 2216/34/1 2220/45/1 2194/44/1
f 2216/34/1 2213/6/1 2220/45/1
f 2213/6/1 2193/42/1 2220/45/1
f 2214/33/1 2219/43/1 2193/42/1
f 2214/33/1 2211/21/1 2219/43/1
f 2211/21/1 2192/52/1 2219/43/1
f 2212/32/1 2218/40/1 2192/39/1
f 2212/32/1 2209/18/1 2218/40/1
f 2209/18/22 2191/36/22 2218/40/22
f 2210/31/23 2217/37/23 2191/36/23
f 2210/31/24 2207/30/24 2217/37/24
f 2207/30/25 2195/46/25 2217/37/25
f 2215/28/26 2216/34/26 2194/44/26
f 2215/28/27 2206/27/27 2216/34/27
f 2206/27/1 2189/7/1 2216/34/1
f 2213/6/1 2214/33/1 2193/42/1
f 2200/56/28 2207/30/28 2186/29/28 2198/57/28
f 2211/21/1 2212/58/1 2192/52/1
f 2211/21/1 2203/20/1 2212/58/1
f 2203/20/1 2187/59/1 2212/58/1
f 2209/18/29 2210/31/29 2191/36/29
f 2209/18/30 2199/17/30 2210/31/30
f 2199/17/31 2186/29/31 2210/31/31
f 2207/30/32 2208/35/32 2195/46/32
f 2207/30/33 2200/56/33 2208/35/33
f 2205/5/1 2188/19/1 2214/33/1 2213/6/1
f 2201/15/1372 2206/27/1372 2190/26/1372
f 2201/15/1 2204/14/1 2206/27/1
f 2204/14/1 2189/7/1 2206/27/1
f 2204/4/1 2202/12/1 2205/5/1
f 2202/12/1 2188/19/1 2205/5/1
f 2202/10/1 2203/20/1 2188/19/1
f 2202/10/1 2197/9/1 2203/20/1
f 2197/9/1 2187/59/1 2203/20/1
f 2200/56/35 2198/57/35 2201/60/35
f 2198/57/1 2185/61/1 2201/60/1
f 2197/3/1 2199/17/1 2187/16/1
f 2197/3/1 2198/2/1 2199/17/1
f 2198/2/36 2186/29/36 2199/17/36
f 2200/56/37 2201/60/37 2190/26/37 2208/35/37
f 56/2/38 203/228/38 116/230/38
f 55/3/38 85/231/38 203/228/38
f 43/232/38 116/230/38 85/231/38
f 203/228/38 85/231/38 116/230/38
f 200/64/38 88/63/38 86/65/38
f 197/67/38 90/66/38 85/69/38
f 194/71/38 92/70/38 90/73/38
f 191/75/38 119/74/38 92/77/38
f 188/80/38 95/79/38 88/63/38
f 185/83/38 97/82/38 87/84/38
f 182/88/40 99/87/40 91/89/40
f 179/93/38 101/92/38 93/94/38
f 176/98/38 103/97/38 94/99/38
f 173/103/38 128/102/38 95/79/38
f 170/105/1377 130/104/1377 97/82/1377
f 167/108/38 132/107/38 99/87/38
f 164/111/38 134/110/38 101/92/38
f 161/114/38 126/113/38 103/97/38
f 158/116/1378 110/115/1378 105/117/1378
f 155/120/1379 112/119/1379 106/121/1379
f 152/124/1380 113/123/1380 107/125/1380
f 149/128/1381 114/127/1381 108/129/1381
f 146/132/1382 141/131/1382 109/133/1382
f 144/137/1383 111/136/1383 145/138/1383
f 147/139/1384 145/138/1384 146/132/1384
f 114/140/1385 147/139/1385 139/141/1385
f 143/144/1386 144/143/1386 148/145/1386
f 150/146/1387 148/145/1387 149/128/1387
f 113/147/1388 150/146/1388 138/148/1388
f 142/151/1389 143/150/1389 151/152/1389
f 153/153/1390 151/152/1390 152/124/1390
f 112/154/1391 153/153/1391 137/155/1391
f 140/158/1392 142/157/1392 154/159/1392
f 156/160/1393 154/159/1393 155/120/1393
f 110/161/1394 156/160/1394 136/162/1394
f 111/165/1395 140/164/1395 157/166/1395
f 159/167/1396 157/166/1396 158/116/1396
f 141/168/1397 159/167/1397 135/169/1397
f 109/133/1398 96/170/1398 160/171/1398
f 162/172/1399 160/171/1399 161/114/1399
f 139/141/1400 162/172/1400 133/173/1400
f 108/129/38 104/174/38 163/175/38
f 165/176/38 163/175/38 164/111/38
f 138/148/38 165/176/38 131/177/38
f 107/125/1401 102/178/1401 166/179/1401
f 168/180/1402 166/179/1402 167/108/1402
f 137/155/1403 168/180/1403 129/181/1403
f 106/121/1404 100/182/1404 169/183/1404
f 171/184/1405 169/183/1405 170/105/1405
f 136/162/1406 171/184/1406 127/185/1406
f 105/117/1407 98/186/1407 172/187/1407
f 174/188/1408 172/187/1408 173/103/1408
f 135/169/1409 174/188/1409 125/189/1409
f 104/174/38 133/173/38 175/190/38
f 177/191/38 175/190/38 176/98/38
f 134/110/38 177/191/38 124/192/38
f 102/178/38 131/177/38 178/193/38
f 180/194/38 178/193/38 179/93/38
f 132/107/38 180/194/38 123/195/38
f 100/196/1410 129/181/1410 181/197/1410
f 183/198/1411 181/197/1411 182/88/1411
f 130/199/1412 183/198/1412 121/200/1412
f 98/186/1413 127/185/1413 184/201/1413
f 186/202/38 184/201/38 185/83/38
f 128/102/38 186/202/38 117/203/38
f 96/170/40 125/189/40 187/204/40
f 189/205/38 187/204/38 188/80/38
f 126/113/38 189/205/38 118/206/38
f 94/99/38 89/207/38 190/208/38
f 192/209/38 190/208/38 191/75/38
f 124/192/38 192/209/38 122/210/38
f 93/94/38 122/211/38 193/212/38
f 195/213/38 193/212/38 194/71/38
f 123/195/38 195/213/38 120/214/38
f 91/89/38 120/215/38 196/216/38
f 198/217/38 196/216/38 197/67/38
f 121/200/38 198/217/38 115/218/38
f 89/219/38 118/206/38 199/220/38
f 201/221/38 199/220/38 200/64/38
f 119/222/38 201/221/38 116/223/38
f 87/84/38 115/225/38 202/226/38
f 204/227/38 202/226/38 203/228/38
f 117/203/38 204/227/38 86/229/38
