# Blender 4.1.1
# www.blender.org
mtllib Soult_Deposits.mtl
o Soult_Deposits
v -0.273695 -0.004870 0.047622
v -0.269246 -0.000277 0.045300
v -0.265410 -0.004838 0.041860
v -0.267307 -0.004791 0.049686
v -0.274146 -0.004797 0.056848
v -0.273560 -0.001122 0.054739
v -0.265193 -0.001425 0.043018
v -0.262069 -0.004765 0.046745
v -0.264923 -0.004706 0.057106
v -0.270826 -0.004746 0.059229
v -0.268291 0.000815 0.051826
v -0.264299 -0.002312 0.052714
v -0.270601 -0.004874 0.043515
v -0.273012 -0.004883 0.045186
v -0.269200 -0.004879 0.041336
v -0.272052 -0.000336 0.049755
v -0.275608 -0.004861 0.050889
v -0.271699 -0.004847 0.048092
v -0.266086 -0.004818 0.044963
v -0.274788 -0.004839 0.052593
v -0.270273 -0.004783 0.054041
v -0.276003 -0.004823 0.055961
v -0.268903 0.000869 0.048092
v -0.271433 0.000412 0.053419
v -0.263985 -0.004827 0.041442
v -0.265823 -0.000178 0.043554
v -0.263796 -0.004775 0.047526
v -0.263041 -0.004804 0.043187
v -0.271528 -0.004772 0.056827
v -0.265164 -0.004732 0.054270
v -0.274757 -0.001973 0.057118
v -0.274101 -0.004781 0.058791
v -0.265329 0.000487 0.047466
v -0.261839 -0.004783 0.044287
v -0.262066 -0.004717 0.052509
v -0.268865 -0.004728 0.059070
v -0.267976 0.000044 0.057354
v -0.261414 -0.001097 0.048589
v -0.264163 0.000118 0.053504
v -0.260665 -0.004722 0.050331
v -0.263253 -0.004700 0.055941
v -0.267422 -0.002221 0.056928
v -0.122622 -0.005670 0.087886
v -0.134783 -0.005951 0.076488
v -0.115135 -0.005793 0.072714
v -0.108214 -0.005480 0.090669
v -0.126612 -0.005558 0.099394
v -0.142416 -0.005838 0.090959
v -0.131058 0.018207 0.072527
v -0.114757 0.016193 0.082801
v -0.109889 -0.005317 0.104152
v -0.133721 -0.005637 0.099107
v -0.145203 0.000226 0.083158
v -0.130832 0.018361 0.088880
v -0.113589 -0.005689 0.079307
v -0.128686 -0.005814 0.081929
v -0.122153 -0.005875 0.072171
v -0.143333 -0.005927 0.085080
v -0.134797 -0.005764 0.090484
v -0.112960 -0.005553 0.088938
v -0.107918 -0.005621 0.079869
v -0.126713 -0.005612 0.095461
v -0.116568 -0.005470 0.097974
v -0.135642 -0.005698 0.096083
v -0.144938 -0.006008 0.080300
v -0.146816 -0.005926 0.087903
v -0.123440 -0.005933 0.068829
v -0.131794 -0.005980 0.071961
v -0.108734 0.005388 0.086293
v -0.115223 0.009864 0.075453
v -0.116816 -0.005402 0.103251
v -0.106705 -0.005340 0.099874
v -0.141488 -0.005774 0.095020
v -0.128311 -0.005569 0.099944
v -0.137968 0.007442 0.076294
v -0.124303 0.020334 0.076563
v -0.109620 0.011476 0.095014
v -0.119720 -0.005413 0.104737
v -0.142909 0.001315 0.089722
v -0.132178 0.020904 0.079585
v -0.139829 0.008554 0.083296
v -0.121305 0.020928 0.086639
v -0.117728 0.015014 0.099459
v -0.132469 0.008899 0.096262
v -0.117580 -0.005669 0.083918
v -0.132082 -0.005893 0.078668
v -0.117932 -0.005836 0.071714
v -0.139733 -0.005949 0.080591
v -0.139434 -0.005809 0.090785
v -0.117538 -0.005608 0.088452
v -0.107360 -0.005543 0.085223
v -0.124706 -0.005639 0.091815
v -0.122292 -0.005513 0.099304
v -0.139580 -0.005774 0.093499
v -0.140534 -0.005991 0.078079
v -0.146767 -0.005957 0.085549
v -0.119077 -0.005872 0.069978
v -0.131271 -0.005982 0.071363
v -0.107403 -0.005499 0.088577
v -0.115085 0.013800 0.078959
v -0.122200 -0.005487 0.101226
v -0.107447 -0.005308 0.102887
v -0.142766 -0.005815 0.092990
v -0.130802 -0.005593 0.100114
v -0.134137 0.014017 0.073881
v -0.119302 0.018891 0.079562
v -0.108611 0.007698 0.100811
v -0.126935 -0.005521 0.102389
v -0.144948 0.000693 0.085898
v -0.131964 0.020516 0.075626
v -0.135856 0.014311 0.085951
v -0.117490 0.019189 0.084599
v -0.112417 0.009694 0.102895
v -0.133170 0.004506 0.098476
v -0.113263 -0.005739 0.075290
v -0.125179 -0.005734 0.085089
v -0.128291 -0.005917 0.073905
v -0.143632 -0.005887 0.088319
v -0.128719 -0.005713 0.089447
v -0.109932 -0.005512 0.089625
v -0.111016 -0.005710 0.075651
v -0.127454 -0.005587 0.097920
v -0.111366 -0.005459 0.094738
v -0.131188 -0.005625 0.098026
v -0.145987 -0.005997 0.081931
v -0.145143 -0.005885 0.089654
v -0.127805 0.016007 0.070093
v -0.133234 -0.005970 0.073816
v -0.111441 0.011353 0.084192
v -0.115003 -0.005786 0.073184
v -0.112147 -0.005334 0.104666
v -0.107252 -0.005407 0.095329
v -0.137979 -0.005709 0.097124
v -0.127443 -0.005562 0.099724
v -0.142403 0.002731 0.079712
v -0.128332 0.020587 0.073893
v -0.111965 0.014504 0.088331
v -0.113756 -0.005341 0.105412
v -0.138872 0.001299 0.094885
v -0.132092 0.020311 0.084029
v -0.143044 0.003714 0.082559
v -0.126241 0.020903 0.088018
v -0.124849 0.017884 0.094213
v -0.131927 0.014117 0.092648
v -0.137388 0.008893 0.089448
v -0.141980 0.004531 0.086433
v -0.138458 0.005099 0.092661
v -0.124888 0.012769 0.098835
v -0.125600 0.006745 0.101701
v -0.117897 0.009312 0.103386
v -0.119090 0.018846 0.093341
v -0.112756 0.014112 0.097882
v -0.114843 0.017104 0.091099
v -0.127259 0.022423 0.082775
v -0.123162 0.021665 0.081266
v -0.128331 0.022395 0.078136
v -0.136405 0.015066 0.080950
v -0.135350 0.014815 0.077221
v -0.139355 0.007954 0.079213
v -0.145656 -0.002176 0.088729
v -0.145012 -0.005859 0.091470
v -0.142982 -0.002153 0.092654
v -0.123380 -0.005476 0.102923
v -0.122321 -0.005477 0.102045
v -0.117452 -0.005389 0.104762
v -0.106633 -0.005363 0.098112
v -0.106663 -0.005424 0.093605
v -0.108558 0.008491 0.090962
v -0.119840 0.015761 0.075323
v -0.119552 0.011052 0.071332
v -0.124186 0.016601 0.071855
v -0.135471 -0.005994 0.073845
v -0.138705 -0.006002 0.075788
v -0.141770 -0.006007 0.077836
v -0.135343 -0.005672 0.097752
v -0.138868 -0.005735 0.095833
v -0.132768 -0.005643 0.097942
v -0.110896 -0.005347 0.102675
v -0.116677 -0.005429 0.101129
v -0.110917 -0.005390 0.099536
v -0.111480 0.007803 0.080237
v -0.108020 -0.005589 0.082325
v -0.110801 0.003717 0.077126
v -0.127206 -0.005966 0.069353
v -0.122476 -0.005916 0.069318
v -0.126749 -0.005939 0.071039
v -0.147322 -0.005978 0.084396
v -0.145449 -0.005981 0.082733
v -0.146391 -0.005940 0.086547
v -0.135765 -0.005732 0.093609
v -0.131034 -0.005686 0.093344
v -0.131961 -0.005658 0.096184
v -0.121800 -0.005541 0.096867
v -0.119682 -0.005571 0.092896
v -0.114976 -0.005510 0.093787
v -0.108868 -0.005574 0.084108
v -0.112030 -0.005611 0.083882
v -0.109562 -0.005648 0.079144
v -0.139457 -0.005850 0.087748
v -0.136749 -0.005877 0.083608
v -0.132442 -0.005792 0.086547
v -0.117366 -0.005782 0.075334
v -0.120444 -0.005748 0.080307
v -0.124558 -0.005840 0.076669
v -0.143273 -0.011021 0.014926
v -0.133549 -0.009136 0.029223
v -0.154295 -0.010936 0.028586
v -0.157229 -0.012653 0.008840
v -0.136623 -0.011259 0.004181
v -0.122537 -0.009167 0.016306
v -0.137820 0.013920 0.032801
v -0.152030 0.009441 0.018663
v -0.152474 -0.013238 -0.004429
v -0.129491 -0.010515 0.006085
v -0.121384 -0.002491 0.024942
v -0.134340 0.012915 0.016195
v -0.154365 -0.011465 0.021561
v -0.138486 -0.010066 0.022332
v -0.147313 -0.010187 0.030727
v -0.122943 -0.008743 0.022465
v -0.130359 -0.009920 0.015058
v -0.152816 -0.012070 0.011669
v -0.159978 -0.012077 0.019706
v -0.137413 -0.011028 0.008186
v -0.147113 -0.012208 0.003340
v -0.128232 -0.010148 0.009582
v -0.122402 -0.008310 0.027669
v -0.118776 -0.008545 0.020398
v -0.146770 -0.009868 0.034403
v -0.137601 -0.009188 0.033128
v -0.157515 -0.001855 0.013574
v -0.153328 0.003923 0.026101
v -0.145666 -0.012478 -0.001945
v -0.156667 -0.013324 -0.000821
v -0.122556 -0.009490 0.011985
v -0.134779 -0.011116 0.004010
v -0.130146 0.004099 0.030373
v -0.143710 0.014924 0.027217
v -0.154541 0.003490 0.005050
v -0.142388 -0.012265 -0.002792
v -0.122201 -0.002156 0.017793
v -0.135042 0.016150 0.025956
v -0.126656 0.004894 0.023724
v -0.144452 0.014462 0.016344
v -0.145265 0.007494 0.002451
v -0.131165 0.003502 0.008930
v -0.149279 -0.011315 0.017798
v -0.135788 -0.009535 0.026405
v -0.151691 -0.010593 0.030232
v -0.127605 -0.008860 0.026192
v -0.125596 -0.009463 0.015805
v -0.148291 -0.011574 0.013199
v -0.159329 -0.012435 0.014159
v -0.140272 -0.011028 0.011421
v -0.141017 -0.011696 0.003293
v -0.124832 -0.009600 0.013091
v -0.127365 -0.008636 0.028918
v -0.119361 -0.008418 0.022770
v -0.150926 -0.010379 0.032249
v -0.138266 -0.009208 0.033615
v -0.158524 -0.012618 0.010773
v -0.152608 0.007446 0.022587
v -0.140674 -0.011814 0.001325
v -0.155232 -0.013417 -0.003703
v -0.121723 -0.009245 0.014329
v -0.132218 -0.010870 0.004403
v -0.134465 0.010149 0.032059
v -0.148117 0.012768 0.023021
v -0.154310 -0.000652 -0.001114
v -0.135616 -0.011394 0.001222
v -0.121014 -0.002260 0.022118
v -0.136162 0.016026 0.029909
v -0.129983 0.009792 0.020232
v -0.148805 0.012503 0.017514
v -0.149952 0.001550 -0.002326
v -0.130025 -0.000792 0.006772
v -0.155606 -0.011272 0.025553
v -0.141320 -0.010602 0.018337
v -0.140706 -0.009656 0.030365
v -0.121905 -0.008894 0.019255
v -0.136747 -0.010485 0.014729
v -0.155726 -0.012418 0.010286
v -0.157799 -0.011523 0.024678
v -0.136105 -0.011090 0.005865
v -0.153115 -0.012559 0.005435
v -0.132301 -0.010714 0.006604
v -0.120970 -0.008294 0.026255
v -0.120072 -0.008814 0.018246
v -0.141702 0.011609 0.034490
v -0.135723 -0.009145 0.031577
v -0.155151 0.004324 0.016418
v -0.154322 -0.010976 0.028080
v -0.150071 -0.013036 -0.004438
v -0.157145 -0.013013 0.003904
v -0.125630 -0.009967 0.009058
v -0.135707 -0.011192 0.004036
v -0.124958 -0.000162 0.027838
v -0.140231 0.015805 0.030840
v -0.153631 0.007124 0.012400
v -0.148273 -0.012913 -0.004828
v -0.125118 -0.002982 0.011648
v -0.134131 0.015264 0.021426
v -0.123649 0.000657 0.025117
v -0.139141 0.014898 0.016069
v -0.139196 0.011414 0.009429
v -0.132446 0.008701 0.012555
v -0.127728 0.004520 0.016947
v -0.123834 0.001055 0.020967
v -0.125979 0.000775 0.013871
v -0.138193 0.006187 0.004670
v -0.136922 0.000284 0.001826
v -0.144298 0.001766 -0.001586
v -0.145210 0.011750 0.009020
v -0.150672 0.006177 0.002903
v -0.150047 0.009754 0.010296
v -0.139274 0.016834 0.021635
v -0.143777 0.015750 0.022219
v -0.139241 0.017248 0.026574
v -0.130549 0.010925 0.025434
v -0.132465 0.010822 0.028965
v -0.128072 0.004545 0.027741
v -0.119701 -0.005131 0.019363
v -0.119794 -0.008930 0.016378
v -0.121519 -0.005681 0.014781
v -0.139094 -0.011788 -0.000125
v -0.140366 -0.011847 0.000525
v -0.144678 -0.012498 -0.003331
v -0.157141 -0.013233 0.000946
v -0.158132 -0.012977 0.005515
v -0.156584 0.000783 0.008860
v -0.148585 0.010115 0.027381
v -0.149859 0.005835 0.031277
v -0.144957 0.011651 0.031894
v -0.133452 -0.008917 0.032055
v -0.129736 -0.008695 0.030822
v -0.126169 -0.008496 0.029444
v -0.128156 -0.010273 0.007825
v -0.125024 -0.009804 0.010568
v -0.130720 -0.010547 0.007049
v -0.151789 -0.013052 -0.002706
v -0.146288 -0.012374 0.000171
v -0.152481 -0.012874 0.000476
v -0.156067 0.001191 0.020371
v -0.159318 -0.012204 0.017242
v -0.157528 -0.002594 0.023297
v -0.142838 -0.009511 0.034727
v -0.147635 -0.009994 0.033689
v -0.142918 -0.009653 0.032917
v -0.119060 -0.008296 0.024063
v -0.121333 -0.008395 0.025321
v -0.119514 -0.008512 0.021675
v -0.128670 -0.009997 0.012114
v -0.133519 -0.010466 0.011309
v -0.131936 -0.010531 0.008644
v -0.142069 -0.011610 0.005648
v -0.145114 -0.011604 0.009186
v -0.149676 -0.012136 0.007217
v -0.158054 -0.012217 0.015629
v -0.154905 -0.011881 0.016576
v -0.158479 -0.011868 0.020812
v -0.126262 -0.009290 0.018885
v -0.129942 -0.009334 0.022462
v -0.133636 -0.009940 0.018510
v -0.151442 -0.010855 0.026440
v -0.147199 -0.010819 0.022104
v -0.143859 -0.010193 0.026720
v -0.207962 -0.005922 0.063677
v -0.201081 -0.005485 0.076168
v -0.222239 -0.006160 0.069088
v -0.223266 -0.006431 0.057588
v -0.209893 -0.006258 0.050188
v -0.194226 -0.005721 0.057133
v -0.220469 0.023499 0.067353
v -0.231948 -0.006559 0.061670
v -0.225782 -0.006729 0.046589
v -0.205056 -0.006300 0.042624
v -0.197810 0.042082 0.062264
v -0.214884 0.026315 0.054470
v -0.215693 -0.006025 0.067823
v -0.201154 -0.005545 0.073416
v -0.214226 -0.005854 0.074122
v -0.193153 -0.005424 0.069826
v -0.198572 -0.005721 0.062198
v -0.215859 -0.006196 0.060030
v -0.224088 -0.006328 0.063402
v -0.207994 -0.006111 0.054868
v -0.215707 -0.006345 0.052853
v -0.201395 -0.006043 0.050388
v -0.198143 0.031540 0.069886
v -0.194404 0.027155 0.059277
v -0.221963 0.003265 0.068588
v -0.214252 0.019224 0.072225
v -0.230869 -0.006578 0.059526
v -0.227418 -0.006377 0.064935
v -0.218339 -0.006540 0.046804
v -0.226024 -0.006627 0.051616
v -0.197812 -0.006071 0.044921
v -0.207319 -0.006321 0.044271
v -0.208297 0.039043 0.065881
v -0.225210 0.012729 0.064453
v -0.230576 -0.006687 0.054096
v -0.216521 -0.006579 0.042877
v -0.200578 0.031208 0.051191
v -0.216987 0.032122 0.060971
v -0.205858 0.038970 0.056907
v -0.225464 0.014692 0.057938
v -0.222528 0.009253 0.050210
v -0.209857 0.022287 0.048457
v -0.211422 -0.005957 0.066040
v -0.199987 -0.005458 0.076147
v -0.219069 -0.006027 0.071633
v -0.195791 -0.005392 0.074387
v -0.195524 -0.005693 0.059994
v -0.212111 -0.006069 0.061622
v -0.224065 -0.006390 0.060447
v -0.207919 -0.006016 0.059208
v -0.212587 -0.006299 0.051392
v -0.197064 -0.005875 0.053219
v -0.199126 0.020744 0.073965
v -0.195592 0.037032 0.061186
v -0.222281 -0.006159 0.069215
v -0.218479 0.022158 0.069712
v -0.227496 -0.006517 0.058467
v -0.230476 -0.006484 0.063506
v -0.213709 -0.006387 0.048584
v -0.226605 -0.006707 0.048569
v -0.195358 -0.005890 0.050565
v -0.205863 -0.006328 0.042229
v -0.215467 0.031990 0.066972
v -0.229108 0.007336 0.063304
v -0.228575 -0.006730 0.049791
v -0.210284 -0.006440 0.042104
v -0.198450 0.038899 0.057294
v -0.219075 0.029081 0.064566
v -0.210239 0.033319 0.055272
v -0.229756 0.008199 0.060147
v -0.225119 0.002456 0.047760
v -0.207205 0.017452 0.044931
v -0.219735 -0.006102 0.068902
v -0.204432 -0.005730 0.068588
v -0.207315 -0.005638 0.076212
v -0.192887 -0.005550 0.063610
v -0.203151 -0.005811 0.063273
v -0.219647 -0.006317 0.058760
v -0.223419 -0.006243 0.066576
v -0.208746 -0.006188 0.052125
v -0.219584 -0.006390 0.055234
v -0.205876 -0.006163 0.049986
v -0.197200 0.039330 0.066092
v -0.193609 -0.005690 0.057877
v -0.221916 0.013835 0.068172
v -0.207413 0.014738 0.075032
v -0.232543 -0.006591 0.060874
v -0.224863 -0.006268 0.067101
v -0.222872 -0.006671 0.045919
v -0.224799 -0.006530 0.054755
v -0.201119 -0.006202 0.042611
v -0.208728 -0.006287 0.047498
v -0.201669 0.042734 0.064494
v -0.222937 0.018488 0.065977
v -0.232215 -0.006636 0.058375
v -0.222063 -0.006686 0.044286
v -0.202469 0.021236 0.045816
v -0.215539 0.030568 0.057470
v -0.201175 0.042439 0.059719
v -0.220080 0.021302 0.056015
v -0.218503 0.018127 0.052454
v -0.212184 0.025144 0.051668
v -0.207193 0.031892 0.052459
v -0.202712 0.036938 0.054223
v -0.204866 0.027953 0.049393
v -0.216233 0.015642 0.048922
v -0.213405 0.012490 0.044906
v -0.219945 0.006695 0.045965
v -0.224373 0.011939 0.054142
v -0.227388 0.003939 0.051997
v -0.228908 0.006455 0.056085
v -0.221202 0.024003 0.059416
v -0.225719 0.014898 0.061494
v -0.221830 0.023003 0.062848
v -0.211019 0.037486 0.059011
v -0.212769 0.037346 0.063235
v -0.206432 0.041488 0.061551
v -0.196963 0.030884 0.054594
v -0.195633 -0.005884 0.051178
v -0.198609 0.021298 0.047163
v -0.212027 -0.006469 0.042767
v -0.213104 -0.006441 0.045345
v -0.217975 -0.006591 0.043982
v -0.229352 -0.006692 0.052473
v -0.229181 -0.006622 0.055526
v -0.231780 -0.006658 0.056870
v -0.226869 -0.006363 0.064963
v -0.224720 -0.006273 0.066708
v -0.223950 0.008054 0.066483
v -0.211668 0.030823 0.069456
v -0.205948 0.027205 0.071836
v -0.203089 0.037312 0.068317
v -0.201920 -0.006207 0.043321
v -0.199032 -0.006063 0.046737
v -0.203840 -0.006183 0.046663
v -0.222482 -0.006600 0.048775
v -0.217191 -0.006447 0.049811
v -0.220871 -0.006494 0.051877
v -0.229921 -0.006490 0.062556
v -0.227923 -0.006462 0.061569
v -0.226434 -0.006366 0.064346
v -0.219172 0.010459 0.070713
v -0.218878 -0.006023 0.071605
v -0.214787 -0.005874 0.073825
v -0.194879 0.031108 0.065441
v -0.194420 0.020961 0.070565
v -0.193090 -0.005527 0.064926
v -0.199630 -0.005881 0.055931
v -0.203276 -0.005931 0.057817
v -0.204420 -0.006067 0.052760
v -0.211714 -0.006228 0.053702
v -0.211842 -0.006156 0.057247
v -0.215407 -0.006265 0.056263
v -0.220162 -0.006261 0.061966
v -0.216203 -0.006123 0.063831
v -0.220313 -0.006190 0.065447
v -0.194762 -0.005529 0.066776
v -0.195805 -0.005426 0.072804
v -0.198699 -0.005587 0.068628
v -0.214829 -0.005920 0.071748
v -0.208606 -0.005778 0.071148
v -0.207249 -0.005664 0.074917
v 0.230327 -0.003783 0.036414
v 0.217405 -0.003759 0.042893
v 0.220223 -0.004128 0.025769
v 0.236911 -0.003971 0.025521
v 0.238497 -0.003548 0.043113
v 0.226894 -0.003422 0.053446
v 0.215296 0.012270 0.038875
v 0.228544 0.010611 0.028669
v 0.247382 -0.003743 0.030928
v 0.236132 -0.003439 0.048812
v 0.219709 0.000647 0.053427
v 0.228672 0.012466 0.043595
v 0.226052 -0.004054 0.026488
v 0.223661 -0.003775 0.039562
v 0.217678 -0.004024 0.031319
v 0.221835 -0.003495 0.052429
v 0.228792 -0.003550 0.047102
v 0.234079 -0.003921 0.028865
v 0.228209 -0.004136 0.022041
v 0.235265 -0.003605 0.042015
v 0.240352 -0.003729 0.034512
v 0.233095 -0.003454 0.049470
v 0.217463 -0.003541 0.052302
v 0.223088 -0.003398 0.056111
v 0.214572 -0.004054 0.031363
v 0.214617 -0.003874 0.039103
v 0.233192 0.003275 0.024723
v 0.222425 0.006350 0.026792
v 0.244572 -0.003646 0.036296
v 0.244854 -0.003858 0.027054
v 0.230477 -0.003376 0.053909
v 0.238435 -0.003513 0.044660
v 0.216291 0.005260 0.045540
v 0.220605 0.013560 0.034604
v 0.240024 0.007415 0.028109
v 0.244911 -0.003578 0.039106
v 0.225740 0.001361 0.053537
v 0.220704 0.014140 0.041925
v 0.221432 0.006088 0.049163
v 0.229704 0.013948 0.035190
v 0.241211 0.009991 0.036072
v 0.234191 0.006226 0.047062
v 0.228609 -0.003922 0.031119
v 0.219988 -0.003770 0.041349
v 0.218571 -0.004098 0.027745
v 0.219261 -0.003619 0.048153
v 0.227647 -0.003472 0.050967
v 0.232312 -0.003855 0.032446
v 0.232734 -0.004065 0.023192
v 0.232900 -0.003691 0.039288
v 0.239718 -0.003618 0.039570
v 0.229812 -0.003429 0.051900
v 0.216975 -0.003644 0.048051
v 0.221187 -0.003433 0.055365
v 0.216815 -0.004106 0.028157
v 0.214287 -0.003891 0.038498
v 0.235452 -0.004015 0.024233
v 0.225319 0.008998 0.027764
v 0.241311 -0.003591 0.040071
v 0.247085 -0.003801 0.028562
v 0.228443 -0.003386 0.054340
v 0.237827 -0.003471 0.046739
v 0.215474 0.009550 0.041752
v 0.224545 0.012499 0.031420
v 0.245045 0.004902 0.028995
v 0.240838 -0.003498 0.044275
v 0.222015 0.000969 0.054044
v 0.217546 0.013852 0.040561
v 0.224783 0.009858 0.046773
v 0.229188 0.012686 0.031458
v 0.245600 0.006336 0.032735
v 0.235783 0.003320 0.048260
v 0.222881 -0.004119 0.025018
v 0.227284 -0.003784 0.037655
v 0.217248 -0.003901 0.036834
v 0.224381 -0.003442 0.053645
v 0.229770 -0.003663 0.041844
v 0.235546 -0.003959 0.026606
v 0.223848 -0.004150 0.023297
v 0.237044 -0.003557 0.043356
v 0.239278 -0.003860 0.029306
v 0.236012 -0.003496 0.046426
v 0.218476 -0.003500 0.053645
v 0.225015 -0.003398 0.055275
v 0.214290 0.010712 0.035479
v 0.215694 -0.003823 0.040830
v 0.230671 0.007310 0.026347
v 0.220645 -0.004123 0.025802
v 0.247124 -0.003700 0.032921
v 0.240992 -0.003917 0.026135
v 0.233242 -0.003401 0.051684
v 0.238516 -0.003530 0.043888
v 0.217744 0.002236 0.050135
v 0.217224 0.013806 0.037086
v 0.233882 0.009452 0.028040
v 0.247249 -0.003663 0.034454
v 0.231151 0.001288 0.051798
v 0.224347 0.013768 0.043183
v 0.219869 0.002923 0.051518
v 0.229347 0.014053 0.039621
v 0.234806 0.012041 0.040320
v 0.231412 0.009678 0.045581
v 0.227170 0.006295 0.049024
v 0.223341 0.003468 0.051821
v 0.229465 0.003804 0.050826
v 0.238557 0.008652 0.041695
v 0.240676 0.004661 0.043084
v 0.244357 0.006209 0.037340
v 0.235823 0.012546 0.035378
v 0.241418 0.009265 0.031545
v 0.235271 0.011271 0.031235
v 0.224774 0.015060 0.038890
v 0.224775 0.014451 0.035097
v 0.220678 0.015039 0.038372
v 0.220548 0.010345 0.045727
v 0.217830 0.010131 0.043748
v 0.218251 0.005651 0.047548
v 0.224107 -0.000915 0.055446
v 0.226532 -0.003373 0.055712
v 0.228104 -0.000937 0.054446
v 0.242338 -0.003547 0.041540
v 0.241940 -0.003577 0.040415
v 0.245612 -0.003614 0.037268
v 0.243442 -0.003885 0.026466
v 0.239765 -0.003952 0.025139
v 0.237044 0.005372 0.026005
v 0.220934 0.010395 0.030561
v 0.217772 0.007219 0.029091
v 0.216809 0.011036 0.033066
v 0.215047 -0.003787 0.042660
v 0.215660 -0.003707 0.045876
v 0.216408 -0.003628 0.048984
v 0.234543 -0.003433 0.049727
v 0.231924 -0.003406 0.052020
v 0.235469 -0.003472 0.047688
v 0.245878 -0.003749 0.031305
v 0.242887 -0.003680 0.035546
v 0.243317 -0.003796 0.030380
v 0.227440 0.004916 0.025163
v 0.230178 -0.004098 0.022861
v 0.225112 0.002152 0.023643
v 0.213869 -0.003986 0.034585
v 0.215259 -0.004062 0.030725
v 0.215379 -0.003968 0.034719
v 0.220082 -0.003442 0.055471
v 0.219291 -0.003496 0.053447
v 0.222112 -0.003425 0.055358
v 0.231045 -0.003488 0.048827
v 0.232247 -0.003568 0.044897
v 0.234281 -0.003511 0.046504
v 0.237882 -0.003662 0.038438
v 0.235286 -0.003755 0.035523
v 0.237422 -0.003817 0.031960
v 0.231375 -0.004058 0.024086
v 0.230243 -0.004011 0.026592
v 0.227127 -0.004121 0.023161
v 0.225168 -0.003517 0.050074
v 0.222610 -0.003622 0.046629
v 0.226293 -0.003646 0.044005
v 0.221687 -0.004053 0.028371
v 0.224811 -0.003930 0.032367
v 0.220617 -0.003919 0.034625
v -0.026152 -0.004318 0.001076
v -0.037425 -0.004436 0.005460
v -0.029104 -0.004536 -0.011535
v -0.019319 -0.004376 -0.011107
v -0.014594 -0.004137 0.000967
v -0.022187 -0.004089 0.013360
v -0.027511 0.011504 -0.009855
v -0.021779 -0.004520 -0.018866
v -0.009788 -0.004237 -0.011988
v -0.008776 -0.003979 0.005884
v -0.025566 0.021579 0.009766
v -0.017271 0.013341 -0.003712
v -0.028773 -0.004454 -0.005889
v -0.035103 -0.004396 0.005707
v -0.034233 -0.004533 -0.005363
v -0.032981 -0.004266 0.012838
v -0.025960 -0.004205 0.009138
v -0.022202 -0.004340 -0.005154
v -0.024115 -0.004469 -0.012451
v -0.018741 -0.004188 0.002039
v -0.016184 -0.004233 -0.004221
v -0.015713 -0.004058 0.008090
v -0.032057 0.015692 0.008632
v -0.023603 0.013592 0.012968
v -0.028609 0.000561 -0.011248
v -0.032355 0.009046 -0.005173
v -0.020098 -0.004478 -0.017717
v -0.025031 -0.004524 -0.015423
v -0.010803 -0.004169 -0.005754
v -0.013989 -0.004314 -0.012756
v -0.011518 -0.003943 0.011717
v -0.009907 -0.004025 0.003796
v -0.027466 0.019883 0.000544
v -0.024661 0.005788 -0.013514
v -0.015565 -0.004395 -0.016861
v -0.007705 -0.004093 -0.003785
v -0.016064 0.016014 0.008684
v -0.022438 0.016311 -0.006211
v -0.020192 0.020071 0.003601
v -0.019131 0.007019 -0.012997
v -0.013021 0.004277 -0.009659
v -0.012823 0.011308 0.001189
v -0.027752 -0.004386 -0.002097
v -0.037530 -0.004425 0.006382
v -0.031598 -0.004543 -0.009155
v -0.036520 -0.004359 0.010107
v -0.024448 -0.004143 0.011948
v -0.023960 -0.004328 -0.002181
v -0.021633 -0.004426 -0.012100
v -0.022400 -0.004251 0.001615
v -0.015305 -0.004181 -0.001433
v -0.018580 -0.004058 0.011413
v -0.035499 0.009765 0.007349
v -0.024966 0.018874 0.011754
v -0.029205 -0.004538 -0.011585
v -0.029735 0.010711 -0.008446
v -0.019584 -0.004429 -0.014763
v -0.023487 -0.004533 -0.017834
v -0.012818 -0.004150 -0.002061
v -0.011362 -0.004275 -0.012902
v -0.016538 -0.004002 0.013146
v -0.008353 -0.003981 0.005249
v -0.027657 0.016076 -0.005607
v -0.023317 0.002923 -0.016662
v -0.012168 -0.004312 -0.014696
v -0.007753 -0.004022 0.001546
v -0.021350 0.019995 0.009787
v -0.025262 0.014584 -0.008370
v -0.018389 0.017082 0.000103
v -0.020579 0.003474 -0.016853
v -0.010746 0.000684 -0.011563
v -0.010209 0.008782 0.003815
v -0.029228 -0.004509 -0.009408
v -0.030677 -0.004356 0.003494
v -0.036765 -0.004497 0.000214
v -0.027784 -0.004171 0.013759
v -0.026352 -0.004265 0.005168
v -0.020710 -0.004358 -0.008196
v -0.026859 -0.004510 -0.012245
v -0.016351 -0.004155 0.001714
v -0.017752 -0.004305 -0.007747
v -0.014874 -0.004095 0.004368
v -0.028886 0.019991 0.009851
v -0.022882 -0.004094 0.013796
v -0.028146 0.006275 -0.011162
v -0.035533 0.006527 0.000262
v -0.021043 -0.004514 -0.019276
v -0.027139 -0.004532 -0.013519
v -0.009551 -0.004199 -0.009466
v -0.016765 -0.004349 -0.012078
v -0.009205 -0.003941 0.009195
v -0.012462 -0.004086 0.002249
v -0.027002 0.021886 0.006272
v -0.026133 0.008846 -0.011775
v -0.018979 -0.004474 -0.018720
v -0.008269 -0.004167 -0.008602
v -0.011443 0.010782 0.007698
v -0.019674 0.015559 -0.004601
v -0.023044 0.021851 0.007223
v -0.018043 0.010615 -0.008255
v -0.015261 0.008991 -0.006528
v -0.015231 0.012773 -0.001128
v -0.016380 0.016374 0.002979
v -0.018311 0.019034 0.006549
v -0.014107 0.014321 0.005280
v -0.012572 0.007734 -0.004223
v -0.009548 0.006129 -0.001394
v -0.009769 0.002999 -0.007011
v -0.016091 0.005630 -0.011652
v -0.014038 0.001382 -0.013946
v -0.017277 0.002637 -0.015684
v -0.020748 0.011987 -0.009580
v -0.022090 0.007037 -0.013610
v -0.023575 0.011360 -0.010493
v -0.021400 0.019234 -0.000974
v -0.024757 0.019054 -0.002919
v -0.024006 0.021309 0.002598
v -0.019336 0.015736 0.011341
v -0.017023 -0.004014 0.012845
v -0.013008 0.010766 0.010792
v -0.008115 -0.004048 0.000006
v -0.010163 -0.004097 -0.001189
v -0.008471 -0.004124 -0.005131
v -0.014337 -0.004359 -0.015650
v -0.016923 -0.004402 -0.015849
v -0.017762 -0.004447 -0.018185
v -0.025116 -0.004519 -0.014964
v -0.026825 -0.004524 -0.013354
v -0.026562 0.003207 -0.012682
v -0.030186 0.015367 -0.002691
v -0.032871 0.013331 0.001851
v -0.030118 0.018866 0.004649
v -0.009713 -0.003959 0.008442
v -0.012908 -0.003981 0.010487
v -0.012308 -0.004027 0.006452
v -0.011997 -0.004238 -0.009459
v -0.013460 -0.004202 -0.005126
v -0.014785 -0.004268 -0.008452
v -0.022751 -0.004513 -0.017260
v -0.022145 -0.004479 -0.015470
v -0.024647 -0.004506 -0.014530
v -0.030629 0.004376 -0.009140
v -0.031596 -0.004540 -0.008992
v -0.033921 -0.004534 -0.005801
v -0.028690 0.015564 0.011876
v -0.033165 0.009954 0.011687
v -0.028868 -0.004193 0.013441
v -0.020572 -0.004123 0.008952
v -0.021750 -0.004186 0.005674
v -0.017370 -0.004122 0.005280
v -0.017345 -0.004207 -0.000958
v -0.020311 -0.004260 -0.001464
v -0.019085 -0.004280 -0.004350
v -0.023347 -0.004410 -0.008989
v -0.025358 -0.004400 -0.005870
v -0.026258 -0.004463 -0.009507
v -0.030236 -0.004236 0.011827
v -0.035188 -0.004335 0.010274
v -0.031352 -0.004302 0.008309
v -0.032170 -0.004503 -0.005603
v -0.032362 -0.004434 -0.000304
v -0.035683 -0.004477 0.000414
v 0.358116 -0.003948 0.027671
v 0.350108 -0.004477 0.018613
v 0.368922 -0.003792 0.020547
v 0.371904 -0.003424 0.029871
v 0.362214 -0.003500 0.038472
v 0.347967 -0.004058 0.035631
v 0.368074 0.016534 0.022501
v 0.378329 -0.003353 0.024884
v 0.376025 -0.003038 0.038504
v 0.359614 -0.003381 0.045626
v 0.350454 0.028602 0.031028
v 0.365871 0.018819 0.034213
v 0.363741 -0.003900 0.022807
v 0.350678 -0.004392 0.020876
v 0.361361 -0.004122 0.017869
v 0.344725 -0.004463 0.025329
v 0.350622 -0.004113 0.030635
v 0.365324 -0.003662 0.029223
v 0.371506 -0.003580 0.024909
v 0.359775 -0.003683 0.034952
v 0.366529 -0.003450 0.035189
v 0.355147 -0.003696 0.039882
v 0.349210 0.021053 0.024593
v 0.348042 0.018376 0.034035
v 0.368880 0.002676 0.021073
v 0.361982 0.013144 0.019594
v 0.377833 -0.003313 0.026857
v 0.373976 -0.003552 0.023023
v 0.369827 -0.003210 0.039705
v 0.375292 -0.003183 0.034300
v 0.353196 -0.003611 0.045069
v 0.361181 -0.003380 0.043844
v 0.358430 0.026771 0.026073
v 0.372428 0.009472 0.023953
v 0.378598 -0.003156 0.031404
v 0.369052 -0.003133 0.043291
v 0.354691 0.021756 0.039607
v 0.366463 0.022590 0.028482
v 0.358077 0.027026 0.033949
v 0.373867 0.011118 0.029309
v 0.372818 0.007621 0.036212
v 0.362789 0.016131 0.040093
v 0.360539 -0.003942 0.025075
v 0.349207 -0.004500 0.018833
v 0.365828 -0.003939 0.019030
v 0.346062 -0.004541 0.021067
v 0.348510 -0.004115 0.033024
v 0.361928 -0.003794 0.028602
v 0.372034 -0.003492 0.027357
v 0.358908 -0.003815 0.031376
v 0.364219 -0.003476 0.036976
v 0.351040 -0.003877 0.038342
v 0.349158 0.013514 0.020966
v 0.348768 0.025104 0.032298
v 0.368934 -0.003795 0.020435
v 0.365975 0.015433 0.020909
v 0.375241 -0.003356 0.028360
v 0.376771 -0.003441 0.023639
v 0.365668 -0.003367 0.039091
v 0.376338 -0.003079 0.036713
v 0.350120 -0.003836 0.040854
v 0.360356 -0.003351 0.045803
v 0.364090 0.022172 0.023797
v 0.375813 0.005982 0.024148
v 0.377741 -0.003071 0.035337
v 0.364036 -0.003249 0.045086
v 0.351874 0.026669 0.035001
v 0.367493 0.020428 0.025101
v 0.361949 0.023400 0.034455
v 0.376944 0.006740 0.026645
v 0.375349 0.003176 0.037716
v 0.361201 0.012872 0.043471
v 0.366885 -0.003842 0.021166
v 0.354285 -0.004174 0.024262
v 0.355256 -0.004339 0.017421
v 0.345658 -0.004282 0.030521
v 0.354210 -0.004043 0.028896
v 0.368692 -0.003540 0.029572
v 0.370364 -0.003690 0.022407
v 0.360906 -0.003584 0.037082
v 0.369295 -0.003435 0.032501
v 0.358928 -0.003584 0.039383
v 0.349211 0.026522 0.027955
v 0.347318 -0.004094 0.035130
v 0.369023 0.009935 0.021494
v 0.355759 0.009677 0.018510
v 0.378968 -0.003316 0.025433
v 0.371462 -0.003674 0.021704
v 0.373742 -0.003082 0.039597
v 0.373697 -0.003305 0.031930
v 0.356361 -0.003468 0.046367
v 0.361748 -0.003445 0.040913
v 0.353239 0.029101 0.028472
v 0.370322 0.013260 0.023150
v 0.379160 -0.003248 0.027561
v 0.373375 -0.003051 0.041098
v 0.357155 0.015239 0.043640
v 0.365899 0.021625 0.031636
v 0.353714 0.029093 0.032513
v 0.369835 0.015520 0.031940
v 0.369159 0.013443 0.035158
v 0.364146 0.018036 0.037024
v 0.359936 0.022428 0.037338
v 0.355951 0.025630 0.036740
v 0.358541 0.019775 0.040280
v 0.367912 0.011809 0.038485
v 0.366286 0.009718 0.042312
v 0.371443 0.005957 0.040187
v 0.373641 0.009359 0.032635
v 0.376455 0.004092 0.033800
v 0.376979 0.005693 0.030152
v 0.370159 0.017263 0.028936
v 0.373420 0.011110 0.026321
v 0.370031 0.016450 0.025973
v 0.361941 0.026118 0.031243
v 0.362604 0.025902 0.027423
v 0.357714 0.028566 0.030017
v 0.351065 0.021240 0.037459
v 0.350234 -0.003848 0.040296
v 0.353711 0.015070 0.043241
v 0.365355 -0.003230 0.044215
v 0.365767 -0.003283 0.041883
v 0.370049 -0.003133 0.042107
v 0.377887 -0.003135 0.032974
v 0.377179 -0.003230 0.030480
v 0.379080 -0.003212 0.028887
v 0.373517 -0.003565 0.023102
v 0.371415 -0.003665 0.022056
v 0.370962 0.006129 0.022477
v 0.360474 0.021112 0.022438
v 0.355263 0.018303 0.021505
v 0.353651 0.025272 0.025012
v 0.356891 -0.003472 0.045630
v 0.353869 -0.003639 0.043340
v 0.357860 -0.003529 0.042510
v 0.372889 -0.003177 0.037307
v 0.368320 -0.003326 0.037431
v 0.370982 -0.003306 0.035039
v 0.376488 -0.003425 0.024527
v 0.375018 -0.003440 0.025714
v 0.373272 -0.003556 0.023692
v 0.366248 0.007400 0.019878
v 0.365676 -0.003943 0.019088
v 0.361879 -0.004101 0.018010
v 0.347329 0.020827 0.028872
v 0.345898 0.013629 0.024652
v 0.345581 -0.004317 0.029395
v 0.352659 -0.003901 0.035623
v 0.355326 -0.003877 0.033388
v 0.357210 -0.003699 0.037359
v 0.363068 -0.003565 0.035228
v 0.362517 -0.003668 0.032271
v 0.365648 -0.003559 0.032424
v 0.368525 -0.003625 0.026825
v 0.364904 -0.003769 0.026016
v 0.368004 -0.003726 0.023917
v 0.346622 -0.004335 0.027554
v 0.346366 -0.004493 0.022374
v 0.349535 -0.004303 0.025292
v 0.362300 -0.004037 0.019721
v 0.357263 -0.004158 0.021371
v 0.355442 -0.004301 0.018504
v -0.161281 -0.005213 -0.056665
v -0.173164 -0.005411 -0.051499
v -0.164970 -0.005619 -0.070042
v -0.154478 -0.005338 -0.069995
v -0.148912 -0.004896 -0.057268
v -0.156520 -0.004787 -0.043682
v -0.163196 0.024237 -0.068299
v -0.157438 -0.005605 -0.078197
v -0.144312 -0.005097 -0.071339
v -0.142477 -0.004609 -0.052250
v -0.160290 0.042997 -0.047369
v -0.151976 0.027642 -0.062152
v -0.164379 -0.005464 -0.064011
v -0.170668 -0.005341 -0.051331
v -0.170202 -0.005602 -0.063219
v -0.168096 -0.005098 -0.043787
v -0.160736 -0.005000 -0.048043
v -0.157314 -0.005264 -0.063501
v -0.159669 -0.005505 -0.071231
v -0.153307 -0.004983 -0.055947
v -0.150832 -0.005074 -0.062755
v -0.149811 -0.004744 -0.049596
v -0.167286 0.032050 -0.048315
v -0.158053 0.028128 -0.044031
v -0.164429 0.003868 -0.069751
v -0.168184 0.019673 -0.063086
v -0.155589 -0.005529 -0.077039
v -0.160775 -0.005607 -0.074375
v -0.145137 -0.004965 -0.064622
v -0.148841 -0.005233 -0.071984
v -0.145167 -0.004535 -0.045890
v -0.143776 -0.004694 -0.054437
v -0.162711 0.039840 -0.057164
v -0.160298 0.013590 -0.072340
v -0.150701 -0.005382 -0.076312
v -0.141737 -0.004829 -0.062645
v -0.150163 0.032621 -0.048932
v -0.157613 0.033178 -0.064608
v -0.154796 0.040178 -0.054196
v -0.154356 0.015872 -0.072018
v -0.147676 0.010759 -0.068704
v -0.147008 0.023852 -0.057094
v -0.163126 -0.005339 -0.059996
v -0.173237 -0.005390 -0.050507
v -0.167541 -0.005626 -0.067389
v -0.172000 -0.005266 -0.046562
v -0.158999 -0.004886 -0.045099
v -0.159070 -0.005236 -0.060244
v -0.156997 -0.005427 -0.070960
v -0.157241 -0.005095 -0.056247
v -0.149774 -0.004978 -0.059808
v -0.152739 -0.004738 -0.045918
v -0.171024 0.021021 -0.049548
v -0.159563 0.037963 -0.045269
v -0.165081 -0.005623 -0.070090
v -0.165517 0.022766 -0.066697
v -0.154915 -0.005439 -0.073897
v -0.159223 -0.005626 -0.077020
v -0.147138 -0.004925 -0.060584
v -0.146035 -0.005164 -0.072251
v -0.150481 -0.004637 -0.044149
v -0.142051 -0.004614 -0.052946
v -0.163174 0.032751 -0.063742
v -0.158992 0.008253 -0.075768
v -0.146974 -0.005233 -0.074137
v -0.141565 -0.004693 -0.056936
v -0.155776 0.040042 -0.047526
v -0.160726 0.029967 -0.066801
v -0.153012 0.034609 -0.058020
v -0.156069 0.009274 -0.076087
v -0.145320 0.004067 -0.070840
v -0.144099 0.019146 -0.054395
v -0.165014 -0.005568 -0.067760
v -0.166023 -0.005275 -0.053887
v -0.172677 -0.005528 -0.057143
v -0.162494 -0.004931 -0.043020
v -0.161322 -0.005113 -0.052277
v -0.155844 -0.005301 -0.066820
v -0.162598 -0.005575 -0.070896
v -0.150761 -0.004926 -0.056394
v -0.152659 -0.005208 -0.066464
v -0.149069 -0.004817 -0.053616
v -0.163840 0.040048 -0.047141
v -0.157245 -0.004795 -0.043187
v -0.163930 0.014503 -0.069676
v -0.171358 0.014991 -0.057135
v -0.156667 -0.005596 -0.078667
v -0.162951 -0.005616 -0.072248
v -0.143952 -0.005026 -0.068649
v -0.151785 -0.005292 -0.071142
v -0.142797 -0.004536 -0.048687
v -0.146576 -0.004805 -0.055986
v -0.161974 0.043570 -0.051049
v -0.161801 0.019287 -0.070414
v -0.154434 -0.005524 -0.078158
v -0.142544 -0.004968 -0.067778
v -0.145257 0.022874 -0.050185
v -0.154585 0.031774 -0.063001
v -0.157697 0.043499 -0.050198
v -0.152993 0.022567 -0.066985
v -0.149942 0.019539 -0.065255
v -0.149683 0.026582 -0.059473
v -0.150741 0.033290 -0.055025
v -0.152659 0.038245 -0.051121
v -0.148211 0.029465 -0.052659
v -0.146967 0.017197 -0.062901
v -0.143610 0.014204 -0.060001
v -0.144083 0.008375 -0.066007
v -0.151046 0.013282 -0.070708
v -0.148944 0.005369 -0.073252
v -0.152485 0.007711 -0.074975
v -0.155945 0.025125 -0.068288
v -0.157551 0.015912 -0.072550
v -0.159009 0.023962 -0.069147
v -0.156281 0.038620 -0.059043
v -0.159957 0.038290 -0.060985
v -0.158921 0.042489 -0.055109
v -0.153553 0.032111 -0.045950
v -0.151013 -0.004658 -0.044450
v -0.146803 0.022849 -0.046807
v -0.142017 -0.004742 -0.058569
v -0.144259 -0.004830 -0.059762
v -0.142614 -0.004884 -0.064054
v -0.149335 -0.005317 -0.075068
v -0.152113 -0.005394 -0.075172
v -0.153108 -0.005477 -0.077637
v -0.160846 -0.005597 -0.073881
v -0.162607 -0.005603 -0.072084
v -0.162298 0.008790 -0.071371
v -0.165758 0.031436 -0.060515
v -0.168442 0.027654 -0.055541
v -0.165378 0.037953 -0.052657
v -0.143373 -0.004569 -0.049472
v -0.146707 -0.004605 -0.047148
v -0.146234 -0.004692 -0.051493
v -0.146570 -0.005093 -0.068538
v -0.147954 -0.005022 -0.063839
v -0.149512 -0.005144 -0.067344
v -0.158411 -0.005591 -0.076438
v -0.157686 -0.005528 -0.074546
v -0.160325 -0.005573 -0.073435
v -0.166503 0.010974 -0.067408
v -0.167532 -0.005622 -0.067214
v -0.169886 -0.005604 -0.063701
v -0.163545 0.031807 -0.044984
v -0.168343 0.021371 -0.045002
v -0.163668 -0.004969 -0.043315
v -0.154976 -0.004856 -0.048469
v -0.156374 -0.004973 -0.051929
v -0.151702 -0.004862 -0.052534
v -0.151937 -0.005022 -0.059213
v -0.155134 -0.005117 -0.059630
v -0.153943 -0.005157 -0.062772
v -0.158701 -0.005394 -0.067558
v -0.160723 -0.005370 -0.064135
v -0.161839 -0.005488 -0.067991
v -0.165201 -0.005049 -0.044985
v -0.170566 -0.005225 -0.046439
v -0.166543 -0.005170 -0.048704
v -0.168003 -0.005551 -0.063563
v -0.167986 -0.005420 -0.057881
v -0.171511 -0.005493 -0.056973
v 0.046255 -0.004057 -0.219511
v 0.050217 -0.003673 -0.200781
v 0.029667 -0.004216 -0.209959
v 0.032041 -0.004539 -0.232338
v 0.054059 -0.004195 -0.236991
v 0.065293 -0.003660 -0.217488
v 0.038451 -0.003918 -0.202032
v 0.027218 -0.004453 -0.221535
v 0.042429 0.011241 -0.238125
v 0.062979 0.011784 -0.228948
v 0.060619 0.013780 -0.206556
v 0.046519 0.026533 -0.219284
v 0.036505 -0.004150 -0.213897
v 0.048584 -0.003831 -0.208502
v 0.038833 -0.003925 -0.202887
v 0.059774 -0.003598 -0.207313
v 0.057445 -0.003823 -0.218322
v 0.037900 -0.004340 -0.227051
v 0.028150 -0.004434 -0.221436
v 0.050842 -0.004138 -0.229786
v 0.042488 -0.004422 -0.237325
v 0.062032 -0.003905 -0.228597
v 0.056939 -0.003547 -0.200963
v 0.065801 -0.003540 -0.210783
v 0.031917 -0.004069 -0.203622
v 0.043997 -0.003749 -0.198228
v 0.026710 -0.004573 -0.228240
v 0.025314 -0.004384 -0.215086
v 0.048649 0.011318 -0.240679
v 0.035572 -0.004566 -0.238060
v 0.067196 -0.003730 -0.223937
v 0.060728 0.011637 -0.235285
v 0.050189 0.015543 -0.201555
v 0.030644 0.015026 -0.210284
v 0.032902 0.014719 -0.231567
v 0.053978 0.030727 -0.235877
v 0.064662 0.031237 -0.217328
v 0.041901 0.023039 -0.209037
v 0.054843 0.023241 -0.211772
v 0.035298 0.022724 -0.220500
v 0.044294 0.038413 -0.230204
v 0.056374 0.038732 -0.224810
v -0.069502 -0.005627 0.062316
v -0.089160 -0.005927 0.049026
v -0.062940 -0.005753 0.039516
v -0.045789 -0.005405 0.061516
v -0.061409 -0.005364 0.084621
v -0.088214 -0.005686 0.076902
v -0.077595 -0.005890 0.040011
v -0.050790 -0.005568 0.047731
v -0.049677 0.004477 0.075751
v -0.075897 0.004304 0.085260
v -0.093031 0.005002 0.063276
v -0.069176 0.013499 0.062597
v -0.065645 -0.005701 0.048915
v -0.081057 -0.005803 0.054504
v -0.077200 -0.005877 0.041103
v -0.092055 -0.005838 0.063077
v -0.080501 -0.005662 0.070890
v -0.055564 -0.005497 0.061846
v -0.051707 -0.005571 0.048444
v -0.064745 -0.005473 0.075427
v -0.050807 -0.005342 0.074957
v -0.075744 -0.005507 0.084000
v -0.094996 -0.005934 0.054975
v -0.094440 -0.005792 0.071360
v -0.070402 -0.005856 0.035804
v -0.085814 -0.005958 0.041393
v -0.044565 -0.005462 0.053273
v -0.054646 -0.005667 0.040341
v -0.053023 0.004508 0.083383
v -0.044009 -0.005321 0.069658
v -0.084358 -0.005588 0.084291
v -0.068435 0.004406 0.088972
v -0.087993 0.006114 0.049853
v -0.063055 0.006279 0.040809
v -0.046744 0.006610 0.061732
v -0.061432 0.016454 0.083851
v -0.086925 0.016148 0.076509
v -0.073971 0.011109 0.049454
v -0.083153 0.011133 0.063035
v -0.058216 0.011298 0.053992
v -0.057492 0.021244 0.070521
v -0.072904 0.021142 0.076110
v -0.051200 -0.001847 -0.091512
v -0.052283 0.005563 -0.082805
v -0.051754 -0.000908 -0.073916
v -0.060819 -0.006767 -0.084802
v -0.063674 -0.004535 -0.101787
v -0.061051 0.003809 -0.098682
v -0.053391 0.003582 -0.074782
v -0.062100 -0.003362 -0.074367
v -0.073634 -0.004542 -0.089162
v -0.070358 0.001306 -0.099537
v -0.062333 0.007213 -0.088247
v -0.067945 0.001667 -0.083646
v -0.048682 -0.001978 -0.082913
v -0.048446 0.001746 -0.087969
v -0.047028 0.001959 -0.078628
v -0.055598 0.005338 -0.091369
v -0.053734 0.000613 -0.097552
v -0.053995 -0.005321 -0.089262
v -0.055451 -0.004622 -0.078148
v -0.057042 -0.003664 -0.098241
v -0.063811 -0.006308 -0.093477
v -0.060435 -0.000693 -0.103404
v -0.056468 0.007453 -0.085213
v -0.061316 0.006500 -0.094307
v -0.052605 0.001915 -0.071448
v -0.053400 0.005746 -0.076199
v -0.061436 -0.005751 -0.077630
v -0.056103 -0.002587 -0.072011
v -0.066395 -0.005997 -0.098126
v -0.069452 -0.006411 -0.086573
v -0.063190 0.002255 -0.102848
v -0.066393 -0.001984 -0.103709
v -0.059341 0.006755 -0.079573
v -0.058840 0.000405 -0.071430
v -0.070180 -0.004412 -0.080380
v -0.072236 -0.002218 -0.096683
v -0.070445 0.005661 -0.093578
v -0.065097 0.003892 -0.075296
v -0.069027 0.005874 -0.084238
v -0.068526 -0.000476 -0.076095
v -0.073693 -0.001518 -0.085569
v -0.070582 0.001718 -0.092398
v 0.060917 -0.003864 0.086309
v 0.057693 0.000069 0.089127
v 0.054888 -0.003870 0.092584
v 0.055166 -0.003925 0.085646
v 0.059735 -0.003940 0.078432
v 0.059714 -0.000745 0.080396
v 0.054616 -0.000947 0.091717
v 0.051237 -0.003934 0.089020
v 0.051894 -0.004005 0.079776
v 0.056525 -0.003983 0.076981
v 0.055813 0.000893 0.083795
v 0.052187 -0.001879 0.083649
v 0.058996 -0.003849 0.090306
v 0.060752 -0.003847 0.088484
v 0.058181 -0.003840 0.092385
v 0.059309 -0.000011 0.084883
v 0.061980 -0.003879 0.083222
v 0.059149 -0.003881 0.086250
v 0.054934 -0.003892 0.089845
v 0.060999 -0.003899 0.081921
v 0.056937 -0.003942 0.081461
v 0.061456 -0.003920 0.078867
v 0.056965 0.001008 0.086850
v 0.058187 0.000567 0.081906
v 0.053754 -0.003876 0.093179
v 0.055097 0.000129 0.091185
v 0.052564 -0.003930 0.088067
v 0.052661 -0.003897 0.091863
v 0.057525 -0.003958 0.078893
v 0.052578 -0.003979 0.082132
v 0.060296 -0.001499 0.078163
v 0.059368 -0.003958 0.076797
v 0.054038 0.000634 0.087975
v 0.051458 -0.003915 0.091137
v 0.050257 -0.003984 0.084146
v 0.054894 -0.003995 0.077448
v 0.054585 0.000136 0.079156
v 0.050486 -0.000809 0.087652
v 0.052015 0.000203 0.083058
v 0.049442 -0.003975 0.086225
v 0.050679 -0.004006 0.081044
v 0.054116 -0.001820 0.079558
v -0.257614 -0.004528 0.111641
v -0.259985 -0.000892 0.114818
v -0.261837 -0.004512 0.118462
v -0.262926 -0.004574 0.112153
v -0.260200 -0.004610 0.104768
v -0.259847 -0.001660 0.106554
v -0.262257 -0.001818 0.117743
v -0.265816 -0.004571 0.115953
v -0.267008 -0.004652 0.107493
v -0.263374 -0.004646 0.104080
v -0.262712 -0.000137 0.110377
v -0.266002 -0.002686 0.110935
v -0.258573 -0.004504 0.115615
v -0.257343 -0.004508 0.113633
v -0.258907 -0.004490 0.117646
v -0.259348 -0.000975 0.110680
v -0.257250 -0.004549 0.108653
v -0.259218 -0.004541 0.111928
v -0.262324 -0.004537 0.115984
v -0.258387 -0.004568 0.107669
v -0.262138 -0.004601 0.108039
v -0.258564 -0.004593 0.104828
v -0.261083 -0.000028 0.112909
v -0.260936 -0.000445 0.108214
v -0.262744 -0.004514 0.119217
v -0.261928 -0.000827 0.117174
v -0.264804 -0.004570 0.114838
v -0.263984 -0.004534 0.118242
v -0.262103 -0.004621 0.105610
v -0.265937 -0.004626 0.109485
v -0.259752 -0.002360 0.104425
v -0.260846 -0.004627 0.103365
v -0.263505 -0.000366 0.114487
v -0.265208 -0.004549 0.117819
v -0.267640 -0.004623 0.111748
v -0.264753 -0.004653 0.104815
v -0.264713 -0.000841 0.106429
v -0.266765 -0.001690 0.114877
v -0.266276 -0.000768 0.110443
v -0.267974 -0.004610 0.113780
v -0.267859 -0.004649 0.108870
v -0.265053 -0.002643 0.106876
v -0.084559 -0.004534 -0.214420
v -0.087181 -0.000512 -0.210906
v -0.089230 -0.004516 -0.206876
v -0.090434 -0.004586 -0.213854
v -0.087419 -0.004624 -0.222022
v -0.087029 -0.001362 -0.220047
v -0.089694 -0.001537 -0.207671
v -0.093631 -0.004582 -0.209651
v -0.094949 -0.004672 -0.219009
v -0.090929 -0.004665 -0.222783
v -0.090198 0.000322 -0.215818
v -0.093836 -0.002497 -0.215201
v -0.085620 -0.004508 -0.210026
v -0.084259 -0.004513 -0.212216
v -0.085988 -0.004492 -0.207778
v -0.086477 -0.000605 -0.215483
v -0.084157 -0.004557 -0.217725
v -0.086333 -0.004548 -0.214102
v -0.089768 -0.004544 -0.209617
v -0.085414 -0.004578 -0.218813
v -0.089562 -0.004615 -0.218404
v -0.085610 -0.004606 -0.221956
v -0.088396 0.000443 -0.213018
v -0.088232 -0.000018 -0.218210
v -0.090233 -0.004519 -0.206041
v -0.089330 -0.000441 -0.208300
v -0.092511 -0.004581 -0.210884
v -0.091604 -0.004541 -0.207119
v -0.089523 -0.004637 -0.221091
v -0.093764 -0.004642 -0.216804
v -0.086923 -0.002136 -0.222401
v -0.088134 -0.004644 -0.223574
v -0.091074 0.000069 -0.211272
v -0.092958 -0.004558 -0.207587
v -0.095648 -0.004640 -0.214301
v -0.092455 -0.004672 -0.221970
v -0.092411 -0.000456 -0.220185
v -0.094680 -0.001396 -0.210841
v -0.094139 -0.000375 -0.215745
v -0.096017 -0.004624 -0.212054
v -0.095890 -0.004668 -0.217485
v -0.092787 -0.002449 -0.219690
v 0.074849 -0.005173 -0.155927
v 0.071061 0.000638 -0.150850
v 0.068101 -0.005147 -0.145027
v 0.066362 -0.005248 -0.155109
v 0.070718 -0.005304 -0.166910
v 0.071281 -0.000590 -0.164056
v 0.067430 -0.000843 -0.146176
v 0.061742 -0.005242 -0.149036
v 0.059838 -0.005372 -0.162556
v 0.065646 -0.005362 -0.168010
v 0.066702 0.001843 -0.157947
v 0.061446 -0.002230 -0.157055
v 0.073316 -0.005135 -0.149577
v 0.075283 -0.005142 -0.152743
v 0.072783 -0.005113 -0.146331
v 0.072078 0.000504 -0.157462
v 0.075430 -0.005207 -0.160702
v 0.072286 -0.005193 -0.155468
v 0.067323 -0.005187 -0.148987
v 0.073614 -0.005237 -0.162273
v 0.067621 -0.005290 -0.161683
v 0.073330 -0.005278 -0.166814
v 0.069305 0.002017 -0.153900
v 0.069542 0.001351 -0.161402
v 0.066651 -0.005151 -0.143821
v 0.067955 0.000740 -0.147084
v 0.063360 -0.005241 -0.150818
v 0.064670 -0.005183 -0.145379
v 0.067676 -0.005322 -0.165564
v 0.061549 -0.005329 -0.159371
v 0.071432 -0.001709 -0.167457
v 0.069684 -0.005332 -0.169152
v 0.065436 0.001478 -0.151379
v 0.062714 -0.005208 -0.146054
v 0.058828 -0.005325 -0.155755
v 0.063441 -0.005373 -0.166835
v 0.063506 0.000718 -0.164255
v 0.060226 -0.000639 -0.150756
v 0.061008 0.000836 -0.157841
v 0.058295 -0.005304 -0.152508
v 0.058479 -0.005367 -0.160354
v 0.062962 -0.002161 -0.163541
v 0.175173 -0.004081 -0.048876
v 0.170734 0.002726 -0.042927
v 0.167267 -0.004051 -0.036106
v 0.165229 -0.004169 -0.047918
v 0.170332 -0.004235 -0.061744
v 0.170992 0.001288 -0.058400
v 0.166481 0.000992 -0.037451
v 0.159816 -0.004162 -0.040802
v 0.157585 -0.004315 -0.056642
v 0.164390 -0.004303 -0.063032
v 0.165628 0.004138 -0.051243
v 0.159469 -0.000634 -0.050197
v 0.173378 -0.004037 -0.041437
v 0.175681 -0.004045 -0.045146
v 0.172753 -0.004011 -0.037633
v 0.171926 0.002570 -0.050675
v 0.175854 -0.004121 -0.054470
v 0.172169 -0.004106 -0.048338
v 0.166355 -0.004099 -0.040745
v 0.173726 -0.004157 -0.056312
v 0.166704 -0.004219 -0.055620
v 0.173394 -0.004204 -0.061631
v 0.168678 0.004342 -0.046502
v 0.168955 0.003562 -0.055291
v 0.165568 -0.004056 -0.034693
v 0.167096 0.002846 -0.038516
v 0.161712 -0.004161 -0.042891
v 0.163247 -0.004094 -0.036518
v 0.166769 -0.004256 -0.060167
v 0.159591 -0.004265 -0.052911
v 0.171170 -0.000023 -0.062385
v 0.169122 -0.004268 -0.064371
v 0.164145 0.003710 -0.043548
v 0.160955 -0.004122 -0.037309
v 0.156402 -0.004260 -0.048674
v 0.161807 -0.004316 -0.061656
v 0.161883 0.002821 -0.058633
v 0.158041 0.001230 -0.042818
v 0.158956 0.002958 -0.051119
v 0.155777 -0.004235 -0.044871
v 0.155993 -0.004309 -0.054063
v 0.161246 -0.000553 -0.057797
v -0.205802 -0.005626 -0.140661
v -0.209591 0.000184 -0.135584
v -0.212550 -0.005600 -0.129762
v -0.214290 -0.005701 -0.139843
v -0.209934 -0.005757 -0.151644
v -0.209371 -0.001044 -0.148790
v -0.213221 -0.001296 -0.130910
v -0.218909 -0.005695 -0.133770
v -0.220814 -0.005826 -0.147290
v -0.215006 -0.005815 -0.152744
v -0.213949 0.001390 -0.142681
v -0.219205 -0.002684 -0.141789
v -0.207335 -0.005588 -0.134312
v -0.205369 -0.005595 -0.137478
v -0.207868 -0.005566 -0.131065
v -0.208573 0.000051 -0.142197
v -0.205221 -0.005660 -0.145436
v -0.208366 -0.005647 -0.140202
v -0.213328 -0.005641 -0.133721
v -0.207037 -0.005691 -0.147008
v -0.213031 -0.005743 -0.146417
v -0.207321 -0.005731 -0.151548
v -0.211346 0.001564 -0.138635
v -0.211110 0.000898 -0.146136
v -0.214000 -0.005604 -0.128556
v -0.212696 0.000287 -0.131819
v -0.217291 -0.005694 -0.135553
v -0.215981 -0.005636 -0.130114
v -0.212975 -0.005775 -0.150298
v -0.219102 -0.005783 -0.144106
v -0.209219 -0.002162 -0.152191
v -0.210967 -0.005785 -0.153887
v -0.215215 0.001024 -0.136113
v -0.217937 -0.005661 -0.130788
v -0.221823 -0.005779 -0.140489
v -0.217210 -0.005826 -0.151569
v -0.217146 0.000265 -0.148989
v -0.220425 -0.001092 -0.135491
v -0.219644 0.000382 -0.142575
v -0.222357 -0.005757 -0.137243
v -0.222173 -0.005820 -0.145089
v -0.217689 -0.002614 -0.148276
v 0.105081 -0.004796 0.055993
v 0.109663 0.001017 0.051614
v 0.113143 -0.004801 0.046026
v 0.113604 -0.004711 0.056246
v 0.107803 -0.004675 0.067408
v 0.107752 -0.000014 0.064653
v 0.113803 -0.000463 0.047385
v 0.118949 -0.004705 0.050800
v 0.119143 -0.004590 0.064452
v 0.112697 -0.004613 0.069134
v 0.113139 0.002420 0.059243
v 0.118336 -0.001563 0.058890
v 0.107398 -0.004824 0.049887
v 0.105050 -0.004822 0.052781
v 0.108334 -0.004841 0.046732
v 0.107822 0.000964 0.058044
v 0.103906 -0.004768 0.060658
v 0.107682 -0.004772 0.055859
v 0.113418 -0.004765 0.050053
v 0.105510 -0.004738 0.062445
v 0.111531 -0.004678 0.062611
v 0.105222 -0.004703 0.066985
v 0.111067 0.002479 0.054906
v 0.109873 0.001923 0.062299
v 0.114732 -0.004794 0.045012
v 0.113219 0.001124 0.048271
v 0.117120 -0.004710 0.052366
v 0.116502 -0.004762 0.046806
v 0.110989 -0.004652 0.066454
v 0.117844 -0.004630 0.061079
v 0.107140 -0.001084 0.067974
v 0.108547 -0.004648 0.069762
v 0.115205 0.001979 0.052873
v 0.118359 -0.004736 0.047720
v 0.120997 -0.004627 0.057832
v 0.115031 -0.004598 0.068246
v 0.115486 0.001456 0.065869
v 0.120386 -0.000043 0.052843
v 0.118771 0.001526 0.059822
v 0.121933 -0.004644 0.054678
v 0.120767 -0.004591 0.062439
v 0.116022 -0.001425 0.065138
v 0.136989 -0.003415 -0.094440
v 0.141571 0.002397 -0.098819
v 0.145051 -0.003420 -0.104407
v 0.145512 -0.003331 -0.094186
v 0.139711 -0.003294 -0.083025
v 0.139661 0.001366 -0.085779
v 0.145711 0.000917 -0.103047
v 0.150857 -0.003325 -0.099632
v 0.151051 -0.003210 -0.085980
v 0.144605 -0.003233 -0.081298
v 0.145047 0.003800 -0.091190
v 0.150244 -0.000183 -0.091543
v 0.139306 -0.003444 -0.100546
v 0.136958 -0.003442 -0.097652
v 0.140242 -0.003461 -0.103701
v 0.139730 0.002344 -0.092388
v 0.135814 -0.003388 -0.089775
v 0.139590 -0.003391 -0.094574
v 0.145326 -0.003384 -0.100380
v 0.137418 -0.003358 -0.087988
v 0.143438 -0.003298 -0.087822
v 0.137130 -0.003323 -0.083448
v 0.142976 0.003859 -0.095527
v 0.141781 0.003304 -0.088134
v 0.146640 -0.003414 -0.105421
v 0.145127 0.002505 -0.102162
v 0.149028 -0.003330 -0.098066
v 0.148410 -0.003382 -0.103627
v 0.142897 -0.003272 -0.083979
v 0.149752 -0.003250 -0.089354
v 0.139048 0.000296 -0.082459
v 0.140455 -0.003268 -0.080671
v 0.147114 0.003359 -0.097560
v 0.150267 -0.003356 -0.102712
v 0.152906 -0.003247 -0.092601
v 0.146939 -0.003218 -0.082187
v 0.147394 0.002836 -0.084564
v 0.152294 0.001337 -0.097590
v 0.150680 0.002906 -0.090611
v 0.153842 -0.003264 -0.095755
v 0.152675 -0.003211 -0.087994
v 0.147930 -0.000045 -0.085295
v -0.059385 -0.003629 -0.134682
v -0.056213 0.000394 -0.137714
v -0.053805 -0.003633 -0.141581
v -0.053486 -0.003571 -0.134507
v -0.057501 -0.003546 -0.126782
v -0.057536 -0.000320 -0.128688
v -0.053348 -0.000630 -0.140640
v -0.049786 -0.003567 -0.138276
v -0.049652 -0.003487 -0.128827
v -0.054114 -0.003503 -0.125586
v -0.053808 0.001365 -0.132433
v -0.050210 -0.001392 -0.132678
v -0.057782 -0.003649 -0.138909
v -0.059407 -0.003648 -0.136906
v -0.057134 -0.003661 -0.141092
v -0.057488 0.000357 -0.133263
v -0.060198 -0.003610 -0.131454
v -0.057585 -0.003613 -0.134775
v -0.053615 -0.003608 -0.138794
v -0.059088 -0.003589 -0.130217
v -0.054921 -0.003548 -0.130102
v -0.059287 -0.003565 -0.127075
v -0.055241 0.001406 -0.135435
v -0.056068 0.001021 -0.130318
v -0.052705 -0.003628 -0.142283
v -0.053752 0.000468 -0.140027
v -0.051052 -0.003570 -0.137193
v -0.051480 -0.003606 -0.141042
v -0.055296 -0.003530 -0.127442
v -0.050551 -0.003515 -0.131163
v -0.057960 -0.001060 -0.126390
v -0.056986 -0.003527 -0.125152
v -0.052377 0.001060 -0.136842
v -0.050195 -0.003588 -0.140408
v -0.048368 -0.003513 -0.133410
v -0.052498 -0.003493 -0.126202
v -0.052183 0.000698 -0.127847
v -0.048792 -0.000340 -0.136863
v -0.049909 0.000746 -0.132032
v -0.047720 -0.003525 -0.135593
v -0.048528 -0.003488 -0.130221
v -0.051812 -0.001296 -0.128353
v 0.212383 -0.004637 -0.114504
v 0.216965 0.001175 -0.118883
v 0.220445 -0.004642 -0.124471
v 0.220906 -0.004553 -0.114251
v 0.215105 -0.004516 -0.103089
v 0.215055 0.000145 -0.105844
v 0.221105 -0.000304 -0.123111
v 0.226251 -0.004546 -0.119697
v 0.226445 -0.004431 -0.106045
v 0.219999 -0.004454 -0.101363
v 0.220441 0.002579 -0.111254
v 0.225638 -0.001404 -0.111607
v 0.214700 -0.004665 -0.120610
v 0.212352 -0.004664 -0.117716
v 0.215636 -0.004682 -0.123765
v 0.215124 0.001123 -0.112453
v 0.211208 -0.004609 -0.109839
v 0.214984 -0.004613 -0.114638
v 0.220720 -0.004606 -0.120445
v 0.212812 -0.004579 -0.108052
v 0.218833 -0.004520 -0.107887
v 0.212524 -0.004544 -0.103512
v 0.218370 0.002638 -0.115591
v 0.217175 0.002082 -0.108198
v 0.222034 -0.004635 -0.125485
v 0.220521 0.001283 -0.122226
v 0.224422 -0.004551 -0.118131
v 0.223805 -0.004603 -0.123691
v 0.218291 -0.004493 -0.104043
v 0.225146 -0.004472 -0.109419
v 0.214442 -0.000925 -0.102523
v 0.215849 -0.004489 -0.100735
v 0.222508 0.002138 -0.117624
v 0.225661 -0.004578 -0.122777
v 0.228300 -0.004468 -0.112665
v 0.222334 -0.004439 -0.102251
v 0.222788 0.001615 -0.104628
v 0.227688 0.000116 -0.117654
v 0.226073 0.001684 -0.110675
v 0.229236 -0.004485 -0.115819
v 0.228069 -0.004432 -0.108058
v 0.223324 -0.001266 -0.105359
v 0.302734 -0.005357 0.133893
v 0.308103 0.001453 0.128763
v 0.312179 -0.005363 0.122216
v 0.312720 -0.005258 0.134190
v 0.305923 -0.005215 0.147267
v 0.305864 0.000246 0.144040
v 0.312953 -0.000280 0.123809
v 0.318982 -0.005251 0.127809
v 0.319209 -0.005116 0.143804
v 0.311657 -0.005143 0.149290
v 0.312175 0.003097 0.137701
v 0.318264 -0.001569 0.137287
v 0.305448 -0.005390 0.126739
v 0.302697 -0.005388 0.130130
v 0.306545 -0.005410 0.123043
v 0.305945 0.001391 0.136297
v 0.301357 -0.005325 0.139358
v 0.305781 -0.005329 0.133736
v 0.312502 -0.005321 0.126933
v 0.303237 -0.005289 0.141452
v 0.310290 -0.005220 0.141646
v 0.302900 -0.005248 0.146771
v 0.309748 0.003167 0.132619
v 0.308348 0.002515 0.141282
v 0.314042 -0.005355 0.121027
v 0.312269 0.001579 0.124846
v 0.316840 -0.005256 0.129644
v 0.316116 -0.005317 0.123129
v 0.309655 -0.005188 0.146150
v 0.317687 -0.005163 0.139851
v 0.305146 -0.001008 0.147930
v 0.306794 -0.005184 0.150025
v 0.314596 0.002581 0.130238
v 0.318290 -0.005288 0.124201
v 0.321382 -0.005159 0.136048
v 0.314392 -0.005125 0.148249
v 0.314925 0.001967 0.145464
v 0.320666 0.000212 0.130203
v 0.318774 0.002049 0.138379
v 0.322479 -0.005179 0.132352
v 0.321112 -0.005117 0.141445
v 0.315553 -0.001408 0.144608
v -0.175966 -0.006779 0.162306
v -0.173099 -0.003142 0.159565
v -0.170921 -0.006782 0.156069
v -0.170632 -0.006727 0.162465
v -0.174263 -0.006704 0.169449
v -0.174294 -0.003787 0.167725
v -0.170508 -0.004068 0.156919
v -0.167288 -0.006723 0.159056
v -0.167166 -0.006651 0.167599
v -0.171200 -0.006665 0.170530
v -0.170924 -0.002264 0.164340
v -0.167671 -0.004756 0.164119
v -0.174517 -0.006797 0.158484
v -0.175986 -0.006796 0.160296
v -0.173931 -0.006808 0.156510
v -0.174251 -0.003175 0.163589
v -0.176702 -0.006762 0.165225
v -0.174339 -0.006764 0.162222
v -0.170749 -0.006760 0.158588
v -0.175698 -0.006743 0.166343
v -0.171930 -0.006706 0.166447
v -0.175878 -0.006721 0.169185
v -0.172220 -0.002227 0.161626
v -0.172967 -0.002575 0.166252
v -0.169926 -0.006778 0.155434
v -0.170873 -0.003075 0.157474
v -0.168432 -0.006726 0.160036
v -0.168819 -0.006758 0.156556
v -0.172269 -0.006689 0.168852
v -0.167979 -0.006676 0.165488
v -0.174678 -0.004457 0.169804
v -0.173797 -0.006687 0.170922
v -0.169630 -0.002540 0.160353
v -0.167657 -0.006742 0.157129
v -0.166006 -0.006674 0.163457
v -0.169739 -0.006656 0.169974
v -0.169455 -0.002867 0.168486
v -0.166388 -0.003805 0.160335
v -0.167399 -0.002823 0.164702
v -0.165420 -0.006685 0.161483
v -0.166150 -0.006651 0.166340
v -0.169120 -0.004670 0.168029
v -0.095303 -0.003334 0.178589
v -0.092192 0.000611 0.175616
v -0.089830 -0.003338 0.171823
v -0.089517 -0.003277 0.178760
v -0.093455 -0.003252 0.186337
v -0.093489 -0.000089 0.184467
v -0.089382 -0.000393 0.172746
v -0.085889 -0.003273 0.175064
v -0.085757 -0.003195 0.184331
v -0.090133 -0.003211 0.187509
v -0.089833 0.001563 0.180795
v -0.086305 -0.001140 0.180555
v -0.093730 -0.003354 0.174443
v -0.095324 -0.003353 0.176408
v -0.093095 -0.003365 0.172303
v -0.093442 0.000575 0.179981
v -0.096100 -0.003316 0.181755
v -0.093537 -0.003318 0.178498
v -0.089644 -0.003313 0.174556
v -0.095011 -0.003295 0.182968
v -0.090925 -0.003255 0.183081
v -0.095207 -0.003272 0.186050
v -0.091239 0.001604 0.177851
v -0.092050 0.001226 0.182869
v -0.088751 -0.003333 0.171135
v -0.089778 0.000684 0.173347
v -0.087130 -0.003276 0.176127
v -0.087550 -0.003312 0.172352
v -0.091293 -0.003237 0.185690
v -0.086639 -0.003222 0.182041
v -0.093905 -0.000815 0.186721
v -0.092950 -0.003234 0.187935
v -0.088430 0.001264 0.176471
v -0.086290 -0.003294 0.172973
v -0.084498 -0.003220 0.179837
v -0.088548 -0.003200 0.186906
v -0.088240 0.000909 0.185292
v -0.084914 -0.000108 0.176450
v -0.086009 0.000956 0.181188
v -0.083863 -0.003232 0.177696
v -0.084655 -0.003196 0.182964
v -0.087876 -0.001046 0.184797
v 0.181936 -0.000784 -0.309630
v 0.186519 0.005028 -0.314009
v 0.189998 -0.000789 -0.319597
v 0.190460 -0.000700 -0.309376
v 0.184658 -0.000663 -0.298215
v 0.184608 0.003998 -0.300970
v 0.190658 0.003549 -0.318237
v 0.195804 -0.000693 -0.314822
v 0.195999 -0.000578 -0.301171
v 0.189552 -0.000601 -0.296488
v 0.189994 0.006432 -0.306380
v 0.195192 0.002449 -0.306733
v 0.184253 -0.000812 -0.315736
v 0.181905 -0.000811 -0.312842
v 0.185189 -0.000829 -0.318890
v 0.184677 0.004976 -0.307578
v 0.180761 -0.000756 -0.304965
v 0.184537 -0.000760 -0.309764
v 0.190273 -0.000753 -0.315570
v 0.182366 -0.000726 -0.303178
v 0.188386 -0.000667 -0.303012
v 0.182078 -0.000691 -0.298638
v 0.187923 0.006491 -0.310717
v 0.186728 0.005935 -0.303324
v 0.191588 -0.000782 -0.320611
v 0.190074 0.005136 -0.317351
v 0.193976 -0.000698 -0.313257
v 0.193358 -0.000750 -0.318817
v 0.187844 -0.000640 -0.299169
v 0.194699 -0.000619 -0.304544
v 0.183995 0.002928 -0.297649
v 0.185402 -0.000636 -0.295861
v 0.192061 0.005991 -0.312750
v 0.195214 -0.000725 -0.317902
v 0.197853 -0.000615 -0.307791
v 0.191886 -0.000586 -0.297377
v 0.192341 0.005467 -0.299754
v 0.197241 0.003969 -0.312779
v 0.195627 0.005537 -0.305801
v 0.198789 -0.000633 -0.310945
v 0.197622 -0.000579 -0.303184
v 0.192877 0.002587 -0.300484
v -0.184565 -0.006003 -0.184462
v -0.181394 -0.001980 -0.187493
v -0.178985 -0.006006 -0.191360
v -0.178666 -0.005944 -0.184287
v -0.182681 -0.005919 -0.176561
v -0.182716 -0.002693 -0.178467
v -0.178528 -0.003004 -0.190420
v -0.174966 -0.005940 -0.188056
v -0.174832 -0.005860 -0.178607
v -0.179294 -0.005876 -0.175366
v -0.178988 -0.001008 -0.182213
v -0.175390 -0.003765 -0.182457
v -0.182962 -0.006022 -0.188688
v -0.184587 -0.006021 -0.186685
v -0.182314 -0.006034 -0.190872
v -0.182668 -0.002016 -0.183042
v -0.185378 -0.005984 -0.181233
v -0.182765 -0.005986 -0.184554
v -0.178795 -0.005981 -0.188574
v -0.184268 -0.005963 -0.179996
v -0.180101 -0.005922 -0.179881
v -0.184467 -0.005939 -0.176854
v -0.180421 -0.000967 -0.185214
v -0.181248 -0.001352 -0.180097
v -0.177885 -0.006001 -0.192063
v -0.178932 -0.001905 -0.189806
v -0.176232 -0.005943 -0.186972
v -0.176660 -0.005979 -0.190821
v -0.180476 -0.005903 -0.177221
v -0.175731 -0.005888 -0.180942
v -0.183140 -0.003434 -0.176169
v -0.182166 -0.005900 -0.174931
v -0.177557 -0.001313 -0.186621
v -0.175375 -0.005962 -0.190188
v -0.173548 -0.005886 -0.183189
v -0.177678 -0.005866 -0.175981
v -0.177363 -0.001676 -0.177626
v -0.173971 -0.002713 -0.186642
v -0.175089 -0.001627 -0.181812
v -0.172900 -0.005898 -0.185372
v -0.173708 -0.005861 -0.180000
v -0.176992 -0.003670 -0.178132
v 0.052735 -0.003224 0.018644
v 0.055602 0.000413 0.015904
v 0.057780 -0.003228 0.012407
v 0.058068 -0.003172 0.018803
v 0.054438 -0.003149 0.025788
v 0.054407 -0.000232 0.024064
v 0.058193 -0.000513 0.013258
v 0.061413 -0.003168 0.015395
v 0.061535 -0.003096 0.023938
v 0.057501 -0.003110 0.026868
v 0.057777 0.001291 0.020678
v 0.061030 -0.001201 0.020457
v 0.054185 -0.003242 0.014823
v 0.052715 -0.003241 0.016634
v 0.054770 -0.003253 0.012849
v 0.054450 0.000380 0.019928
v 0.051999 -0.003207 0.021564
v 0.054362 -0.003209 0.018561
v 0.057952 -0.003205 0.014927
v 0.053003 -0.003188 0.022682
v 0.056771 -0.003151 0.022786
v 0.052823 -0.003166 0.025523
v 0.056481 0.001328 0.017964
v 0.055733 0.000980 0.022591
v 0.058775 -0.003223 0.011772
v 0.057828 0.000480 0.013812
v 0.060269 -0.003171 0.016375
v 0.059882 -0.003203 0.012895
v 0.056432 -0.003134 0.025191
v 0.060722 -0.003121 0.021827
v 0.054024 -0.000902 0.026142
v 0.054904 -0.003132 0.027261
v 0.059071 0.001015 0.016692
v 0.061044 -0.003187 0.013467
v 0.062695 -0.003119 0.019795
v 0.058962 -0.003101 0.026312
v 0.059246 0.000688 0.024825
v 0.062313 -0.000250 0.016673
v 0.061302 0.000731 0.021041
v 0.063281 -0.003130 0.017821
v 0.062551 -0.003096 0.022678
v 0.059581 -0.001115 0.024368
v -0.198655 -0.005986 0.126338
v -0.194073 -0.000174 0.121959
v -0.190593 -0.005991 0.116371
v -0.190132 -0.005902 0.126591
v -0.195933 -0.005865 0.137752
v -0.195983 -0.001205 0.134998
v -0.189933 -0.001654 0.117730
v -0.184787 -0.005896 0.121145
v -0.184593 -0.005781 0.134797
v -0.191039 -0.005804 0.139479
v -0.190597 0.001229 0.129587
v -0.185400 -0.002754 0.129234
v -0.196339 -0.006015 0.120231
v -0.198686 -0.006013 0.123125
v -0.195402 -0.006032 0.117077
v -0.195915 -0.000227 0.128389
v -0.199830 -0.005959 0.131002
v -0.196054 -0.005962 0.126204
v -0.190318 -0.005955 0.120397
v -0.198226 -0.005929 0.132789
v -0.192206 -0.005869 0.132955
v -0.198514 -0.005894 0.137329
v -0.192668 0.001288 0.125250
v -0.193863 0.000733 0.132643
v -0.189004 -0.005985 0.115356
v -0.190517 -0.000066 0.118616
v -0.186616 -0.005901 0.122711
v -0.187234 -0.005953 0.117150
v -0.192747 -0.005843 0.136798
v -0.185892 -0.005821 0.131423
v -0.196596 -0.002275 0.138318
v -0.195189 -0.005839 0.140106
v -0.188530 0.000788 0.123217
v -0.185377 -0.005927 0.118065
v -0.182738 -0.005818 0.128176
v -0.188705 -0.005789 0.138590
v -0.188250 0.000265 0.136214
v -0.183350 -0.001234 0.123187
v -0.184965 0.000335 0.130166
v -0.181802 -0.005835 0.125022
v -0.182969 -0.005782 0.132783
v -0.187714 -0.002616 0.135483
v 0.029819 -0.004278 -0.075639
v 0.036928 0.003062 -0.079350
v 0.043058 -0.004227 -0.084847
v 0.040027 -0.004152 -0.072340
v 0.029099 -0.004162 -0.060896
v 0.030034 0.001711 -0.064265
v 0.043405 0.001226 -0.082996
v 0.048396 -0.004111 -0.077041
v 0.043836 -0.004017 -0.060483
v 0.034404 -0.004080 -0.057092
v 0.038455 0.004806 -0.068921
v 0.044833 -0.000190 -0.067501
v 0.034763 -0.004285 -0.082202
v 0.030911 -0.004300 -0.079530
v 0.037002 -0.004292 -0.085683
v 0.032444 0.002966 -0.072230
v 0.026762 -0.004264 -0.070418
v 0.033009 -0.004241 -0.074887
v 0.041977 -0.004196 -0.079887
v 0.028072 -0.004229 -0.067696
v 0.035286 -0.004140 -0.065381
v 0.026130 -0.004203 -0.062313
v 0.037477 0.004892 -0.074888
v 0.033433 0.004162 -0.066374
v 0.045335 -0.004210 -0.085514
v 0.042398 0.003218 -0.082139
v 0.045637 -0.004127 -0.075792
v 0.046844 -0.004173 -0.082726
v 0.033282 -0.004122 -0.060929
v 0.043451 -0.004058 -0.065015
v 0.028121 0.000351 -0.060464
v 0.029170 -0.004136 -0.057791
v 0.043186 0.004281 -0.075888
v 0.048765 -0.004140 -0.080969
v 0.048401 -0.004034 -0.067828
v 0.037537 -0.004052 -0.057345
v 0.038957 0.003574 -0.060088
v 0.049443 0.001750 -0.074094
v 0.045050 0.003693 -0.066239
v 0.050640 -0.004041 -0.071310
v 0.046505 -0.004007 -0.062345
v 0.039843 -0.000046 -0.060767
v 0.075748 -0.004942 0.183479
v 0.080573 0.000040 0.180961
v 0.084735 -0.004907 0.177229
v 0.082677 -0.004857 0.185719
v 0.075259 -0.004864 0.193487
v 0.075894 -0.000877 0.191200
v 0.084970 -0.001206 0.178486
v 0.088358 -0.004828 0.182528
v 0.085263 -0.004765 0.193767
v 0.078860 -0.004807 0.196069
v 0.081610 0.001224 0.188039
v 0.085939 -0.002167 0.189003
v 0.079104 -0.004947 0.179024
v 0.076488 -0.004957 0.180838
v 0.080623 -0.004952 0.176662
v 0.077530 -0.000025 0.185794
v 0.073673 -0.004933 0.187024
v 0.077913 -0.004917 0.183990
v 0.084001 -0.004886 0.180596
v 0.074562 -0.004909 0.188871
v 0.079459 -0.004848 0.190442
v 0.073244 -0.004891 0.192525
v 0.080946 0.001283 0.183989
v 0.078201 0.000787 0.189768
v 0.086280 -0.004896 0.176777
v 0.084286 0.000146 0.179067
v 0.086485 -0.004839 0.183376
v 0.087304 -0.004871 0.178669
v 0.078099 -0.004836 0.193465
v 0.085001 -0.004793 0.190691
v 0.074595 -0.001800 0.193780
v 0.075308 -0.004846 0.195595
v 0.084821 0.000868 0.183311
v 0.088608 -0.004848 0.179862
v 0.088361 -0.004776 0.188781
v 0.080987 -0.004788 0.195897
v 0.081951 0.000388 0.194035
v 0.089068 -0.000850 0.184529
v 0.086087 0.000468 0.189860
v 0.089881 -0.004781 0.186418
v 0.087074 -0.004758 0.192504
v 0.082553 -0.002069 0.193574
v 0.128542 -0.004986 -0.214091
v 0.135651 0.002353 -0.217801
v 0.141782 -0.004935 -0.223298
v 0.138750 -0.004861 -0.210791
v 0.127822 -0.004871 -0.199347
v 0.128756 0.001003 -0.202717
v 0.142128 0.000518 -0.221447
v 0.147119 -0.004819 -0.215492
v 0.142558 -0.004726 -0.198935
v 0.133127 -0.004788 -0.195543
v 0.137178 0.004098 -0.207373
v 0.143556 -0.000899 -0.205953
v 0.133485 -0.004993 -0.220653
v 0.129633 -0.005008 -0.217982
v 0.135724 -0.005001 -0.224134
v 0.131167 0.002258 -0.210681
v 0.125485 -0.004972 -0.208870
v 0.131732 -0.004949 -0.213339
v 0.140700 -0.004904 -0.218339
v 0.126795 -0.004937 -0.206148
v 0.134009 -0.004849 -0.203833
v 0.124853 -0.004911 -0.200765
v 0.136200 0.004184 -0.213340
v 0.132156 0.003454 -0.204826
v 0.144058 -0.004919 -0.223966
v 0.141121 0.002510 -0.220591
v 0.144360 -0.004835 -0.214244
v 0.145566 -0.004881 -0.221177
v 0.132005 -0.004831 -0.199381
v 0.142174 -0.004767 -0.203466
v 0.126844 -0.000358 -0.198915
v 0.127893 -0.004844 -0.196243
v 0.141909 0.003573 -0.214339
v 0.147487 -0.004848 -0.219420
v 0.147124 -0.004743 -0.206280
v 0.136259 -0.004760 -0.195797
v 0.137680 0.002866 -0.198540
v 0.148165 0.001042 -0.212545
v 0.143773 0.002984 -0.204691
v 0.149363 -0.004750 -0.209761
v 0.145228 -0.004715 -0.200796
v 0.138566 -0.000754 -0.199219
v 0.182803 -0.004186 0.114476
v 0.191132 0.004414 0.110129
v 0.198315 -0.004126 0.103688
v 0.194763 -0.004038 0.118341
v 0.181959 -0.004050 0.131750
v 0.183055 0.002831 0.127802
v 0.198721 0.002264 0.105857
v 0.204568 -0.003990 0.112834
v 0.199225 -0.003880 0.132233
v 0.188175 -0.003953 0.136207
v 0.192921 0.006458 0.122347
v 0.200394 0.000604 0.124011
v 0.188595 -0.004194 0.106787
v 0.184082 -0.004211 0.109917
v 0.191218 -0.004202 0.102708
v 0.185879 0.004302 0.118471
v 0.179221 -0.004169 0.120593
v 0.186540 -0.004142 0.115356
v 0.197048 -0.004090 0.109499
v 0.180756 -0.004128 0.123782
v 0.189209 -0.004024 0.126494
v 0.178481 -0.004098 0.130089
v 0.191775 0.006559 0.115356
v 0.187037 0.005703 0.125331
v 0.200982 -0.004107 0.102906
v 0.197541 0.004597 0.106860
v 0.201336 -0.004009 0.114297
v 0.202749 -0.004062 0.106173
v 0.186861 -0.004003 0.131711
v 0.198775 -0.003928 0.126924
v 0.180814 0.001237 0.132256
v 0.182043 -0.004019 0.135387
v 0.198465 0.005842 0.114185
v 0.205001 -0.004024 0.108232
v 0.204574 -0.003900 0.123627
v 0.191845 -0.003921 0.135910
v 0.193509 0.005014 0.132696
v 0.205794 0.002877 0.116287
v 0.200648 0.005153 0.125490
v 0.207197 -0.003909 0.119548
v 0.202353 -0.003868 0.130052
v 0.194548 0.000773 0.131900
v 0.070033 -0.003331 0.023119
v 0.074482 0.001262 0.020797
v 0.078318 -0.003299 0.017357
v 0.076421 -0.003253 0.025184
v 0.069582 -0.003259 0.032346
v 0.070168 0.000417 0.030237
v 0.078535 0.000113 0.018515
v 0.081658 -0.003227 0.022242
v 0.078805 -0.003168 0.032604
v 0.072902 -0.003207 0.034726
v 0.075437 0.002354 0.027323
v 0.079429 -0.000773 0.028212
v 0.073127 -0.003336 0.019012
v 0.070716 -0.003345 0.020684
v 0.074528 -0.003340 0.016834
v 0.071676 0.001202 0.025253
v 0.068120 -0.003323 0.026387
v 0.072029 -0.003308 0.023590
v 0.077642 -0.003280 0.020461
v 0.068940 -0.003301 0.028090
v 0.073455 -0.003245 0.029539
v 0.067724 -0.003284 0.031458
v 0.074825 0.002407 0.023589
v 0.072295 0.001950 0.028917
v 0.079743 -0.003289 0.016940
v 0.077905 0.001360 0.019051
v 0.079932 -0.003237 0.023023
v 0.080687 -0.003265 0.018685
v 0.072200 -0.003234 0.032325
v 0.078564 -0.003194 0.029768
v 0.068971 -0.000435 0.032616
v 0.069627 -0.003242 0.034288
v 0.078398 0.002025 0.022964
v 0.081889 -0.003245 0.019784
v 0.081662 -0.003179 0.028007
v 0.074862 -0.003190 0.034567
v 0.075752 0.001582 0.032851
v 0.082313 0.000441 0.024087
v 0.079564 0.001657 0.029002
v 0.083062 -0.003183 0.025829
v 0.080475 -0.003162 0.031439
v 0.076306 -0.000683 0.032426
vn 0.0096 -0.9999 0.0083
vn 0.6005 0.7234 0.3408
vn -0.8435 0.4725 -0.2553
vn -0.2046 0.9142 -0.3499
vn -0.5871 0.8095 -0.0057
vn 0.4353 0.8319 -0.3441
vn 0.0571 0.6292 0.7751
vn 0.1130 0.9849 0.1310
vn 0.7094 0.0418 0.7036
vn 0.5677 -0.0154 0.8231
vn 0.8049 -0.2237 0.5496
vn 0.4395 0.4236 0.7921
vn -0.0096 0.9999 -0.0083
vn 0.6767 0.4279 0.5991
vn 0.9755 0.1101 -0.1905
vn 0.6989 0.5077 -0.5038
vn 0.3791 0.9252 -0.0168
vn 0.1544 0.9875 0.0304
vn -0.0553 0.9885 0.1410
vn -0.2796 0.9016 0.3300
vn -0.1620 0.4419 0.8823
vn 0.6918 0.4909 -0.5296
vn 0.8401 0.5073 -0.1922
vn 0.0742 0.9815 -0.1762
vn 0.1059 0.9944 -0.0030
vn -0.1209 0.4870 0.8650
vn -0.8231 0.1360 0.5514
vn -0.6414 0.6577 -0.3951
vn 0.1899 0.4673 -0.8634
vn 0.0143 0.4182 -0.9082
vn -0.3762 0.6025 -0.7039
vn -0.1109 0.9933 0.0325
vn -0.4079 0.9056 -0.1160
vn -0.8430 0.5334 -0.0697
vn -0.7761 0.5209 -0.3554
vn -0.6101 0.5135 -0.6034
vn -0.7482 0.6518 -0.1237
vn 0.0106 -0.9999 0.0134
vn 0.9900 0.1002 -0.0991
vn -0.0106 0.9999 -0.0134
vn 0.7011 0.1119 -0.7042
vn 0.2527 0.0842 -0.9639
vn 0.9852 0.0897 -0.1464
vn -0.8673 0.4887 -0.0947
vn -0.7615 0.3930 -0.5155
vn -0.8500 0.3512 -0.3927
vn 0.4078 0.9129 -0.0157
vn 0.6260 0.7322 -0.2684
vn 0.4441 0.8281 -0.3422
vn 0.3249 0.7203 0.6128
vn 0.5373 0.1598 0.8281
vn 0.7506 0.6056 0.2642
vn -0.4596 0.4572 0.7614
vn -0.4352 0.0794 0.8968
vn -0.3094 0.0868 0.9470
vn -0.8355 0.5370 0.1162
vn -0.8509 0.5252 -0.0102
vn -0.7703 0.5510 0.3210
vn -0.7051 0.5638 0.4300
vn -0.8432 0.4388 0.3104
vn -0.7284 0.4395 0.5256
vn -0.6569 0.5865 0.4738
vn -0.7499 0.6066 0.2641
vn -0.7308 0.5798 0.3603
vn -0.6486 0.4226 0.6330
vn -0.7186 0.4079 0.5632
vn -0.5636 0.0817 0.8220
vn -0.4765 0.6493 0.5927
vn -0.5019 0.5270 0.6859
vn -0.2653 0.6476 0.7143
vn -0.2433 0.5551 0.7954
vn -0.4774 0.4229 0.7702
vn -0.2499 0.1191 0.9609
vn 0.0344 0.5663 0.8235
vn -0.1131 0.1046 0.9881
vn 0.3065 0.1306 0.9429
vn -0.3572 0.8055 0.4728
vn -0.0587 0.8401 0.5393
vn 0.0717 0.9590 0.2742
vn 0.4352 0.8905 0.1328
vn 0.2972 0.8375 0.4585
vn 0.6929 0.7138 0.1017
vn 0.4558 0.8847 0.0981
vn 0.7057 0.7048 0.0717
vn 0.6915 0.7102 -0.1323
vn -0.3749 0.8224 0.4280
vn 0.0692 0.9617 0.2654
vn -0.3685 0.9205 0.1299
vn -0.3367 0.9389 0.0721
vn 0.2040 0.9769 0.0636
vn 0.3248 0.8864 -0.3298
vn -0.3951 0.9120 -0.1106
vn 0.3027 0.8768 -0.3736
vn -0.3120 0.7159 -0.6246
vn -0.7052 0.5752 0.4145
vn -0.7956 0.5983 0.0952
vn -0.8459 0.5058 0.1692
vn -0.8962 0.4120 -0.1647
vn -0.8095 0.5243 -0.2642
vn -0.8215 0.3485 -0.4513
vn -0.8074 0.5630 -0.1766
vn -0.7899 0.4182 -0.4485
vn -0.8243 0.4518 -0.3412
vn -0.9642 0.2613 0.0454
vn -0.9536 0.3001 -0.0239
vn -0.7847 0.5226 0.3333
vn -0.7429 0.4412 0.5035
vn -0.8800 0.1748 0.4417
vn -0.7021 0.1630 0.6931
vn -0.6930 0.4739 0.5433
vn -0.4909 0.3254 0.8082
vn -0.4140 0.2288 0.8811
vn 0.4519 0.1799 0.8737
vn 0.9845 0.1626 -0.0653
vn 0.9746 0.1936 0.1128
vn 0.9872 0.1131 -0.1124
vn 0.8841 0.4555 -0.1039
vn 0.9117 0.3255 -0.2508
vn 0.8289 0.4906 -0.2687
vn 0.6680 0.6048 -0.4335
vn 0.6474 0.4941 -0.5803
vn 0.5185 0.6551 -0.5495
vn 0.5396 0.6663 -0.5147
vn 0.6632 0.5071 -0.5505
vn 0.0493 0.1345 -0.9897
vn 0.4154 0.7178 -0.5587
vn 0.4159 0.1345 -0.8994
vn -0.1561 0.6201 -0.7688
vn -0.4546 0.0468 -0.8894
vn -0.5810 0.0402 -0.8129
vn -0.5345 0.0544 -0.8434
vn -0.6760 0.1075 -0.7290
vn -0.8275 0.2071 -0.5218
vn 0.8158 0.4571 -0.3542
vn 0.9062 0.3102 -0.2873
vn 0.8005 0.3827 -0.4613
vn 0.7868 0.4514 -0.4210
vn 0.9207 0.1842 -0.3441
vn 0.9519 0.3043 0.0356
vn 0.5046 0.1308 -0.8534
vn 0.8030 0.0742 -0.5913
vn -0.5792 0.0443 -0.8140
vn -0.1380 0.0295 -0.9900
vn -0.9642 0.1628 -0.2096
vn 0.0839 -0.9937 0.0739
vn -0.9837 0.1257 -0.1288
vn -0.0840 0.9937 -0.0739
vn -0.8450 0.1255 0.5199
vn -0.0839 0.9937 -0.0739
vn -0.4665 0.0835 0.8806
vn -0.9901 0.1140 -0.0815
vn 0.8107 0.5312 0.2463
vn 0.6200 0.4212 0.6620
vn 0.7404 0.3725 0.5595
vn -0.4380 0.8873 -0.1442
vn -0.6784 0.7331 0.0494
vn -0.5421 0.8279 0.1441
vn -0.2291 0.7131 -0.6626
vn -0.3510 0.1903 -0.9168
vn -0.6638 0.6090 -0.4341
vn 0.5581 0.4862 -0.6724
vn 0.6115 0.0891 -0.7862
vn 0.4978 0.1002 -0.8615
vn 0.8122 0.5830 0.0195
vn 0.8062 0.5716 0.1523
vn 0.7793 0.5940 -0.1996
vn 0.7296 0.6044 -0.3200
vn 0.8663 0.4721 -0.1630
vn 0.7875 0.4711 -0.3975
vn 0.6847 0.6261 -0.3731
vn 0.7405 0.6543 -0.1532
vn 0.7415 0.6232 -0.2487
vn 0.7283 0.4522 -0.5149
vn 0.7884 0.4369 -0.4331
vn 0.7216 0.0881 -0.6866
vn 0.5148 0.6812 -0.5206
vn 0.5756 0.5583 -0.5975
vn 0.3323 0.6691 -0.6648
vn 0.3396 0.5794 -0.7409
vn 0.5824 0.4511 -0.6763
vn 0.4383 0.1360 -0.8885
vn 0.0835 0.5834 -0.8079
vn 0.3123 0.1235 -0.9419
vn -0.1053 0.1576 -0.9819
vn 0.3532 0.8272 -0.4369
vn 0.0835 0.8360 -0.5423
vn -0.0945 0.9367 -0.3370
vn -0.4278 0.8612 -0.2745
vn -0.2425 0.8151 -0.5261
vn -0.6486 0.7052 -0.2863
vn -0.4522 0.8566 -0.2484
vn -0.6663 0.6980 -0.2625
vn -0.7015 0.7079 -0.0826
vn 0.3597 0.8457 -0.3942
vn -0.0943 0.9396 -0.3291
vn 0.2849 0.9499 -0.1285
vn 0.2408 0.9670 -0.0826
vn -0.2523 0.9508 -0.1795
vn -0.4388 0.8856 0.1523
vn 0.2662 0.9581 0.1053
vn -0.4297 0.8809 0.1983
vn 0.1002 0.7762 0.6225
vn 0.7254 0.6166 -0.3059
vn 0.7592 0.6503 0.0255
vn 0.8362 0.5477 -0.0283
vn 0.8326 0.4433 0.3320
vn 0.7132 0.5730 0.4038
vn 0.6984 0.3693 0.6130
vn 0.7246 0.6160 0.3089
vn 0.6624 0.4506 0.5984
vn 0.7188 0.4897 0.4934
vn 0.9513 0.2709 0.1467
vn 0.9254 0.3148 0.2110
vn 0.8001 0.5633 -0.2061
vn 0.7980 0.4732 -0.3733
vn 0.9495 0.1792 -0.2574
vn 0.8239 0.1722 -0.5400
vn 0.7499 0.5075 -0.4243
vn 0.6169 0.3497 -0.7051
vn 0.5684 0.2491 -0.7841
vn -0.2616 0.2100 -0.9421
vn -0.9678 0.1908 -0.1645
vn -0.9163 0.2239 -0.3322
vn 0.0838 -0.9937 0.0739
vn -0.9834 0.1390 -0.1164
vn -0.8698 0.4765 -0.1279
vn -0.9358 0.3523 0.0124
vn -0.8593 0.5106 0.0308
vn -0.7563 0.6214 0.2045
vn -0.7748 0.5187 0.3614
vn -0.6544 0.6751 0.3406
vn -0.6644 0.6839 0.3014
vn -0.7816 0.5308 0.3277
vn -0.2791 0.1344 0.9508
vn -0.5673 0.7381 0.3652
vn -0.6161 0.1422 0.7747
vn -0.0774 0.6697 0.7386
vn 0.2473 0.0293 0.9685
vn 0.3884 0.0205 0.9213
vn 0.3354 0.0365 0.9414
vn 0.0840 -0.9937 0.0740
vn 0.4981 0.0937 0.8620
vn 0.6935 0.2057 0.6905
vn -0.8697 0.4798 0.1158
vn -0.9402 0.3370 0.0493
vn -0.8840 0.4081 0.2281
vn -0.8604 0.4749 0.1849
vn -0.9713 0.2093 0.1131
vn -0.9064 0.3328 -0.2602
vn -0.6910 0.1403 0.7091
vn -0.9159 0.0884 0.3915
vn 0.3863 0.0250 0.9220
vn -0.0836 0.0156 0.9964
vn 0.8987 0.1567 0.4096
vn -0.7784 0.0885 0.6215
vn 0.7219 0.4119 0.5561
vn -0.5621 0.8265 0.0304
vn -0.4849 0.6207 -0.6161
vn 0.5904 0.1074 -0.7999
vn 0.7563 0.6536 0.0287
vn 0.7786 0.5362 -0.3260
vn 0.7771 0.5743 -0.2575
vn 0.7191 0.4685 -0.5132
vn 0.5204 0.6273 -0.5793
vn 0.4470 0.4645 -0.7645
vn 0.1208 0.1828 -0.9757
vn 0.0808 0.8824 -0.4636
vn -0.4356 0.8242 -0.3619
vn -0.6464 0.7434 -0.1719
vn 0.2660 0.9124 -0.3111
vn -0.2432 0.9667 -0.0794
vn 0.0230 0.9454 0.3252
vn 0.7911 0.6099 -0.0468
vn 0.7756 0.4581 0.4343
vn 0.7207 0.4869 0.4935
vn 0.9475 0.2721 0.1677
vn 0.8805 0.2795 -0.3828
vn 0.7226 0.1931 -0.6637
vn -0.9136 0.1432 -0.3807
vn -0.9625 0.1613 -0.2180
vn -0.8984 0.4378 -0.0348
vn -0.7434 0.6038 0.2876
vn -0.7244 0.5694 0.3887
vn -0.4580 0.6694 0.5849
vn 0.3072 0.0161 0.9515
vn 0.5183 0.0886 0.8506
vn 0.0840 -0.9937 0.0739
vn -0.8867 0.4397 0.1430
vn -0.9550 0.2635 -0.1358
vn -0.7038 0.1295 0.6985
vn 0.2365 -0.0018 0.9716
vn 0.0248 -0.9995 0.0213
vn -0.0248 0.9995 -0.0213
vn 0.0248 -0.9995 0.0214
vn 0.5598 0.2478 0.7907
vn 0.3177 0.0558 0.9466
vn 0.8654 0.0276 0.5004
vn -0.5752 0.0736 0.8147
vn -0.0248 0.9995 -0.0214
vn -0.2115 0.2659 0.9405
vn 0.0713 0.0782 0.9944
vn 0.0395 0.3501 0.9359
vn -0.7165 0.0703 0.6940
vn 0.9563 0.0355 -0.2901
vn -0.7890 0.6115 0.0591
vn -0.7170 0.4463 0.5355
vn -0.5553 0.6456 0.5243
vn -0.8447 0.5274 -0.0910
vn -0.9558 0.1669 0.2419
vn -0.7623 0.4524 0.4629
vn -0.7039 0.4626 -0.5390
vn -0.7466 0.1370 -0.6510
vn -0.8905 0.1850 -0.4156
vn -0.3380 0.4265 -0.8390
vn 0.0956 0.1048 -0.9899
vn -0.1247 0.1251 -0.9843
vn -0.1207 0.7183 -0.6852
vn 0.4682 0.7155 -0.5185
vn 0.3191 0.5334 -0.7834
vn -0.5457 0.4433 -0.7111
vn -0.4218 0.5381 -0.7297
vn -0.4863 0.4476 -0.7505
vn -0.3451 0.4409 -0.8286
vn -0.3099 0.5471 -0.7776
vn 0.0121 0.4712 -0.8820
vn -0.3313 0.4306 -0.8396
vn 0.0104 0.4729 -0.8811
vn 0.1009 0.1052 -0.9893
vn -0.5580 0.4225 -0.7142
vn -0.5038 0.4311 -0.7486
vn -0.5842 0.4377 -0.6834
vn -0.6041 0.4645 -0.6475
vn -0.5232 0.4515 -0.7228
vn -0.2839 0.1472 -0.9475
vn -0.6046 0.4639 -0.6475
vn -0.2462 0.1589 -0.9561
vn -0.5219 0.1450 -0.8406
vn -0.6145 0.4339 -0.6589
vn -0.6502 0.4497 -0.6124
vn -0.7274 0.4390 -0.5274
vn -0.7390 0.4264 -0.5216
vn -0.6787 0.4178 -0.6040
vn -0.8815 0.1780 -0.4374
vn -0.8305 0.4276 -0.3569
vn -0.9195 0.1702 -0.3543
vn -0.9851 0.1542 0.0760
vn -0.5939 0.4006 -0.6977
vn -0.7125 0.4158 -0.5652
vn -0.7211 0.4715 -0.5076
vn -0.8851 0.4646 -0.0266
vn -0.9002 0.4262 -0.0891
vn -0.8515 0.3422 0.3974
vn -0.8861 0.4415 -0.1410
vn -0.9329 0.3296 0.1452
vn -0.8896 0.3616 0.2792
vn -0.5280 0.4337 -0.7302
vn -0.6602 0.5462 -0.5156
vn -0.4461 0.5501 -0.7060
vn -0.4162 0.7769 -0.4725
vn -0.6912 0.6726 -0.2642
vn -0.4763 0.8376 0.2677
vn -0.3159 0.8172 -0.4820
vn -0.4135 0.8576 0.3060
vn 0.1403 0.9890 -0.0465
vn 0.8117 0.4388 -0.3855
vn 0.9163 0.1794 -0.3579
vn 0.6591 0.3471 -0.6672
vn 0.6486 0.3937 -0.6515
vn 0.8984 0.0727 -0.4331
vn 0.9425 0.0545 -0.3297
vn 0.2947 0.4095 -0.8634
vn 0.5684 0.0836 -0.8185
vn -0.0063 0.1157 -0.9933
vn -0.7788 0.0862 0.6213
vn -0.3523 0.0556 0.9343
vn -0.7503 0.0827 0.6559
vn -0.6700 0.0477 0.7408
vn -0.7212 0.1032 0.6850
vn -0.6900 0.0315 0.7231
vn -0.7136 0.1646 0.6810
vn -0.5898 0.3794 0.7129
vn -0.3332 0.2886 0.8976
vn -0.3649 0.4930 0.7898
vn -0.2416 0.4685 0.8498
vn -0.2179 0.2723 0.9372
vn 0.0636 0.3121 0.9479
vn -0.1683 0.5970 0.7844
vn 0.1959 0.4100 0.8908
vn 0.4120 0.7698 0.4875
vn 0.0247 -0.9995 0.0214
vn -0.7061 0.1641 0.6888
vn -0.6572 0.0326 0.7530
vn -0.4547 0.1026 0.8847
vn -0.4000 0.0668 0.9141
vn -0.6523 0.0294 0.7574
vn 0.0246 -0.9995 0.0216
vn -0.3409 0.0670 0.9377
vn 0.0056 0.0579 0.9983
vn 0.9179 0.3768 0.1243
vn 0.8009 0.1809 0.5708
vn 0.9928 0.1195 -0.0001
vn 0.9978 0.0481 0.0460
vn 0.7805 0.3096 0.5432
vn 0.9988 0.0476 0.0118
vn 0.9969 0.0273 -0.0740
vn 0.0248 -0.9995 0.0220
vn 0.5808 0.0872 0.8094
vn -0.0602 0.2544 0.9652
vn -0.7179 0.6036 0.3468
vn -0.8433 0.4487 0.2958
vn -0.8331 0.1994 -0.5160
vn -0.0998 0.1295 -0.9865
vn 0.2156 0.6593 -0.7203
vn -0.4850 0.4468 -0.7518
vn -0.2404 0.5037 -0.8298
vn -0.1659 0.4168 -0.8937
vn -0.5784 0.4442 -0.6842
vn -0.5201 0.4546 -0.7231
vn -0.4515 0.1811 -0.8737
vn -0.6302 0.4196 -0.6532
vn -0.7354 0.4198 -0.5319
vn -0.9418 0.1893 -0.2778
vn -0.6971 0.4315 -0.5726
vn -0.8985 0.4373 -0.0370
vn -0.9129 0.3588 0.1945
vn -0.5408 0.5035 -0.6738
vn -0.5735 0.7915 -0.2115
vn -0.2049 0.9754 -0.0814
vn 0.8311 0.3098 -0.4618
vn 0.9548 0.0615 -0.2909
vn 0.3251 0.1255 -0.9373
vn 0.0247 -0.9995 0.0213
vn -0.3756 0.0507 0.9254
vn -0.6310 0.0461 0.7744
vn -0.7962 0.1061 0.5956
vn -0.4295 0.3622 0.8272
vn -0.1528 0.3633 0.9191
vn 0.1235 0.5500 0.8260
vn -0.6043 0.1033 0.7900
vn -0.4777 0.0390 0.8777
vn -0.3054 0.0536 0.9507
vn 0.9483 0.2525 0.1925
vn 0.9988 0.0487 0.0070
vn 0.0098 -0.9997 0.0231
vn 0.2474 0.1410 -0.9586
vn -0.0098 0.9997 -0.0231
vn -0.4142 0.1551 -0.8969
vn -0.8130 0.1158 -0.5706
vn 0.2020 0.1278 -0.9710
vn -0.3650 0.5894 0.7206
vn -0.7165 0.4840 0.5023
vn -0.6423 0.4350 0.6311
vn 0.1020 0.9380 -0.3313
vn -0.0276 0.8050 -0.5926
vn -0.1337 0.8787 -0.4583
vn 0.5899 0.8011 -0.1014
vn 0.9527 0.2081 -0.2213
vn 0.4480 0.6985 -0.5580
vn 0.5282 0.5546 0.6430
vn 0.6917 0.0942 0.7160
vn 0.7818 0.1051 0.6146
vn -0.1657 0.6401 0.7502
vn -0.2820 0.6279 0.7254
vn 0.0342 0.6542 0.7555
vn 0.1494 0.6669 0.7300
vn 0.0013 0.5346 0.8451
vn 0.2322 0.5352 0.8122
vn 0.2013 0.6891 0.6961
vn -0.0084 0.7090 0.7051
vn 0.0804 0.6829 0.7261
vn 0.3559 0.5163 0.7790
vn 0.2710 0.4996 0.8228
vn 0.5773 0.0961 0.8109
vn 0.3524 0.7475 0.5631
vn 0.4393 0.6288 0.6416
vn 0.5179 0.7443 0.4216
vn 0.6099 0.6563 0.4441
vn 0.5347 0.5167 0.6687
vn 0.8143 0.1474 0.5615
vn 0.7153 0.6661 0.2113
vn 0.8869 0.1302 0.4432
vn 0.9852 0.1682 0.0335
vn 0.2724 0.8768 0.3964
vn 0.4034 0.8982 0.1748
vn 0.2235 0.9747 -0.0051
vn 0.2213 0.9235 -0.3134
vn 0.4381 0.8905 -0.1227
vn 0.2854 0.7907 -0.5417
vn 0.2013 0.9191 -0.3386
vn 0.2661 0.7832 -0.5619
vn 0.0992 0.7872 -0.6086
vn 0.2303 0.8896 0.3944
vn 0.2161 0.9764 -0.0057
vn -0.0018 0.9576 0.2881
vn -0.0362 0.9688 0.2453
vn 0.1033 0.9821 -0.1577
vn -0.1545 0.9207 -0.3584
vn -0.1911 0.9513 0.2420
vn -0.1941 0.9144 -0.3552
vn -0.5966 0.8013 0.0445
vn 0.1355 0.6782 0.7223
vn -0.1677 0.7011 0.6930
vn -0.1240 0.6076 0.7845
vn -0.4449 0.5048 0.7397
vn -0.4901 0.6269 0.6057
vn -0.6860 0.4320 0.5854
vn -0.4084 0.6661 0.6241
vn -0.6623 0.5124 0.5466
vn -0.5733 0.5496 0.6077
vn -0.2866 0.3243 0.9015
vn -0.3452 0.3724 0.8615
vn 0.0405 0.6251 0.7795
vn 0.2075 0.5372 0.8175
vn 0.1107 0.2144 0.9705
vn 0.4075 0.2002 0.8910
vn 0.2576 0.5730 0.7780
vn 0.5757 0.4035 0.7112
vn 0.6774 0.2856 0.6779
vn 0.0097 -0.9997 0.0231
vn 0.9643 0.2324 -0.1269
vn -0.0098 0.9997 -0.0232
vn 0.2749 0.2193 -0.9361
vn 0.4339 0.2569 -0.8636
vn 0.2338 0.1573 -0.9595
vn 0.1927 0.5536 -0.8102
vn 0.0770 0.4134 -0.9073
vn 0.0328 0.5891 -0.8074
vn -0.1524 0.6975 -0.7002
vn -0.2902 0.5930 -0.7511
vn -0.2887 0.7424 -0.6046
vn -0.2530 0.7517 -0.6090
vn -0.2586 0.6058 -0.7524
vn -0.9035 0.1779 -0.3899
vn -0.3201 0.7952 -0.5149
vn -0.6923 0.1814 -0.6985
vn -0.6865 0.7162 -0.1254
vn -0.9913 0.0592 0.1175
vn -0.9636 0.0487 0.2629
vn -0.9757 0.0678 0.2081
vn -0.9160 0.1345 0.3781
vn -0.7689 0.2594 0.5844
vn -0.0447 0.5554 -0.8304
vn 0.0427 0.3959 -0.9173
vn -0.1452 0.4769 -0.8669
vn -0.1117 0.5496 -0.8279
vn -0.0039 0.2464 -0.9692
vn 0.3477 0.3887 -0.8532
vn -0.6192 0.1775 -0.7649
vn -0.2755 0.1077 -0.9553
vn -0.9639 0.0541 0.2607
vn -0.9761 0.0409 -0.2136
vn -0.5283 0.2005 0.8250
vn 0.0097 -0.9997 0.0232
vn -0.5198 0.1138 -0.8466
vn -0.6344 0.4744 0.6103
vn -0.0318 0.8836 -0.4672
vn 0.6017 0.7119 -0.3623
vn 0.7066 0.1158 0.6980
vn -0.1704 0.7040 0.6895
vn 0.1573 0.6005 0.7840
vn 0.0895 0.6366 0.7660
vn 0.3530 0.5336 0.7686
vn 0.4169 0.6979 0.5824
vn 0.6401 0.5326 0.5537
vn 0.9445 0.2005 0.2604
vn 0.3230 0.9325 0.1618
vn 0.3087 0.8968 -0.3169
vn 0.1712 0.8222 -0.5428
vn 0.1595 0.9408 0.2991
vn 0.0148 0.9872 -0.1585
vn -0.3424 0.9393 0.0191
vn -0.1058 0.6661 0.7383
vn -0.5292 0.5194 0.6710
vn -0.5737 0.5470 0.6096
vn -0.3060 0.3259 0.8945
vn 0.2311 0.3272 0.9163
vn 0.5421 0.2220 0.8105
vn 0.4897 0.1575 -0.8575
vn 0.3309 0.1826 -0.9259
vn 0.1094 0.5103 -0.8530
vn -0.2291 0.6784 -0.6981
vn -0.3223 0.6426 -0.6951
vn -0.5215 0.7268 -0.4469
vn -0.9829 0.0436 0.1786
vn -0.9078 0.1284 0.3994
vn -0.0654 0.5118 -0.8566
vn 0.2369 0.3074 -0.9216
vn -0.6069 0.1644 -0.7776
vn -0.9942 0.0220 0.1054
vn 0.0158 -0.9998 0.0136
vn -0.0158 0.9998 -0.0136
vn -0.8199 0.3842 0.4244
vn -0.9762 0.1074 0.1883
vn -0.6107 0.0560 0.7899
vn -0.7290 0.1297 -0.6721
vn -0.8577 0.4085 -0.3122
vn -0.9880 0.1420 -0.0601
vn -0.8551 0.5129 -0.0760
vn -0.0157 0.9998 -0.0136
vn -0.5925 0.1220 -0.7963
vn 0.1592 0.0527 0.9858
vn 0.0127 0.7726 -0.6348
vn -0.3977 0.6176 -0.6785
vn -0.3708 0.7948 -0.4804
vn 0.1492 0.6994 -0.6990
vn -0.1189 0.2592 -0.9585
vn -0.3299 0.6239 -0.7085
vn 0.5369 0.6346 -0.5559
vn 0.7334 0.1989 -0.6501
vn 0.5120 0.2753 -0.8137
vn 0.7783 0.5939 -0.2037
vn 0.9634 0.1448 0.2256
vn 0.9844 0.1759 0.0066
vn 0.5090 0.8605 -0.0221
vn 0.3193 0.8552 0.4082
vn 0.6080 0.7073 0.3606
vn 0.6800 0.6132 -0.4021
vn 0.6456 0.7122 -0.2756
vn 0.7070 0.6179 -0.3439
vn 0.7638 0.6104 -0.2098
vn 0.6707 0.7210 -0.1744
vn 0.7565 0.6439 0.1147
vn 0.7764 0.5986 -0.1972
vn 0.7551 0.6458 0.1130
vn 0.9621 0.1455 0.2308
vn 0.6920 0.5895 -0.4167
vn 0.7137 0.5993 -0.3626
vn 0.6614 0.6070 -0.4406
vn 0.6218 0.6366 -0.4562
vn 0.6848 0.6223 -0.3792
vn 0.9652 0.2103 -0.1553
vn 0.6220 0.6360 -0.4568
vn 0.9666 0.2282 -0.1168
vn 0.8908 0.2082 -0.4040
vn 0.6441 0.6026 -0.4711
vn 0.6008 0.6204 -0.5042
vn 0.5366 0.6086 -0.5846
vn 0.5365 0.5943 -0.5991
vn 0.6071 0.5842 -0.5386
vn 0.5334 0.2644 -0.8034
vn 0.3980 0.5960 -0.6974
vn 0.4579 0.2542 -0.8519
vn 0.0467 0.2373 -0.9703
vn 0.6890 0.5638 -0.4555
vn 0.5763 0.5821 -0.5736
vn 0.5082 0.6441 -0.5717
vn 0.1055 0.6365 -0.7640
vn 0.1666 0.5950 -0.7863
vn -0.2735 0.4991 -0.8223
vn 0.2090 0.6118 -0.7629
vn -0.0341 0.4815 -0.8758
vn -0.1613 0.5217 -0.8377
vn 0.6988 0.6023 -0.3859
vn 0.4854 0.7190 -0.4975
vn 0.6232 0.7235 -0.2968
vn 0.3593 0.8966 -0.2588
vn 0.2510 0.8233 -0.5092
vn -0.1696 0.9201 -0.3530
vn 0.3463 0.9207 -0.1799
vn -0.1997 0.9299 -0.3089
vn -0.0135 0.9956 0.0932
vn 0.2251 0.6088 0.7607
vn 0.2203 0.2721 0.9367
vn 0.5204 0.4991 0.6929
vn 0.4949 0.5564 0.6674
vn 0.3063 0.1079 0.9458
vn 0.1992 0.0816 0.9766
vn 0.7293 0.5742 0.3720
vn 0.7319 0.1163 0.6714
vn 0.9789 0.1615 0.1250
vn 0.0157 -0.9998 0.0136
vn -0.5124 0.1448 -0.8464
vn -0.8766 0.1049 -0.4696
vn -0.5503 0.1402 -0.8231
vn -0.6454 0.0879 -0.7588
vn -0.5814 0.1721 -0.7952
vn -0.6256 0.0623 -0.7777
vn -0.5731 0.2636 -0.7759
vn -0.5787 0.5451 -0.6067
vn -0.7974 0.4371 -0.4162
vn -0.6373 0.6640 -0.3912
vn -0.7078 0.6402 -0.2986
vn -0.8520 0.4168 -0.3168
vn -0.8821 0.4675 -0.0569
vn -0.6203 0.7547 -0.2136
vn -0.8119 0.5800 0.0669
vn -0.4130 0.8767 0.2468
vn 0.0159 -0.9998 0.0139
vn -0.5815 0.2631 -0.7698
vn -0.6594 0.0646 -0.7490
vn -0.8101 0.1756 -0.5594
vn -0.8497 0.1217 -0.5131
vn -0.6644 0.0597 -0.7450
vn 0.0169 -0.9998 0.0144
vn -0.8805 0.1227 -0.4580
vn -0.0157 0.9998 -0.0135
vn -0.9859 0.1107 -0.1255
vn -0.2379 0.5402 0.8072
vn -0.6585 0.2889 0.6949
vn -0.1356 0.1886 0.9727
vn -0.1797 0.0793 0.9805
vn -0.6063 0.4617 0.6475
vn -0.1460 0.0779 0.9862
vn -0.0599 0.0443 0.9972
vn -0.8730 0.1536 0.4629
vn -0.9022 0.3940 -0.1756
vn -0.2228 0.7638 -0.6058
vn -0.1780 0.6199 -0.7642
vn 0.6006 0.2951 -0.7432
vn 0.9826 0.1828 0.0316
vn 0.5214 0.8168 0.2469
vn 0.7083 0.6171 -0.3428
vn 0.7263 0.6781 -0.1124
vn 0.8118 0.5825 -0.0421
vn 0.6591 0.6143 -0.4339
vn 0.6835 0.6258 -0.3757
vn 0.9073 0.2628 -0.3283
vn 0.6458 0.5863 -0.4891
vn 0.5475 0.5867 -0.5967
vn 0.3831 0.2837 -0.8791
vn 0.5763 0.6001 -0.5548
vn 0.1189 0.6073 -0.7855
vn -0.0820 0.5179 -0.8515
vn 0.6236 0.6776 -0.3897
vn 0.1795 0.9018 -0.3931
vn 0.0387 0.9915 -0.1242
vn 0.3136 0.4529 0.8346
vn 0.1586 0.0934 0.9829
vn 0.8776 0.1786 0.4450
vn -0.8653 0.0971 -0.4918
vn -0.6836 0.0862 -0.7247
vn -0.4843 0.1747 -0.8573
vn -0.7017 0.5260 -0.4806
vn -0.8134 0.5280 -0.2442
vn -0.6988 0.7152 0.0108
vn -0.6987 0.1747 -0.6938
vn -0.8057 0.0777 -0.5872
vn -0.8991 0.1023 -0.4257
vn -0.3125 0.3838 0.8690
vn -0.1413 0.0794 0.9868
vn 0.0334 -0.9990 0.0288
vn -0.0334 0.9990 -0.0288
vn -0.7072 0.3104 -0.6353
vn -0.5178 0.0840 -0.8514
vn -0.9527 0.0506 -0.2997
vn 0.3767 0.0939 -0.9216
vn 0.0334 -0.9990 0.0287
vn -0.0176 0.3270 -0.9448
vn -0.2904 0.1090 -0.9507
vn -0.2532 0.4207 -0.8711
vn 0.5416 0.0869 -0.8361
vn -0.8707 0.0519 0.4891
vn 0.6693 0.7016 -0.2447
vn 0.5255 0.5252 -0.6693
vn 0.3445 0.7213 -0.6009
vn 0.7773 0.6180 -0.1180
vn 0.8689 0.1984 -0.4536
vn 0.5839 0.5323 -0.6129
vn 0.7613 0.5498 0.3436
vn 0.8694 0.1541 0.4695
vn 0.9552 0.2151 0.2034
vn 0.4787 0.5086 0.7157
vn 0.1167 0.1193 0.9860
vn 0.3307 0.1423 0.9330
vn 0.1995 0.8071 0.5556
vn -0.3499 0.7871 0.5081
vn -0.1682 0.6212 0.7654
vn 0.6502 0.5280 0.5462
vn 0.5180 0.6333 0.5751
vn 0.6004 0.5329 0.5963
vn 0.4812 0.5252 0.7019
vn 0.4199 0.6423 0.6411
vn 0.1444 0.5579 0.8172
vn 0.4717 0.5133 0.7170
vn 0.1457 0.5598 0.8157
vn 0.1113 0.1199 0.9865
vn 0.6664 0.5040 0.5494
vn 0.6198 0.5140 0.5931
vn 0.6825 0.5216 0.5120
vn 0.6889 0.5522 0.4695
vn 0.6295 0.5374 0.5612
vn 0.4781 0.1686 0.8620
vn 0.6895 0.5515 0.4695
vn 0.4420 0.1836 0.8780
vn 0.6895 0.1644 0.7053
vn 0.7071 0.5171 0.4823
vn 0.7284 0.5353 0.4276
vn 0.7860 0.5228 0.3299
vn 0.7983 0.5082 0.3230
vn 0.7601 0.4984 0.4170
vn 0.9517 0.2062 0.2273
vn 0.8486 0.5092 0.1434
vn 0.9707 0.1970 0.1374
vn 0.9373 0.1806 -0.2982
vn 0.7013 0.4784 0.5284
vn 0.7845 0.4961 0.3722
vn 0.7690 0.5598 0.3087
vn 0.8147 0.5493 -0.1859
vn 0.8525 0.5066 -0.1289
vn 0.7050 0.4098 -0.5789
vn 0.8481 0.5242 -0.0768
vn 0.8462 0.3944 -0.3582
vn 0.7663 0.4319 -0.4756
vn 0.6388 0.5170 0.5698
vn 0.6966 0.6417 0.3208
vn 0.5338 0.6461 0.5455
vn 0.4118 0.8608 0.2991
vn 0.6391 0.7662 0.0677
vn 0.2980 0.8880 -0.3501
vn 0.3175 0.8926 0.3202
vn 0.2344 0.9002 -0.3671
vn -0.1580 0.9872 0.0205
vn -0.6953 0.5165 0.4999
vn -0.8161 0.2255 0.5321
vn -0.5064 0.4172 0.7546
vn -0.4986 0.4692 0.7289
vn -0.7844 0.0953 0.6129
vn -0.8490 0.0746 0.5232
vn -0.1241 0.4878 0.8641
vn -0.3815 0.1004 0.9189
vn 0.2168 0.1318 0.9673
vn 0.6173 0.1048 -0.7797
vn 0.1348 0.0758 -0.9880
vn 0.5819 0.1013 -0.8069
vn 0.4878 0.0600 -0.8709
vn 0.5450 0.1272 -0.8288
vn 0.5127 0.0396 -0.8576
vn 0.5317 0.2021 -0.8225
vn 0.3765 0.4519 -0.8087
vn 0.1046 0.3519 -0.9302
vn 0.1374 0.5699 -0.8101
vn 0.0155 0.5443 -0.8388
vn -0.0114 0.3343 -0.9424
vn -0.2776 0.3798 -0.8824
vn -0.0442 0.6672 -0.7436
vn -0.3851 0.4834 -0.7861
vn -0.4711 0.8071 -0.3558
vn 0.5227 0.2017 -0.8283
vn 0.4740 0.0416 -0.8796
vn 0.2412 0.1316 -0.9615
vn 0.1847 0.0888 -0.9788
vn 0.4685 0.0378 -0.8827
vn 0.0334 -0.9990 0.0298
vn 0.1220 0.0901 -0.9884
vn -0.0334 0.9990 -0.0287
vn -0.2269 0.0835 -0.9703
vn -0.8913 0.4499 0.0561
vn -0.8945 0.2342 -0.3807
vn -0.9653 0.1580 0.2081
vn -0.9829 0.0719 0.1697
vn -0.8546 0.3784 -0.3556
vn -0.9766 0.0709 0.2032
vn -0.9566 0.0448 0.2879
vn -0.7414 0.1235 -0.6596
vn -0.1647 0.3151 -0.9347
vn 0.5388 0.6877 -0.4866
vn 0.7007 0.5296 -0.4780
vn 0.9204 0.2327 0.3143
vn 0.3063 0.1481 0.9403
vn -0.0912 0.7462 0.6595
vn 0.5996 0.5320 0.5979
vn 0.3713 0.5951 0.7128
vn 0.3244 0.4971 0.8047
vn 0.6758 0.5291 0.5131
vn 0.6260 0.5410 0.5617
vn 0.6251 0.2100 0.7518
vn 0.7236 0.5006 0.4751
vn 0.7985 0.5006 0.3344
vn 0.9736 0.2212 0.0562
vn 0.7683 0.5143 0.3811
vn 0.8360 0.5190 -0.1785
vn 0.8097 0.4287 -0.4007
vn 0.6263 0.5958 0.5027
vn 0.4929 0.8693 0.0365
vn 0.1230 0.9923 -0.0125
vn -0.7088 0.3759 0.5969
vn -0.8692 0.0839 0.4873
vn -0.1211 0.1482 0.9815
vn 0.1598 0.0694 -0.9847
vn 0.4425 0.0589 -0.8948
vn 0.6381 0.1289 -0.7591
vn 0.2030 0.4332 -0.8781
vn -0.0735 0.4347 -0.8976
vn -0.3045 0.6204 -0.7228
vn 0.4076 0.1298 -0.9039
vn 0.2708 0.0532 -0.9612
vn 0.0857 0.0741 -0.9936
vn -0.9492 0.3145 0.0060
vn -0.9755 0.0721 0.2078
vn 0.0267 -0.9994 0.0230
vn -0.0267 0.9994 -0.0230
vn -0.8455 0.2328 0.4806
vn -0.9718 0.0619 0.2274
vn -0.5798 0.0319 0.8141
vn -0.7590 0.0753 -0.6467
vn 0.0266 -0.9994 0.0230
vn -0.9222 0.2496 -0.2955
vn -0.9964 0.0823 -0.0215
vn -0.9444 0.3253 -0.0469
vn -0.6263 0.0708 -0.7763
vn 0.1980 0.0300 0.9797
vn -0.0149 0.5737 -0.8189
vn -0.4907 0.4121 -0.7677
vn -0.5115 0.6022 -0.6130
vn 0.1490 0.4908 -0.8585
vn -0.1598 0.1530 -0.9752
vn -0.4150 0.4177 -0.8083
vn 0.6024 0.4272 -0.6743
vn 0.7169 0.1163 -0.6875
vn 0.4925 0.1629 -0.8550
vn 0.8806 0.3909 -0.2678
vn 0.9784 0.0839 0.1889
vn 0.9942 0.1023 -0.0324
vn 0.7152 0.6964 -0.0595
vn 0.4698 0.6883 0.5527
vn 0.7626 0.4987 0.4121
vn 0.7672 0.4078 -0.4951
vn 0.7805 0.5040 -0.3699
vn 0.8032 0.4120 -0.4303
vn 0.8714 0.4053 -0.2766
vn 0.8214 0.5134 -0.2484
vn 0.8946 0.4357 0.0996
vn 0.8809 0.3950 -0.2609
vn 0.8939 0.4374 0.0977
vn 0.9773 0.0843 0.1942
vn 0.7706 0.3872 -0.5062
vn 0.8019 0.3956 -0.4477
vn 0.7415 0.4023 -0.5369
vn 0.7069 0.4291 -0.5623
vn 0.7778 0.4160 -0.4712
vn 0.9729 0.1230 -0.1960
vn 0.7069 0.4285 -0.5628
vn 0.9784 0.1338 -0.1574
vn 0.8872 0.1218 -0.4451
vn 0.7186 0.3985 -0.5699
vn 0.6739 0.4143 -0.6118
vn 0.5920 0.4038 -0.6975
vn 0.5868 0.3914 -0.7088
vn 0.6667 0.3827 -0.6395
vn 0.5138 0.1562 -0.8436
vn 0.4245 0.3929 -0.8157
vn 0.4337 0.1499 -0.8885
vn 0.0089 0.1396 -0.9902
vn 0.7558 0.3657 -0.5432
vn 0.6295 0.3810 -0.6772
vn 0.5714 0.4361 -0.6953
vn 0.0890 0.4292 -0.8988
vn 0.1558 0.3921 -0.9066
vn -0.3342 0.3149 -0.8883
vn 0.2071 0.4068 -0.8897
vn -0.0739 0.3017 -0.9505
vn -0.2140 0.3323 -0.9186
vn 0.7850 0.3983 -0.4745
vn 0.5758 0.5114 -0.6379
vn 0.7582 0.5163 -0.3982
vn 0.5138 0.7584 -0.4011
vn 0.3129 0.6406 -0.7012
vn -0.2770 0.8042 -0.5259
vn 0.5159 0.8046 -0.2939
vn -0.3247 0.8243 -0.4638
vn -0.0154 0.9869 0.1608
vn 0.2945 0.4038 0.8662
vn 0.2638 0.1603 0.9512
vn 0.5999 0.3143 0.7358
vn 0.5853 0.3593 0.7269
vn 0.3446 0.0620 0.9367
vn 0.2380 0.0467 0.9701
vn 0.8422 0.3740 0.3882
vn 0.7612 0.0671 0.6451
vn 0.9918 0.0938 0.0872
vn -0.5490 0.0842 -0.8316
vn -0.8977 0.0607 -0.4365
vn -0.5859 0.0815 -0.8063
vn -0.6764 0.0509 -0.7348
vn -0.6182 0.1003 -0.7796
vn -0.6564 0.0362 -0.7535
vn -0.6174 0.1556 -0.7711
vn -0.6721 0.3507 -0.6521
vn -0.8704 0.2695 -0.4120
vn -0.7762 0.4554 -0.4361
vn -0.8436 0.4327 -0.3179
vn -0.9187 0.2553 -0.3014
vn -0.9563 0.2913 -0.0243
vn -0.7980 0.5525 -0.2408
vn -0.9185 0.3793 0.1120
vn -0.5774 0.7242 0.3770
vn 0.0265 -0.9994 0.0228
vn -0.6258 0.1553 -0.7644
vn -0.6892 0.0375 -0.7236
vn -0.8400 0.1023 -0.5328
vn -0.8734 0.0705 -0.4818
vn -0.6940 0.0347 -0.7192
vn 0.0258 -0.9994 0.0224
vn -0.9023 0.0711 -0.4253
vn -0.9941 0.0640 -0.0871
vn -0.2292 0.3463 0.9097
vn -0.6490 0.1708 0.7413
vn -0.0983 0.1095 0.9891
vn -0.1413 0.0453 0.9889
vn -0.6266 0.2868 0.7246
vn -0.1073 0.0446 0.9932
vn -0.0207 0.0251 0.9995
vn 0.0265 -0.9994 0.0230
vn -0.8610 0.0889 0.5009
vn -0.9595 0.2396 -0.1482
vn -0.3146 0.5631 -0.7642
vn -0.2404 0.4142 -0.8779
vn 0.5884 0.1752 -0.7893
vn 0.9943 0.1065 -0.0071
vn 0.7137 0.6312 0.3035
vn 0.8043 0.4112 -0.4288
vn 0.8670 0.4687 -0.1693
vn 0.9207 0.3811 -0.0842
vn 0.7421 0.4088 -0.5312
vn 0.7779 0.4191 -0.4681
vn 0.9151 0.1550 -0.3723
vn 0.7136 0.3845 -0.5856
vn 0.5971 0.3849 -0.7038
vn 0.3583 0.1681 -0.9183
vn 0.6361 0.3964 -0.6620
vn 0.1020 0.4029 -0.9095
vn -0.1268 0.3293 -0.9357
vn 0.7304 0.4684 -0.4971
vn 0.2438 0.7682 -0.5920
vn 0.0592 0.9748 -0.2151
vn 0.3731 0.2803 0.8844
vn 0.1978 0.0536 0.9788
vn 0.9041 0.1038 0.4145
vn -0.8867 0.0562 -0.4589
vn -0.7133 0.0500 -0.6991
vn -0.5228 0.1019 -0.8463
vn -0.7973 0.3356 -0.5018
vn -0.9116 0.3371 -0.2354
vn -0.8602 0.5078 0.0469
vn -0.7327 0.1018 -0.6729
vn -0.8298 0.0450 -0.5563
vn -0.9183 0.0592 -0.3915
vn -0.2926 0.2323 0.9276
vn -0.1026 0.0454 0.9937
vn 0.0191 -0.9997 0.0164
vn 0.0191 -0.9997 0.0165
vn 0.0324 -0.2204 -0.9749
vn 0.4083 -0.0739 -0.9099
vn -0.4933 0.2774 0.8244
vn -0.9349 0.2860 -0.2104
vn -0.4745 0.2762 -0.8358
vn 0.8790 0.2753 -0.3894
vn 0.0668 0.5127 0.8560
vn -0.3781 0.6177 0.6896
vn -0.0983 0.6465 0.7566
vn 0.7697 0.2770 -0.5752
vn -0.3390 0.6015 0.7234
vn 0.2490 0.7584 -0.6024
vn -0.3053 0.2858 -0.9084
vn -0.2890 0.6179 0.7312
vn -0.8917 0.4358 -0.1222
vn -0.9585 0.2849 0.0014
vn -0.3331 0.9281 0.1664
vn -0.5739 0.7581 0.3097
vn -0.2974 0.2756 0.9141
vn 0.0584 0.9365 0.3457
vn 0.1216 0.7653 0.6320
vn 0.4216 0.6215 0.6603
vn 0.8446 0.1256 0.5205
vn 0.9931 0.0522 0.1046
vn 0.9234 0.1349 -0.3595
vn 0.8947 0.3063 -0.3250
vn 0.4026 0.1142 -0.9082
vn -0.3636 0.3166 -0.8761
vn -0.4999 0.2134 -0.8394
vn -0.7369 0.1218 -0.6649
vn -0.9467 0.3152 0.0660
vn -0.9088 0.3167 -0.2716
vn -0.8622 0.1146 0.4935
vn -0.2318 0.3066 0.9232
vn -0.5443 0.3092 0.7798
vn 0.2042 0.1024 0.9736
vn 0.4502 0.1863 0.8733
vn 0.9313 0.1452 -0.3342
vn 0.6529 -0.2525 -0.7141
vn 0.7100 -0.2272 -0.6665
vn -0.3766 0.1596 -0.9125
vn 0.1075 -0.2473 -0.9630
vn -0.0191 0.9997 -0.0164
vn -0.0191 0.9997 -0.0165
vn 0.7411 0.0585 0.6688
vn 0.6078 -0.4328 0.6658
vn 0.3370 -0.1701 0.9260
vn -0.2049 0.5083 -0.8364
vn 0.7375 0.4952 -0.4593
vn 0.8459 0.4718 0.2488
vn -0.3378 0.4950 0.8005
vn -0.4857 0.7660 -0.4211
vn -0.1585 0.8400 -0.5189
vn -0.3167 0.8565 -0.4075
vn -0.1511 0.4926 0.8571
vn -0.1952 0.8296 -0.5231
vn 0.1276 0.9208 0.3686
vn 0.7744 0.4870 0.4039
vn -0.2206 0.8400 -0.4958
vn 0.5776 0.6880 -0.4393
vn 0.6156 0.4978 -0.6109
vn 0.0442 0.9799 -0.1943
vn 0.1001 0.9171 -0.3859
vn -0.3843 0.5096 -0.7698
vn -0.1693 0.9787 -0.1162
vn -0.3325 0.9155 -0.2264
vn -0.5253 0.8413 -0.1274
vn -0.9400 0.2744 0.2026
vn -0.7834 0.1254 0.6088
vn -0.4091 0.2644 0.8734
vn -0.3807 0.5403 0.7504
vn 0.3330 0.1983 0.9218
vn 0.7758 0.5329 0.3379
vn 0.8975 0.3676 0.2437
vn 0.9789 0.2012 -0.0350
vn 0.5533 0.5427 -0.6319
vn 0.7438 0.5390 -0.3953
vn 0.2672 0.2248 -0.9371
vn -0.4228 0.5523 -0.7185
vn -0.1429 0.5506 -0.8225
vn -0.8048 0.2363 -0.5445
vn -0.8750 0.3825 -0.2967
vn -0.4302 0.2840 0.8569
vn 0.0342 -0.4681 0.8830
vn -0.0349 -0.4274 0.9034
vn 0.8821 0.2705 0.3856
vn 0.5429 -0.4720 0.6946
vn -0.9877 0.1530 0.0322
vn 0.8731 -0.4111 -0.2620
vn 0.5201 0.8245 -0.2229
vn 0.6896 -0.6923 -0.2125
vn 0.6132 -0.7132 -0.3397
vn 0.7229 -0.4787 -0.4982
vn 0.5026 0.8370 -0.2165
vn 0.7580 -0.2845 0.5870
vn 0.1960 -0.9684 0.1541
vn 0.2429 -0.9495 -0.1986
vn 0.5687 0.6312 -0.5274
vn 0.3918 0.9192 0.0408
vn 0.5007 -0.4792 0.7209
vn -0.0682 -0.9886 0.1342
vn -0.3296 -0.7666 -0.5511
vn 0.3414 0.8097 -0.4773
vn -0.0023 0.8324 0.5542
vn -0.3831 -0.3385 0.8594
vn -0.8434 -0.4178 0.3379
vn -0.8985 0.4357 -0.0534
vn -0.1922 0.9813 0.0069
vn -0.9382 -0.2015 0.2814
vn -0.9859 0.0786 0.1479
vn -0.9991 0.0250 -0.0329
vn -0.5192 0.8393 0.1613
vn -0.8470 0.5119 -0.1432
vn -0.9799 0.1443 -0.1375
vn -0.5246 0.8288 0.1949
vn -0.8574 -0.1689 0.4862
vn -0.4420 -0.5690 0.6934
vn -0.7914 0.6013 0.1098
vn -0.4400 0.1847 0.8788
vn -0.0104 0.7341 0.6790
vn -0.9142 -0.1842 0.3610
vn -0.2316 0.9233 0.3065
vn -0.1376 0.9855 0.0995
vn -0.1012 0.9859 -0.1331
vn -0.1162 0.8994 -0.4215
vn -0.3559 0.7520 -0.5549
vn -0.7624 -0.1101 -0.6377
vn -0.5563 -0.6747 -0.4851
vn -0.5686 -0.7502 -0.3375
vn -0.5046 -0.8372 0.2108
vn -0.2292 -0.9339 0.2744
vn -0.2880 -0.7997 0.5268
vn -0.2828 -0.4255 0.8596
vn 0.0402 -0.1547 0.9871
vn -0.2058 0.8550 0.4760
vn -0.3572 0.5109 0.7819
vn 0.0760 0.9841 0.1606
vn -0.0825 0.9933 0.0810
vn -0.4201 0.4745 -0.7735
vn 0.0083 0.1930 -0.9812
vn 0.1498 -0.4882 -0.8598
vn -0.3401 -0.9322 -0.1234
vn -0.0378 -0.9982 -0.0458
vn -0.0326 -0.9986 -0.0416
vn -0.1192 -0.8126 0.5706
vn 0.2024 -0.9229 0.3275
vn 0.4606 -0.8268 0.3230
vn -0.9241 0.2069 0.3214
vn 0.5767 0.6805 0.4520
vn 0.5282 0.8465 0.0659
vn 0.0183 0.9933 -0.1139
vn 0.3215 0.9086 -0.2667
vn 0.3986 0.7918 -0.4628
vn 0.3951 0.6901 -0.6063
vn 0.6468 -0.3950 -0.6524
vn 0.4281 -0.6326 -0.6454
vn 0.2316 -0.9522 -0.1993
vn 0.1997 -0.9493 -0.2430
vn 0.1424 -0.9846 -0.1012
vn 0.2654 -0.9594 0.0952
vn 0.4293 -0.8961 0.1127
vn 0.5097 -0.8165 0.2711
vn 0.4132 0.7793 -0.4711
vn 0.5550 0.7331 -0.3930
vn 0.8652 -0.2179 -0.4517
vn 0.7020 -0.6385 0.3155
vn 0.9580 -0.2505 -0.1397
vn 0.6210 0.7758 -0.1119
vn -0.6488 0.7286 -0.2194
vn 0.8897 0.4495 0.0800
vn 0.2570 0.9196 0.2971
vn 0.5732 0.8100 -0.1242
vn -0.3751 0.8317 0.4093
vn -0.2157 0.6392 -0.7381
vn -0.1550 0.9807 -0.1191
vn -0.8314 0.0862 -0.5490
vn -0.7181 0.0289 -0.6954
vn -0.9053 -0.1836 -0.3831
vn -0.5800 0.4509 -0.6785
vn -0.7689 0.4557 -0.4485
vn -0.9174 0.1335 0.3749
vn -0.5943 0.5110 0.6211
vn -0.3813 0.9213 0.0761
vn -0.1761 0.9843 -0.0138
vn 0.0060 0.9867 -0.1627
vn 0.1900 0.9009 -0.3903
vn -0.0234 0.4580 -0.8886
vn -0.5825 0.4937 0.6457
vn -0.7841 0.5190 0.3404
vn -0.0587 0.9830 0.1739
vn -0.1232 0.9923 0.0092
vn -0.0606 0.5021 -0.8627
vn 0.6971 0.1287 -0.7053
vn 0.7168 0.6467 0.2606
vn -0.0273 0.4527 0.8912
vn 0.1589 0.3967 0.9041
vn 0.5113 0.5870 0.6278
vn 0.0821 0.9943 -0.0683
vn 0.4135 0.9103 0.0211
vn 0.8491 0.5173 -0.1072
vn 0.8441 0.4997 0.1942
vn 0.7283 0.4900 0.4790
vn 0.7655 0.6424 -0.0359
vn -0.6805 0.7283 -0.0804
vn 0.8857 0.4514 -0.1089
vn 0.3149 0.9197 0.2347
vn 0.5341 0.8099 -0.2425
vn -0.2808 0.8319 0.4786
vn -0.3640 0.6398 -0.6769
vn -0.1751 0.9808 -0.0862
vn -0.9279 0.0851 -0.3629
vn -0.8478 0.0286 -0.5296
vn -0.9652 -0.1854 -0.1845
vn -0.7084 0.4511 -0.5429
vn -0.8458 0.4549 -0.2787
vn -0.8191 0.1292 0.5589
vn -0.4517 0.5085 0.7330
vn -0.3563 0.9218 0.1526
vn -0.1738 0.9846 0.0213
vn -0.0267 0.9864 -0.1624
vn 0.1051 0.9004 -0.4222
vn -0.2079 0.4599 -0.8633
vn -0.4350 0.4911 0.7547
vn -0.6968 0.5167 0.4975
vn -0.0195 0.9834 0.1804
vn -0.1171 0.9926 0.0326
vn -0.2386 0.5037 -0.8303
vn 0.5336 0.1333 -0.8352
vn 0.7552 0.6473 0.1032
vn 0.1613 0.4506 0.8780
vn 0.3458 0.3949 0.8512
vn 0.6325 0.5868 0.5056
vn 0.0674 0.9940 -0.0861
vn 0.4093 0.9099 -0.0679
vn 0.8064 0.5192 -0.2830
vn 0.8653 0.5011 0.0119
vn 0.8126 0.4906 0.3145
vn 0.7399 0.6434 -0.1963
vn -0.9652 -0.1853 -0.1845
vn -0.8191 0.1293 0.5589
vn 0.5336 0.1333 -0.8351
vn 0.7552 0.6473 0.1031
vn 0.8856 0.4514 -0.1089
vn 0.5340 0.8099 -0.2426
vn -0.8477 0.0287 -0.5296
vn 0.1614 0.4506 0.8780
vn 0.5340 0.8099 -0.2425
vn -0.8477 0.0286 -0.5296
vn 0.1052 0.9004 -0.4222
vn 0.1614 0.4507 0.8780
vn 0.6720 0.7237 0.1571
vn -0.8823 0.4706 -0.0111
vn -0.2922 0.9140 -0.2814
vn -0.5658 0.8096 0.1566
vn 0.3220 0.8316 -0.4524
vn 0.2733 0.6281 0.7286
vn 0.1470 0.9849 0.0912
vn 0.8777 0.0422 0.4773
vn 0.7749 -0.0161 0.6319
vn 0.9264 -0.2223 0.3039
vn 0.6445 0.4227 0.6371
vn 0.8175 0.4284 0.3849
vn 0.8829 0.1155 -0.4552
vn 0.5291 0.5109 -0.6775
vn 0.3602 0.9246 -0.1245
vn 0.1585 0.9872 -0.0169
vn -0.0118 0.9889 0.1481
vn -0.1753 0.9023 0.3938
vn 0.0919 0.4387 0.8939
vn 0.5152 0.4943 -0.7002
vn 0.7511 0.5101 -0.4190
vn 0.0239 0.9810 -0.1926
vn 0.1027 0.9941 -0.0354
vn 0.1268 0.4844 0.8656
vn -0.6370 0.1299 0.7599
vn -0.7260 0.6572 -0.2025
vn -0.0572 0.4704 -0.8806
vn -0.2384 0.4210 -0.8751
vn -0.5560 0.6030 -0.5721
vn -0.0956 0.9937 0.0593
vn -0.4232 0.9060 -0.0003
vn -0.8305 0.5313 0.1673
vn -0.8450 0.5196 -0.1263
vn -0.7536 0.5133 -0.4107
vn -0.7541 0.6508 0.0884
vn 0.2733 0.6281 0.7285
vn 0.7749 -0.0162 0.6319
vn 0.3602 0.9245 -0.1245
vn 0.7511 0.5102 -0.4190
vn -0.0578 0.4703 -0.8806
vn -0.8823 0.4706 -0.0110
vn 0.8175 0.4284 0.3848
vn -0.0571 0.4704 -0.8806
vn 0.9264 -0.2222 0.3039
vn -0.0573 0.4704 -0.8806
vn -0.5657 0.8096 0.1566
vn -0.6369 0.1299 0.7599
vn -0.0570 0.4704 -0.8806
vn 0.2734 0.6281 0.7286
vn 0.8777 0.0422 0.4774
vn 0.0919 0.4388 0.8939
vn -0.0575 0.4703 -0.8806
vn 0.3602 0.9246 -0.1244
vn -0.0576 0.4703 -0.8806
vn 0.7094 0.0417 0.7036
vn -0.1620 0.4418 0.8823
vn 0.1901 0.4674 -0.8634
vn -0.8430 0.5334 -0.0698
vn 0.0572 0.6292 0.7751
vn -0.2797 0.9016 0.3300
vn -0.1209 0.4871 0.8650
vn 0.1903 0.4674 -0.8633
vn -0.5871 0.8095 -0.0056
vn 0.4394 0.4236 0.7921
vn -0.1208 0.4870 0.8650
vn -0.2796 0.9016 0.3301
vn -0.1208 0.4871 0.8650
vn 0.6154 0.0800 -0.7841
vn -0.8341 0.3850 -0.3950
vn 0.4994 0.8356 -0.2290
vn 0.6014 0.6192 0.5049
vn -0.4140 0.0959 0.9052
vn -0.7938 0.6013 0.0913
vn -0.7409 0.4994 0.4491
vn -0.7560 0.5339 0.3787
vn -0.6424 0.4380 0.6289
vn -0.4624 0.5965 0.6561
vn -0.3288 0.4371 0.8371
vn 0.0772 0.1579 0.9844
vn -0.0802 0.8888 0.4512
vn 0.4709 0.8515 0.2307
vn 0.6565 0.7539 -0.0256
vn -0.3085 0.8959 0.3196
vn 0.1658 0.9852 -0.0443
vn -0.2007 0.9013 -0.3839
vn -0.8082 0.5627 0.1736
vn -0.8633 0.4247 -0.2727
vn -0.8258 0.4494 -0.3407
vn -0.9646 0.2626 0.0246
vn -0.7979 0.2638 0.5420
vn -0.5815 0.1795 0.7935
vn 0.9795 0.1141 0.1658
vn 0.9910 0.1333 -0.0085
vn 0.8874 0.4140 -0.2030
vn 0.6312 0.5835 -0.5110
vn 0.5848 0.5450 -0.6008
vn 0.2514 0.6351 -0.7304
vn -0.5085 0.0354 -0.8603
vn -0.0106 0.9999 -0.0133
vn -0.6928 0.1030 -0.7137
vn 0.8261 0.4153 -0.3809
vn 0.9672 0.2348 -0.0970
vn 0.5206 0.1204 -0.8453
vn -0.4431 0.0181 -0.8963
vt 0.181819 0.000000
vt 0.227273 0.078731
vt 0.136365 0.078731
vt 0.681818 0.078731
vt 0.727273 0.157461
vt 0.681818 0.236191
vt 0.636364 0.157461
vt 0.909091 0.000000
vt 0.954545 0.078731
vt 0.863636 0.078731
vt 0.727273 0.000000
vt 0.772727 0.078731
vt 0.545455 0.000000
vt 0.590909 0.078731
vt 0.500000 0.078731
vt 0.090910 0.157461
vt 0.181819 0.157461
vt 0.136365 0.236191
vt 0.818182 0.157461
vt 0.909091 0.157461
vt 0.863636 0.236191
vt 0.772727 0.393651
vt 0.863636 0.393651
vt 0.636364 0.472382
vt 0.590909 0.393651
vt 0.454546 0.157461
vt 0.545455 0.157461
vt 0.500000 0.236191
vt 0.272728 0.157461
vt 0.318182 0.236191
vt 0.227273 0.236191
vt 0.045455 0.236191
vt 0.772727 0.236191
vt 0.590909 0.236191
vt 0.409092 0.236191
vt 0.181819 0.314921
vt 0.272728 0.314921
vt 0.227273 0.393651
vt 0.000000 0.314921
vt 0.090910 0.314921
vt 0.045455 0.393651
vt 0.727273 0.314921
vt 0.818182 0.314921
vt 0.545455 0.314921
vt 0.636364 0.314921
vt 0.363637 0.314921
vt 0.454546 0.314921
vt 0.409092 0.393651
vt 0.500000 0.393651
vt 0.272728 0.472382
vt 0.681818 0.393651
vt 0.909091 0.314921
vt 0.136365 0.393651
vt 0.090910 0.472382
vt 0.318182 0.393651
vt 0.363637 0.157461
vt 0.318182 0.078731
vt 0.954545 0.236191
vt 1.000000 0.157461
vt 0.409092 0.078731
vt 0.363637 0.000000
vt 0.363637 0.157461
vt 0.318182 0.157461
vt 0.340910 0.118096
vt 0.295455 0.118096
vt 0.886364 0.039365
vt 0.909091 0.078731
vt 0.909091 0.000000
vt 0.931818 0.039365
vt 0.704546 0.039365
vt 0.727273 0.078731
vt 0.727273 0.000000
vt 0.750000 0.039365
vt 0.522728 0.039365
vt 0.545455 0.078731
vt 0.545455 0.000000
vt 0.568182 0.039365
vt 0.318183 0.236191
vt 0.295455 0.196826
vt 0.340910 0.196826
vt 0.136364 0.236191
vt 0.113637 0.196826
vt 0.159092 0.196826
vt 0.136365 0.157461
vt 0.181819 0.157461
vt 0.863637 0.236191
vt 0.840909 0.196826
vt 0.886364 0.196826
vt 0.863636 0.157461
vt 0.909091 0.157461
vt 0.681819 0.236191
vt 0.659091 0.196826
vt 0.704546 0.196826
vt 0.681819 0.157461
vt 0.727273 0.157461
vt 0.500001 0.236191
vt 0.477273 0.196826
vt 0.522728 0.196826
vt 0.500001 0.157461
vt 0.545455 0.157461
vt 0.227274 0.236191
vt 0.250001 0.196826
vt 0.272728 0.236191
vt 0.068183 0.196826
vt 0.090910 0.236191
vt 0.772728 0.236191
vt 0.795455 0.196826
vt 0.818182 0.236191
vt 0.590910 0.236191
vt 0.613637 0.196826
vt 0.636364 0.236191
vt 0.409092 0.236191
vt 0.431819 0.196826
vt 0.454546 0.236191
vt 0.204546 0.354286
vt 0.250001 0.354286
vt 0.227274 0.314921
vt 0.272728 0.314921
vt 0.022728 0.354286
vt 0.068182 0.354286
vt 0.045455 0.314921
vt 0.090910 0.314921
vt 0.750000 0.354286
vt 0.795455 0.354286
vt 0.772728 0.314921
vt 0.818182 0.314921
vt 0.568182 0.354286
vt 0.613637 0.354286
vt 0.590910 0.314921
vt 0.636364 0.314921
vt 0.386364 0.354286
vt 0.431819 0.354286
vt 0.409092 0.314921
vt 0.454546 0.314921
vt 0.454546 0.472382
vt 0.431819 0.433017
vt 0.477273 0.433017
vt 0.454546 0.393652
vt 0.477273 0.354286
vt 0.522728 0.354286
vt 0.500001 0.314921
vt 0.636364 0.472382
vt 0.613637 0.433017
vt 0.659091 0.433017
vt 0.636364 0.393652
vt 0.659091 0.354286
vt 0.704546 0.354286
vt 0.681819 0.314921
vt 0.818182 0.472382
vt 0.795455 0.433017
vt 0.840909 0.433017
vt 0.818182 0.393652
vt 0.840909 0.354286
vt 0.886364 0.354286
vt 0.863637 0.314921
vt 0.090910 0.472382
vt 0.068183 0.433017
vt 0.113637 0.433017
vt 0.090910 0.393652
vt 0.113637 0.354286
vt 0.159092 0.354286
vt 0.136364 0.314921
vt 0.272728 0.472382
vt 0.250001 0.433017
vt 0.295455 0.433017
vt 0.272728 0.393652
vt 0.295455 0.354286
vt 0.340910 0.354286
vt 0.318182 0.314921
vt 0.386364 0.275556
vt 0.431819 0.275556
vt 0.477273 0.275556
vt 0.522728 0.275556
vt 0.568182 0.275556
vt 0.613637 0.275556
vt 0.659091 0.275556
vt 0.704546 0.275556
vt 0.750000 0.275556
vt 0.795455 0.275556
vt 0.840909 0.275556
vt 0.886364 0.275556
vt 0.022728 0.275556
vt 0.068182 0.275556
vt 0.113637 0.275556
vt 0.159092 0.275556
vt 0.204546 0.275556
vt 0.250001 0.275556
vt 0.295455 0.275556
vt 0.340910 0.275556
vt 0.545455 0.236191
vt 0.568182 0.196826
vt 0.590910 0.157461
vt 0.727273 0.236191
vt 0.750000 0.196826
vt 0.772728 0.157461
vt 0.931818 0.275556
vt 0.909091 0.236191
vt 0.931818 0.196826
vt 0.977273 0.196826
vt 0.954546 0.157461
vt 0.181819 0.236191
vt 0.204546 0.196826
vt 0.227274 0.157461
vt 0.363637 0.236191
vt 0.386364 0.196826
vt 0.409092 0.157461
vt 0.477273 0.118096
vt 0.522728 0.118096
vt 0.568182 0.118096
vt 0.613637 0.118096
vt 0.659091 0.118096
vt 0.704546 0.118096
vt 0.750000 0.118096
vt 0.795455 0.118096
vt 0.840909 0.118096
vt 0.886364 0.118096
vt 0.931818 0.118096
vt 0.977273 0.118096
vt 0.431819 0.118096
vt 0.386364 0.118096
vt 0.363637 0.078731
vt 0.386364 0.039365
vt 0.340910 0.039365
vt 0.363637 0.000000
vt 0.113637 0.118096
vt 0.159092 0.118096
vt 0.204546 0.118096
vt 0.181819 0.078731
vt 0.250001 0.118096
vt 0.204546 0.039365
vt 0.159092 0.039365
vt 0.181819 0.000000
vt 0.454546 0.472382
vt 0.818182 0.472382
s 0
usemtl Material.005
f 1/1/1 14/2/1 13/3/1
f 20/4/1 21/5/1 29/6/1 5/7/1
f 1/8/1 13/9/1 18/10/1
f 1/11/1 18/12/1 20/4/1
f 1/13/1 20/14/1 17/15/1
f 3/16/1 15/17/1 25/18/1
f 4/19/1 19/20/1 27/21/1
f 41/22/2 40/23/2 12/24/2 42/25/2
f 6/26/3 22/27/3 31/28/3
f 2/29/4 23/30/4 26/31/4
f 3/16/1 25/18/1 28/32/1
f 4/19/1 27/21/1 30/33/1
f 5/7/1 29/6/1 32/34/1
f 6/26/5 31/28/5 24/35/5
f 7/36/6 33/37/6 38/38/6
f 8/39/1 34/40/1 40/41/1
f 9/42/1 35/43/1 41/22/1
f 10/44/7 36/45/7 42/25/7
f 11/46/8 37/47/8 39/48/8
f 39/48/9 37/47/9 42/49/9
f 37/47/10 10/44/10 42/49/10
f 38/38/11 39/48/11 42/49/11 12/50/11
f 42/25/12 36/45/12 41/51/12
f 36/45/13 9/42/13 41/51/13
f 41/22/1 35/43/1 40/23/1
f 35/43/1 8/52/1 40/23/1
f 40/41/14 38/53/14 12/54/14
f 40/41/15 34/40/15 38/53/15
f 34/40/16 7/36/16 38/53/16
f 38/38/17 33/37/17 39/55/17
f 33/37/18 11/46/18 39/55/18
f 24/35/19 37/47/19 11/46/19
f 24/35/20 31/28/20 37/47/20
f 31/28/21 10/44/21 37/47/21
f 32/34/1 36/45/1 10/44/1
f 32/34/1 29/6/1 36/45/1
f 29/6/1 9/42/1 36/45/1
f 30/33/1 35/43/1 9/42/1
f 30/33/1 27/21/1 35/43/1
f 27/21/1 8/52/1 35/43/1
f 28/32/1 34/40/1 8/39/1
f 28/32/1 25/18/1 34/40/1
f 25/18/22 7/36/22 34/40/22
f 26/31/23 33/37/23 7/36/23
f 26/31/24 23/30/24 33/37/24
f 23/30/25 11/46/25 33/37/25
f 31/28/26 32/34/26 10/44/26
f 31/28/27 22/27/27 32/34/27
f 22/27/1 5/7/1 32/34/1
f 29/6/1 30/33/1 9/42/1
f 16/56/28 23/30/28 2/29/28 14/57/28
f 27/21/1 28/58/1 8/52/1
f 27/21/1 19/20/1 28/58/1
f 19/20/1 3/59/1 28/58/1
f 25/18/29 26/31/29 7/36/29
f 25/18/30 15/17/30 26/31/30
f 15/17/31 2/29/31 26/31/31
f 23/30/32 24/35/32 11/46/32
f 23/30/33 16/56/33 24/35/33
f 21/5/1 4/19/1 30/33/1 29/6/1
f 17/15/34 22/27/34 6/26/34
f 17/15/1 20/14/1 22/27/1
f 20/14/1 5/7/1 22/27/1
f 20/4/1 18/12/1 21/5/1
f 18/12/1 4/19/1 21/5/1
f 18/10/1 19/20/1 4/19/1
f 18/10/1 13/9/1 19/20/1
f 13/9/1 3/59/1 19/20/1
f 16/56/35 14/57/35 17/60/35
f 14/57/1 1/61/1 17/60/1
f 13/3/1 15/17/1 3/16/1
f 13/3/1 14/2/1 15/17/1
f 14/2/36 2/29/36 15/17/36
f 16/56/37 17/60/37 6/26/37 24/35/37
f 58/62/38 88/63/38 200/64/38
f 44/29/38 86/65/38 88/63/38
f 56/57/38 200/64/38 86/65/38
f 60/10/38 90/66/38 197/67/38
f 43/68/38 85/69/38 90/66/38
f 55/9/38 197/67/38 85/69/38
f 62/4/38 92/70/38 194/71/38
f 43/72/38 90/73/38 92/70/38
f 60/12/38 194/71/38 90/73/38
f 59/15/38 119/74/38 191/75/38
f 43/76/38 92/77/38 119/74/38
f 62/14/38 191/75/38 92/77/38
f 65/78/38 95/79/38 188/80/38
f 44/29/38 88/63/38 95/79/38
f 58/62/38 188/80/38 88/63/38
f 67/81/38 97/82/38 185/83/38
f 45/16/38 87/84/38 97/82/38
f 57/85/38 185/83/38 87/84/38
f 69/86/39 99/87/39 182/88/39
f 46/19/38 91/89/38 99/87/38
f 61/90/40 182/88/40 91/89/40
f 71/91/38 101/92/38 179/93/38
f 47/7/38 93/94/38 101/92/38
f 63/95/38 179/93/38 93/94/38
f 73/96/38 103/97/38 176/98/38
f 48/26/38 94/99/38 103/97/38
f 64/100/38 176/98/38 94/99/38
f 68/101/38 128/102/38 173/103/38
f 44/29/38 95/79/38 128/102/38
f 65/78/38 173/103/38 95/79/38
f 70/32/41 130/104/41 170/105/41
f 45/16/40 97/82/40 130/104/40
f 67/81/42 170/105/42 97/82/42
f 72/106/38 132/107/38 167/108/38
f 46/19/38 99/87/38 132/107/38
f 69/86/43 167/108/43 99/87/43
f 74/109/38 134/110/38 164/111/38
f 47/7/38 101/92/38 134/110/38
f 71/91/38 164/111/38 101/92/38
f 66/112/38 126/113/38 161/114/38
f 48/26/38 103/97/38 126/113/38
f 73/96/38 161/114/38 103/97/38
f 80/38/44 110/115/44 158/116/44
f 49/36/45 105/117/45 110/115/45
f 75/118/46 158/116/46 105/117/46
f 82/41/47 112/119/47 155/120/47
f 50/39/48 106/121/48 112/119/48
f 76/122/49 155/120/49 106/121/49
f 83/22/50 113/123/50 152/124/50
f 51/42/51 107/125/51 113/123/51
f 77/126/52 152/124/52 107/125/52
f 84/25/53 114/127/53 149/128/53
f 52/44/54 108/129/54 114/127/54
f 78/130/55 149/128/55 108/129/55
f 81/48/56 141/131/56 146/132/56
f 53/46/57 109/133/57 141/131/57
f 79/134/58 146/132/58 109/133/58
f 54/135/59 111/136/59 144/137/59
f 81/48/60 145/138/60 111/136/60
f 84/49/61 144/137/61 145/138/61
f 84/49/62 145/138/62 147/139/62
f 81/48/63 146/132/63 145/138/63
f 79/134/64 147/139/64 146/132/64
f 84/49/65 147/139/65 114/140/65
f 79/134/66 139/141/66 147/139/66
f 52/44/67 114/140/67 139/141/67
f 54/142/68 144/143/68 143/144/68
f 84/25/69 148/145/69 144/143/69
f 83/51/70 143/144/70 148/145/70
f 83/51/71 148/145/71 150/146/71
f 84/25/72 149/128/72 148/145/72
f 78/130/73 150/146/73 149/128/73
f 83/51/74 150/146/74 113/147/74
f 78/130/75 138/148/75 150/146/75
f 51/42/76 113/147/76 138/148/76
f 54/149/77 143/150/77 142/151/77
f 83/22/78 151/152/78 143/150/78
f 82/23/79 142/151/79 151/152/79
f 82/23/80 151/152/80 153/153/80
f 83/22/81 152/124/81 151/152/81
f 77/126/82 153/153/82 152/124/82
f 82/23/83 153/153/83 112/154/83
f 77/126/84 137/155/84 153/153/84
f 50/52/85 112/154/85 137/155/85
f 54/156/86 142/157/86 140/158/86
f 82/41/87 154/159/87 142/157/87
f 80/53/88 140/158/88 154/159/88
f 80/53/89 154/159/89 156/160/89
f 82/41/90 155/120/90 154/159/90
f 76/122/91 156/160/91 155/120/91
f 80/53/92 156/160/92 110/161/92
f 76/122/93 136/162/93 156/160/93
f 49/36/94 110/161/94 136/162/94
f 54/163/95 140/164/95 111/165/95
f 80/38/96 157/166/96 140/164/96
f 81/55/97 111/165/97 157/166/97
f 81/55/98 157/166/98 159/167/98
f 80/38/99 158/116/99 157/166/99
f 75/118/100 159/167/100 158/116/100
f 81/55/101 159/167/101 141/168/101
f 75/118/102 135/169/102 159/167/102
f 53/46/103 141/168/103 135/169/103
f 53/46/104 96/170/104 109/133/104
f 66/112/105 160/171/105 96/170/105
f 79/134/106 109/133/106 160/171/106
f 79/134/107 160/171/107 162/172/107
f 66/112/108 161/114/108 160/171/108
f 73/96/109 162/172/109 161/114/109
f 79/134/110 162/172/110 139/141/110
f 73/96/111 133/173/111 162/172/111
f 52/44/112 139/141/112 133/173/112
f 52/44/38 104/174/38 108/129/38
f 74/109/38 163/175/38 104/174/38
f 78/130/38 108/129/38 163/175/38
f 78/130/38 163/175/38 165/176/38
f 74/109/38 164/111/38 163/175/38
f 71/91/38 165/176/38 164/111/38
f 78/130/38 165/176/38 138/148/38
f 71/91/38 131/177/38 165/176/38
f 51/42/38 138/148/38 131/177/38
f 51/42/113 102/178/113 107/125/113
f 72/106/40 166/179/40 102/178/40
f 77/126/114 107/125/114 166/179/114
f 77/126/115 166/179/115 168/180/115
f 72/106/38 167/108/38 166/179/38
f 69/86/116 168/180/116 167/108/116
f 77/126/117 168/180/117 137/155/117
f 69/86/118 129/181/118 168/180/118
f 50/52/119 137/155/119 129/181/119
f 50/39/120 100/182/120 106/121/120
f 70/32/121 169/183/121 100/182/121
f 76/122/122 106/121/122 169/183/122
f 76/122/123 169/183/123 171/184/123
f 70/32/124 170/105/124 169/183/124
f 67/81/125 171/184/125 170/105/125
f 76/122/126 171/184/126 136/162/126
f 67/81/127 127/185/127 171/184/127
f 49/36/128 136/162/128 127/185/128
f 49/36/129 98/186/129 105/117/129
f 68/101/38 172/187/38 98/186/38
f 75/118/130 105/117/130 172/187/130
f 75/118/131 172/187/131 174/188/131
f 68/101/38 173/103/38 172/187/38
f 65/78/38 174/188/38 173/103/38
f 75/118/132 174/188/132 135/169/132
f 65/78/40 125/189/40 174/188/40
f 53/46/133 135/169/133 125/189/133
f 52/44/38 133/173/38 104/174/38
f 73/96/38 175/190/38 133/173/38
f 74/109/38 104/174/38 175/190/38
f 74/109/38 175/190/38 177/191/38
f 73/96/38 176/98/38 175/190/38
f 64/100/38 177/191/38 176/98/38
f 74/109/38 177/191/38 134/110/38
f 64/100/38 124/192/38 177/191/38
f 47/7/38 134/110/38 124/192/38
f 51/42/38 131/177/38 102/178/38
f 71/91/38 178/193/38 131/177/38
f 72/106/38 102/178/38 178/193/38
f 72/106/38 178/193/38 180/194/38
f 71/91/38 179/93/38 178/193/38
f 63/95/38 180/194/38 179/93/38
f 72/106/38 180/194/38 132/107/38
f 63/95/38 123/195/38 180/194/38
f 46/19/38 132/107/38 123/195/38
f 50/52/134 129/181/134 100/196/134
f 69/86/135 181/197/135 129/181/135
f 70/58/136 100/196/136 181/197/136
f 70/58/137 181/197/137 183/198/137
f 69/86/138 182/88/138 181/197/138
f 61/90/139 183/198/139 182/88/139
f 70/58/140 183/198/140 130/199/140
f 61/90/141 121/200/141 183/198/141
f 45/59/40 130/199/40 121/200/40
f 49/36/142 127/185/142 98/186/142
f 67/81/143 184/201/143 127/185/143
f 68/101/38 98/186/38 184/201/38
f 68/101/38 184/201/38 186/202/38
f 67/81/38 185/83/38 184/201/38
f 57/85/38 186/202/38 185/83/38
f 68/101/38 186/202/38 128/102/38
f 57/85/38 117/203/38 186/202/38
f 44/29/38 128/102/38 117/203/38
f 53/46/144 125/189/144 96/170/144
f 65/78/38 187/204/38 125/189/38
f 66/112/40 96/170/40 187/204/40
f 66/112/38 187/204/38 189/205/38
f 65/78/38 188/80/38 187/204/38
f 58/62/38 189/205/38 188/80/38
f 66/112/38 189/205/38 126/113/38
f 58/62/38 118/206/38 189/205/38
f 48/26/38 126/113/38 118/206/38
f 48/26/38 89/207/38 94/99/38
f 59/15/38 190/208/38 89/207/38
f 64/100/38 94/99/38 190/208/38
f 64/100/38 190/208/38 192/209/38
f 59/15/38 191/75/38 190/208/38
f 62/14/38 192/209/38 191/75/38
f 64/100/38 192/209/38 124/192/38
f 62/14/38 122/210/38 192/209/38
f 47/7/38 124/192/38 122/210/38
f 47/7/38 122/211/38 93/94/38
f 62/4/38 193/212/38 122/211/38
f 63/95/38 93/94/38 193/212/38
f 63/95/38 193/212/38 195/213/38
f 62/4/38 194/71/38 193/212/38
f 60/12/38 195/213/38 194/71/38
f 63/95/38 195/213/38 123/195/38
f 60/12/38 120/214/38 195/213/38
f 46/19/38 123/195/38 120/214/38
f 46/19/38 120/215/38 91/89/38
f 60/10/38 196/216/38 120/215/38
f 61/90/38 91/89/38 196/216/38
f 61/90/38 196/216/38 198/217/38
f 60/10/38 197/67/38 196/216/38
f 55/9/38 198/217/38 197/67/38
f 61/90/38 198/217/38 121/200/38
f 55/9/38 115/218/38 198/217/38
f 45/59/38 121/200/38 115/218/38
f 48/26/38 118/206/38 89/219/38
f 58/62/38 199/220/38 118/206/38
f 59/60/38 89/219/38 199/220/38
f 59/60/38 199/220/38 201/221/38
f 58/62/38 200/64/38 199/220/38
f 56/57/38 201/221/38 200/64/38
f 59/60/38 201/221/38 119/222/38
f 56/57/38 116/223/38 201/221/38
f 43/224/38 119/222/38 116/223/38
f 45/16/38 115/225/38 87/84/38
f 55/3/38 202/226/38 115/225/38
f 57/85/38 87/84/38 202/226/38
f 57/85/38 202/226/38 204/227/38
f 55/3/38 203/228/38 202/226/38
f 56/2/38 204/227/38 203/228/38
f 57/85/38 204/227/38 117/203/38
f 56/2/38 86/229/38 204/227/38
f 44/29/38 117/203/38 86/229/38
f 220/62/145 250/63/145 362/64/145
f 206/29/145 248/65/145 250/63/145
f 218/57/145 362/64/145 248/65/145
f 222/10/145 252/66/145 359/67/145
f 205/68/145 247/69/145 252/66/145
f 217/9/145 359/67/145 247/69/145
f 224/4/145 254/70/145 356/71/145
f 205/72/145 252/73/145 254/70/145
f 222/12/145 356/71/145 252/73/145
f 221/15/145 281/74/145 353/75/145
f 205/76/145 254/77/145 281/74/145
f 224/14/145 353/75/145 254/77/145
f 227/78/145 257/79/145 350/80/145
f 206/29/145 250/63/145 257/79/145
f 220/62/145 350/80/145 250/63/145
f 229/81/145 259/82/145 347/83/145
f 207/16/145 249/84/145 259/82/145
f 219/85/145 347/83/145 249/84/145
f 231/86/146 261/87/146 344/88/146
f 208/19/145 253/89/145 261/87/145
f 223/90/147 344/88/147 253/89/147
f 233/91/145 263/92/145 341/93/145
f 209/7/145 255/94/145 263/92/145
f 225/95/145 341/93/145 255/94/145
f 235/96/145 265/97/145 338/98/145
f 210/26/145 256/99/145 265/97/145
f 226/100/145 338/98/145 256/99/145
f 230/101/145 290/102/145 335/103/145
f 206/29/145 257/79/145 290/102/145
f 227/78/145 335/103/145 257/79/145
f 232/32/148 292/104/148 332/105/148
f 207/16/149 259/82/149 292/104/149
f 229/81/150 332/105/150 259/82/150
f 234/106/145 294/107/145 329/108/145
f 208/19/145 261/87/145 294/107/145
f 231/86/151 329/108/151 261/87/151
f 236/109/145 296/110/145 326/111/145
f 209/7/145 263/92/145 296/110/145
f 233/91/145 326/111/145 263/92/145
f 228/112/145 288/113/145 323/114/145
f 210/26/145 265/97/145 288/113/145
f 235/96/145 323/114/145 265/97/145
f 242/38/152 272/115/152 320/116/152
f 211/36/153 267/117/153 272/115/153
f 237/118/154 320/116/154 267/117/154
f 244/41/155 274/119/155 317/120/155
f 212/39/156 268/121/156 274/119/156
f 238/122/157 317/120/157 268/121/157
f 245/22/158 275/123/158 314/124/158
f 213/42/159 269/125/159 275/123/159
f 239/126/160 314/124/160 269/125/160
f 246/25/161 276/127/161 311/128/161
f 214/44/162 270/129/162 276/127/162
f 240/130/163 311/128/163 270/129/163
f 243/48/164 303/131/164 308/132/164
f 215/46/165 271/133/165 303/131/165
f 241/134/166 308/132/166 271/133/166
f 216/135/167 273/136/167 306/137/167
f 243/48/168 307/138/168 273/136/168
f 246/49/169 306/137/169 307/138/169
f 246/49/170 307/138/170 309/139/170
f 243/48/171 308/132/171 307/138/171
f 241/134/172 309/139/172 308/132/172
f 246/49/173 309/139/173 276/140/173
f 241/134/174 301/141/174 309/139/174
f 214/44/175 276/140/175 301/141/175
f 216/142/176 306/143/176 305/144/176
f 246/25/177 310/145/177 306/143/177
f 245/51/178 305/144/178 310/145/178
f 245/51/179 310/145/179 312/146/179
f 246/25/180 311/128/180 310/145/180
f 240/130/181 312/146/181 311/128/181
f 245/51/182 312/146/182 275/147/182
f 240/130/183 300/148/183 312/146/183
f 213/42/184 275/147/184 300/148/184
f 216/149/185 305/150/185 304/151/185
f 245/22/186 313/152/186 305/150/186
f 244/23/187 304/151/187 313/152/187
f 244/23/188 313/152/188 315/153/188
f 245/22/189 314/124/189 313/152/189
f 239/126/190 315/153/190 314/124/190
f 244/23/191 315/153/191 274/154/191
f 239/126/192 299/155/192 315/153/192
f 212/52/193 274/154/193 299/155/193
f 216/156/194 304/157/194 302/158/194
f 244/41/195 316/159/195 304/157/195
f 242/53/196 302/158/196 316/159/196
f 242/53/197 316/159/197 318/160/197
f 244/41/198 317/120/198 316/159/198
f 238/122/199 318/160/199 317/120/199
f 242/53/200 318/160/200 272/161/200
f 238/122/201 298/162/201 318/160/201
f 211/36/202 272/161/202 298/162/202
f 216/163/203 302/164/203 273/165/203
f 242/38/204 319/166/204 302/164/204
f 243/55/205 273/165/205 319/166/205
f 243/55/206 319/166/206 321/167/206
f 242/38/207 320/116/207 319/166/207
f 237/118/208 321/167/208 320/116/208
f 243/55/209 321/167/209 303/168/209
f 237/118/210 297/169/210 321/167/210
f 215/46/211 303/168/211 297/169/211
f 215/46/212 258/170/212 271/133/212
f 228/112/213 322/171/213 258/170/213
f 241/134/214 271/133/214 322/171/214
f 241/134/215 322/171/215 324/172/215
f 228/112/216 323/114/216 322/171/216
f 235/96/217 324/172/217 323/114/217
f 241/134/218 324/172/218 301/141/218
f 235/96/219 295/173/219 324/172/219
f 214/44/220 301/141/220 295/173/220
f 214/44/145 266/174/145 270/129/145
f 236/109/145 325/175/145 266/174/145
f 240/130/145 270/129/145 325/175/145
f 240/130/145 325/175/145 327/176/145
f 236/109/145 326/111/145 325/175/145
f 233/91/145 327/176/145 326/111/145
f 240/130/145 327/176/145 300/148/145
f 233/91/145 293/177/145 327/176/145
f 213/42/145 300/148/145 293/177/145
f 213/42/221 264/178/221 269/125/221
f 234/106/147 328/179/147 264/178/147
f 239/126/222 269/125/222 328/179/222
f 239/126/223 328/179/223 330/180/223
f 234/106/224 329/108/224 328/179/224
f 231/86/225 330/180/225 329/108/225
f 239/126/226 330/180/226 299/155/226
f 231/86/227 291/181/227 330/180/227
f 212/52/228 299/155/228 291/181/228
f 212/39/229 262/182/229 268/121/229
f 232/32/230 331/183/230 262/182/230
f 238/122/231 268/121/231 331/183/231
f 238/122/232 331/183/232 333/184/232
f 232/32/233 332/105/233 331/183/233
f 229/81/234 333/184/234 332/105/234
f 238/122/235 333/184/235 298/162/235
f 229/81/236 289/185/236 333/184/236
f 211/36/237 298/162/237 289/185/237
f 211/36/238 260/186/238 267/117/238
f 230/101/145 334/187/145 260/186/145
f 237/118/239 267/117/239 334/187/239
f 237/118/240 334/187/240 336/188/240
f 230/101/145 335/103/145 334/187/145
f 227/78/241 336/188/241 335/103/241
f 237/118/242 336/188/242 297/169/242
f 227/78/149 287/189/149 336/188/149
f 215/46/243 297/169/243 287/189/243
f 214/44/145 295/173/145 266/174/145
f 235/96/145 337/190/145 295/173/145
f 236/109/145 266/174/145 337/190/145
f 236/109/145 337/190/145 339/191/145
f 235/96/145 338/98/145 337/190/145
f 226/100/145 339/191/145 338/98/145
f 236/109/145 339/191/145 296/110/145
f 226/100/145 286/192/145 339/191/145
f 209/7/145 296/110/145 286/192/145
f 213/42/145 293/177/145 264/178/145
f 233/91/145 340/193/145 293/177/145
f 234/106/145 264/178/145 340/193/145
f 234/106/145 340/193/145 342/194/145
f 233/91/145 341/93/145 340/193/145
f 225/95/145 342/194/145 341/93/145
f 234/106/145 342/194/145 294/107/145
f 225/95/145 285/195/145 342/194/145
f 208/19/145 294/107/145 285/195/145
f 212/52/244 291/181/244 262/196/244
f 231/86/245 343/197/245 291/181/245
f 232/58/246 262/196/246 343/197/246
f 232/58/247 343/197/247 345/198/247
f 231/86/248 344/88/248 343/197/248
f 223/90/249 345/198/249 344/88/249
f 232/58/250 345/198/250 292/199/250
f 223/90/251 283/200/251 345/198/251
f 207/59/149 292/199/149 283/200/149
f 211/36/252 289/185/252 260/186/252
f 229/81/253 346/201/253 289/185/253
f 230/101/145 260/186/145 346/201/145
f 230/101/145 346/201/145 348/202/145
f 229/81/145 347/83/145 346/201/145
f 219/85/145 348/202/145 347/83/145
f 230/101/145 348/202/145 290/102/145
f 219/85/145 279/203/145 348/202/145
f 206/29/145 290/102/145 279/203/145
f 215/46/254 287/189/254 258/170/254
f 227/78/241 349/204/241 287/189/241
f 228/112/149 258/170/149 349/204/149
f 228/112/145 349/204/145 351/205/145
f 227/78/145 350/80/145 349/204/145
f 220/62/145 351/205/145 350/80/145
f 228/112/145 351/205/145 288/113/145
f 220/62/145 280/206/145 351/205/145
f 210/26/145 288/113/145 280/206/145
f 210/26/145 251/207/145 256/99/145
f 221/15/145 352/208/145 251/207/145
f 226/100/145 256/99/145 352/208/145
f 226/100/145 352/208/145 354/209/145
f 221/15/145 353/75/145 352/208/145
f 224/14/145 354/209/145 353/75/145
f 226/100/145 354/209/145 286/192/145
f 224/14/145 284/210/145 354/209/145
f 209/7/145 286/192/145 284/210/145
f 209/7/145 284/211/145 255/94/145
f 224/4/145 355/212/145 284/211/145
f 225/95/145 255/94/145 355/212/145
f 225/95/145 355/212/145 357/213/145
f 224/4/145 356/71/145 355/212/145
f 222/12/145 357/213/145 356/71/145
f 225/95/145 357/213/145 285/195/145
f 222/12/145 282/214/145 357/213/145
f 208/19/145 285/195/145 282/214/145
f 208/19/145 282/215/145 253/89/145
f 222/10/145 358/216/145 282/215/145
f 223/90/145 253/89/145 358/216/145
f 223/90/145 358/216/145 360/217/145
f 222/10/145 359/67/145 358/216/145
f 217/9/145 360/217/145 359/67/145
f 223/90/145 360/217/145 283/200/145
f 217/9/145 277/218/145 360/217/145
f 207/59/145 283/200/145 277/218/145
f 210/26/145 280/206/145 251/219/145
f 220/62/145 361/220/145 280/206/145
f 221/60/145 251/219/145 361/220/145
f 221/60/145 361/220/145 363/221/145
f 220/62/145 362/64/145 361/220/145
f 218/57/145 363/221/145 362/64/145
f 221/60/145 363/221/145 281/222/145
f 218/57/145 278/223/145 363/221/145
f 205/224/145 281/222/145 278/223/145
f 207/16/145 277/225/145 249/84/145
f 217/3/145 364/226/145 277/225/145
f 219/85/145 249/84/145 364/226/145
f 219/85/145 364/226/145 366/227/145
f 217/3/145 365/228/145 364/226/145
f 218/2/145 366/227/145 365/228/145
f 219/85/145 366/227/145 279/203/145
f 218/2/145 248/229/145 366/227/145
f 206/29/145 279/203/145 248/229/145
f 218/2/145 365/228/145 278/230/145
f 217/3/145 247/231/145 365/228/145
f 205/232/145 278/230/145 247/231/145
f 365/228/145 247/231/145 278/230/145
f 362/64/145 250/63/145 248/65/145
f 359/67/145 252/66/145 247/69/145
f 356/71/145 254/70/145 252/73/145
f 353/75/145 281/74/145 254/77/145
f 350/80/145 257/79/145 250/63/145
f 347/83/145 259/82/145 249/84/145
f 344/88/147 261/87/147 253/89/147
f 341/93/145 263/92/145 255/94/145
f 338/98/145 265/97/145 256/99/145
f 335/103/145 290/102/145 257/79/145
f 332/105/255 292/104/255 259/82/255
f 329/108/145 294/107/145 261/87/145
f 326/111/145 296/110/145 263/92/145
f 323/114/145 288/113/145 265/97/145
f 320/116/256 272/115/256 267/117/256
f 317/120/257 274/119/257 268/121/257
f 314/124/258 275/123/258 269/125/258
f 311/128/259 276/127/259 270/129/259
f 308/132/260 303/131/260 271/133/260
f 306/137/261 273/136/261 307/138/261
f 309/139/262 307/138/262 308/132/262
f 276/140/263 309/139/263 301/141/263
f 305/144/264 306/143/264 310/145/264
f 312/146/265 310/145/265 311/128/265
f 275/147/266 312/146/266 300/148/266
f 304/151/267 305/150/267 313/152/267
f 315/153/268 313/152/268 314/124/268
f 274/154/269 315/153/269 299/155/269
f 302/158/270 304/157/270 316/159/270
f 318/160/271 316/159/271 317/120/271
f 272/161/272 318/160/272 298/162/272
f 273/165/273 302/164/273 319/166/273
f 321/167/274 319/166/274 320/116/274
f 303/168/275 321/167/275 297/169/275
f 271/133/276 258/170/276 322/171/276
f 324/172/277 322/171/277 323/114/277
f 301/141/278 324/172/278 295/173/278
f 270/129/145 266/174/145 325/175/145
f 327/176/145 325/175/145 326/111/145
f 300/148/145 327/176/145 293/177/145
f 269/125/279 264/178/279 328/179/279
f 330/180/280 328/179/280 329/108/280
f 299/155/281 330/180/281 291/181/281
f 268/121/282 262/182/282 331/183/282
f 333/184/283 331/183/283 332/105/283
f 298/162/284 333/184/284 289/185/284
f 267/117/285 260/186/285 334/187/285
f 336/188/149 334/187/149 335/103/149
f 297/169/286 336/188/286 287/189/286
f 266/174/145 295/173/145 337/190/145
f 339/191/145 337/190/145 338/98/145
f 296/110/287 339/191/287 286/192/287
f 264/178/145 293/177/145 340/193/145
f 342/194/145 340/193/145 341/93/145
f 294/107/145 342/194/145 285/195/145
f 262/196/288 291/181/288 343/197/288
f 345/198/289 343/197/289 344/88/289
f 292/199/290 345/198/290 283/200/290
f 260/186/291 289/185/291 346/201/291
f 348/202/145 346/201/145 347/83/145
f 290/102/145 348/202/145 279/203/145
f 258/170/149 287/189/149 349/204/149
f 351/205/145 349/204/145 350/80/145
f 288/113/145 351/205/145 280/206/145
f 256/99/145 251/207/145 352/208/145
f 354/209/145 352/208/145 353/75/145
f 286/192/145 354/209/145 284/210/145
f 255/94/145 284/211/145 355/212/145
f 357/213/145 355/212/145 356/71/145
f 285/195/145 357/213/145 282/214/145
f 253/89/145 282/215/145 358/216/145
f 360/217/145 358/216/145 359/67/145
f 283/200/145 360/217/145 277/218/145
f 251/219/145 280/206/145 361/220/145
f 363/221/145 361/220/145 362/64/145
f 281/222/145 363/221/145 278/223/145
f 249/84/145 277/225/145 364/226/145
f 366/227/145 364/226/145 365/228/145
f 279/203/145 366/227/145 248/229/145
f 382/62/292 412/63/292 524/64/292
f 368/29/293 410/65/293 412/63/293
f 380/57/292 524/64/292 410/65/292
f 384/10/292 414/66/292 521/67/292
f 367/68/292 409/69/292 414/66/292
f 379/9/292 521/67/292 409/69/292
f 386/4/292 416/70/292 518/71/292
f 367/72/292 414/73/292 416/70/292
f 384/12/294 518/71/294 414/73/294
f 383/15/292 443/74/292 515/75/292
f 367/76/292 416/77/292 443/74/292
f 386/14/292 515/75/292 416/77/292
f 389/78/295 419/79/295 512/80/295
f 368/29/296 412/63/296 419/79/296
f 382/62/297 512/80/297 412/63/297
f 391/81/298 421/82/298 509/83/298
f 369/16/292 411/84/292 421/82/292
f 381/85/299 509/83/299 411/84/299
f 393/86/292 423/87/292 506/88/292
f 370/19/292 415/89/292 423/87/292
f 385/90/294 506/88/294 415/89/294
f 395/91/292 425/92/292 503/93/292
f 371/7/292 417/94/292 425/92/292
f 387/95/294 503/93/294 417/94/294
f 397/96/294 427/97/294 500/98/294
f 372/26/292 418/99/292 427/97/292
f 388/100/292 500/98/292 418/99/292
f 392/101/300 452/102/300 497/103/300
f 368/29/301 419/79/301 452/102/301
f 389/78/302 497/103/302 419/79/302
f 394/32/299 454/104/299 494/105/299
f 369/16/292 421/82/292 454/104/292
f 391/81/303 494/105/303 421/82/303
f 396/106/292 456/107/292 491/108/292
f 370/19/294 423/87/294 456/107/294
f 393/86/292 491/108/292 423/87/292
f 398/109/292 458/110/292 488/111/292
f 371/7/292 425/92/292 458/110/292
f 395/91/292 488/111/292 425/92/292
f 390/112/304 450/113/304 485/114/304
f 372/26/292 427/97/292 450/113/292
f 397/96/293 485/114/293 427/97/293
f 404/38/305 434/115/305 482/116/305
f 373/36/306 429/117/306 434/115/306
f 399/118/307 482/116/307 429/117/307
f 406/41/308 436/119/308 479/120/308
f 374/39/309 430/121/309 436/119/309
f 400/122/310 479/120/310 430/121/310
f 407/22/311 437/123/311 476/124/311
f 375/42/312 431/125/312 437/123/312
f 401/126/313 476/124/313 431/125/313
f 408/25/314 438/127/314 473/128/314
f 376/44/315 432/129/315 438/127/315
f 402/130/316 473/128/316 432/129/316
f 405/48/317 465/131/317 470/132/317
f 377/46/318 433/133/318 465/131/318
f 403/134/319 470/132/319 433/133/319
f 378/135/320 435/136/320 468/137/320
f 405/48/321 469/138/321 435/136/321
f 408/49/322 468/137/322 469/138/322
f 408/49/323 469/138/323 471/139/323
f 405/48/324 470/132/324 469/138/324
f 403/134/325 471/139/325 470/132/325
f 408/49/326 471/139/326 438/140/326
f 403/134/327 463/141/327 471/139/327
f 376/44/328 438/140/328 463/141/328
f 378/142/329 468/143/329 467/144/329
f 408/25/330 472/145/330 468/143/330
f 407/51/331 467/144/331 472/145/331
f 407/51/332 472/145/332 474/146/332
f 408/25/333 473/128/333 472/145/333
f 402/130/334 474/146/334 473/128/334
f 407/51/335 474/146/335 437/147/335
f 402/130/336 462/148/336 474/146/336
f 375/42/337 437/147/337 462/148/337
f 378/149/338 467/150/338 466/151/338
f 407/22/339 475/152/339 467/150/339
f 406/23/340 466/151/340 475/152/340
f 406/23/341 475/152/341 477/153/341
f 407/22/342 476/124/342 475/152/342
f 401/126/343 477/153/343 476/124/343
f 406/23/344 477/153/344 436/154/344
f 401/126/345 461/155/345 477/153/345
f 374/52/346 436/154/346 461/155/346
f 378/156/347 466/157/347 464/158/347
f 406/41/348 478/159/348 466/157/348
f 404/53/349 464/158/349 478/159/349
f 404/53/350 478/159/350 480/160/350
f 406/41/351 479/120/351 478/159/351
f 400/122/352 480/160/352 479/120/352
f 404/53/353 480/160/353 434/161/353
f 400/122/354 460/162/354 480/160/354
f 373/36/355 434/161/355 460/162/355
f 378/163/356 464/164/356 435/165/356
f 404/38/357 481/166/357 464/164/357
f 405/55/358 435/165/358 481/166/358
f 405/55/359 481/166/359 483/167/359
f 404/38/360 482/116/360 481/166/360
f 399/118/361 483/167/361 482/116/361
f 405/55/362 483/167/362 465/168/362
f 399/118/363 459/169/363 483/167/363
f 377/46/364 465/168/364 459/169/364
f 377/46/365 420/170/365 433/133/365
f 390/112/366 484/171/366 420/170/366
f 403/134/367 433/133/367 484/171/367
f 403/134/368 484/171/368 486/172/368
f 390/112/369 485/114/369 484/171/369
f 397/96/370 486/172/370 485/114/370
f 403/134/371 486/172/371 463/141/371
f 397/96/372 457/173/372 486/172/372
f 376/44/373 463/141/373 457/173/373
f 376/44/293 428/174/293 432/129/293
f 398/109/292 487/175/292 428/174/292
f 402/130/292 432/129/292 487/175/292
f 402/130/294 487/175/294 489/176/294
f 398/109/294 488/111/294 487/175/294
f 395/91/292 489/176/292 488/111/292
f 402/130/294 489/176/294 462/148/294
f 395/91/292 455/177/292 489/176/292
f 375/42/292 462/148/292 455/177/292
f 375/42/292 426/178/292 431/125/292
f 396/106/292 490/179/292 426/178/292
f 401/126/292 431/125/292 490/179/292
f 401/126/294 490/179/294 492/180/294
f 396/106/292 491/108/292 490/179/292
f 393/86/292 492/180/292 491/108/292
f 401/126/299 492/180/299 461/155/299
f 393/86/292 453/181/292 492/180/292
f 374/52/293 461/155/293 453/181/293
f 374/39/374 424/182/374 430/121/374
f 394/32/299 493/183/299 424/182/299
f 400/122/375 430/121/375 493/183/375
f 400/122/376 493/183/376 495/184/376
f 394/32/293 494/105/293 493/183/293
f 391/81/377 495/184/377 494/105/377
f 400/122/378 495/184/378 460/162/378
f 391/81/379 451/185/379 495/184/379
f 373/36/380 460/162/380 451/185/380
f 373/36/381 422/186/381 429/117/381
f 392/101/382 496/187/382 422/186/382
f 399/118/383 429/117/383 496/187/383
f 399/118/384 496/187/384 498/188/384
f 392/101/385 497/103/385 496/187/385
f 389/78/386 498/188/386 497/103/386
f 399/118/387 498/188/387 459/169/387
f 389/78/388 449/189/388 498/188/388
f 377/46/389 459/169/389 449/189/389
f 376/44/293 457/173/293 428/174/293
f 397/96/294 499/190/294 457/173/294
f 398/109/292 428/174/292 499/190/292
f 398/109/292 499/190/292 501/191/292
f 397/96/294 500/98/294 499/190/294
f 388/100/292 501/191/292 500/98/292
f 398/109/292 501/191/292 458/110/292
f 388/100/292 448/192/292 501/191/292
f 371/7/292 458/110/292 448/192/292
f 375/42/292 455/177/292 426/178/292
f 395/91/292 502/193/292 455/177/292
f 396/106/292 426/178/292 502/193/292
f 396/106/292 502/193/292 504/194/292
f 395/91/292 503/93/292 502/193/292
f 387/95/294 504/194/294 503/93/294
f 396/106/292 504/194/292 456/107/292
f 387/95/292 447/195/292 504/194/292
f 370/19/292 456/107/292 447/195/292
f 374/52/390 453/181/390 424/196/390
f 393/86/292 505/197/292 453/181/292
f 394/58/292 424/196/292 505/197/292
f 394/58/294 505/197/294 507/198/294
f 393/86/292 506/88/292 505/197/292
f 385/90/292 507/198/292 506/88/292
f 394/58/294 507/198/294 454/199/294
f 385/90/292 445/200/292 507/198/292
f 369/59/294 454/199/294 445/200/294
f 373/36/391 451/185/391 422/186/391
f 391/81/392 508/201/392 451/185/392
f 392/101/393 422/186/393 508/201/393
f 392/101/394 508/201/394 510/202/394
f 391/81/395 509/83/395 508/201/395
f 381/85/396 510/202/396 509/83/396
f 392/101/397 510/202/397 452/102/397
f 381/85/293 441/203/293 510/202/293
f 368/29/398 452/102/398 441/203/398
f 377/46/399 449/189/399 420/170/399
f 389/78/400 511/204/400 449/189/400
f 390/112/401 420/170/401 511/204/401
f 390/112/402 511/204/402 513/205/402
f 389/78/403 512/80/403 511/204/403
f 382/62/404 513/205/404 512/80/404
f 390/112/405 513/205/405 450/113/405
f 382/62/299 442/206/299 513/205/299
f 372/26/292 450/113/292 442/206/292
f 372/26/292 413/207/292 418/99/292
f 383/15/292 514/208/292 413/207/292
f 388/100/292 418/99/292 514/208/292
f 388/100/292 514/208/292 516/209/292
f 383/15/292 515/75/292 514/208/292
f 386/14/294 516/209/294 515/75/294
f 388/100/292 516/209/292 448/192/292
f 386/14/292 446/210/292 516/209/292
f 371/7/292 448/192/292 446/210/292
f 371/7/292 446/211/292 417/94/292
f 386/4/292 517/212/292 446/211/292
f 387/95/292 417/94/292 517/212/292
f 387/95/292 517/212/292 519/213/292
f 386/4/292 518/71/292 517/212/292
f 384/12/294 519/213/294 518/71/294
f 387/95/292 519/213/292 447/195/292
f 384/12/294 444/214/294 519/213/294
f 370/19/292 447/195/292 444/214/292
f 370/19/292 444/215/292 415/89/292
f 384/10/292 520/216/292 444/215/292
f 385/90/294 415/89/294 520/216/294
f 385/90/292 520/216/292 522/217/292
f 384/10/292 521/67/292 520/216/292
f 379/9/292 522/217/292 521/67/292
f 385/90/292 522/217/292 445/200/292
f 379/9/292 439/218/292 522/217/292
f 369/59/294 445/200/294 439/218/294
f 372/26/292 442/206/292 413/219/292
f 382/62/292 523/220/292 442/206/292
f 383/60/292 413/219/292 523/220/292
f 383/60/292 523/220/292 525/221/292
f 382/62/294 524/64/294 523/220/294
f 380/57/294 525/221/294 524/64/294
f 383/60/292 525/221/292 443/222/292
f 380/57/294 440/223/294 525/221/294
f 367/224/292 443/222/292 440/223/292
f 369/16/292 439/225/292 411/84/292
f 379/3/292 526/226/292 439/225/292
f 381/85/294 411/84/294 526/226/294
f 381/85/294 526/226/294 528/227/294
f 379/3/292 527/228/292 526/226/292
f 380/2/292 528/227/292 527/228/292
f 381/85/294 528/227/294 441/203/294
f 380/2/292 410/229/292 528/227/292
f 368/29/406 441/203/406 410/229/406
f 380/2/294 527/228/294 440/230/294
f 379/3/292 409/231/292 527/228/292
f 367/232/292 440/230/292 409/231/292
f 527/228/292 409/231/292 440/230/292
f 524/64/292 412/63/292 410/65/292
f 521/67/292 414/66/292 409/69/292
f 518/71/294 416/70/294 414/73/294
f 515/75/292 443/74/292 416/77/292
f 512/80/407 419/79/407 412/63/407
f 509/83/299 421/82/299 411/84/299
f 506/88/292 423/87/292 415/89/292
f 503/93/292 425/92/292 417/94/292
f 500/98/292 427/97/292 418/99/292
f 497/103/408 452/102/408 419/79/408
f 494/105/299 454/104/299 421/82/299
f 491/108/292 456/107/292 423/87/292
f 488/111/292 458/110/292 425/92/292
f 485/114/293 450/113/293 427/97/293
f 482/116/409 434/115/409 429/117/409
f 479/120/410 436/119/410 430/121/410
f 476/124/411 437/123/411 431/125/411
f 473/128/412 438/127/412 432/129/412
f 470/132/413 465/131/413 433/133/413
f 468/137/414 435/136/414 469/138/414
f 471/139/415 469/138/415 470/132/415
f 438/140/416 471/139/416 463/141/416
f 467/144/417 468/143/417 472/145/417
f 474/146/418 472/145/418 473/128/418
f 437/147/419 474/146/419 462/148/419
f 466/151/420 467/150/420 475/152/420
f 477/153/421 475/152/421 476/124/421
f 436/154/422 477/153/422 461/155/422
f 464/158/423 466/157/423 478/159/423
f 480/160/424 478/159/424 479/120/424
f 434/161/425 480/160/425 460/162/425
f 435/165/426 464/164/426 481/166/426
f 483/167/427 481/166/427 482/116/427
f 465/168/428 483/167/428 459/169/428
f 433/133/429 420/170/429 484/171/429
f 486/172/430 484/171/430 485/114/430
f 463/141/431 486/172/431 457/173/431
f 432/129/292 428/174/292 487/175/292
f 489/176/292 487/175/292 488/111/292
f 462/148/292 489/176/292 455/177/292
f 431/125/292 426/178/292 490/179/292
f 492/180/292 490/179/292 491/108/292
f 461/155/432 492/180/432 453/181/432
f 430/121/433 424/182/433 493/183/433
f 495/184/434 493/183/434 494/105/434
f 460/162/435 495/184/435 451/185/435
f 429/117/436 422/186/436 496/187/436
f 498/188/437 496/187/437 497/103/437
f 459/169/438 498/188/438 449/189/438
f 428/174/294 457/173/294 499/190/294
f 501/191/292 499/190/292 500/98/292
f 458/110/292 501/191/292 448/192/292
f 426/178/292 455/177/292 502/193/292
f 504/194/292 502/193/292 503/93/292
f 456/107/292 504/194/292 447/195/292
f 424/196/292 453/181/292 505/197/292
f 507/198/292 505/197/292 506/88/292
f 454/199/294 507/198/294 445/200/294
f 422/186/439 451/185/439 508/201/439
f 510/202/440 508/201/440 509/83/440
f 452/102/441 510/202/441 441/203/441
f 420/170/442 449/189/442 511/204/442
f 513/205/443 511/204/443 512/80/443
f 450/113/293 513/205/293 442/206/293
f 418/99/292 413/207/292 514/208/292
f 516/209/294 514/208/294 515/75/294
f 448/192/292 516/209/292 446/210/292
f 417/94/292 446/211/292 517/212/292
f 519/213/292 517/212/292 518/71/292
f 447/195/292 519/213/292 444/214/292
f 415/89/292 444/215/292 520/216/292
f 522/217/292 520/216/292 521/67/292
f 445/200/294 522/217/294 439/218/294
f 413/219/292 442/206/292 523/220/292
f 525/221/294 523/220/294 524/64/294
f 443/222/292 525/221/292 440/223/292
f 411/84/292 439/225/292 526/226/292
f 528/227/292 526/226/292 527/228/292
f 441/203/294 528/227/294 410/229/294
f 544/62/444 574/63/444 686/64/444
f 530/29/444 572/65/444 574/63/444
f 542/57/444 686/64/444 572/65/444
f 546/10/444 576/66/444 683/67/444
f 529/68/444 571/69/444 576/66/444
f 541/9/444 683/67/444 571/69/444
f 548/4/444 578/70/444 680/71/444
f 529/72/444 576/73/444 578/70/444
f 546/12/444 680/71/444 576/73/444
f 545/15/444 605/74/444 677/75/444
f 529/76/444 578/77/444 605/74/444
f 548/14/444 677/75/444 578/77/444
f 551/78/444 581/79/444 674/80/444
f 530/29/444 574/63/444 581/79/444
f 544/62/444 674/80/444 574/63/444
f 553/81/444 583/82/444 671/83/444
f 531/16/444 573/84/444 583/82/444
f 543/85/444 671/83/444 573/84/444
f 555/86/445 585/87/445 668/88/445
f 532/19/444 577/89/444 585/87/444
f 547/90/446 668/88/446 577/89/446
f 557/91/444 587/92/444 665/93/444
f 533/7/444 579/94/444 587/92/444
f 549/95/444 665/93/444 579/94/444
f 559/96/444 589/97/444 662/98/444
f 534/26/444 580/99/444 589/97/444
f 550/100/444 662/98/444 580/99/444
f 554/101/444 614/102/444 659/103/444
f 530/29/444 581/79/444 614/102/444
f 551/78/444 659/103/444 581/79/444
f 556/32/447 616/104/447 656/105/447
f 531/16/446 583/82/446 616/104/446
f 553/81/448 656/105/448 583/82/448
f 558/106/444 618/107/444 653/108/444
f 532/19/444 585/87/444 618/107/444
f 555/86/449 653/108/449 585/87/449
f 560/109/444 620/110/444 650/111/444
f 533/7/444 587/92/444 620/110/444
f 557/91/444 650/111/444 587/92/444
f 552/112/444 612/113/444 647/114/444
f 534/26/444 589/97/444 612/113/444
f 559/96/444 647/114/444 589/97/444
f 566/38/450 596/115/450 644/116/450
f 535/36/451 591/117/451 596/115/451
f 561/118/452 644/116/452 591/117/452
f 568/41/453 598/119/453 641/120/453
f 536/39/454 592/121/454 598/119/454
f 562/122/455 641/120/455 592/121/455
f 569/22/456 599/123/456 638/124/456
f 537/42/457 593/125/457 599/123/457
f 563/126/458 638/124/458 593/125/458
f 570/25/459 600/127/459 635/128/459
f 538/44/460 594/129/460 600/127/460
f 564/130/461 635/128/461 594/129/461
f 567/48/462 627/131/462 632/132/462
f 539/46/463 595/133/463 627/131/463
f 565/134/464 632/132/464 595/133/464
f 540/135/465 597/136/465 630/137/465
f 567/48/466 631/138/466 597/136/466
f 570/49/467 630/137/467 631/138/467
f 570/49/468 631/138/468 633/139/468
f 567/48/469 632/132/469 631/138/469
f 565/134/470 633/139/470 632/132/470
f 570/49/471 633/139/471 600/140/471
f 565/134/472 625/141/472 633/139/472
f 538/44/473 600/140/473 625/141/473
f 540/142/474 630/143/474 629/144/474
f 570/25/475 634/145/475 630/143/475
f 569/51/476 629/144/476 634/145/476
f 569/51/477 634/145/477 636/146/477
f 570/25/478 635/128/478 634/145/478
f 564/130/479 636/146/479 635/128/479
f 569/51/480 636/146/480 599/147/480
f 564/130/481 624/148/481 636/146/481
f 537/42/482 599/147/482 624/148/482
f 540/149/483 629/150/483 628/151/483
f 569/22/484 637/152/484 629/150/484
f 568/23/485 628/151/485 637/152/485
f 568/23/486 637/152/486 639/153/486
f 569/22/487 638/124/487 637/152/487
f 563/126/488 639/153/488 638/124/488
f 568/23/489 639/153/489 598/154/489
f 563/126/490 623/155/490 639/153/490
f 536/52/491 598/154/491 623/155/491
f 540/156/492 628/157/492 626/158/492
f 568/41/493 640/159/493 628/157/493
f 566/53/494 626/158/494 640/159/494
f 566/53/495 640/159/495 642/160/495
f 568/41/496 641/120/496 640/159/496
f 562/122/497 642/160/497 641/120/497
f 566/53/498 642/160/498 596/161/498
f 562/122/499 622/162/499 642/160/499
f 535/36/500 596/161/500 622/162/500
f 540/163/501 626/164/501 597/165/501
f 566/38/502 643/166/502 626/164/502
f 567/55/503 597/165/503 643/166/503
f 567/55/504 643/166/504 645/167/504
f 566/38/505 644/116/505 643/166/505
f 561/118/506 645/167/506 644/116/506
f 567/55/507 645/167/507 627/168/507
f 561/118/508 621/169/508 645/167/508
f 539/46/509 627/168/509 621/169/509
f 539/46/510 582/170/510 595/133/510
f 552/112/511 646/171/511 582/170/511
f 565/134/512 595/133/512 646/171/512
f 565/134/513 646/171/513 648/172/513
f 552/112/514 647/114/514 646/171/514
f 559/96/515 648/172/515 647/114/515
f 565/134/516 648/172/516 625/141/516
f 559/96/517 619/173/517 648/172/517
f 538/44/518 625/141/518 619/173/518
f 538/44/444 590/174/444 594/129/444
f 560/109/444 649/175/444 590/174/444
f 564/130/444 594/129/444 649/175/444
f 564/130/444 649/175/444 651/176/444
f 560/109/444 650/111/444 649/175/444
f 557/91/444 651/176/444 650/111/444
f 564/130/444 651/176/444 624/148/444
f 557/91/444 617/177/444 651/176/444
f 537/42/519 624/148/519 617/177/519
f 537/42/520 588/178/520 593/125/520
f 558/106/521 652/179/521 588/178/521
f 563/126/522 593/125/522 652/179/522
f 563/126/523 652/179/523 654/180/523
f 558/106/444 653/108/444 652/179/444
f 555/86/524 654/180/524 653/108/524
f 563/126/525 654/180/525 623/155/525
f 555/86/526 615/181/526 654/180/526
f 536/52/527 623/155/527 615/181/527
f 536/39/528 586/182/528 592/121/528
f 556/32/529 655/183/529 586/182/529
f 562/122/530 592/121/530 655/183/530
f 562/122/531 655/183/531 657/184/531
f 556/32/532 656/105/532 655/183/532
f 553/81/533 657/184/533 656/105/533
f 562/122/534 657/184/534 622/162/534
f 553/81/535 613/185/535 657/184/535
f 535/36/536 622/162/536 613/185/536
f 535/36/537 584/186/537 591/117/537
f 554/101/444 658/187/444 584/186/444
f 561/118/538 591/117/538 658/187/538
f 561/118/539 658/187/539 660/188/539
f 554/101/444 659/103/444 658/187/444
f 551/78/519 660/188/519 659/103/519
f 561/118/540 660/188/540 621/169/540
f 551/78/446 611/189/446 660/188/446
f 539/46/541 621/169/541 611/189/541
f 538/44/519 619/173/519 590/174/519
f 559/96/444 661/190/444 619/173/444
f 560/109/444 590/174/444 661/190/444
f 560/109/444 661/190/444 663/191/444
f 559/96/444 662/98/444 661/190/444
f 550/100/444 663/191/444 662/98/444
f 560/109/444 663/191/444 620/110/444
f 550/100/444 610/192/444 663/191/444
f 533/7/444 620/110/444 610/192/444
f 537/42/444 617/177/444 588/178/444
f 557/91/444 664/193/444 617/177/444
f 558/106/444 588/178/444 664/193/444
f 558/106/444 664/193/444 666/194/444
f 557/91/444 665/93/444 664/193/444
f 549/95/444 666/194/444 665/93/444
f 558/106/444 666/194/444 618/107/444
f 549/95/444 609/195/444 666/194/444
f 532/19/444 618/107/444 609/195/444
f 536/52/542 615/181/542 586/196/542
f 555/86/543 667/197/543 615/181/543
f 556/58/544 586/196/544 667/197/544
f 556/58/545 667/197/545 669/198/545
f 555/86/546 668/88/546 667/197/546
f 547/90/547 669/198/547 668/88/547
f 556/58/548 669/198/548 616/199/548
f 547/90/549 607/200/549 669/198/549
f 531/59/446 616/199/446 607/200/446
f 535/36/550 613/185/550 584/186/550
f 553/81/551 670/201/551 613/185/551
f 554/101/444 584/186/444 670/201/444
f 554/101/444 670/201/444 672/202/444
f 553/81/444 671/83/444 670/201/444
f 543/85/444 672/202/444 671/83/444
f 554/101/444 672/202/444 614/102/444
f 543/85/444 603/203/444 672/202/444
f 530/29/444 614/102/444 603/203/444
f 539/46/552 611/189/552 582/170/552
f 551/78/553 673/204/553 611/189/553
f 552/112/446 582/170/446 673/204/446
f 552/112/444 673/204/444 675/205/444
f 551/78/444 674/80/444 673/204/444
f 544/62/444 675/205/444 674/80/444
f 552/112/444 675/205/444 612/113/444
f 544/62/444 604/206/444 675/205/444
f 534/26/444 612/113/444 604/206/444
f 534/26/444 575/207/444 580/99/444
f 545/15/444 676/208/444 575/207/444
f 550/100/444 580/99/444 676/208/444
f 550/100/444 676/208/444 678/209/444
f 545/15/444 677/75/444 676/208/444
f 548/14/444 678/209/444 677/75/444
f 550/100/444 678/209/444 610/192/444
f 548/14/444 608/210/444 678/209/444
f 533/7/444 610/192/444 608/210/444
f 533/7/444 608/211/444 579/94/444
f 548/4/444 679/212/444 608/211/444
f 549/95/444 579/94/444 679/212/444
f 549/95/444 679/212/444 681/213/444
f 548/4/444 680/71/444 679/212/444
f 546/12/444 681/213/444 680/71/444
f 549/95/444 681/213/444 609/195/444
f 546/12/444 606/214/444 681/213/444
f 532/19/444 609/195/444 606/214/444
f 532/19/444 606/215/444 577/89/444
f 546/10/444 682/216/444 606/215/444
f 547/90/444 577/89/444 682/216/444
f 547/90/444 682/216/444 684/217/444
f 546/10/444 683/67/444 682/216/444
f 541/9/444 684/217/444 683/67/444
f 547/90/444 684/217/444 607/200/444
f 541/9/444 601/218/444 684/217/444
f 531/59/444 607/200/444 601/218/444
f 534/26/444 604/206/444 575/219/444
f 544/62/444 685/220/444 604/206/444
f 545/60/444 575/219/444 685/220/444
f 545/60/444 685/220/444 687/221/444
f 544/62/444 686/64/444 685/220/444
f 542/57/444 687/221/444 686/64/444
f 545/60/444 687/221/444 605/222/444
f 542/57/444 602/223/444 687/221/444
f 529/224/444 605/222/444 602/223/444
f 531/16/444 601/225/444 573/84/444
f 541/3/444 688/226/444 601/225/444
f 543/85/444 573/84/444 688/226/444
f 543/85/444 688/226/444 690/227/444
f 541/3/444 689/228/444 688/226/444
f 542/2/444 690/227/444 689/228/444
f 543/85/444 690/227/444 603/203/444
f 542/2/444 572/229/444 690/227/444
f 530/29/444 603/203/444 572/229/444
f 542/2/444 689/228/444 602/230/444
f 541/3/444 571/231/444 689/228/444
f 529/232/444 602/230/444 571/231/444
f 689/228/444 571/231/444 602/230/444
f 686/64/444 574/63/444 572/65/444
f 683/67/444 576/66/444 571/69/444
f 680/71/444 578/70/444 576/73/444
f 677/75/444 605/74/444 578/77/444
f 674/80/444 581/79/444 574/63/444
f 671/83/444 583/82/444 573/84/444
f 668/88/446 585/87/446 577/89/446
f 665/93/444 587/92/444 579/94/444
f 662/98/444 589/97/444 580/99/444
f 659/103/444 614/102/444 581/79/444
f 656/105/554 616/104/554 583/82/554
f 653/108/444 618/107/444 585/87/444
f 650/111/444 620/110/444 587/92/444
f 647/114/444 612/113/444 589/97/444
f 644/116/555 596/115/555 591/117/555
f 641/120/556 598/119/556 592/121/556
f 638/124/557 599/123/557 593/125/557
f 635/128/558 600/127/558 594/129/558
f 632/132/559 627/131/559 595/133/559
f 630/137/560 597/136/560 631/138/560
f 633/139/561 631/138/561 632/132/561
f 600/140/562 633/139/562 625/141/562
f 629/144/563 630/143/563 634/145/563
f 636/146/564 634/145/564 635/128/564
f 599/147/565 636/146/565 624/148/565
f 628/151/566 629/150/566 637/152/566
f 639/153/567 637/152/567 638/124/567
f 598/154/568 639/153/568 623/155/568
f 626/158/569 628/157/569 640/159/569
f 642/160/570 640/159/570 641/120/570
f 596/161/571 642/160/571 622/162/571
f 597/165/572 626/164/572 643/166/572
f 645/167/573 643/166/573 644/116/573
f 627/168/574 645/167/574 621/169/574
f 595/133/575 582/170/575 646/171/575
f 648/172/576 646/171/576 647/114/576
f 625/141/577 648/172/577 619/173/577
f 594/129/444 590/174/444 649/175/444
f 651/176/444 649/175/444 650/111/444
f 624/148/444 651/176/444 617/177/444
f 593/125/578 588/178/578 652/179/578
f 654/180/579 652/179/579 653/108/579
f 623/155/580 654/180/580 615/181/580
f 592/121/581 586/182/581 655/183/581
f 657/184/582 655/183/582 656/105/582
f 622/162/583 657/184/583 613/185/583
f 591/117/584 584/186/584 658/187/584
f 660/188/446 658/187/446 659/103/446
f 621/169/585 660/188/585 611/189/585
f 590/174/444 619/173/444 661/190/444
f 663/191/444 661/190/444 662/98/444
f 620/110/444 663/191/444 610/192/444
f 588/178/444 617/177/444 664/193/444
f 666/194/444 664/193/444 665/93/444
f 618/107/444 666/194/444 609/195/444
f 586/196/586 615/181/586 667/197/586
f 669/198/587 667/197/587 668/88/587
f 616/199/588 669/198/588 607/200/588
f 584/186/589 613/185/589 670/201/589
f 672/202/444 670/201/444 671/83/444
f 614/102/444 672/202/444 603/203/444
f 582/170/446 611/189/446 673/204/446
f 675/205/444 673/204/444 674/80/444
f 612/113/444 675/205/444 604/206/444
f 580/99/444 575/207/444 676/208/444
f 678/209/444 676/208/444 677/75/444
f 610/192/444 678/209/444 608/210/444
f 579/94/444 608/211/444 679/212/444
f 681/213/444 679/212/444 680/71/444
f 609/195/444 681/213/444 606/214/444
f 577/89/444 606/215/444 682/216/444
f 684/217/444 682/216/444 683/67/444
f 607/200/444 684/217/444 601/218/444
f 575/219/444 604/206/444 685/220/444
f 687/221/444 685/220/444 686/64/444
f 605/222/444 687/221/444 602/223/444
f 573/84/444 601/225/444 688/226/444
f 690/227/444 688/226/444 689/228/444
f 603/203/444 690/227/444 572/229/444
f 706/62/590 736/63/590 848/64/590
f 692/29/591 734/65/591 736/63/591
f 704/57/590 848/64/590 734/65/590
f 708/10/590 738/66/590 845/67/590
f 691/68/590 733/69/590 738/66/590
f 703/9/590 845/67/590 733/69/590
f 710/4/590 740/70/590 842/71/590
f 691/72/590 738/73/590 740/70/590
f 708/12/590 842/71/590 738/73/590
f 707/15/590 767/74/590 839/75/590
f 691/76/590 740/77/590 767/74/590
f 710/14/590 839/75/590 740/77/590
f 713/78/592 743/79/592 836/80/592
f 692/29/593 736/63/593 743/79/593
f 706/62/594 836/80/594 736/63/594
f 715/81/595 745/82/595 833/83/595
f 693/16/590 735/84/590 745/82/590
f 705/85/591 833/83/591 735/84/591
f 717/86/590 747/87/590 830/88/590
f 694/19/590 739/89/590 747/87/590
f 709/90/590 830/88/590 739/89/590
f 719/91/590 749/92/590 827/93/590
f 695/7/590 741/94/590 749/92/590
f 711/95/590 827/93/590 741/94/590
f 721/96/590 751/97/590 824/98/590
f 696/26/590 742/99/590 751/97/590
f 712/100/590 824/98/590 742/99/590
f 716/101/596 776/102/596 821/103/596
f 692/29/597 743/79/597 776/102/597
f 713/78/598 821/103/598 743/79/598
f 718/32/599 778/104/599 818/105/599
f 693/16/590 745/82/590 778/104/590
f 715/81/600 818/105/600 745/82/600
f 720/106/590 780/107/590 815/108/590
f 694/19/590 747/87/590 780/107/590
f 717/86/590 815/108/590 747/87/590
f 722/109/590 782/110/590 812/111/590
f 695/7/590 749/92/590 782/110/590
f 719/91/590 812/111/590 749/92/590
f 714/112/601 774/113/601 809/114/601
f 696/26/590 751/97/590 774/113/590
f 721/96/591 809/114/591 751/97/591
f 728/38/602 758/115/602 806/116/602
f 697/36/603 753/117/603 758/115/603
f 723/118/604 806/116/604 753/117/604
f 730/41/605 760/119/605 803/120/605
f 698/39/606 754/121/606 760/119/606
f 724/122/607 803/120/607 754/121/607
f 731/22/608 761/123/608 800/124/608
f 699/42/609 755/125/609 761/123/609
f 725/126/610 800/124/610 755/125/610
f 732/25/611 762/127/611 797/128/611
f 700/44/612 756/129/612 762/127/612
f 726/130/613 797/128/613 756/129/613
f 729/48/614 789/131/614 794/132/614
f 701/46/615 757/133/615 789/131/615
f 727/134/616 794/132/616 757/133/616
f 702/135/617 759/136/617 792/137/617
f 729/48/618 793/138/618 759/136/618
f 732/49/619 792/137/619 793/138/619
f 732/49/620 793/138/620 795/139/620
f 729/48/621 794/132/621 793/138/621
f 727/134/622 795/139/622 794/132/622
f 732/49/623 795/139/623 762/140/623
f 727/134/624 787/141/624 795/139/624
f 700/44/625 762/140/625 787/141/625
f 702/142/626 792/143/626 791/144/626
f 732/25/627 796/145/627 792/143/627
f 731/51/628 791/144/628 796/145/628
f 731/51/629 796/145/629 798/146/629
f 732/25/630 797/128/630 796/145/630
f 726/130/631 798/146/631 797/128/631
f 731/51/632 798/146/632 761/147/632
f 726/130/633 786/148/633 798/146/633
f 699/42/634 761/147/634 786/148/634
f 702/149/635 791/150/635 790/151/635
f 731/22/636 799/152/636 791/150/636
f 730/23/637 790/151/637 799/152/637
f 730/23/638 799/152/638 801/153/638
f 731/22/639 800/124/639 799/152/639
f 725/126/640 801/153/640 800/124/640
f 730/23/641 801/153/641 760/154/641
f 725/126/642 785/155/642 801/153/642
f 698/52/643 760/154/643 785/155/643
f 702/156/644 790/157/644 788/158/644
f 730/41/645 802/159/645 790/157/645
f 728/53/646 788/158/646 802/159/646
f 728/53/647 802/159/647 804/160/647
f 730/41/648 803/120/648 802/159/648
f 724/122/649 804/160/649 803/120/649
f 728/53/650 804/160/650 758/161/650
f 724/122/651 784/162/651 804/160/651
f 697/36/652 758/161/652 784/162/652
f 702/163/653 788/164/653 759/165/653
f 728/38/654 805/166/654 788/164/654
f 729/55/655 759/165/655 805/166/655
f 729/55/656 805/166/656 807/167/656
f 728/38/657 806/116/657 805/166/657
f 723/118/658 807/167/658 806/116/658
f 729/55/659 807/167/659 789/168/659
f 723/118/660 783/169/660 807/167/660
f 701/46/661 789/168/661 783/169/661
f 701/46/662 744/170/662 757/133/662
f 714/112/663 808/171/663 744/170/663
f 727/134/664 757/133/664 808/171/664
f 727/134/665 808/171/665 810/172/665
f 714/112/666 809/114/666 808/171/666
f 721/96/667 810/172/667 809/114/667
f 727/134/668 810/172/668 787/141/668
f 721/96/669 781/173/669 810/172/669
f 700/44/670 787/141/670 781/173/670
f 700/44/599 752/174/599 756/129/599
f 722/109/590 811/175/590 752/174/590
f 726/130/671 756/129/671 811/175/671
f 726/130/671 811/175/671 813/176/671
f 722/109/590 812/111/590 811/175/590
f 719/91/590 813/176/590 812/111/590
f 726/130/590 813/176/590 786/148/590
f 719/91/590 779/177/590 813/176/590
f 699/42/590 786/148/590 779/177/590
f 699/42/671 750/178/671 755/125/671
f 720/106/590 814/179/590 750/178/590
f 725/126/671 755/125/671 814/179/671
f 725/126/671 814/179/671 816/180/671
f 720/106/590 815/108/590 814/179/590
f 717/86/590 816/180/590 815/108/590
f 725/126/599 816/180/599 785/155/599
f 717/86/590 777/181/590 816/180/590
f 698/52/591 785/155/591 777/181/591
f 698/39/672 748/182/672 754/121/672
f 718/32/599 817/183/599 748/182/599
f 724/122/673 754/121/673 817/183/673
f 724/122/674 817/183/674 819/184/674
f 718/32/599 818/105/599 817/183/599
f 715/81/675 819/184/675 818/105/675
f 724/122/676 819/184/676 784/162/676
f 715/81/677 775/185/677 819/184/677
f 697/36/678 784/162/678 775/185/678
f 697/36/679 746/186/679 753/117/679
f 716/101/680 820/187/680 746/186/680
f 723/118/681 753/117/681 820/187/681
f 723/118/682 820/187/682 822/188/682
f 716/101/683 821/103/683 820/187/683
f 713/78/684 822/188/684 821/103/684
f 723/118/685 822/188/685 783/169/685
f 713/78/686 773/189/686 822/188/686
f 701/46/687 783/169/687 773/189/687
f 700/44/599 781/173/599 752/174/599
f 721/96/590 823/190/590 781/173/590
f 722/109/590 752/174/590 823/190/590
f 722/109/590 823/190/590 825/191/590
f 721/96/590 824/98/590 823/190/590
f 712/100/590 825/191/590 824/98/590
f 722/109/590 825/191/590 782/110/590
f 712/100/590 772/192/590 825/191/590
f 695/7/590 782/110/590 772/192/590
f 699/42/590 779/177/590 750/178/590
f 719/91/590 826/193/590 779/177/590
f 720/106/590 750/178/590 826/193/590
f 720/106/590 826/193/590 828/194/590
f 719/91/590 827/93/590 826/193/590
f 711/95/590 828/194/590 827/93/590
f 720/106/590 828/194/590 780/107/590
f 711/95/590 771/195/590 828/194/590
f 694/19/590 780/107/590 771/195/590
f 698/52/688 777/181/688 748/196/688
f 717/86/590 829/197/590 777/181/590
f 718/58/590 748/196/590 829/197/590
f 718/58/671 829/197/671 831/198/671
f 717/86/590 830/88/590 829/197/590
f 709/90/590 831/198/590 830/88/590
f 718/58/590 831/198/590 778/199/590
f 709/90/590 769/200/590 831/198/590
f 693/59/590 778/199/590 769/200/590
f 697/36/689 775/185/689 746/186/689
f 715/81/690 832/201/690 775/185/690
f 716/101/691 746/186/691 832/201/691
f 716/101/692 832/201/692 834/202/692
f 715/81/693 833/83/693 832/201/693
f 705/85/694 834/202/694 833/83/694
f 716/101/695 834/202/695 776/102/695
f 705/85/696 765/203/696 834/202/696
f 692/29/697 776/102/697 765/203/697
f 701/46/698 773/189/698 744/170/698
f 713/78/699 835/204/699 773/189/699
f 714/112/700 744/170/700 835/204/700
f 714/112/701 835/204/701 837/205/701
f 713/78/702 836/80/702 835/204/702
f 706/62/703 837/205/703 836/80/703
f 714/112/704 837/205/704 774/113/704
f 706/62/599 766/206/599 837/205/599
f 696/26/590 774/113/590 766/206/590
f 696/26/590 737/207/590 742/99/590
f 707/15/590 838/208/590 737/207/590
f 712/100/590 742/99/590 838/208/590
f 712/100/590 838/208/590 840/209/590
f 707/15/590 839/75/590 838/208/590
f 710/14/590 840/209/590 839/75/590
f 712/100/590 840/209/590 772/192/590
f 710/14/590 770/210/590 840/209/590
f 695/7/590 772/192/590 770/210/590
f 695/7/590 770/211/590 741/94/590
f 710/4/590 841/212/590 770/211/590
f 711/95/590 741/94/590 841/212/590
f 711/95/590 841/212/590 843/213/590
f 710/4/590 842/71/590 841/212/590
f 708/12/590 843/213/590 842/71/590
f 711/95/590 843/213/590 771/195/590
f 708/12/590 768/214/590 843/213/590
f 694/19/590 771/195/590 768/214/590
f 694/19/590 768/215/590 739/89/590
f 708/10/590 844/216/590 768/215/590
f 709/90/590 739/89/590 844/216/590
f 709/90/590 844/216/590 846/217/590
f 708/10/590 845/67/590 844/216/590
f 703/9/590 846/217/590 845/67/590
f 709/90/590 846/217/590 769/200/590
f 703/9/590 763/218/590 846/217/590
f 693/59/590 769/200/590 763/218/590
f 696/26/590 766/206/590 737/219/590
f 706/62/590 847/220/590 766/206/590
f 707/60/590 737/219/590 847/220/590
f 707/60/590 847/220/590 849/221/590
f 706/62/590 848/64/590 847/220/590
f 704/57/590 849/221/590 848/64/590
f 707/60/590 849/221/590 767/222/590
f 704/57/590 764/223/590 849/221/590
f 691/224/590 767/222/590 764/223/590
f 693/16/590 763/225/590 735/84/590
f 703/3/590 850/226/590 763/225/590
f 705/85/590 735/84/590 850/226/590
f 705/85/590 850/226/590 852/227/590
f 703/3/590 851/228/590 850/226/590
f 704/2/590 852/227/590 851/228/590
f 705/85/590 852/227/590 765/203/590
f 704/2/671 734/229/671 852/227/671
f 692/29/671 765/203/671 734/229/671
f 704/2/590 851/228/590 764/230/590
f 703/3/590 733/231/590 851/228/590
f 691/232/590 764/230/590 733/231/590
f 851/228/590 733/231/590 764/230/590
f 848/64/590 736/63/590 734/65/590
f 845/67/590 738/66/590 733/69/590
f 842/71/590 740/70/590 738/73/590
f 839/75/590 767/74/590 740/77/590
f 836/80/705 743/79/705 736/63/705
f 833/83/591 745/82/591 735/84/591
f 830/88/590 747/87/590 739/89/590
f 827/93/590 749/92/590 741/94/590
f 824/98/590 751/97/590 742/99/590
f 821/103/706 776/102/706 743/79/706
f 818/105/599 778/104/599 745/82/599
f 815/108/590 780/107/590 747/87/590
f 812/111/590 782/110/590 749/92/590
f 809/114/591 774/113/591 751/97/591
f 806/116/707 758/115/707 753/117/707
f 803/120/708 760/119/708 754/121/708
f 800/124/709 761/123/709 755/125/709
f 797/128/710 762/127/710 756/129/710
f 794/132/711 789/131/711 757/133/711
f 792/137/712 759/136/712 793/138/712
f 795/139/713 793/138/713 794/132/713
f 762/140/714 795/139/714 787/141/714
f 791/144/715 792/143/715 796/145/715
f 798/146/716 796/145/716 797/128/716
f 761/147/717 798/146/717 786/148/717
f 790/151/718 791/150/718 799/152/718
f 801/153/719 799/152/719 800/124/719
f 760/154/720 801/153/720 785/155/720
f 788/158/721 790/157/721 802/159/721
f 804/160/722 802/159/722 803/120/722
f 758/161/723 804/160/723 784/162/723
f 759/165/724 788/164/724 805/166/724
f 807/167/725 805/166/725 806/116/725
f 789/168/726 807/167/726 783/169/726
f 757/133/727 744/170/727 808/171/727
f 810/172/728 808/171/728 809/114/728
f 787/141/729 810/172/729 781/173/729
f 756/129/671 752/174/671 811/175/671
f 813/176/590 811/175/590 812/111/590
f 786/148/590 813/176/590 779/177/590
f 755/125/590 750/178/590 814/179/590
f 816/180/590 814/179/590 815/108/590
f 785/155/590 816/180/590 777/181/590
f 754/121/730 748/182/730 817/183/730
f 819/184/731 817/183/731 818/105/731
f 784/162/732 819/184/732 775/185/732
f 753/117/733 746/186/733 820/187/733
f 822/188/734 820/187/734 821/103/734
f 783/169/735 822/188/735 773/189/735
f 752/174/590 781/173/590 823/190/590
f 825/191/590 823/190/590 824/98/590
f 782/110/590 825/191/590 772/192/590
f 750/178/590 779/177/590 826/193/590
f 828/194/590 826/193/590 827/93/590
f 780/107/590 828/194/590 771/195/590
f 748/196/590 777/181/590 829/197/590
f 831/198/590 829/197/590 830/88/590
f 778/199/590 831/198/590 769/200/590
f 746/186/736 775/185/736 832/201/736
f 834/202/737 832/201/737 833/83/737
f 776/102/738 834/202/738 765/203/738
f 744/170/739 773/189/739 835/204/739
f 837/205/740 835/204/740 836/80/740
f 774/113/591 837/205/591 766/206/591
f 742/99/590 737/207/590 838/208/590
f 840/209/590 838/208/590 839/75/590
f 772/192/590 840/209/590 770/210/590
f 741/94/590 770/211/590 841/212/590
f 843/213/590 841/212/590 842/71/590
f 771/195/590 843/213/590 768/214/590
f 739/89/590 768/215/590 844/216/590
f 846/217/590 844/216/590 845/67/590
f 769/200/590 846/217/590 763/218/590
f 737/219/590 766/206/590 847/220/590
f 849/221/590 847/220/590 848/64/590
f 767/222/590 849/221/590 764/223/590
f 735/84/590 763/225/590 850/226/590
f 852/227/590 850/226/590 851/228/590
f 765/203/590 852/227/590 734/229/590
f 868/62/741 898/63/741 1010/64/741
f 854/29/742 896/65/742 898/63/742
f 866/57/741 1010/64/741 896/65/741
f 870/10/741 900/66/741 1007/67/741
f 853/68/741 895/69/741 900/66/741
f 865/9/741 1007/67/741 895/69/741
f 872/4/741 902/70/741 1004/71/741
f 853/72/741 900/73/741 902/70/741
f 870/12/741 1004/71/741 900/73/741
f 869/15/741 929/74/741 1001/75/741
f 853/76/741 902/77/741 929/74/741
f 872/14/741 1001/75/741 902/77/741
f 875/78/743 905/79/743 998/80/743
f 854/29/744 898/63/744 905/79/744
f 868/62/745 998/80/745 898/63/745
f 877/81/746 907/82/746 995/83/746
f 855/16/747 897/84/747 907/82/747
f 867/85/742 995/83/742 897/84/742
f 879/86/741 909/87/741 992/88/741
f 856/19/741 901/89/741 909/87/741
f 871/90/741 992/88/741 901/89/741
f 881/91/741 911/92/741 989/93/741
f 857/7/741 903/94/741 911/92/741
f 873/95/741 989/93/741 903/94/741
f 883/96/741 913/97/741 986/98/741
f 858/26/741 904/99/741 913/97/741
f 874/100/741 986/98/741 904/99/741
f 878/101/748 938/102/748 983/103/748
f 854/29/749 905/79/749 938/102/749
f 875/78/750 983/103/750 905/79/750
f 880/32/742 940/104/742 980/105/742
f 855/16/747 907/82/747 940/104/747
f 877/81/751 980/105/751 907/82/751
f 882/106/741 942/107/741 977/108/741
f 856/19/741 909/87/741 942/107/741
f 879/86/741 977/108/741 909/87/741
f 884/109/741 944/110/741 974/111/741
f 857/7/741 911/92/741 944/110/741
f 881/91/741 974/111/741 911/92/741
f 876/112/752 936/113/752 971/114/752
f 858/26/741 913/97/741 936/113/741
f 883/96/742 971/114/742 913/97/742
f 890/38/753 920/115/753 968/116/753
f 859/36/754 915/117/754 920/115/754
f 885/118/755 968/116/755 915/117/755
f 892/41/756 922/119/756 965/120/756
f 860/39/757 916/121/757 922/119/757
f 886/122/758 965/120/758 916/121/758
f 893/22/759 923/123/759 962/124/759
f 861/42/760 917/125/760 923/123/760
f 887/126/761 962/124/761 917/125/761
f 894/25/762 924/127/762 959/128/762
f 862/44/763 918/129/763 924/127/763
f 888/130/764 959/128/764 918/129/764
f 891/48/765 951/131/765 956/132/765
f 863/46/766 919/133/766 951/131/766
f 889/134/767 956/132/767 919/133/767
f 864/135/768 921/136/768 954/137/768
f 891/48/769 955/138/769 921/136/769
f 894/49/770 954/137/770 955/138/770
f 894/49/771 955/138/771 957/139/771
f 891/48/772 956/132/772 955/138/772
f 889/134/773 957/139/773 956/132/773
f 894/49/774 957/139/774 924/140/774
f 889/134/775 949/141/775 957/139/775
f 862/44/776 924/140/776 949/141/776
f 864/142/777 954/143/777 953/144/777
f 894/25/778 958/145/778 954/143/778
f 893/51/779 953/144/779 958/145/779
f 893/51/780 958/145/780 960/146/780
f 894/25/781 959/128/781 958/145/781
f 888/130/782 960/146/782 959/128/782
f 893/51/783 960/146/783 923/147/783
f 888/130/784 948/148/784 960/146/784
f 861/42/785 923/147/785 948/148/785
f 864/149/786 953/150/786 952/151/786
f 893/22/787 961/152/787 953/150/787
f 892/23/788 952/151/788 961/152/788
f 892/23/789 961/152/789 963/153/789
f 893/22/790 962/124/790 961/152/790
f 887/126/791 963/153/791 962/124/791
f 892/23/792 963/153/792 922/154/792
f 887/126/793 947/155/793 963/153/793
f 860/52/794 922/154/794 947/155/794
f 864/156/795 952/157/795 950/158/795
f 892/41/796 964/159/796 952/157/796
f 890/53/797 950/158/797 964/159/797
f 890/53/798 964/159/798 966/160/798
f 892/41/799 965/120/799 964/159/799
f 886/122/800 966/160/800 965/120/800
f 890/53/801 966/160/801 920/161/801
f 886/122/802 946/162/802 966/160/802
f 859/36/803 920/161/803 946/162/803
f 864/163/804 950/164/804 921/165/804
f 890/38/805 967/166/805 950/164/805
f 891/55/806 921/165/806 967/166/806
f 891/55/807 967/166/807 969/167/807
f 890/38/808 968/116/808 967/166/808
f 885/118/809 969/167/809 968/116/809
f 891/55/810 969/167/810 951/168/810
f 885/118/811 945/169/811 969/167/811
f 863/46/812 951/168/812 945/169/812
f 863/46/813 906/170/813 919/133/813
f 876/112/814 970/171/814 906/170/814
f 889/134/815 919/133/815 970/171/815
f 889/134/816 970/171/816 972/172/816
f 876/112/817 971/114/817 970/171/817
f 883/96/818 972/172/818 971/114/818
f 889/134/819 972/172/819 949/141/819
f 883/96/820 943/173/820 972/172/820
f 862/44/821 949/141/821 943/173/821
f 862/44/742 914/174/742 918/129/742
f 884/109/741 973/175/741 914/174/741
f 888/130/741 918/129/741 973/175/741
f 888/130/741 973/175/741 975/176/741
f 884/109/741 974/111/741 973/175/741
f 881/91/741 975/176/741 974/111/741
f 888/130/741 975/176/741 948/148/741
f 881/91/741 941/177/741 975/176/741
f 861/42/741 948/148/741 941/177/741
f 861/42/741 912/178/741 917/125/741
f 882/106/741 976/179/741 912/178/741
f 887/126/741 917/125/741 976/179/741
f 887/126/741 976/179/741 978/180/741
f 882/106/741 977/108/741 976/179/741
f 879/86/741 978/180/741 977/108/741
f 887/126/742 978/180/742 947/155/742
f 879/86/741 939/181/741 978/180/741
f 860/52/742 947/155/742 939/181/742
f 860/39/822 910/182/822 916/121/822
f 880/32/742 979/183/742 910/182/742
f 886/122/823 916/121/823 979/183/823
f 886/122/824 979/183/824 981/184/824
f 880/32/742 980/105/742 979/183/742
f 877/81/825 981/184/825 980/105/825
f 886/122/826 981/184/826 946/162/826
f 877/81/827 937/185/827 981/184/827
f 859/36/828 946/162/828 937/185/828
f 859/36/829 908/186/829 915/117/829
f 878/101/830 982/187/830 908/186/830
f 885/118/831 915/117/831 982/187/831
f 885/118/832 982/187/832 984/188/832
f 878/101/833 983/103/833 982/187/833
f 875/78/834 984/188/834 983/103/834
f 885/118/835 984/188/835 945/169/835
f 875/78/836 935/189/836 984/188/836
f 863/46/837 945/169/837 935/189/837
f 862/44/742 943/173/742 914/174/742
f 883/96/741 985/190/741 943/173/741
f 884/109/741 914/174/741 985/190/741
f 884/109/741 985/190/741 987/191/741
f 883/96/741 986/98/741 985/190/741
f 874/100/741 987/191/741 986/98/741
f 884/109/741 987/191/741 944/110/741
f 874/100/741 934/192/741 987/191/741
f 857/7/741 944/110/741 934/192/741
f 861/42/741 941/177/741 912/178/741
f 881/91/741 988/193/741 941/177/741
f 882/106/741 912/178/741 988/193/741
f 882/106/741 988/193/741 990/194/741
f 881/91/741 989/93/741 988/193/741
f 873/95/741 990/194/741 989/93/741
f 882/106/741 990/194/741 942/107/741
f 873/95/741 933/195/741 990/194/741
f 856/19/741 942/107/741 933/195/741
f 860/52/747 939/181/747 910/196/747
f 879/86/741 991/197/741 939/181/741
f 880/58/741 910/196/741 991/197/741
f 880/58/741 991/197/741 993/198/741
f 879/86/741 992/88/741 991/197/741
f 871/90/741 993/198/741 992/88/741
f 880/58/741 993/198/741 940/199/741
f 871/90/741 931/200/741 993/198/741
f 855/59/741 940/199/741 931/200/741
f 859/36/838 937/185/838 908/186/838
f 877/81/839 994/201/839 937/185/839
f 878/101/840 908/186/840 994/201/840
f 878/101/841 994/201/841 996/202/841
f 877/81/842 995/83/842 994/201/842
f 867/85/843 996/202/843 995/83/843
f 878/101/844 996/202/844 938/102/844
f 867/85/845 927/203/845 996/202/845
f 854/29/846 938/102/846 927/203/846
f 863/46/847 935/189/847 906/170/847
f 875/78/848 997/204/848 935/189/848
f 876/112/849 906/170/849 997/204/849
f 876/112/850 997/204/850 999/205/850
f 875/78/851 998/80/851 997/204/851
f 868/62/852 999/205/852 998/80/852
f 876/112/853 999/205/853 936/113/853
f 868/62/742 928/206/742 999/205/742
f 858/26/741 936/113/741 928/206/741
f 858/26/741 899/207/741 904/99/741
f 869/15/741 1000/208/741 899/207/741
f 874/100/741 904/99/741 1000/208/741
f 874/100/741 1000/208/741 1002/209/741
f 869/15/741 1001/75/741 1000/208/741
f 872/14/741 1002/209/741 1001/75/741
f 874/100/741 1002/209/741 934/192/741
f 872/14/741 932/210/741 1002/209/741
f 857/7/741 934/192/741 932/210/741
f 857/7/741 932/211/741 903/94/741
f 872/4/741 1003/212/741 932/211/741
f 873/95/741 903/94/741 1003/212/741
f 873/95/741 1003/212/741 1005/213/741
f 872/4/741 1004/71/741 1003/212/741
f 870/12/741 1005/213/741 1004/71/741
f 873/95/741 1005/213/741 933/195/741
f 870/12/741 930/214/741 1005/213/741
f 856/19/741 933/195/741 930/214/741
f 856/19/741 930/215/741 901/89/741
f 870/10/741 1006/216/741 930/215/741
f 871/90/741 901/89/741 1006/216/741
f 871/90/741 1006/216/741 1008/217/741
f 870/10/741 1007/67/741 1006/216/741
f 865/9/741 1008/217/741 1007/67/741
f 871/90/741 1008/217/741 931/200/741
f 865/9/741 925/218/741 1008/217/741
f 855/59/741 931/200/741 925/218/741
f 858/26/741 928/206/741 899/219/741
f 868/62/741 1009/220/741 928/206/741
f 869/60/741 899/219/741 1009/220/741
f 869/60/741 1009/220/741 1011/221/741
f 868/62/741 1010/64/741 1009/220/741
f 866/57/741 1011/221/741 1010/64/741
f 869/60/741 1011/221/741 929/222/741
f 866/57/741 926/223/741 1011/221/741
f 853/224/741 929/222/741 926/223/741
f 855/16/741 925/225/741 897/84/741
f 865/3/741 1012/226/741 925/225/741
f 867/85/741 897/84/741 1012/226/741
f 867/85/741 1012/226/741 1014/227/741
f 865/3/741 1013/228/741 1012/226/741
f 866/2/741 1014/227/741 1013/228/741
f 867/85/741 1014/227/741 927/203/741
f 866/2/741 896/229/741 1014/227/741
f 854/29/741 927/203/741 896/229/741
f 866/2/741 1013/228/741 926/230/741
f 865/3/741 895/231/741 1013/228/741
f 853/232/741 926/230/741 895/231/741
f 1013/228/741 895/231/741 926/230/741
f 1010/64/741 898/63/741 896/65/741
f 1007/67/741 900/66/741 895/69/741
f 1004/71/741 902/70/741 900/73/741
f 1001/75/741 929/74/741 902/77/741
f 998/80/854 905/79/854 898/63/854
f 995/83/742 907/82/742 897/84/742
f 992/88/741 909/87/741 901/89/741
f 989/93/741 911/92/741 903/94/741
f 986/98/741 913/97/741 904/99/741
f 983/103/855 938/102/855 905/79/855
f 980/105/742 940/104/742 907/82/742
f 977/108/741 942/107/741 909/87/741
f 974/111/741 944/110/741 911/92/741
f 971/114/742 936/113/742 913/97/742
f 968/116/856 920/115/856 915/117/856
f 965/120/857 922/119/857 916/121/857
f 962/124/858 923/123/858 917/125/858
f 959/128/859 924/127/859 918/129/859
f 956/132/860 951/131/860 919/133/860
f 954/137/861 921/136/861 955/138/861
f 957/139/862 955/138/862 956/132/862
f 924/140/863 957/139/863 949/141/863
f 953/144/864 954/143/864 958/145/864
f 960/146/865 958/145/865 959/128/865
f 923/147/866 960/146/866 948/148/866
f 952/151/867 953/150/867 961/152/867
f 963/153/868 961/152/868 962/124/868
f 922/154/869 963/153/869 947/155/869
f 950/158/870 952/157/870 964/159/870
f 966/160/871 964/159/871 965/120/871
f 920/161/872 966/160/872 946/162/872
f 921/165/873 950/164/873 967/166/873
f 969/167/874 967/166/874 968/116/874
f 951/168/875 969/167/875 945/169/875
f 919/133/876 906/170/876 970/171/876
f 972/172/877 970/171/877 971/114/877
f 949/141/878 972/172/878 943/173/878
f 918/129/741 914/174/741 973/175/741
f 975/176/741 973/175/741 974/111/741
f 948/148/741 975/176/741 941/177/741
f 917/125/741 912/178/741 976/179/741
f 978/180/741 976/179/741 977/108/741
f 947/155/741 978/180/741 939/181/741
f 916/121/879 910/182/879 979/183/879
f 981/184/880 979/183/880 980/105/880
f 946/162/881 981/184/881 937/185/881
f 915/117/882 908/186/882 982/187/882
f 984/188/883 982/187/883 983/103/883
f 945/169/884 984/188/884 935/189/884
f 914/174/741 943/173/741 985/190/741
f 987/191/741 985/190/741 986/98/741
f 944/110/741 987/191/741 934/192/741
f 912/178/741 941/177/741 988/193/741
f 990/194/741 988/193/741 989/93/741
f 942/107/741 990/194/741 933/195/741
f 910/196/741 939/181/741 991/197/741
f 993/198/741 991/197/741 992/88/741
f 940/199/741 993/198/741 931/200/741
f 908/186/885 937/185/885 994/201/885
f 996/202/886 994/201/886 995/83/886
f 938/102/887 996/202/887 927/203/887
f 906/170/888 935/189/888 997/204/888
f 999/205/889 997/204/889 998/80/889
f 936/113/742 999/205/742 928/206/742
f 904/99/741 899/207/741 1000/208/741
f 1002/209/741 1000/208/741 1001/75/741
f 934/192/741 1002/209/741 932/210/741
f 903/94/741 932/211/741 1003/212/741
f 1005/213/741 1003/212/741 1004/71/741
f 933/195/741 1005/213/741 930/214/741
f 901/89/741 930/215/741 1006/216/741
f 1008/217/741 1006/216/741 1007/67/741
f 931/200/741 1008/217/741 925/218/741
f 899/219/741 928/206/741 1009/220/741
f 1011/221/741 1009/220/741 1010/64/741
f 929/222/741 1011/221/741 926/223/741
f 897/84/741 925/225/741 1012/226/741
f 1014/227/741 1012/226/741 1013/228/741
f 927/203/741 1014/227/741 896/229/741
f 1030/62/890 1060/63/890 1172/64/890
f 1016/29/891 1058/65/891 1060/63/891
f 1028/57/890 1172/64/890 1058/65/890
f 1032/10/890 1062/66/890 1169/67/890
f 1015/68/890 1057/69/890 1062/66/890
f 1027/9/890 1169/67/890 1057/69/890
f 1034/4/890 1064/70/890 1166/71/890
f 1015/72/890 1062/73/890 1064/70/890
f 1032/12/890 1166/71/890 1062/73/890
f 1031/15/890 1091/74/890 1163/75/890
f 1015/76/890 1064/77/890 1091/74/890
f 1034/14/890 1163/75/890 1064/77/890
f 1037/78/892 1067/79/892 1160/80/892
f 1016/29/893 1060/63/893 1067/79/893
f 1030/62/894 1160/80/894 1060/63/894
f 1039/81/895 1069/82/895 1157/83/895
f 1017/16/896 1059/84/896 1069/82/896
f 1029/85/891 1157/83/891 1059/84/891
f 1041/86/890 1071/87/890 1154/88/890
f 1018/19/890 1063/89/890 1071/87/890
f 1033/90/890 1154/88/890 1063/89/890
f 1043/91/890 1073/92/890 1151/93/890
f 1019/7/890 1065/94/890 1073/92/890
f 1035/95/890 1151/93/890 1065/94/890
f 1045/96/890 1075/97/890 1148/98/890
f 1020/26/890 1066/99/890 1075/97/890
f 1036/100/890 1148/98/890 1066/99/890
f 1040/101/897 1100/102/897 1145/103/897
f 1016/29/898 1067/79/898 1100/102/898
f 1037/78/899 1145/103/899 1067/79/899
f 1042/32/891 1102/104/891 1142/105/891
f 1017/16/896 1069/82/896 1102/104/896
f 1039/81/900 1142/105/900 1069/82/900
f 1044/106/890 1104/107/890 1139/108/890
f 1018/19/890 1071/87/890 1104/107/890
f 1041/86/890 1139/108/890 1071/87/890
f 1046/109/890 1106/110/890 1136/111/890
f 1019/7/890 1073/92/890 1106/110/890
f 1043/91/890 1136/111/890 1073/92/890
f 1038/112/901 1098/113/901 1133/114/901
f 1020/26/890 1075/97/890 1098/113/890
f 1045/96/891 1133/114/891 1075/97/891
f 1052/38/902 1082/115/902 1130/116/902
f 1021/36/903 1077/117/903 1082/115/903
f 1047/118/904 1130/116/904 1077/117/904
f 1054/41/905 1084/119/905 1127/120/905
f 1022/39/906 1078/121/906 1084/119/906
f 1048/122/907 1127/120/907 1078/121/907
f 1055/22/908 1085/123/908 1124/124/908
f 1023/42/909 1079/125/909 1085/123/909
f 1049/126/910 1124/124/910 1079/125/910
f 1056/25/911 1086/127/911 1121/128/911
f 1024/44/912 1080/129/912 1086/127/912
f 1050/130/913 1121/128/913 1080/129/913
f 1053/48/914 1113/131/914 1118/132/914
f 1025/46/915 1081/133/915 1113/131/915
f 1051/134/916 1118/132/916 1081/133/916
f 1026/135/917 1083/136/917 1116/137/917
f 1053/48/918 1117/138/918 1083/136/918
f 1056/49/919 1116/137/919 1117/138/919
f 1056/49/920 1117/138/920 1119/139/920
f 1053/48/921 1118/132/921 1117/138/921
f 1051/134/922 1119/139/922 1118/132/922
f 1056/49/923 1119/139/923 1086/140/923
f 1051/134/924 1111/141/924 1119/139/924
f 1024/44/925 1086/140/925 1111/141/925
f 1026/142/926 1116/143/926 1115/144/926
f 1056/25/927 1120/145/927 1116/143/927
f 1055/51/928 1115/144/928 1120/145/928
f 1055/51/929 1120/145/929 1122/146/929
f 1056/25/930 1121/128/930 1120/145/930
f 1050/130/931 1122/146/931 1121/128/931
f 1055/51/932 1122/146/932 1085/147/932
f 1050/130/933 1110/148/933 1122/146/933
f 1023/42/934 1085/147/934 1110/148/934
f 1026/149/935 1115/150/935 1114/151/935
f 1055/22/936 1123/152/936 1115/150/936
f 1054/23/937 1114/151/937 1123/152/937
f 1054/23/938 1123/152/938 1125/153/938
f 1055/22/939 1124/124/939 1123/152/939
f 1049/126/940 1125/153/940 1124/124/940
f 1054/23/941 1125/153/941 1084/154/941
f 1049/126/942 1109/155/942 1125/153/942
f 1022/52/943 1084/154/943 1109/155/943
f 1026/156/944 1114/157/944 1112/158/944
f 1054/41/945 1126/159/945 1114/157/945
f 1052/53/946 1112/158/946 1126/159/946
f 1052/53/947 1126/159/947 1128/160/947
f 1054/41/948 1127/120/948 1126/159/948
f 1048/122/949 1128/160/949 1127/120/949
f 1052/53/950 1128/160/950 1082/161/950
f 1048/122/951 1108/162/951 1128/160/951
f 1021/36/952 1082/161/952 1108/162/952
f 1026/163/953 1112/164/953 1083/165/953
f 1052/38/954 1129/166/954 1112/164/954
f 1053/55/955 1083/165/955 1129/166/955
f 1053/55/956 1129/166/956 1131/167/956
f 1052/38/957 1130/116/957 1129/166/957
f 1047/118/958 1131/167/958 1130/116/958
f 1053/55/959 1131/167/959 1113/168/959
f 1047/118/960 1107/169/960 1131/167/960
f 1025/46/961 1113/168/961 1107/169/961
f 1025/46/962 1068/170/962 1081/133/962
f 1038/112/963 1132/171/963 1068/170/963
f 1051/134/964 1081/133/964 1132/171/964
f 1051/134/965 1132/171/965 1134/172/965
f 1038/112/966 1133/114/966 1132/171/966
f 1045/96/967 1134/172/967 1133/114/967
f 1051/134/968 1134/172/968 1111/141/968
f 1045/96/969 1105/173/969 1134/172/969
f 1024/44/970 1111/141/970 1105/173/970
f 1024/44/891 1076/174/891 1080/129/891
f 1046/109/890 1135/175/890 1076/174/890
f 1050/130/890 1080/129/890 1135/175/890
f 1050/130/890 1135/175/890 1137/176/890
f 1046/109/890 1136/111/890 1135/175/890
f 1043/91/890 1137/176/890 1136/111/890
f 1050/130/890 1137/176/890 1110/148/890
f 1043/91/890 1103/177/890 1137/176/890
f 1023/42/890 1110/148/890 1103/177/890
f 1023/42/890 1074/178/890 1079/125/890
f 1044/106/890 1138/179/890 1074/178/890
f 1049/126/890 1079/125/890 1138/179/890
f 1049/126/890 1138/179/890 1140/180/890
f 1044/106/890 1139/108/890 1138/179/890
f 1041/86/890 1140/180/890 1139/108/890
f 1049/126/891 1140/180/891 1109/155/891
f 1041/86/890 1101/181/890 1140/180/890
f 1022/52/891 1109/155/891 1101/181/891
f 1022/39/971 1072/182/971 1078/121/971
f 1042/32/891 1141/183/891 1072/182/891
f 1048/122/972 1078/121/972 1141/183/972
f 1048/122/973 1141/183/973 1143/184/973
f 1042/32/891 1142/105/891 1141/183/891
f 1039/81/974 1143/184/974 1142/105/974
f 1048/122/975 1143/184/975 1108/162/975
f 1039/81/976 1099/185/976 1143/184/976
f 1021/36/977 1108/162/977 1099/185/977
f 1021/36/978 1070/186/978 1077/117/978
f 1040/101/979 1144/187/979 1070/186/979
f 1047/118/980 1077/117/980 1144/187/980
f 1047/118/981 1144/187/981 1146/188/981
f 1040/101/982 1145/103/982 1144/187/982
f 1037/78/983 1146/188/983 1145/103/983
f 1047/118/984 1146/188/984 1107/169/984
f 1037/78/985 1097/189/985 1146/188/985
f 1025/46/986 1107/169/986 1097/189/986
f 1024/44/891 1105/173/891 1076/174/891
f 1045/96/890 1147/190/890 1105/173/890
f 1046/109/890 1076/174/890 1147/190/890
f 1046/109/890 1147/190/890 1149/191/890
f 1045/96/890 1148/98/890 1147/190/890
f 1036/100/890 1149/191/890 1148/98/890
f 1046/109/890 1149/191/890 1106/110/890
f 1036/100/890 1096/192/890 1149/191/890
f 1019/7/890 1106/110/890 1096/192/890
f 1023/42/890 1103/177/890 1074/178/890
f 1043/91/890 1150/193/890 1103/177/890
f 1044/106/890 1074/178/890 1150/193/890
f 1044/106/890 1150/193/890 1152/194/890
f 1043/91/890 1151/93/890 1150/193/890
f 1035/95/890 1152/194/890 1151/93/890
f 1044/106/890 1152/194/890 1104/107/890
f 1035/95/890 1095/195/890 1152/194/890
f 1018/19/890 1104/107/890 1095/195/890
f 1022/52/987 1101/181/987 1072/196/987
f 1041/86/890 1153/197/890 1101/181/890
f 1042/58/890 1072/196/890 1153/197/890
f 1042/58/890 1153/197/890 1155/198/890
f 1041/86/890 1154/88/890 1153/197/890
f 1033/90/890 1155/198/890 1154/88/890
f 1042/58/890 1155/198/890 1102/199/890
f 1033/90/890 1093/200/890 1155/198/890
f 1017/59/890 1102/199/890 1093/200/890
f 1021/36/988 1099/185/988 1070/186/988
f 1039/81/989 1156/201/989 1099/185/989
f 1040/101/990 1070/186/990 1156/201/990
f 1040/101/991 1156/201/991 1158/202/991
f 1039/81/992 1157/83/992 1156/201/992
f 1029/85/993 1158/202/993 1157/83/993
f 1040/101/994 1158/202/994 1100/102/994
f 1029/85/891 1089/203/891 1158/202/891
f 1016/29/995 1100/102/995 1089/203/995
f 1025/46/996 1097/189/996 1068/170/996
f 1037/78/997 1159/204/997 1097/189/997
f 1038/112/998 1068/170/998 1159/204/998
f 1038/112/999 1159/204/999 1161/205/999
f 1037/78/1000 1160/80/1000 1159/204/1000
f 1030/62/1001 1161/205/1001 1160/80/1001
f 1038/112/1002 1161/205/1002 1098/113/1002
f 1030/62/891 1090/206/891 1161/205/891
f 1020/26/890 1098/113/890 1090/206/890
f 1020/26/890 1061/207/890 1066/99/890
f 1031/15/890 1162/208/890 1061/207/890
f 1036/100/890 1066/99/890 1162/208/890
f 1036/100/890 1162/208/890 1164/209/890
f 1031/15/890 1163/75/890 1162/208/890
f 1034/14/890 1164/209/890 1163/75/890
f 1036/100/890 1164/209/890 1096/192/890
f 1034/14/890 1094/210/890 1164/209/890
f 1019/7/890 1096/192/890 1094/210/890
f 1019/7/890 1094/211/890 1065/94/890
f 1034/4/890 1165/212/890 1094/211/890
f 1035/95/890 1065/94/890 1165/212/890
f 1035/95/890 1165/212/890 1167/213/890
f 1034/4/890 1166/71/890 1165/212/890
f 1032/12/890 1167/213/890 1166/71/890
f 1035/95/890 1167/213/890 1095/195/890
f 1032/12/890 1092/214/890 1167/213/890
f 1018/19/890 1095/195/890 1092/214/890
f 1018/19/890 1092/215/890 1063/89/890
f 1032/10/890 1168/216/890 1092/215/890
f 1033/90/890 1063/89/890 1168/216/890
f 1033/90/890 1168/216/890 1170/217/890
f 1032/10/890 1169/67/890 1168/216/890
f 1027/9/890 1170/217/890 1169/67/890
f 1033/90/890 1170/217/890 1093/200/890
f 1027/9/890 1087/218/890 1170/217/890
f 1017/59/890 1093/200/890 1087/218/890
f 1020/26/890 1090/206/890 1061/219/890
f 1030/62/890 1171/220/890 1090/206/890
f 1031/60/890 1061/219/890 1171/220/890
f 1031/60/890 1171/220/890 1173/221/890
f 1030/62/890 1172/64/890 1171/220/890
f 1028/57/890 1173/221/890 1172/64/890
f 1031/60/890 1173/221/890 1091/222/890
f 1028/57/890 1088/223/890 1173/221/890
f 1015/224/890 1091/222/890 1088/223/890
f 1017/16/890 1087/225/890 1059/84/890
f 1027/3/890 1174/226/890 1087/225/890
f 1029/85/890 1059/84/890 1174/226/890
f 1029/85/890 1174/226/890 1176/227/890
f 1027/3/890 1175/228/890 1174/226/890
f 1028/2/890 1176/227/890 1175/228/890
f 1029/85/890 1176/227/890 1089/203/890
f 1028/2/890 1058/229/890 1176/227/890
f 1016/29/1003 1089/203/1003 1058/229/1003
f 1028/2/890 1175/228/890 1088/230/890
f 1027/3/890 1057/231/890 1175/228/890
f 1015/232/890 1088/230/890 1057/231/890
f 1175/228/890 1057/231/890 1088/230/890
f 1172/64/890 1060/63/890 1058/65/890
f 1169/67/890 1062/66/890 1057/69/890
f 1166/71/890 1064/70/890 1062/73/890
f 1163/75/890 1091/74/890 1064/77/890
f 1160/80/1004 1067/79/1004 1060/63/1004
f 1157/83/891 1069/82/891 1059/84/891
f 1154/88/890 1071/87/890 1063/89/890
f 1151/93/890 1073/92/890 1065/94/890
f 1148/98/890 1075/97/890 1066/99/890
f 1145/103/1005 1100/102/1005 1067/79/1005
f 1142/105/891 1102/104/891 1069/82/891
f 1139/108/890 1104/107/890 1071/87/890
f 1136/111/890 1106/110/890 1073/92/890
f 1133/114/891 1098/113/891 1075/97/891
f 1130/116/1006 1082/115/1006 1077/117/1006
f 1127/120/1007 1084/119/1007 1078/121/1007
f 1124/124/1008 1085/123/1008 1079/125/1008
f 1121/128/1009 1086/127/1009 1080/129/1009
f 1118/132/1010 1113/131/1010 1081/133/1010
f 1116/137/1011 1083/136/1011 1117/138/1011
f 1119/139/1012 1117/138/1012 1118/132/1012
f 1086/140/1013 1119/139/1013 1111/141/1013
f 1115/144/1014 1116/143/1014 1120/145/1014
f 1122/146/1015 1120/145/1015 1121/128/1015
f 1085/147/1016 1122/146/1016 1110/148/1016
f 1114/151/1017 1115/150/1017 1123/152/1017
f 1125/153/1018 1123/152/1018 1124/124/1018
f 1084/154/1019 1125/153/1019 1109/155/1019
f 1112/158/1020 1114/157/1020 1126/159/1020
f 1128/160/1021 1126/159/1021 1127/120/1021
f 1082/161/1022 1128/160/1022 1108/162/1022
f 1083/165/1023 1112/164/1023 1129/166/1023
f 1131/167/1024 1129/166/1024 1130/116/1024
f 1113/168/1025 1131/167/1025 1107/169/1025
f 1081/133/1026 1068/170/1026 1132/171/1026
f 1134/172/1027 1132/171/1027 1133/114/1027
f 1111/141/1028 1134/172/1028 1105/173/1028
f 1080/129/890 1076/174/890 1135/175/890
f 1137/176/890 1135/175/890 1136/111/890
f 1110/148/890 1137/176/890 1103/177/890
f 1079/125/890 1074/178/890 1138/179/890
f 1140/180/890 1138/179/890 1139/108/890
f 1109/155/890 1140/180/890 1101/181/890
f 1078/121/1029 1072/182/1029 1141/183/1029
f 1143/184/1030 1141/183/1030 1142/105/1030
f 1108/162/1031 1143/184/1031 1099/185/1031
f 1077/117/1032 1070/186/1032 1144/187/1032
f 1146/188/1033 1144/187/1033 1145/103/1033
f 1107/169/1034 1146/188/1034 1097/189/1034
f 1076/174/890 1105/173/890 1147/190/890
f 1149/191/890 1147/190/890 1148/98/890
f 1106/110/890 1149/191/890 1096/192/890
f 1074/178/890 1103/177/890 1150/193/890
f 1152/194/890 1150/193/890 1151/93/890
f 1104/107/890 1152/194/890 1095/195/890
f 1072/196/890 1101/181/890 1153/197/890
f 1155/198/890 1153/197/890 1154/88/890
f 1102/199/890 1155/198/890 1093/200/890
f 1070/186/1035 1099/185/1035 1156/201/1035
f 1158/202/1036 1156/201/1036 1157/83/1036
f 1100/102/1037 1158/202/1037 1089/203/1037
f 1068/170/1038 1097/189/1038 1159/204/1038
f 1161/205/1039 1159/204/1039 1160/80/1039
f 1098/113/891 1161/205/891 1090/206/891
f 1066/99/890 1061/207/890 1162/208/890
f 1164/209/890 1162/208/890 1163/75/890
f 1096/192/890 1164/209/890 1094/210/890
f 1065/94/890 1094/211/890 1165/212/890
f 1167/213/890 1165/212/890 1166/71/890
f 1095/195/890 1167/213/890 1092/214/890
f 1063/89/890 1092/215/890 1168/216/890
f 1170/217/890 1168/216/890 1169/67/890
f 1093/200/890 1170/217/890 1087/218/890
f 1061/219/890 1090/206/890 1171/220/890
f 1173/221/890 1171/220/890 1172/64/890
f 1091/222/890 1173/221/890 1088/223/890
f 1059/84/890 1087/225/890 1174/226/890
f 1176/227/890 1174/226/890 1175/228/890
f 1089/203/890 1176/227/890 1058/229/890
f 1177/1/1040 1190/2/1040 1189/3/1040
f 1178/29/1041 1190/57/1041 1192/56/1041
f 1177/8/1040 1189/9/1040 1194/10/1040
f 1177/11/1040 1194/12/1040 1196/4/1040
f 1177/13/1040 1196/14/1040 1193/15/1040
f 1178/29/1040 1192/56/1040 1199/30/1040
f 1179/16/1041 1191/17/1041 1201/18/1041
f 1180/19/1040 1195/20/1040 1203/21/1040
f 1181/7/1042 1197/5/1042 1205/6/1042
f 1182/26/1040 1198/27/1040 1207/28/1040
f 1178/29/1040 1199/30/1040 1202/31/1040
f 1179/16/1041 1201/18/1041 1204/32/1041
f 1180/19/1040 1203/21/1040 1206/33/1040
f 1181/7/1043 1205/6/1043 1208/34/1043
f 1182/26/1040 1207/28/1040 1200/35/1040
f 1183/36/1044 1209/37/1044 1214/38/1044
f 1184/39/1045 1210/40/1045 1216/41/1045
f 1185/42/1046 1211/43/1046 1217/22/1046
f 1186/44/1047 1212/45/1047 1218/25/1047
f 1187/46/1048 1213/47/1048 1215/48/1048
f 1215/48/1049 1218/49/1049 1188/233/1049
f 1215/48/1050 1213/47/1050 1218/49/1050
f 1213/47/1051 1186/44/1051 1218/49/1051
f 1218/25/1052 1217/51/1052 1188/24/1052
f 1218/25/1053 1212/45/1053 1217/51/1053
f 1212/45/1054 1185/42/1054 1217/51/1054
f 1217/22/1055 1216/23/1055 1188/234/1055
f 1217/22/1056 1211/43/1056 1216/23/1056
f 1211/43/1057 1184/52/1057 1216/23/1057
f 1216/41/1058 1214/53/1058 1188/54/1058
f 1216/41/1059 1210/40/1059 1214/53/1059
f 1210/40/1060 1183/36/1060 1214/53/1060
f 1214/38/1061 1215/55/1061 1188/50/1061
f 1214/38/1062 1209/37/1062 1215/55/1062
f 1209/37/1063 1187/46/1063 1215/55/1063
f 1200/35/1064 1213/47/1064 1187/46/1064
f 1200/35/1065 1207/28/1065 1213/47/1065
f 1207/28/1066 1186/44/1066 1213/47/1066
f 1208/34/1067 1212/45/1067 1186/44/1067
f 1208/34/1068 1205/6/1068 1212/45/1068
f 1205/6/1069 1185/42/1069 1212/45/1069
f 1206/33/1070 1211/43/1070 1185/42/1070
f 1206/33/1071 1203/21/1071 1211/43/1071
f 1203/21/1072 1184/52/1072 1211/43/1072
f 1204/32/1073 1210/40/1073 1184/39/1073
f 1204/32/1074 1201/18/1074 1210/40/1074
f 1201/18/1075 1183/36/1075 1210/40/1075
f 1202/31/1076 1209/37/1076 1183/36/1076
f 1202/31/1077 1199/30/1077 1209/37/1077
f 1199/30/1078 1187/46/1078 1209/37/1078
f 1207/28/1079 1208/34/1079 1186/44/1079
f 1207/28/1080 1198/27/1080 1208/34/1080
f 1198/27/1081 1181/7/1081 1208/34/1081
f 1205/6/1082 1206/33/1082 1185/42/1082
f 1205/6/1083 1197/5/1083 1206/33/1083
f 1197/5/1040 1180/19/1040 1206/33/1040
f 1203/21/1084 1204/58/1084 1184/52/1084
f 1203/21/1040 1195/20/1040 1204/58/1040
f 1195/20/1040 1179/59/1040 1204/58/1040
f 1201/18/1085 1202/31/1085 1183/36/1085
f 1201/18/1040 1191/17/1040 1202/31/1040
f 1191/17/1040 1178/29/1040 1202/31/1040
f 1199/30/1086 1200/35/1086 1187/46/1086
f 1199/30/1040 1192/56/1040 1200/35/1040
f 1192/56/1040 1182/26/1040 1200/35/1040
f 1193/15/1040 1198/27/1040 1182/26/1040
f 1193/15/1040 1196/14/1040 1198/27/1040
f 1196/14/1040 1181/7/1040 1198/27/1040
f 1196/4/1040 1197/5/1040 1181/7/1040
f 1196/4/1040 1194/12/1040 1197/5/1040
f 1194/12/1040 1180/19/1040 1197/5/1040
f 1194/10/1040 1195/20/1040 1180/19/1040
f 1194/10/1040 1189/9/1040 1195/20/1040
f 1189/9/1040 1179/59/1040 1195/20/1040
f 1192/56/1040 1193/60/1040 1182/26/1040
f 1192/56/1040 1190/57/1040 1193/60/1040
f 1190/57/1040 1177/61/1040 1193/60/1040
f 1189/3/1040 1191/17/1040 1179/16/1040
f 1189/3/1040 1190/2/1040 1191/17/1040
f 1190/2/1041 1178/29/1041 1191/17/1041
f 1219/1/1 1232/2/1 1231/3/1
f 1220/29/1 1232/57/1 1234/56/1
f 1219/8/1 1231/9/1 1236/10/1
f 1219/11/1 1236/12/1 1238/4/1
f 1219/13/1 1238/14/1 1235/15/1
f 1220/29/1 1234/56/1 1241/30/1
f 1221/16/1 1233/17/1 1243/18/1
f 1222/19/1 1237/20/1 1245/21/1
f 1223/7/1087 1239/5/1087 1247/6/1087
f 1224/26/1 1240/27/1 1249/28/1
f 1220/29/1 1241/30/1 1244/31/1
f 1221/16/1 1243/18/1 1246/32/1
f 1222/19/1 1245/21/1 1248/33/1
f 1223/7/1088 1247/6/1088 1250/34/1088
f 1224/26/1 1249/28/1 1242/35/1
f 1225/36/1089 1251/37/1089 1256/38/1089
f 1226/39/1090 1252/40/1090 1258/41/1090
f 1227/42/1091 1253/43/1091 1259/22/1091
f 1228/44/1092 1254/45/1092 1260/25/1092
f 1229/46/1093 1255/47/1093 1257/48/1093
f 1257/48/1094 1260/49/1094 1230/233/1094
f 1257/48/1095 1255/47/1095 1260/49/1095
f 1255/47/1096 1228/44/1096 1260/49/1096
f 1260/25/1097 1259/51/1097 1230/24/1097
f 1260/25/1098 1254/45/1098 1259/51/1098
f 1254/45/1099 1227/42/1099 1259/51/1099
f 1259/22/1100 1258/23/1100 1230/234/1100
f 1259/22/1101 1253/43/1101 1258/23/1101
f 1253/43/1102 1226/52/1102 1258/23/1102
f 1258/41/1103 1256/53/1103 1230/54/1103
f 1258/41/1104 1252/40/1104 1256/53/1104
f 1252/40/1105 1225/36/1105 1256/53/1105
f 1256/38/1106 1257/55/1106 1230/50/1106
f 1256/38/1107 1251/37/1107 1257/55/1107
f 1251/37/1108 1229/46/1108 1257/55/1108
f 1242/35/1109 1255/47/1109 1229/46/1109
f 1242/35/1110 1249/28/1110 1255/47/1110
f 1249/28/1111 1228/44/1111 1255/47/1111
f 1250/34/1112 1254/45/1112 1228/44/1112
f 1250/34/1113 1247/6/1113 1254/45/1113
f 1247/6/1114 1227/42/1114 1254/45/1114
f 1248/33/1115 1253/43/1115 1227/42/1115
f 1248/33/1116 1245/21/1116 1253/43/1116
f 1245/21/1117 1226/52/1117 1253/43/1117
f 1246/32/1118 1252/40/1118 1226/39/1118
f 1246/32/1119 1243/18/1119 1252/40/1119
f 1243/18/1120 1225/36/1120 1252/40/1120
f 1244/31/1121 1251/37/1121 1225/36/1121
f 1244/31/1122 1241/30/1122 1251/37/1122
f 1241/30/1123 1229/46/1123 1251/37/1123
f 1249/28/1124 1250/34/1124 1228/44/1124
f 1249/28/1125 1240/27/1125 1250/34/1125
f 1240/27/1126 1223/7/1126 1250/34/1126
f 1247/6/1127 1248/33/1127 1227/42/1127
f 1247/6/1128 1239/5/1128 1248/33/1128
f 1239/5/1 1222/19/1 1248/33/1
f 1245/21/13 1246/58/13 1226/52/13
f 1245/21/1 1237/20/1 1246/58/1
f 1237/20/1 1221/59/1 1246/58/1
f 1243/18/13 1244/31/13 1225/36/13
f 1243/18/1 1233/17/1 1244/31/1
f 1233/17/1 1220/29/1 1244/31/1
f 1241/30/1129 1242/35/1129 1229/46/1129
f 1241/30/1 1234/56/1 1242/35/1
f 1234/56/1 1224/26/1 1242/35/1
f 1235/15/1 1240/27/1 1224/26/1
f 1235/15/1 1238/14/1 1240/27/1
f 1238/14/1 1223/7/1 1240/27/1
f 1238/4/1 1239/5/1 1223/7/1
f 1238/4/1 1236/12/1 1239/5/1
f 1236/12/1 1222/19/1 1239/5/1
f 1236/10/1 1237/20/1 1222/19/1
f 1236/10/1 1231/9/1 1237/20/1
f 1231/9/1 1221/59/1 1237/20/1
f 1234/56/1 1235/60/1 1224/26/1
f 1234/56/1 1232/57/1 1235/60/1
f 1232/57/1 1219/61/1 1235/60/1
f 1231/3/1 1233/17/1 1221/16/1
f 1231/3/1 1232/2/1 1233/17/1
f 1232/2/1 1220/29/1 1233/17/1
f 1261/1/1130 1274/2/1130 1273/3/1130
f 1262/29/1131 1274/57/1131 1276/56/1131
f 1261/8/1132 1273/9/1132 1278/10/1132
f 1261/11/1133 1278/12/1133 1280/4/1133
f 1261/13/1134 1280/14/1134 1277/15/1134
f 1262/29/1135 1276/56/1135 1283/30/1135
f 1263/16/1136 1275/17/1136 1285/18/1136
f 1264/19/1137 1279/20/1137 1287/21/1137
f 1265/7/1138 1281/5/1138 1289/6/1138
f 1266/26/1139 1282/27/1139 1291/28/1139
f 1262/29/1140 1283/30/1140 1286/31/1140
f 1263/16/1141 1285/18/1141 1288/32/1141
f 1264/19/1142 1287/21/1142 1290/33/1142
f 1265/7/1143 1289/6/1143 1292/34/1143
f 1266/26/1144 1291/28/1144 1284/35/1144
f 1267/36/1145 1293/37/1145 1298/38/1145
f 1268/39/1146 1294/40/1146 1300/41/1146
f 1269/42/1147 1295/43/1147 1301/22/1147
f 1270/44/1148 1296/45/1148 1302/25/1148
f 1271/46/1149 1297/47/1149 1299/48/1149
f 1299/48/1150 1302/49/1150 1272/233/1150
f 1299/48/1151 1297/47/1151 1302/49/1151
f 1297/47/1152 1270/44/1152 1302/49/1152
f 1302/25/1153 1301/51/1153 1272/24/1153
f 1302/25/1154 1296/45/1154 1301/51/1154
f 1296/45/1155 1269/42/1155 1301/51/1155
f 1301/22/1156 1300/23/1156 1272/234/1156
f 1301/22/1157 1295/43/1157 1300/23/1157
f 1295/43/1158 1268/52/1158 1300/23/1158
f 1300/41/1159 1298/53/1159 1272/54/1159
f 1300/41/1160 1294/40/1160 1298/53/1160
f 1294/40/1161 1267/36/1161 1298/53/1161
f 1298/38/1162 1299/55/1162 1272/50/1162
f 1298/38/1163 1293/37/1163 1299/55/1163
f 1293/37/1164 1271/46/1164 1299/55/1164
f 1284/35/1165 1297/47/1165 1271/46/1165
f 1284/35/1166 1291/28/1166 1297/47/1166
f 1291/28/1167 1270/44/1167 1297/47/1167
f 1292/34/1168 1296/45/1168 1270/44/1168
f 1292/34/1169 1289/6/1169 1296/45/1169
f 1289/6/1170 1269/42/1170 1296/45/1170
f 1290/33/1171 1295/43/1171 1269/42/1171
f 1290/33/1172 1287/21/1172 1295/43/1172
f 1287/21/1173 1268/52/1173 1295/43/1173
f 1288/32/1174 1294/40/1174 1268/39/1174
f 1288/32/1175 1285/18/1175 1294/40/1175
f 1285/18/1176 1267/36/1176 1294/40/1176
f 1286/31/1177 1293/37/1177 1267/36/1177
f 1286/31/1178 1283/30/1178 1293/37/1178
f 1283/30/1179 1271/46/1179 1293/37/1179
f 1291/28/1180 1292/34/1180 1270/44/1180
f 1291/28/1181 1282/27/1181 1292/34/1181
f 1282/27/1182 1265/7/1182 1292/34/1182
f 1289/6/1183 1290/33/1183 1269/42/1183
f 1289/6/1184 1281/5/1184 1290/33/1184
f 1281/5/1185 1264/19/1185 1290/33/1185
f 1287/21/1186 1288/58/1186 1268/52/1186
f 1287/21/1187 1279/20/1187 1288/58/1187
f 1279/20/1188 1263/59/1188 1288/58/1188
f 1285/18/1189 1286/31/1189 1267/36/1189
f 1285/18/1190 1275/17/1190 1286/31/1190
f 1275/17/1191 1262/29/1191 1286/31/1191
f 1283/30/1192 1284/35/1192 1271/46/1192
f 1283/30/1193 1276/56/1193 1284/35/1193
f 1276/56/1194 1266/26/1194 1284/35/1194
f 1277/15/1195 1282/27/1195 1266/26/1195
f 1277/15/1196 1280/14/1196 1282/27/1196
f 1280/14/1197 1265/7/1197 1282/27/1197
f 1280/4/1198 1281/5/1198 1265/7/1198
f 1280/4/1199 1278/12/1199 1281/5/1199
f 1278/12/1200 1264/19/1200 1281/5/1200
f 1278/10/1201 1279/20/1201 1264/19/1201
f 1278/10/1202 1273/9/1202 1279/20/1202
f 1273/9/1203 1263/59/1203 1279/20/1203
f 1276/56/1204 1277/60/1204 1266/26/1204
f 1276/56/1205 1274/57/1205 1277/60/1205
f 1274/57/1206 1261/61/1206 1277/60/1206
f 1273/3/1207 1275/17/1207 1263/16/1207
f 1273/3/1208 1274/2/1208 1275/17/1208
f 1274/2/1209 1262/29/1209 1275/17/1209
f 1303/1/1 1316/2/1 1315/3/1
f 1322/4/1 1323/5/1 1331/6/1 1307/7/1
f 1303/8/1 1315/9/1 1320/10/1
f 1303/11/1 1320/12/1 1322/4/1
f 1303/13/1 1322/14/1 1319/15/1
f 1305/16/1 1317/17/1 1327/18/1
f 1306/19/1 1321/20/1 1329/21/1
f 1343/22/1210 1342/23/1210 1314/24/1210 1344/25/1210
f 1308/26/1211 1324/27/1211 1333/28/1211
f 1304/29/1212 1325/30/1212 1328/31/1212
f 1305/16/1 1327/18/1 1330/32/1
f 1306/19/1 1329/21/1 1332/33/1
f 1307/7/1 1331/6/1 1334/34/1
f 1308/26/1213 1333/28/1213 1326/35/1213
f 1309/36/1214 1335/37/1214 1340/38/1214
f 1310/39/1 1336/40/1 1342/41/1
f 1311/42/1 1337/43/1 1343/22/1
f 1312/44/1215 1338/45/1215 1344/25/1215
f 1313/46/1216 1339/47/1216 1341/48/1216
f 1341/48/1217 1339/47/1217 1344/49/1217
f 1339/47/1218 1312/44/1218 1344/49/1218
f 1340/38/1219 1341/48/1219 1344/49/1219 1314/50/1219
f 1344/25/1220 1338/45/1220 1343/51/1220
f 1338/45/13 1311/42/13 1343/51/13
f 1343/22/1 1337/43/1 1342/23/1
f 1337/43/1 1310/52/1 1342/23/1
f 1342/41/1221 1340/53/1221 1314/54/1221
f 1342/41/1222 1336/40/1222 1340/53/1222
f 1336/40/1223 1309/36/1223 1340/53/1223
f 1340/38/1224 1335/37/1224 1341/55/1224
f 1335/37/1225 1313/46/1225 1341/55/1225
f 1326/35/1226 1339/47/1226 1313/46/1226
f 1326/35/1227 1333/28/1227 1339/47/1227
f 1333/28/1228 1312/44/1228 1339/47/1228
f 1334/34/1 1338/45/1 1312/44/1
f 1334/34/1 1331/6/1 1338/45/1
f 1331/6/1 1311/42/1 1338/45/1
f 1332/33/1 1337/43/1 1311/42/1
f 1332/33/1 1329/21/1 1337/43/1
f 1329/21/1 1310/52/1 1337/43/1
f 1330/32/1 1336/40/1 1310/39/1
f 1330/32/1 1327/18/1 1336/40/1
f 1327/18/1229 1309/36/1229 1336/40/1229
f 1328/31/1230 1335/37/1230 1309/36/1230
f 1328/31/1231 1325/30/1231 1335/37/1231
f 1325/30/1232 1313/46/1232 1335/37/1232
f 1333/28/1233 1334/34/1233 1312/44/1233
f 1333/28/1234 1324/27/1234 1334/34/1234
f 1324/27/1 1307/7/1 1334/34/1
f 1331/6/1 1332/33/1 1311/42/1
f 1318/56/1235 1325/30/1235 1304/29/1235 1316/57/1235
f 1329/21/1 1330/58/1 1310/52/1
f 1329/21/1 1321/20/1 1330/58/1
f 1321/20/1 1305/59/1 1330/58/1
f 1327/18/1236 1328/31/1236 1309/36/1236
f 1327/18/1237 1317/17/1237 1328/31/1237
f 1317/17/1238 1304/29/1238 1328/31/1238
f 1325/30/1239 1326/35/1239 1313/46/1239
f 1325/30/1240 1318/56/1240 1326/35/1240
f 1323/5/1 1306/19/1 1332/33/1 1331/6/1
f 1319/15/1241 1324/27/1241 1308/26/1241
f 1319/15/1 1322/14/1 1324/27/1
f 1322/14/1 1307/7/1 1324/27/1
f 1322/4/1 1320/12/1 1323/5/1
f 1320/12/1 1306/19/1 1323/5/1
f 1320/10/1 1321/20/1 1306/19/1
f 1320/10/1 1315/9/1 1321/20/1
f 1315/9/1 1305/59/1 1321/20/1
f 1318/56/1242 1316/57/1242 1319/60/1242
f 1316/57/1 1303/61/1 1319/60/1
f 1315/3/1 1317/17/1 1305/16/1
f 1315/3/1 1316/2/1 1317/17/1
f 1316/2/1243 1304/29/1243 1317/17/1243
f 1318/56/1244 1319/60/1244 1308/26/1244 1326/35/1244
f 1345/1/1 1358/2/1 1357/3/1
f 1364/4/1 1365/5/1 1373/6/1 1349/7/1
f 1345/8/1 1357/9/1 1362/10/1
f 1345/11/1 1362/12/1 1364/4/1
f 1345/13/1 1364/14/1 1361/15/1
f 1347/16/1 1359/17/1 1369/18/1
f 1348/19/1 1363/20/1 1371/21/1
f 1385/22/1245 1384/23/1245 1356/24/1245 1386/25/1245
f 1350/26/1246 1366/27/1246 1375/28/1246
f 1346/29/1247 1367/30/1247 1370/31/1247
f 1347/16/1 1369/18/1 1372/32/1
f 1348/19/1 1371/21/1 1374/33/1
f 1349/7/1 1373/6/1 1376/34/1
f 1350/26/1248 1375/28/1248 1368/35/1248
f 1351/36/1249 1377/37/1249 1382/38/1249
f 1352/39/1 1378/40/1 1384/41/1
f 1353/42/1 1379/43/1 1385/22/1
f 1354/44/1250 1380/45/1250 1386/25/1250
f 1355/46/1251 1381/47/1251 1383/48/1251
f 1383/48/1252 1381/47/1252 1386/49/1252
f 1381/47/1253 1354/44/1253 1386/49/1253
f 1382/38/1254 1383/48/1254 1386/49/1254 1356/50/1254
f 1386/25/1255 1380/45/1255 1385/51/1255
f 1380/45/13 1353/42/13 1385/51/13
f 1385/22/1 1379/43/1 1384/23/1
f 1379/43/1 1352/52/1 1384/23/1
f 1384/41/1256 1382/53/1256 1356/54/1256
f 1384/41/1257 1378/40/1257 1382/53/1257
f 1378/40/1258 1351/36/1258 1382/53/1258
f 1382/38/1259 1377/37/1259 1383/55/1259
f 1377/37/1260 1355/46/1260 1383/55/1260
f 1368/35/1261 1381/47/1261 1355/46/1261
f 1368/35/1262 1375/28/1262 1381/47/1262
f 1375/28/1263 1354/44/1263 1381/47/1263
f 1376/34/1 1380/45/1 1354/44/1
f 1376/34/1 1373/6/1 1380/45/1
f 1373/6/1 1353/42/1 1380/45/1
f 1374/33/1 1379/43/1 1353/42/1
f 1374/33/1 1371/21/1 1379/43/1
f 1371/21/1 1352/52/1 1379/43/1
f 1372/32/1 1378/40/1 1352/39/1
f 1372/32/1 1369/18/1 1378/40/1
f 1369/18/1264 1351/36/1264 1378/40/1264
f 1370/31/1265 1377/37/1265 1351/36/1265
f 1370/31/1266 1367/30/1266 1377/37/1266
f 1367/30/1267 1355/46/1267 1377/37/1267
f 1375/28/1268 1376/34/1268 1354/44/1268
f 1375/28/1269 1366/27/1269 1376/34/1269
f 1366/27/1 1349/7/1 1376/34/1
f 1373/6/1 1374/33/1 1353/42/1
f 1360/56/1270 1367/30/1270 1346/29/1270 1358/57/1270
f 1371/21/1 1372/58/1 1352/52/1
f 1371/21/1 1363/20/1 1372/58/1
f 1363/20/1 1347/59/1 1372/58/1
f 1369/18/1271 1370/31/1271 1351/36/1271
f 1369/18/1272 1359/17/1272 1370/31/1272
f 1359/17/1273 1346/29/1273 1370/31/1273
f 1367/30/1274 1368/35/1274 1355/46/1274
f 1367/30/1275 1360/56/1275 1368/35/1275
f 1365/5/1 1348/19/1 1374/33/1 1373/6/1
f 1361/15/1276 1366/27/1276 1350/26/1276
f 1361/15/1 1364/14/1 1366/27/1
f 1364/14/1 1349/7/1 1366/27/1
f 1364/4/1 1362/12/1 1365/5/1
f 1362/12/1 1348/19/1 1365/5/1
f 1362/10/1 1363/20/1 1348/19/1
f 1362/10/1 1357/9/1 1363/20/1
f 1357/9/1 1347/59/1 1363/20/1
f 1360/56/1277 1358/57/1277 1361/60/1277
f 1358/57/1 1345/61/1 1361/60/1
f 1357/3/1 1359/17/1 1347/16/1
f 1357/3/1 1358/2/1 1359/17/1
f 1358/2/1278 1346/29/1278 1359/17/1278
f 1360/56/1279 1361/60/1279 1350/26/1279 1368/35/1279
f 1387/1/1 1400/2/1 1399/3/1
f 1406/4/1 1407/5/1 1415/6/1 1391/7/1
f 1387/8/1 1399/9/1 1404/10/1
f 1387/11/1 1404/12/1 1406/4/1
f 1387/13/1 1406/14/1 1403/15/1
f 1389/16/1 1401/17/1 1411/18/1
f 1390/19/1 1405/20/1 1413/21/1
f 1427/22/1245 1426/23/1245 1398/24/1245 1428/25/1245
f 1392/26/1246 1408/27/1246 1417/28/1246
f 1388/29/1247 1409/30/1247 1412/31/1247
f 1389/16/1 1411/18/1 1414/32/1
f 1390/19/1 1413/21/1 1416/33/1
f 1391/7/1 1415/6/1 1418/34/1
f 1392/26/1248 1417/28/1248 1410/35/1248
f 1393/36/1249 1419/37/1249 1424/38/1249
f 1394/39/1 1420/40/1 1426/41/1
f 1395/42/1 1421/43/1 1427/22/1
f 1396/44/1250 1422/45/1250 1428/25/1250
f 1397/46/1251 1423/47/1251 1425/48/1251
f 1425/48/1252 1423/47/1252 1428/49/1252
f 1423/47/1253 1396/44/1253 1428/49/1253
f 1424/38/1280 1425/48/1280 1428/49/1280 1398/50/1280
f 1428/25/1255 1422/45/1255 1427/51/1255
f 1422/45/13 1395/42/13 1427/51/13
f 1427/22/1 1421/43/1 1426/23/1
f 1421/43/1 1394/52/1 1426/23/1
f 1426/41/1256 1424/53/1256 1398/54/1256
f 1426/41/1281 1420/40/1281 1424/53/1281
f 1420/40/1258 1393/36/1258 1424/53/1258
f 1424/38/1259 1419/37/1259 1425/55/1259
f 1419/37/1260 1397/46/1260 1425/55/1260
f 1410/35/1261 1423/47/1261 1397/46/1261
f 1410/35/1262 1417/28/1262 1423/47/1262
f 1417/28/1263 1396/44/1263 1423/47/1263
f 1418/34/1 1422/45/1 1396/44/1
f 1418/34/1 1415/6/1 1422/45/1
f 1415/6/1 1395/42/1 1422/45/1
f 1416/33/1 1421/43/1 1395/42/1
f 1416/33/1 1413/21/1 1421/43/1
f 1413/21/1 1394/52/1 1421/43/1
f 1414/32/1 1420/40/1 1394/39/1
f 1414/32/1 1411/18/1 1420/40/1
f 1411/18/1264 1393/36/1264 1420/40/1264
f 1412/31/1265 1419/37/1265 1393/36/1265
f 1412/31/1266 1409/30/1266 1419/37/1266
f 1409/30/1267 1397/46/1267 1419/37/1267
f 1417/28/1268 1418/34/1268 1396/44/1268
f 1417/28/1282 1408/27/1282 1418/34/1282
f 1408/27/1 1391/7/1 1418/34/1
f 1415/6/1 1416/33/1 1395/42/1
f 1402/56/1283 1409/30/1283 1388/29/1283 1400/57/1283
f 1413/21/1 1414/58/1 1394/52/1
f 1413/21/1 1405/20/1 1414/58/1
f 1405/20/1 1389/59/1 1414/58/1
f 1411/18/1271 1412/31/1271 1393/36/1271
f 1411/18/1272 1401/17/1272 1412/31/1272
f 1401/17/1273 1388/29/1273 1412/31/1273
f 1409/30/1274 1410/35/1274 1397/46/1274
f 1409/30/1275 1402/56/1275 1410/35/1275
f 1407/5/1 1390/19/1 1416/33/1 1415/6/1
f 1403/15/1276 1408/27/1276 1392/26/1276
f 1403/15/1 1406/14/1 1408/27/1
f 1406/14/1 1391/7/1 1408/27/1
f 1406/4/1 1404/12/1 1407/5/1
f 1404/12/1 1390/19/1 1407/5/1
f 1404/10/1 1405/20/1 1390/19/1
f 1404/10/1 1399/9/1 1405/20/1
f 1399/9/1 1389/59/1 1405/20/1
f 1402/56/1277 1400/57/1277 1403/60/1277
f 1400/57/1 1387/61/1 1403/60/1
f 1399/3/1 1401/17/1 1389/16/1
f 1399/3/1 1400/2/1 1401/17/1
f 1400/2/1278 1388/29/1278 1401/17/1278
f 1402/56/1279 1403/60/1279 1392/26/1279 1410/35/1279
f 1429/1/1 1442/2/1 1441/3/1
f 1448/4/1 1449/5/1 1457/6/1 1433/7/1
f 1429/8/1 1441/9/1 1446/10/1
f 1429/11/1 1446/12/1 1448/4/1
f 1429/13/1 1448/14/1 1445/15/1
f 1431/16/1 1443/17/1 1453/18/1
f 1432/19/1 1447/20/1 1455/21/1
f 1469/22/1245 1468/23/1245 1440/24/1245 1470/25/1245
f 1434/26/1284 1450/27/1284 1459/28/1284
f 1430/29/1247 1451/30/1247 1454/31/1247
f 1431/16/1 1453/18/1 1456/32/1
f 1432/19/1 1455/21/1 1458/33/1
f 1433/7/1 1457/6/1 1460/34/1
f 1434/26/1285 1459/28/1285 1452/35/1285
f 1435/36/1249 1461/37/1249 1466/38/1249
f 1436/39/1 1462/40/1 1468/41/1
f 1437/42/1 1463/43/1 1469/22/1
f 1438/44/1250 1464/45/1250 1470/25/1250
f 1439/46/1251 1465/47/1251 1467/48/1251
f 1467/48/1252 1465/47/1252 1470/49/1252
f 1465/47/1286 1438/44/1286 1470/49/1286
f 1466/38/1280 1467/48/1280 1470/49/1280 1440/50/1280
f 1470/25/1255 1464/45/1255 1469/51/1255
f 1464/45/13 1437/42/13 1469/51/13
f 1469/22/1 1463/43/1 1468/23/1
f 1463/43/1 1436/52/1 1468/23/1
f 1468/41/1256 1466/53/1256 1440/54/1256
f 1468/41/1281 1462/40/1281 1466/53/1281
f 1462/40/1258 1435/36/1258 1466/53/1258
f 1466/38/1259 1461/37/1259 1467/55/1259
f 1461/37/1260 1439/46/1260 1467/55/1260
f 1452/35/1261 1465/47/1261 1439/46/1261
f 1452/35/1262 1459/28/1262 1465/47/1262
f 1459/28/1263 1438/44/1263 1465/47/1263
f 1460/34/1 1464/45/1 1438/44/1
f 1460/34/1 1457/6/1 1464/45/1
f 1457/6/1 1437/42/1 1464/45/1
f 1458/33/1 1463/43/1 1437/42/1
f 1458/33/1 1455/21/1 1463/43/1
f 1455/21/1 1436/52/1 1463/43/1
f 1456/32/1 1462/40/1 1436/39/1
f 1456/32/1 1453/18/1 1462/40/1
f 1453/18/1264 1435/36/1264 1462/40/1264
f 1454/31/1265 1461/37/1265 1435/36/1265
f 1454/31/1266 1451/30/1266 1461/37/1266
f 1451/30/1267 1439/46/1267 1461/37/1267
f 1459/28/1268 1460/34/1268 1438/44/1268
f 1459/28/1269 1450/27/1269 1460/34/1269
f 1450/27/1 1433/7/1 1460/34/1
f 1457/6/1 1458/33/1 1437/42/1
f 1444/56/1283 1451/30/1283 1430/29/1283 1442/57/1283
f 1455/21/1 1456/58/1 1436/52/1
f 1455/21/1 1447/20/1 1456/58/1
f 1447/20/1 1431/59/1 1456/58/1
f 1453/18/1287 1454/31/1287 1435/36/1287
f 1453/18/1272 1443/17/1272 1454/31/1272
f 1443/17/1273 1430/29/1273 1454/31/1273
f 1451/30/1274 1452/35/1274 1439/46/1274
f 1451/30/1275 1444/56/1275 1452/35/1275
f 1449/5/1 1432/19/1 1458/33/1 1457/6/1
f 1445/15/1276 1450/27/1276 1434/26/1276
f 1445/15/1 1448/14/1 1450/27/1
f 1448/14/1 1433/7/1 1450/27/1
f 1448/4/1 1446/12/1 1449/5/1
f 1446/12/1 1432/19/1 1449/5/1
f 1446/10/1 1447/20/1 1432/19/1
f 1446/10/1 1441/9/1 1447/20/1
f 1441/9/1 1431/59/1 1447/20/1
f 1444/56/1277 1442/57/1277 1445/60/1277
f 1442/57/1 1429/61/1 1445/60/1
f 1441/3/1 1443/17/1 1431/16/1
f 1441/3/1 1442/2/1 1443/17/1
f 1442/2/1278 1430/29/1278 1443/17/1278
f 1444/56/1279 1445/60/1279 1434/26/1279 1452/35/1279
f 1471/1/1 1484/2/1 1483/3/1
f 1490/4/1 1491/5/1 1499/6/1 1475/7/1
f 1471/8/1 1483/9/1 1488/10/1
f 1471/11/1 1488/12/1 1490/4/1
f 1471/13/1 1490/14/1 1487/15/1
f 1473/16/1 1485/17/1 1495/18/1
f 1474/19/1 1489/20/1 1497/21/1
f 1511/22/1245 1510/23/1245 1482/24/1245 1512/25/1245
f 1476/26/1246 1492/27/1246 1501/28/1246
f 1472/29/1247 1493/30/1247 1496/31/1247
f 1473/16/1 1495/18/1 1498/32/1
f 1474/19/1 1497/21/1 1500/33/1
f 1475/7/1 1499/6/1 1502/34/1
f 1476/26/1248 1501/28/1248 1494/35/1248
f 1477/36/1249 1503/37/1249 1508/38/1249
f 1478/39/1 1504/40/1 1510/41/1
f 1479/42/1 1505/43/1 1511/22/1
f 1480/44/1250 1506/45/1250 1512/25/1250
f 1481/46/1251 1507/47/1251 1509/48/1251
f 1509/48/1252 1507/47/1252 1512/49/1252
f 1507/47/1253 1480/44/1253 1512/49/1253
f 1508/38/1280 1509/48/1280 1512/49/1280 1482/50/1280
f 1512/25/1255 1506/45/1255 1511/51/1255
f 1506/45/13 1479/42/13 1511/51/13
f 1511/22/1 1505/43/1 1510/23/1
f 1505/43/1 1478/52/1 1510/23/1
f 1510/41/1256 1508/53/1256 1482/54/1256
f 1510/41/1257 1504/40/1257 1508/53/1257
f 1504/40/1258 1477/36/1258 1508/53/1258
f 1508/38/1259 1503/37/1259 1509/55/1259
f 1503/37/1260 1481/46/1260 1509/55/1260
f 1494/35/1261 1507/47/1261 1481/46/1261
f 1494/35/1262 1501/28/1262 1507/47/1262
f 1501/28/1263 1480/44/1263 1507/47/1263
f 1502/34/1 1506/45/1 1480/44/1
f 1502/34/1 1499/6/1 1506/45/1
f 1499/6/1 1479/42/1 1506/45/1
f 1500/33/1 1505/43/1 1479/42/1
f 1500/33/1 1497/21/1 1505/43/1
f 1497/21/1 1478/52/1 1505/43/1
f 1498/32/1 1504/40/1 1478/39/1
f 1498/32/1 1495/18/1 1504/40/1
f 1495/18/1264 1477/36/1264 1504/40/1264
f 1496/31/1265 1503/37/1265 1477/36/1265
f 1496/31/1266 1493/30/1266 1503/37/1266
f 1493/30/1267 1481/46/1267 1503/37/1267
f 1501/28/1268 1502/34/1268 1480/44/1268
f 1501/28/1269 1492/27/1269 1502/34/1269
f 1492/27/1 1475/7/1 1502/34/1
f 1499/6/1 1500/33/1 1479/42/1
f 1486/56/1283 1493/30/1283 1472/29/1283 1484/57/1283
f 1497/21/1 1498/58/1 1478/52/1
f 1497/21/1 1489/20/1 1498/58/1
f 1489/20/1 1473/59/1 1498/58/1
f 1495/18/1287 1496/31/1287 1477/36/1287
f 1495/18/1272 1485/17/1272 1496/31/1272
f 1485/17/1273 1472/29/1273 1496/31/1273
f 1493/30/1274 1494/35/1274 1481/46/1274
f 1493/30/1275 1486/56/1275 1494/35/1275
f 1491/5/1 1474/19/1 1500/33/1 1499/6/1
f 1487/15/1276 1492/27/1276 1476/26/1276
f 1487/15/1 1490/14/1 1492/27/1
f 1490/14/1 1475/7/1 1492/27/1
f 1490/4/1 1488/12/1 1491/5/1
f 1488/12/1 1474/19/1 1491/5/1
f 1488/10/1 1489/20/1 1474/19/1
f 1488/10/1 1483/9/1 1489/20/1
f 1483/9/1 1473/59/1 1489/20/1
f 1486/56/1277 1484/57/1277 1487/60/1277
f 1484/57/1 1471/61/1 1487/60/1
f 1483/3/1 1485/17/1 1473/16/1
f 1483/3/1 1484/2/1 1485/17/1
f 1484/2/1278 1472/29/1278 1485/17/1278
f 1486/56/1279 1487/60/1279 1476/26/1279 1494/35/1279
f 1513/1/1 1526/2/1 1525/3/1
f 1532/4/1 1533/5/1 1541/6/1 1517/7/1
f 1513/8/1 1525/9/1 1530/10/1
f 1513/11/1 1530/12/1 1532/4/1
f 1513/13/1 1532/14/1 1529/15/1
f 1515/16/1 1527/17/1 1537/18/1
f 1516/19/1 1531/20/1 1539/21/1
f 1553/22/1245 1552/23/1245 1524/24/1245 1554/25/1245
f 1518/26/1284 1534/27/1284 1543/28/1284
f 1514/29/1247 1535/30/1247 1538/31/1247
f 1515/16/1 1537/18/1 1540/32/1
f 1516/19/1 1539/21/1 1542/33/1
f 1517/7/1 1541/6/1 1544/34/1
f 1518/26/1288 1543/28/1288 1536/35/1288
f 1519/36/1249 1545/37/1249 1550/38/1249
f 1520/39/1 1546/40/1 1552/41/1
f 1521/42/1 1547/43/1 1553/22/1
f 1522/44/1250 1548/45/1250 1554/25/1250
f 1523/46/1251 1549/47/1251 1551/48/1251
f 1551/48/1252 1549/47/1252 1554/49/1252
f 1549/47/1289 1522/44/1289 1554/49/1289
f 1550/38/1280 1551/48/1280 1554/49/1280 1524/50/1280
f 1554/25/1255 1548/45/1255 1553/51/1255
f 1548/45/13 1521/42/13 1553/51/13
f 1553/22/1 1547/43/1 1552/23/1
f 1547/43/1 1520/52/1 1552/23/1
f 1552/41/1256 1550/53/1256 1524/54/1256
f 1552/41/1281 1546/40/1281 1550/53/1281
f 1546/40/1258 1519/36/1258 1550/53/1258
f 1550/38/1259 1545/37/1259 1551/55/1259
f 1545/37/1260 1523/46/1260 1551/55/1260
f 1536/35/1261 1549/47/1261 1523/46/1261
f 1536/35/1290 1543/28/1290 1549/47/1290
f 1543/28/1263 1522/44/1263 1549/47/1263
f 1544/34/1 1548/45/1 1522/44/1
f 1544/34/1 1541/6/1 1548/45/1
f 1541/6/1 1521/42/1 1548/45/1
f 1542/33/1 1547/43/1 1521/42/1
f 1542/33/1 1539/21/1 1547/43/1
f 1539/21/1 1520/52/1 1547/43/1
f 1540/32/1 1546/40/1 1520/39/1
f 1540/32/1 1537/18/1 1546/40/1
f 1537/18/1264 1519/36/1264 1546/40/1264
f 1538/31/1265 1545/37/1265 1519/36/1265
f 1538/31/1266 1535/30/1266 1545/37/1266
f 1535/30/1267 1523/46/1267 1545/37/1267
f 1543/28/1268 1544/34/1268 1522/44/1268
f 1543/28/1269 1534/27/1269 1544/34/1269
f 1534/27/1 1517/7/1 1544/34/1
f 1541/6/1 1542/33/1 1521/42/1
f 1528/56/1283 1535/30/1283 1514/29/1283 1526/57/1283
f 1539/21/1 1540/58/1 1520/52/1
f 1539/21/1 1531/20/1 1540/58/1
f 1531/20/1 1515/59/1 1540/58/1
f 1537/18/1291 1538/31/1291 1519/36/1291
f 1537/18/1272 1527/17/1272 1538/31/1272
f 1527/17/1273 1514/29/1273 1538/31/1273
f 1535/30/1274 1536/35/1274 1523/46/1274
f 1535/30/1275 1528/56/1275 1536/35/1275
f 1533/5/1 1516/19/1 1542/33/1 1541/6/1
f 1529/15/1276 1534/27/1276 1518/26/1276
f 1529/15/1 1532/14/1 1534/27/1
f 1532/14/1 1517/7/1 1534/27/1
f 1532/4/1 1530/12/1 1533/5/1
f 1530/12/1 1516/19/1 1533/5/1
f 1530/10/1 1531/20/1 1516/19/1
f 1530/10/1 1525/9/1 1531/20/1
f 1525/9/1 1515/59/1 1531/20/1
f 1528/56/1277 1526/57/1277 1529/60/1277
f 1526/57/1 1513/61/1 1529/60/1
f 1525/3/1 1527/17/1 1515/16/1
f 1525/3/1 1526/2/1 1527/17/1
f 1526/2/1278 1514/29/1278 1527/17/1278
f 1528/56/1279 1529/60/1279 1518/26/1279 1536/35/1279
f 1555/1/1 1568/2/1 1567/3/1
f 1574/4/1 1575/5/1 1583/6/1 1559/7/1
f 1555/8/1 1567/9/1 1572/10/1
f 1555/11/1 1572/12/1 1574/4/1
f 1555/13/1 1574/14/1 1571/15/1
f 1557/16/1 1569/17/1 1579/18/1
f 1558/19/1 1573/20/1 1581/21/1
f 1595/22/1292 1594/23/1292 1566/24/1292 1596/25/1292
f 1560/26/1293 1576/27/1293 1585/28/1293
f 1556/29/1294 1577/30/1294 1580/31/1294
f 1557/16/1 1579/18/1 1582/32/1
f 1558/19/1 1581/21/1 1584/33/1
f 1559/7/1 1583/6/1 1586/34/1
f 1560/26/1295 1585/28/1295 1578/35/1295
f 1561/36/1296 1587/37/1296 1592/38/1296
f 1562/39/1 1588/40/1 1594/41/1
f 1563/42/1 1589/43/1 1595/22/1
f 1564/44/1297 1590/45/1297 1596/25/1297
f 1565/46/1298 1591/47/1298 1593/48/1298
f 1593/48/1299 1591/47/1299 1596/49/1299
f 1591/47/1300 1564/44/1300 1596/49/1300
f 1592/38/1301 1593/48/1301 1596/49/1301 1566/50/1301
f 1596/25/1302 1590/45/1302 1595/51/1302
f 1590/45/13 1563/42/13 1595/51/13
f 1595/22/1 1589/43/1 1594/23/1
f 1589/43/1 1562/52/1 1594/23/1
f 1594/41/1303 1592/53/1303 1566/54/1303
f 1594/41/1304 1588/40/1304 1592/53/1304
f 1588/40/1305 1561/36/1305 1592/53/1305
f 1592/38/1306 1587/37/1306 1593/55/1306
f 1587/37/1307 1565/46/1307 1593/55/1307
f 1578/35/1308 1591/47/1308 1565/46/1308
f 1578/35/1309 1585/28/1309 1591/47/1309
f 1585/28/1310 1564/44/1310 1591/47/1310
f 1586/34/1 1590/45/1 1564/44/1
f 1586/34/1 1583/6/1 1590/45/1
f 1583/6/1 1563/42/1 1590/45/1
f 1584/33/1 1589/43/1 1563/42/1
f 1584/33/1 1581/21/1 1589/43/1
f 1581/21/1 1562/52/1 1589/43/1
f 1582/32/1 1588/40/1 1562/39/1
f 1582/32/1 1579/18/1 1588/40/1
f 1579/18/1311 1561/36/1311 1588/40/1311
f 1580/31/1312 1587/37/1312 1561/36/1312
f 1580/31/1313 1577/30/1313 1587/37/1313
f 1577/30/1314 1565/46/1314 1587/37/1314
f 1585/28/1315 1586/34/1315 1564/44/1315
f 1585/28/1316 1576/27/1316 1586/34/1316
f 1576/27/1 1559/7/1 1586/34/1
f 1583/6/1 1584/33/1 1563/42/1
f 1570/56/1317 1577/30/1317 1556/29/1317 1568/57/1317
f 1581/21/1 1582/58/1 1562/52/1
f 1581/21/1 1573/20/1 1582/58/1
f 1573/20/1 1557/59/1 1582/58/1
f 1579/18/1318 1580/31/1318 1561/36/1318
f 1579/18/1319 1569/17/1319 1580/31/1319
f 1569/17/1320 1556/29/1320 1580/31/1320
f 1577/30/1321 1578/35/1321 1565/46/1321
f 1577/30/1322 1570/56/1322 1578/35/1322
f 1575/5/1 1558/19/1 1584/33/1 1583/6/1
f 1571/15/1323 1576/27/1323 1560/26/1323
f 1571/15/1 1574/14/1 1576/27/1
f 1574/14/1 1559/7/1 1576/27/1
f 1574/4/1 1572/12/1 1575/5/1
f 1572/12/1 1558/19/1 1575/5/1
f 1572/10/1 1573/20/1 1558/19/1
f 1572/10/1 1567/9/1 1573/20/1
f 1567/9/1 1557/59/1 1573/20/1
f 1570/56/1324 1568/57/1324 1571/60/1324
f 1568/57/1 1555/61/1 1571/60/1
f 1567/3/1 1569/17/1 1557/16/1
f 1567/3/1 1568/2/1 1569/17/1
f 1568/2/1325 1556/29/1325 1569/17/1325
f 1570/56/1326 1571/60/1326 1560/26/1326 1578/35/1326
f 1597/1/1 1610/2/1 1609/3/1
f 1616/4/1 1617/5/1 1625/6/1 1601/7/1
f 1597/8/1 1609/9/1 1614/10/1
f 1597/11/1 1614/12/1 1616/4/1
f 1597/13/1 1616/14/1 1613/15/1
f 1599/16/1 1611/17/1 1621/18/1
f 1600/19/1 1615/20/1 1623/21/1
f 1637/22/1292 1636/23/1292 1608/24/1292 1638/25/1292
f 1602/26/1293 1618/27/1293 1627/28/1293
f 1598/29/1294 1619/30/1294 1622/31/1294
f 1599/16/1 1621/18/1 1624/32/1
f 1600/19/1 1623/21/1 1626/33/1
f 1601/7/1 1625/6/1 1628/34/1
f 1602/26/1295 1627/28/1295 1620/35/1295
f 1603/36/1296 1629/37/1296 1634/38/1296
f 1604/39/1 1630/40/1 1636/41/1
f 1605/42/1 1631/43/1 1637/22/1
f 1606/44/1327 1632/45/1327 1638/25/1327
f 1607/46/1298 1633/47/1298 1635/48/1298
f 1635/48/1299 1633/47/1299 1638/49/1299
f 1633/47/1328 1606/44/1328 1638/49/1328
f 1634/38/1301 1635/48/1301 1638/49/1301 1608/50/1301
f 1638/25/1302 1632/45/1302 1637/51/1302
f 1632/45/13 1605/42/13 1637/51/13
f 1637/22/1 1631/43/1 1636/23/1
f 1631/43/1 1604/52/1 1636/23/1
f 1636/41/1303 1634/53/1303 1608/54/1303
f 1636/41/1304 1630/40/1304 1634/53/1304
f 1630/40/1305 1603/36/1305 1634/53/1305
f 1634/38/1329 1629/37/1329 1635/55/1329
f 1629/37/1307 1607/46/1307 1635/55/1307
f 1620/35/1308 1633/47/1308 1607/46/1308
f 1620/35/1309 1627/28/1309 1633/47/1309
f 1627/28/1310 1606/44/1310 1633/47/1310
f 1628/34/1 1632/45/1 1606/44/1
f 1628/34/1 1625/6/1 1632/45/1
f 1625/6/1 1605/42/1 1632/45/1
f 1626/33/1 1631/43/1 1605/42/1
f 1626/33/1 1623/21/1 1631/43/1
f 1623/21/1 1604/52/1 1631/43/1
f 1624/32/1 1630/40/1 1604/39/1
f 1624/32/1 1621/18/1 1630/40/1
f 1621/18/1311 1603/36/1311 1630/40/1311
f 1622/31/1330 1629/37/1330 1603/36/1330
f 1622/31/1313 1619/30/1313 1629/37/1313
f 1619/30/1314 1607/46/1314 1629/37/1314
f 1627/28/1315 1628/34/1315 1606/44/1315
f 1627/28/1316 1618/27/1316 1628/34/1316
f 1618/27/1 1601/7/1 1628/34/1
f 1625/6/1 1626/33/1 1605/42/1
f 1612/56/1317 1619/30/1317 1598/29/1317 1610/57/1317
f 1623/21/1 1624/58/1 1604/52/1
f 1623/21/1 1615/20/1 1624/58/1
f 1615/20/1 1599/59/1 1624/58/1
f 1621/18/1331 1622/31/1331 1603/36/1331
f 1621/18/1319 1611/17/1319 1622/31/1319
f 1611/17/1320 1598/29/1320 1622/31/1320
f 1619/30/1321 1620/35/1321 1607/46/1321
f 1619/30/1322 1612/56/1322 1620/35/1322
f 1617/5/1 1600/19/1 1626/33/1 1625/6/1
f 1613/15/1323 1618/27/1323 1602/26/1323
f 1613/15/1 1616/14/1 1618/27/1
f 1616/14/1 1601/7/1 1618/27/1
f 1616/4/1 1614/12/1 1617/5/1
f 1614/12/1 1600/19/1 1617/5/1
f 1614/10/1 1615/20/1 1600/19/1
f 1614/10/1 1609/9/1 1615/20/1
f 1609/9/1 1599/59/1 1615/20/1
f 1612/56/1324 1610/57/1324 1613/60/1324
f 1610/57/1 1597/61/1 1613/60/1
f 1609/3/1 1611/17/1 1599/16/1
f 1609/3/1 1610/2/1 1611/17/1
f 1610/2/1325 1598/29/1325 1611/17/1325
f 1612/56/1326 1613/60/1326 1602/26/1326 1620/35/1326
f 1639/1/1 1652/2/1 1651/3/1
f 1658/4/1 1659/5/1 1667/6/1 1643/7/1
f 1639/8/1 1651/9/1 1656/10/1
f 1639/11/1 1656/12/1 1658/4/1
f 1639/13/1 1658/14/1 1655/15/1
f 1641/16/1 1653/17/1 1663/18/1
f 1642/19/1 1657/20/1 1665/21/1
f 1679/22/1292 1678/23/1292 1650/24/1292 1680/25/1292
f 1644/26/1332 1660/27/1332 1669/28/1332
f 1640/29/1294 1661/30/1294 1664/31/1294
f 1641/16/1 1663/18/1 1666/32/1
f 1642/19/1 1665/21/1 1668/33/1
f 1643/7/1 1667/6/1 1670/34/1
f 1644/26/1295 1669/28/1295 1662/35/1295
f 1645/36/1296 1671/37/1296 1676/38/1296
f 1646/39/1 1672/40/1 1678/41/1
f 1647/42/1 1673/43/1 1679/22/1
f 1648/44/1297 1674/45/1297 1680/25/1297
f 1649/46/1298 1675/47/1298 1677/48/1298
f 1677/48/1299 1675/47/1299 1680/49/1299
f 1675/47/1300 1648/44/1300 1680/49/1300
f 1676/38/1301 1677/48/1301 1680/49/1301 1650/50/1301
f 1680/25/1302 1674/45/1302 1679/51/1302
f 1674/45/13 1647/42/13 1679/51/13
f 1679/22/1 1673/43/1 1678/23/1
f 1673/43/1 1646/52/1 1678/23/1
f 1678/41/1333 1676/53/1333 1650/54/1333
f 1678/41/1304 1672/40/1304 1676/53/1304
f 1672/40/1305 1645/36/1305 1676/53/1305
f 1676/38/1329 1671/37/1329 1677/55/1329
f 1671/37/1307 1649/46/1307 1677/55/1307
f 1662/35/1308 1675/47/1308 1649/46/1308
f 1662/35/1309 1669/28/1309 1675/47/1309
f 1669/28/1310 1648/44/1310 1675/47/1310
f 1670/34/1 1674/45/1 1648/44/1
f 1670/34/1 1667/6/1 1674/45/1
f 1667/6/1 1647/42/1 1674/45/1
f 1668/33/1 1673/43/1 1647/42/1
f 1668/33/1 1665/21/1 1673/43/1
f 1665/21/1 1646/52/1 1673/43/1
f 1666/32/1 1672/40/1 1646/39/1
f 1666/32/1 1663/18/1 1672/40/1
f 1663/18/1311 1645/36/1311 1672/40/1311
f 1664/31/1312 1671/37/1312 1645/36/1312
f 1664/31/1313 1661/30/1313 1671/37/1313
f 1661/30/1314 1649/46/1314 1671/37/1314
f 1669/28/1315 1670/34/1315 1648/44/1315
f 1669/28/1316 1660/27/1316 1670/34/1316
f 1660/27/1 1643/7/1 1670/34/1
f 1667/6/1 1668/33/1 1647/42/1
f 1654/56/1317 1661/30/1317 1640/29/1317 1652/57/1317
f 1665/21/1 1666/58/1 1646/52/1
f 1665/21/1 1657/20/1 1666/58/1
f 1657/20/1 1641/59/1 1666/58/1
f 1663/18/1334 1664/31/1334 1645/36/1334
f 1663/18/1319 1653/17/1319 1664/31/1319
f 1653/17/1320 1640/29/1320 1664/31/1320
f 1661/30/1321 1662/35/1321 1649/46/1321
f 1661/30/1322 1654/56/1322 1662/35/1322
f 1659/5/1 1642/19/1 1668/33/1 1667/6/1
f 1655/15/1323 1660/27/1323 1644/26/1323
f 1655/15/1 1658/14/1 1660/27/1
f 1658/14/1 1643/7/1 1660/27/1
f 1658/4/1 1656/12/1 1659/5/1
f 1656/12/1 1642/19/1 1659/5/1
f 1656/10/1 1657/20/1 1642/19/1
f 1656/10/1 1651/9/1 1657/20/1
f 1651/9/1 1641/59/1 1657/20/1
f 1654/56/1324 1652/57/1324 1655/60/1324
f 1652/57/1 1639/61/1 1655/60/1
f 1651/3/1 1653/17/1 1641/16/1
f 1651/3/1 1652/2/1 1653/17/1
f 1652/2/1325 1640/29/1325 1653/17/1325
f 1654/56/1326 1655/60/1326 1644/26/1326 1662/35/1326
f 1681/1/1 1694/2/1 1693/3/1
f 1700/4/1 1701/5/1 1709/6/1 1685/7/1
f 1681/8/1 1693/9/1 1698/10/1
f 1681/11/1 1698/12/1 1700/4/1
f 1681/13/1 1700/14/1 1697/15/1
f 1683/16/1 1695/17/1 1705/18/1
f 1684/19/1 1699/20/1 1707/21/1
f 1721/22/1292 1720/23/1292 1692/24/1292 1722/25/1292
f 1686/26/1293 1702/27/1293 1711/28/1293
f 1682/29/1294 1703/30/1294 1706/31/1294
f 1683/16/1 1705/18/1 1708/32/1
f 1684/19/1 1707/21/1 1710/33/1
f 1685/7/1 1709/6/1 1712/34/1
f 1686/26/1295 1711/28/1295 1704/35/1295
f 1687/36/1296 1713/37/1296 1718/38/1296
f 1688/39/1 1714/40/1 1720/41/1
f 1689/42/1 1715/43/1 1721/22/1
f 1690/44/1297 1716/45/1297 1722/25/1297
f 1691/46/1298 1717/47/1298 1719/48/1298
f 1719/48/1299 1717/47/1299 1722/49/1299
f 1717/47/1300 1690/44/1300 1722/49/1300
f 1718/38/1301 1719/48/1301 1722/49/1301 1692/50/1301
f 1722/25/1302 1716/45/1302 1721/51/1302
f 1716/45/13 1689/42/13 1721/51/13
f 1721/22/1 1715/43/1 1720/23/1
f 1715/43/1 1688/52/1 1720/23/1
f 1720/41/1303 1718/53/1303 1692/54/1303
f 1720/41/1304 1714/40/1304 1718/53/1304
f 1714/40/1305 1687/36/1305 1718/53/1305
f 1718/38/1306 1713/37/1306 1719/55/1306
f 1713/37/1307 1691/46/1307 1719/55/1307
f 1704/35/1308 1717/47/1308 1691/46/1308
f 1704/35/1309 1711/28/1309 1717/47/1309
f 1711/28/1310 1690/44/1310 1717/47/1310
f 1712/34/1 1716/45/1 1690/44/1
f 1712/34/1 1709/6/1 1716/45/1
f 1709/6/1 1689/42/1 1716/45/1
f 1710/33/1 1715/43/1 1689/42/1
f 1710/33/1 1707/21/1 1715/43/1
f 1707/21/1 1688/52/1 1715/43/1
f 1708/32/1 1714/40/1 1688/39/1
f 1708/32/1 1705/18/1 1714/40/1
f 1705/18/1311 1687/36/1311 1714/40/1311
f 1706/31/1312 1713/37/1312 1687/36/1312
f 1706/31/1313 1703/30/1313 1713/37/1313
f 1703/30/1314 1691/46/1314 1713/37/1314
f 1711/28/1315 1712/34/1315 1690/44/1315
f 1711/28/1316 1702/27/1316 1712/34/1316
f 1702/27/1 1685/7/1 1712/34/1
f 1709/6/1 1710/33/1 1689/42/1
f 1696/56/1317 1703/30/1317 1682/29/1317 1694/57/1317
f 1707/21/1 1708/58/1 1688/52/1
f 1707/21/1 1699/20/1 1708/58/1
f 1699/20/1 1683/59/1 1708/58/1
f 1705/18/1318 1706/31/1318 1687/36/1318
f 1705/18/1319 1695/17/1319 1706/31/1319
f 1695/17/1320 1682/29/1320 1706/31/1320
f 1703/30/1321 1704/35/1321 1691/46/1321
f 1703/30/1322 1696/56/1322 1704/35/1322
f 1701/5/1 1684/19/1 1710/33/1 1709/6/1
f 1697/15/1323 1702/27/1323 1686/26/1323
f 1697/15/1 1700/14/1 1702/27/1
f 1700/14/1 1685/7/1 1702/27/1
f 1700/4/1 1698/12/1 1701/5/1
f 1698/12/1 1684/19/1 1701/5/1
f 1698/10/1 1699/20/1 1684/19/1
f 1698/10/1 1693/9/1 1699/20/1
f 1693/9/1 1683/59/1 1699/20/1
f 1696/56/1324 1694/57/1324 1697/60/1324
f 1694/57/1 1681/61/1 1697/60/1
f 1693/3/1 1695/17/1 1683/16/1
f 1693/3/1 1694/2/1 1695/17/1
f 1694/2/1325 1682/29/1325 1695/17/1325
f 1696/56/1326 1697/60/1326 1686/26/1326 1704/35/1326
f 1723/1/1 1736/2/1 1735/3/1
f 1742/4/1 1743/5/1 1751/6/1 1727/7/1
f 1723/8/1 1735/9/1 1740/10/1
f 1723/11/1 1740/12/1 1742/4/1
f 1723/13/1 1742/14/1 1739/15/1
f 1725/16/1 1737/17/1 1747/18/1
f 1726/19/1 1741/20/1 1749/21/1
f 1763/22/1292 1762/23/1292 1734/24/1292 1764/25/1292
f 1728/26/1332 1744/27/1332 1753/28/1332
f 1724/29/1294 1745/30/1294 1748/31/1294
f 1725/16/1 1747/18/1 1750/32/1
f 1726/19/1 1749/21/1 1752/33/1
f 1727/7/1 1751/6/1 1754/34/1
f 1728/26/1295 1753/28/1295 1746/35/1295
f 1729/36/1296 1755/37/1296 1760/38/1296
f 1730/39/1 1756/40/1 1762/41/1
f 1731/42/1 1757/43/1 1763/22/1
f 1732/44/1327 1758/45/1327 1764/25/1327
f 1733/46/1298 1759/47/1298 1761/48/1298
f 1761/48/1299 1759/47/1299 1764/49/1299
f 1759/47/1300 1732/44/1300 1764/49/1300
f 1760/38/1335 1761/48/1335 1764/49/1335 1734/50/1335
f 1764/25/1302 1758/45/1302 1763/51/1302
f 1758/45/13 1731/42/13 1763/51/13
f 1763/22/1 1757/43/1 1762/23/1
f 1757/43/1 1730/52/1 1762/23/1
f 1762/41/1333 1760/53/1333 1734/54/1333
f 1762/41/1304 1756/40/1304 1760/53/1304
f 1756/40/1305 1729/36/1305 1760/53/1305
f 1760/38/1329 1755/37/1329 1761/55/1329
f 1755/37/1307 1733/46/1307 1761/55/1307
f 1746/35/1308 1759/47/1308 1733/46/1308
f 1746/35/1309 1753/28/1309 1759/47/1309
f 1753/28/1310 1732/44/1310 1759/47/1310
f 1754/34/1 1758/45/1 1732/44/1
f 1754/34/1 1751/6/1 1758/45/1
f 1751/6/1 1731/42/1 1758/45/1
f 1752/33/1 1757/43/1 1731/42/1
f 1752/33/1 1749/21/1 1757/43/1
f 1749/21/1 1730/52/1 1757/43/1
f 1750/32/1 1756/40/1 1730/39/1
f 1750/32/1 1747/18/1 1756/40/1
f 1747/18/1311 1729/36/1311 1756/40/1311
f 1748/31/1312 1755/37/1312 1729/36/1312
f 1748/31/1313 1745/30/1313 1755/37/1313
f 1745/30/1314 1733/46/1314 1755/37/1314
f 1753/28/1315 1754/34/1315 1732/44/1315
f 1753/28/1316 1744/27/1316 1754/34/1316
f 1744/27/1 1727/7/1 1754/34/1
f 1751/6/1 1752/33/1 1731/42/1
f 1738/56/1317 1745/30/1317 1724/29/1317 1736/57/1317
f 1749/21/1 1750/58/1 1730/52/1
f 1749/21/1 1741/20/1 1750/58/1
f 1741/20/1 1725/59/1 1750/58/1
f 1747/18/1336 1748/31/1336 1729/36/1336
f 1747/18/1319 1737/17/1319 1748/31/1319
f 1737/17/1320 1724/29/1320 1748/31/1320
f 1745/30/1321 1746/35/1321 1733/46/1321
f 1745/30/1322 1738/56/1322 1746/35/1322
f 1743/5/1 1726/19/1 1752/33/1 1751/6/1
f 1739/15/1323 1744/27/1323 1728/26/1323
f 1739/15/1 1742/14/1 1744/27/1
f 1742/14/1 1727/7/1 1744/27/1
f 1742/4/1 1740/12/1 1743/5/1
f 1740/12/1 1726/19/1 1743/5/1
f 1740/10/1 1741/20/1 1726/19/1
f 1740/10/1 1735/9/1 1741/20/1
f 1735/9/1 1725/59/1 1741/20/1
f 1738/56/1324 1736/57/1324 1739/60/1324
f 1736/57/1 1723/61/1 1739/60/1
f 1735/3/1 1737/17/1 1725/16/1
f 1735/3/1 1736/2/1 1737/17/1
f 1736/2/1325 1724/29/1325 1737/17/1325
f 1738/56/1326 1739/60/1326 1728/26/1326 1746/35/1326
f 1765/1/1 1778/2/1 1777/3/1
f 1784/4/1 1785/5/1 1793/6/1 1769/7/1
f 1765/8/1 1777/9/1 1782/10/1
f 1765/11/1 1782/12/1 1784/4/1
f 1765/13/1 1784/14/1 1781/15/1
f 1767/16/1 1779/17/1 1789/18/1
f 1768/19/1 1783/20/1 1791/21/1
f 1805/22/1292 1804/23/1292 1776/24/1292 1806/25/1292
f 1770/26/1332 1786/27/1332 1795/28/1332
f 1766/29/1294 1787/30/1294 1790/31/1294
f 1767/16/1 1789/18/1 1792/32/1
f 1768/19/1 1791/21/1 1794/33/1
f 1769/7/1 1793/6/1 1796/34/1
f 1770/26/1337 1795/28/1337 1788/35/1337
f 1771/36/1296 1797/37/1296 1802/38/1296
f 1772/39/1 1798/40/1 1804/41/1
f 1773/42/1 1799/43/1 1805/22/1
f 1774/44/1327 1800/45/1327 1806/25/1327
f 1775/46/1298 1801/47/1298 1803/48/1298
f 1803/48/1299 1801/47/1299 1806/49/1299
f 1801/47/1300 1774/44/1300 1806/49/1300
f 1802/38/1301 1803/48/1301 1806/49/1301 1776/50/1301
f 1806/25/1302 1800/45/1302 1805/51/1302
f 1800/45/13 1773/42/13 1805/51/13
f 1805/22/1 1799/43/1 1804/23/1
f 1799/43/1 1772/52/1 1804/23/1
f 1804/41/1303 1802/53/1303 1776/54/1303
f 1804/41/1304 1798/40/1304 1802/53/1304
f 1798/40/1305 1771/36/1305 1802/53/1305
f 1802/38/1306 1797/37/1306 1803/55/1306
f 1797/37/1307 1775/46/1307 1803/55/1307
f 1788/35/1308 1801/47/1308 1775/46/1308
f 1788/35/1309 1795/28/1309 1801/47/1309
f 1795/28/1310 1774/44/1310 1801/47/1310
f 1796/34/1 1800/45/1 1774/44/1
f 1796/34/1 1793/6/1 1800/45/1
f 1793/6/1 1773/42/1 1800/45/1
f 1794/33/1 1799/43/1 1773/42/1
f 1794/33/1 1791/21/1 1799/43/1
f 1791/21/1 1772/52/1 1799/43/1
f 1792/32/1 1798/40/1 1772/39/1
f 1792/32/1 1789/18/1 1798/40/1
f 1789/18/1311 1771/36/1311 1798/40/1311
f 1790/31/1312 1797/37/1312 1771/36/1312
f 1790/31/1313 1787/30/1313 1797/37/1313
f 1787/30/1314 1775/46/1314 1797/37/1314
f 1795/28/1315 1796/34/1315 1774/44/1315
f 1795/28/1338 1786/27/1338 1796/34/1338
f 1786/27/1 1769/7/1 1796/34/1
f 1793/6/1 1794/33/1 1773/42/1
f 1780/56/1317 1787/30/1317 1766/29/1317 1778/57/1317
f 1791/21/1 1792/58/1 1772/52/1
f 1791/21/1 1783/20/1 1792/58/1
f 1783/20/1 1767/59/1 1792/58/1
f 1789/18/1339 1790/31/1339 1771/36/1339
f 1789/18/1319 1779/17/1319 1790/31/1319
f 1779/17/1320 1766/29/1320 1790/31/1320
f 1787/30/1321 1788/35/1321 1775/46/1321
f 1787/30/1322 1780/56/1322 1788/35/1322
f 1785/5/1 1768/19/1 1794/33/1 1793/6/1
f 1781/15/1323 1786/27/1323 1770/26/1323
f 1781/15/1 1784/14/1 1786/27/1
f 1784/14/1 1769/7/1 1786/27/1
f 1784/4/1 1782/12/1 1785/5/1
f 1782/12/1 1768/19/1 1785/5/1
f 1782/10/1 1783/20/1 1768/19/1
f 1782/10/1 1777/9/1 1783/20/1
f 1777/9/1 1767/59/1 1783/20/1
f 1780/56/1324 1778/57/1324 1781/60/1324
f 1778/57/1 1765/61/1 1781/60/1
f 1777/3/1 1779/17/1 1767/16/1
f 1777/3/1 1778/2/1 1779/17/1
f 1778/2/1325 1766/29/1325 1779/17/1325
f 1780/56/1326 1781/60/1326 1770/26/1326 1788/35/1326
f 1807/1/1 1820/2/1 1819/3/1
f 1826/4/1 1827/5/1 1835/6/1 1811/7/1
f 1807/8/1 1819/9/1 1824/10/1
f 1807/11/1 1824/12/1 1826/4/1
f 1807/13/1 1826/14/1 1823/15/1
f 1809/16/1 1821/17/1 1831/18/1
f 1810/19/1 1825/20/1 1833/21/1
f 1847/22/1292 1846/23/1292 1818/24/1292 1848/25/1292
f 1812/26/1332 1828/27/1332 1837/28/1332
f 1808/29/1294 1829/30/1294 1832/31/1294
f 1809/16/1 1831/18/1 1834/32/1
f 1810/19/1 1833/21/1 1836/33/1
f 1811/7/1 1835/6/1 1838/34/1
f 1812/26/1337 1837/28/1337 1830/35/1337
f 1813/36/1296 1839/37/1296 1844/38/1296
f 1814/39/1 1840/40/1 1846/41/1
f 1815/42/1 1841/43/1 1847/22/1
f 1816/44/1340 1842/45/1340 1848/25/1340
f 1817/46/1298 1843/47/1298 1845/48/1298
f 1845/48/1341 1843/47/1341 1848/49/1341
f 1843/47/1300 1816/44/1300 1848/49/1300
f 1844/38/1301 1845/48/1301 1848/49/1301 1818/50/1301
f 1848/25/1302 1842/45/1302 1847/51/1302
f 1842/45/13 1815/42/13 1847/51/13
f 1847/22/1 1841/43/1 1846/23/1
f 1841/43/1 1814/52/1 1846/23/1
f 1846/41/1303 1844/53/1303 1818/54/1303
f 1846/41/1304 1840/40/1304 1844/53/1304
f 1840/40/1305 1813/36/1305 1844/53/1305
f 1844/38/1329 1839/37/1329 1845/55/1329
f 1839/37/1307 1817/46/1307 1845/55/1307
f 1830/35/1308 1843/47/1308 1817/46/1308
f 1830/35/1309 1837/28/1309 1843/47/1309
f 1837/28/1342 1816/44/1342 1843/47/1342
f 1838/34/1 1842/45/1 1816/44/1
f 1838/34/1 1835/6/1 1842/45/1
f 1835/6/1 1815/42/1 1842/45/1
f 1836/33/1 1841/43/1 1815/42/1
f 1836/33/1 1833/21/1 1841/43/1
f 1833/21/1 1814/52/1 1841/43/1
f 1834/32/1 1840/40/1 1814/39/1
f 1834/32/1 1831/18/1 1840/40/1
f 1831/18/1311 1813/36/1311 1840/40/1311
f 1832/31/1312 1839/37/1312 1813/36/1312
f 1832/31/1313 1829/30/1313 1839/37/1313
f 1829/30/1314 1817/46/1314 1839/37/1314
f 1837/28/1315 1838/34/1315 1816/44/1315
f 1837/28/1316 1828/27/1316 1838/34/1316
f 1828/27/1 1811/7/1 1838/34/1
f 1835/6/1 1836/33/1 1815/42/1
f 1822/56/1317 1829/30/1317 1808/29/1317 1820/57/1317
f 1833/21/1 1834/58/1 1814/52/1
f 1833/21/1 1825/20/1 1834/58/1
f 1825/20/1 1809/59/1 1834/58/1
f 1831/18/1343 1832/31/1343 1813/36/1343
f 1831/18/1319 1821/17/1319 1832/31/1319
f 1821/17/1320 1808/29/1320 1832/31/1320
f 1829/30/1321 1830/35/1321 1817/46/1321
f 1829/30/1322 1822/56/1322 1830/35/1322
f 1827/5/1 1810/19/1 1836/33/1 1835/6/1
f 1823/15/1323 1828/27/1323 1812/26/1323
f 1823/15/1 1826/14/1 1828/27/1
f 1826/14/1 1811/7/1 1828/27/1
f 1826/4/1 1824/12/1 1827/5/1
f 1824/12/1 1810/19/1 1827/5/1
f 1824/10/1 1825/20/1 1810/19/1
f 1824/10/1 1819/9/1 1825/20/1
f 1819/9/1 1809/59/1 1825/20/1
f 1822/56/1324 1820/57/1324 1823/60/1324
f 1820/57/1 1807/61/1 1823/60/1
f 1819/3/1 1821/17/1 1809/16/1
f 1819/3/1 1820/2/1 1821/17/1
f 1820/2/1325 1808/29/1325 1821/17/1325
f 1822/56/1326 1823/60/1326 1812/26/1326 1830/35/1326
f 1849/1/1 1862/2/1 1861/3/1
f 1868/4/1 1869/5/1 1877/6/1 1853/7/1
f 1849/8/1 1861/9/1 1866/10/1
f 1849/11/1 1866/12/1 1868/4/1
f 1849/13/1 1868/14/1 1865/15/1
f 1851/16/1 1863/17/1 1873/18/1
f 1852/19/1 1867/20/1 1875/21/1
f 1889/22/1292 1888/23/1292 1860/24/1292 1890/25/1292
f 1854/26/1293 1870/27/1293 1879/28/1293
f 1850/29/1294 1871/30/1294 1874/31/1294
f 1851/16/1 1873/18/1 1876/32/1
f 1852/19/1 1875/21/1 1878/33/1
f 1853/7/1 1877/6/1 1880/34/1
f 1854/26/1295 1879/28/1295 1872/35/1295
f 1855/36/1296 1881/37/1296 1886/38/1296
f 1856/39/1 1882/40/1 1888/41/1
f 1857/42/1 1883/43/1 1889/22/1
f 1858/44/1297 1884/45/1297 1890/25/1297
f 1859/46/1298 1885/47/1298 1887/48/1298
f 1887/48/1299 1885/47/1299 1890/49/1299
f 1885/47/1300 1858/44/1300 1890/49/1300
f 1886/38/1301 1887/48/1301 1890/49/1301 1860/50/1301
f 1890/25/1302 1884/45/1302 1889/51/1302
f 1884/45/13 1857/42/13 1889/51/13
f 1889/22/1 1883/43/1 1888/23/1
f 1883/43/1 1856/52/1 1888/23/1
f 1888/41/1303 1886/53/1303 1860/54/1303
f 1888/41/1304 1882/40/1304 1886/53/1304
f 1882/40/1305 1855/36/1305 1886/53/1305
f 1886/38/1329 1881/37/1329 1887/55/1329
f 1881/37/1307 1859/46/1307 1887/55/1307
f 1872/35/1308 1885/47/1308 1859/46/1308
f 1872/35/1309 1879/28/1309 1885/47/1309
f 1879/28/1310 1858/44/1310 1885/47/1310
f 1880/34/1 1884/45/1 1858/44/1
f 1880/34/1 1877/6/1 1884/45/1
f 1877/6/1 1857/42/1 1884/45/1
f 1878/33/1 1883/43/1 1857/42/1
f 1878/33/1 1875/21/1 1883/43/1
f 1875/21/1 1856/52/1 1883/43/1
f 1876/32/1 1882/40/1 1856/39/1
f 1876/32/1 1873/18/1 1882/40/1
f 1873/18/1311 1855/36/1311 1882/40/1311
f 1874/31/1330 1881/37/1330 1855/36/1330
f 1874/31/1313 1871/30/1313 1881/37/1313
f 1871/30/1314 1859/46/1314 1881/37/1314
f 1879/28/1315 1880/34/1315 1858/44/1315
f 1879/28/1316 1870/27/1316 1880/34/1316
f 1870/27/1 1853/7/1 1880/34/1
f 1877/6/1 1878/33/1 1857/42/1
f 1864/56/1317 1871/30/1317 1850/29/1317 1862/57/1317
f 1875/21/1 1876/58/1 1856/52/1
f 1875/21/1 1867/20/1 1876/58/1
f 1867/20/1 1851/59/1 1876/58/1
f 1873/18/1343 1874/31/1343 1855/36/1343
f 1873/18/1319 1863/17/1319 1874/31/1319
f 1863/17/1320 1850/29/1320 1874/31/1320
f 1871/30/1321 1872/35/1321 1859/46/1321
f 1871/30/1322 1864/56/1322 1872/35/1322
f 1869/5/1 1852/19/1 1878/33/1 1877/6/1
f 1865/15/1323 1870/27/1323 1854/26/1323
f 1865/15/1 1868/14/1 1870/27/1
f 1868/14/1 1853/7/1 1870/27/1
f 1868/4/1 1866/12/1 1869/5/1
f 1866/12/1 1852/19/1 1869/5/1
f 1866/10/1 1867/20/1 1852/19/1
f 1866/10/1 1861/9/1 1867/20/1
f 1861/9/1 1851/59/1 1867/20/1
f 1864/56/1324 1862/57/1324 1865/60/1324
f 1862/57/1 1849/61/1 1865/60/1
f 1861/3/1 1863/17/1 1851/16/1
f 1861/3/1 1862/2/1 1863/17/1
f 1862/2/1325 1850/29/1325 1863/17/1325
f 1864/56/1326 1865/60/1326 1854/26/1326 1872/35/1326
f 1891/1/1 1904/2/1 1903/3/1
f 1910/4/1 1911/5/1 1919/6/1 1895/7/1
f 1891/8/1 1903/9/1 1908/10/1
f 1891/11/1 1908/12/1 1910/4/1
f 1891/13/1 1910/14/1 1907/15/1
f 1893/16/1 1905/17/1 1915/18/1
f 1894/19/1 1909/20/1 1917/21/1
f 1931/22/1292 1930/23/1292 1902/24/1292 1932/25/1292
f 1896/26/1293 1912/27/1293 1921/28/1293
f 1892/29/1294 1913/30/1294 1916/31/1294
f 1893/16/1 1915/18/1 1918/32/1
f 1894/19/1 1917/21/1 1920/33/1
f 1895/7/1 1919/6/1 1922/34/1
f 1896/26/1295 1921/28/1295 1914/35/1295
f 1897/36/1296 1923/37/1296 1928/38/1296
f 1898/39/1 1924/40/1 1930/41/1
f 1899/42/1 1925/43/1 1931/22/1
f 1900/44/1327 1926/45/1327 1932/25/1327
f 1901/46/1298 1927/47/1298 1929/48/1298
f 1929/48/1341 1927/47/1341 1932/49/1341
f 1927/47/1300 1900/44/1300 1932/49/1300
f 1928/38/1335 1929/48/1335 1932/49/1335 1902/50/1335
f 1932/25/1302 1926/45/1302 1931/51/1302
f 1926/45/13 1899/42/13 1931/51/13
f 1931/22/1 1925/43/1 1930/23/1
f 1925/43/1 1898/52/1 1930/23/1
f 1930/41/1333 1928/53/1333 1902/54/1333
f 1930/41/1304 1924/40/1304 1928/53/1304
f 1924/40/1305 1897/36/1305 1928/53/1305
f 1928/38/1329 1923/37/1329 1929/55/1329
f 1923/37/1307 1901/46/1307 1929/55/1307
f 1914/35/1308 1927/47/1308 1901/46/1308
f 1914/35/1309 1921/28/1309 1927/47/1309
f 1921/28/1310 1900/44/1310 1927/47/1310
f 1922/34/1 1926/45/1 1900/44/1
f 1922/34/1 1919/6/1 1926/45/1
f 1919/6/1 1899/42/1 1926/45/1
f 1920/33/1 1925/43/1 1899/42/1
f 1920/33/1 1917/21/1 1925/43/1
f 1917/21/1 1898/52/1 1925/43/1
f 1918/32/1 1924/40/1 1898/39/1
f 1918/32/1 1915/18/1 1924/40/1
f 1915/18/1311 1897/36/1311 1924/40/1311
f 1916/31/1312 1923/37/1312 1897/36/1312
f 1916/31/1313 1913/30/1313 1923/37/1313
f 1913/30/1314 1901/46/1314 1923/37/1314
f 1921/28/1315 1922/34/1315 1900/44/1315
f 1921/28/1316 1912/27/1316 1922/34/1316
f 1912/27/1 1895/7/1 1922/34/1
f 1919/6/1 1920/33/1 1899/42/1
f 1906/56/1317 1913/30/1317 1892/29/1317 1904/57/1317
f 1917/21/1 1918/58/1 1898/52/1
f 1917/21/1 1909/20/1 1918/58/1
f 1909/20/1 1893/59/1 1918/58/1
f 1915/18/1318 1916/31/1318 1897/36/1318
f 1915/18/1319 1905/17/1319 1916/31/1319
f 1905/17/1320 1892/29/1320 1916/31/1320
f 1913/30/1321 1914/35/1321 1901/46/1321
f 1913/30/1322 1906/56/1322 1914/35/1322
f 1911/5/1 1894/19/1 1920/33/1 1919/6/1
f 1907/15/1323 1912/27/1323 1896/26/1323
f 1907/15/1 1910/14/1 1912/27/1
f 1910/14/1 1895/7/1 1912/27/1
f 1910/4/1 1908/12/1 1911/5/1
f 1908/12/1 1894/19/1 1911/5/1
f 1908/10/1 1909/20/1 1894/19/1
f 1908/10/1 1903/9/1 1909/20/1
f 1903/9/1 1893/59/1 1909/20/1
f 1906/56/1324 1904/57/1324 1907/60/1324
f 1904/57/1 1891/61/1 1907/60/1
f 1903/3/1 1905/17/1 1893/16/1
f 1903/3/1 1904/2/1 1905/17/1
f 1904/2/1325 1892/29/1325 1905/17/1325
f 1906/56/1326 1907/60/1326 1896/26/1326 1914/35/1326
f 1933/1/1 1946/2/1 1945/3/1
f 1952/4/1 1953/5/1 1961/6/1 1937/7/1
f 1933/8/1 1945/9/1 1950/10/1
f 1933/11/1 1950/12/1 1952/4/1
f 1933/13/1 1952/14/1 1949/15/1
f 1935/16/1 1947/17/1 1957/18/1
f 1936/19/1 1951/20/1 1959/21/1
f 1973/22/1292 1972/23/1292 1944/24/1292 1974/25/1292
f 1938/26/1332 1954/27/1332 1963/28/1332
f 1934/29/1294 1955/30/1294 1958/31/1294
f 1935/16/1 1957/18/1 1960/32/1
f 1936/19/1 1959/21/1 1962/33/1
f 1937/7/1 1961/6/1 1964/34/1
f 1938/26/1337 1963/28/1337 1956/35/1337
f 1939/36/1296 1965/37/1296 1970/38/1296
f 1940/39/1 1966/40/1 1972/41/1
f 1941/42/1 1967/43/1 1973/22/1
f 1942/44/1297 1968/45/1297 1974/25/1297
f 1943/46/1298 1969/47/1298 1971/48/1298
f 1971/48/1299 1969/47/1299 1974/49/1299
f 1969/47/1300 1942/44/1300 1974/49/1300
f 1970/38/1301 1971/48/1301 1974/49/1301 1944/50/1301
f 1974/25/1302 1968/45/1302 1973/51/1302
f 1968/45/13 1941/42/13 1973/51/13
f 1973/22/1 1967/43/1 1972/23/1
f 1967/43/1 1940/52/1 1972/23/1
f 1972/41/1303 1970/53/1303 1944/54/1303
f 1972/41/1304 1966/40/1304 1970/53/1304
f 1966/40/1305 1939/36/1305 1970/53/1305
f 1970/38/1306 1965/37/1306 1971/55/1306
f 1965/37/1307 1943/46/1307 1971/55/1307
f 1956/35/1308 1969/47/1308 1943/46/1308
f 1956/35/1309 1963/28/1309 1969/47/1309
f 1963/28/1310 1942/44/1310 1969/47/1310
f 1964/34/1 1968/45/1 1942/44/1
f 1964/34/1 1961/6/1 1968/45/1
f 1961/6/1 1941/42/1 1968/45/1
f 1962/33/1 1967/43/1 1941/42/1
f 1962/33/1 1959/21/1 1967/43/1
f 1959/21/1 1940/52/1 1967/43/1
f 1960/32/1 1966/40/1 1940/39/1
f 1960/32/1 1957/18/1 1966/40/1
f 1957/18/1311 1939/36/1311 1966/40/1311
f 1958/31/1312 1965/37/1312 1939/36/1312
f 1958/31/1313 1955/30/1313 1965/37/1313
f 1955/30/1314 1943/46/1314 1965/37/1314
f 1963/28/1315 1964/34/1315 1942/44/1315
f 1963/28/1316 1954/27/1316 1964/34/1316
f 1954/27/1 1937/7/1 1964/34/1
f 1961/6/1 1962/33/1 1941/42/1
f 1948/56/1317 1955/30/1317 1934/29/1317 1946/57/1317
f 1959/21/1 1960/58/1 1940/52/1
f 1959/21/1 1951/20/1 1960/58/1
f 1951/20/1 1935/59/1 1960/58/1
f 1957/18/1318 1958/31/1318 1939/36/1318
f 1957/18/1319 1947/17/1319 1958/31/1319
f 1947/17/1320 1934/29/1320 1958/31/1320
f 1955/30/1321 1956/35/1321 1943/46/1321
f 1955/30/1322 1948/56/1322 1956/35/1322
f 1953/5/1 1936/19/1 1962/33/1 1961/6/1
f 1949/15/1323 1954/27/1323 1938/26/1323
f 1949/15/1 1952/14/1 1954/27/1
f 1952/14/1 1937/7/1 1954/27/1
f 1952/4/1 1950/12/1 1953/5/1
f 1950/12/1 1936/19/1 1953/5/1
f 1950/10/1 1951/20/1 1936/19/1
f 1950/10/1 1945/9/1 1951/20/1
f 1945/9/1 1935/59/1 1951/20/1
f 1948/56/1324 1946/57/1324 1949/60/1324
f 1946/57/1 1933/61/1 1949/60/1
f 1945/3/1 1947/17/1 1935/16/1
f 1945/3/1 1946/2/1 1947/17/1
f 1946/2/1325 1934/29/1325 1947/17/1325
f 1948/56/1326 1949/60/1326 1938/26/1326 1956/35/1326
f 1975/1/1 1988/2/1 1987/3/1
f 1994/4/1 1995/5/1 2003/6/1 1979/7/1
f 1975/8/1 1987/9/1 1992/10/1
f 1975/11/1 1992/12/1 1994/4/1
f 1975/13/1 1994/14/1 1991/15/1
f 1977/16/1 1989/17/1 1999/18/1
f 1978/19/1 1993/20/1 2001/21/1
f 2015/22/1292 2014/23/1292 1986/24/1292 2016/25/1292
f 1980/26/1293 1996/27/1293 2005/28/1293
f 1976/29/1294 1997/30/1294 2000/31/1294
f 1977/16/1 1999/18/1 2002/32/1
f 1978/19/1 2001/21/1 2004/33/1
f 1979/7/1 2003/6/1 2006/34/1
f 1980/26/1295 2005/28/1295 1998/35/1295
f 1981/36/1296 2007/37/1296 2012/38/1296
f 1982/39/1 2008/40/1 2014/41/1
f 1983/42/1 2009/43/1 2015/22/1
f 1984/44/1297 2010/45/1297 2016/25/1297
f 1985/46/1298 2011/47/1298 2013/48/1298
f 2013/48/1299 2011/47/1299 2016/49/1299
f 2011/47/1300 1984/44/1300 2016/49/1300
f 2012/38/1335 2013/48/1335 2016/49/1335 1986/50/1335
f 2016/25/1302 2010/45/1302 2015/51/1302
f 2010/45/13 1983/42/13 2015/51/13
f 2015/22/1 2009/43/1 2014/23/1
f 2009/43/1 1982/52/1 2014/23/1
f 2014/41/1303 2012/53/1303 1986/54/1303
f 2014/41/1304 2008/40/1304 2012/53/1304
f 2008/40/1305 1981/36/1305 2012/53/1305
f 2012/38/1344 2007/37/1344 2013/55/1344
f 2007/37/1307 1985/46/1307 2013/55/1307
f 1998/35/1308 2011/47/1308 1985/46/1308
f 1998/35/1309 2005/28/1309 2011/47/1309
f 2005/28/1310 1984/44/1310 2011/47/1310
f 2006/34/1 2010/45/1 1984/44/1
f 2006/34/1 2003/6/1 2010/45/1
f 2003/6/1 1983/42/1 2010/45/1
f 2004/33/1 2009/43/1 1983/42/1
f 2004/33/1 2001/21/1 2009/43/1
f 2001/21/1 1982/52/1 2009/43/1
f 2002/32/1 2008/40/1 1982/39/1
f 2002/32/1 1999/18/1 2008/40/1
f 1999/18/1311 1981/36/1311 2008/40/1311
f 2000/31/1330 2007/37/1330 1981/36/1330
f 2000/31/1313 1997/30/1313 2007/37/1313
f 1997/30/1314 1985/46/1314 2007/37/1314
f 2005/28/1315 2006/34/1315 1984/44/1315
f 2005/28/1316 1996/27/1316 2006/34/1316
f 1996/27/1 1979/7/1 2006/34/1
f 2003/6/1 2004/33/1 1983/42/1
f 1990/56/1317 1997/30/1317 1976/29/1317 1988/57/1317
f 2001/21/1 2002/58/1 1982/52/1
f 2001/21/1 1993/20/1 2002/58/1
f 1993/20/1 1977/59/1 2002/58/1
f 1999/18/1345 2000/31/1345 1981/36/1345
f 1999/18/1319 1989/17/1319 2000/31/1319
f 1989/17/1320 1976/29/1320 2000/31/1320
f 1997/30/1321 1998/35/1321 1985/46/1321
f 1997/30/1322 1990/56/1322 1998/35/1322
f 1995/5/1 1978/19/1 2004/33/1 2003/6/1
f 1991/15/1323 1996/27/1323 1980/26/1323
f 1991/15/1 1994/14/1 1996/27/1
f 1994/14/1 1979/7/1 1996/27/1
f 1994/4/1 1992/12/1 1995/5/1
f 1992/12/1 1978/19/1 1995/5/1
f 1992/10/1 1993/20/1 1978/19/1
f 1992/10/1 1987/9/1 1993/20/1
f 1987/9/1 1977/59/1 1993/20/1
f 1990/56/1324 1988/57/1324 1991/60/1324
f 1988/57/1 1975/61/1 1991/60/1
f 1987/3/1 1989/17/1 1977/16/1
f 1987/3/1 1988/2/1 1989/17/1
f 1988/2/1325 1976/29/1325 1989/17/1325
f 1990/56/1326 1991/60/1326 1980/26/1326 1998/35/1326
f 2017/1/1 2030/2/1 2029/3/1
f 2036/4/1 2037/5/1 2045/6/1 2021/7/1
f 2017/8/1 2029/9/1 2034/10/1
f 2017/11/1 2034/12/1 2036/4/1
f 2017/13/1 2036/14/1 2033/15/1
f 2019/16/1 2031/17/1 2041/18/1
f 2020/19/1 2035/20/1 2043/21/1
f 2057/22/2 2056/23/2 2028/24/2 2058/25/2
f 2022/26/3 2038/27/3 2047/28/3
f 2018/29/4 2039/30/4 2042/31/4
f 2019/16/1 2041/18/1 2044/32/1
f 2020/19/1 2043/21/1 2046/33/1
f 2021/7/1 2045/6/1 2048/34/1
f 2022/26/5 2047/28/5 2040/35/5
f 2023/36/6 2049/37/6 2054/38/6
f 2024/39/1 2050/40/1 2056/41/1
f 2025/42/1 2051/43/1 2057/22/1
f 2026/44/7 2052/45/7 2058/25/7
f 2027/46/8 2053/47/8 2055/48/8
f 2055/48/1346 2053/47/1346 2058/49/1346
f 2053/47/10 2026/44/10 2058/49/10
f 2054/38/11 2055/48/11 2058/49/11 2028/50/11
f 2058/25/12 2052/45/12 2057/51/12
f 2052/45/13 2025/42/13 2057/51/13
f 2057/22/1 2051/43/1 2056/23/1
f 2051/43/1 2024/52/1 2056/23/1
f 2056/41/14 2054/53/14 2028/54/14
f 2056/41/15 2050/40/15 2054/53/15
f 2050/40/16 2023/36/16 2054/53/16
f 2054/38/17 2049/37/17 2055/55/17
f 2049/37/18 2027/46/18 2055/55/18
f 2040/35/19 2053/47/19 2027/46/19
f 2040/35/20 2047/28/20 2053/47/20
f 2047/28/1347 2026/44/1347 2053/47/1347
f 2048/34/1 2052/45/1 2026/44/1
f 2048/34/1 2045/6/1 2052/45/1
f 2045/6/1 2025/42/1 2052/45/1
f 2046/33/1 2051/43/1 2025/42/1
f 2046/33/1 2043/21/1 2051/43/1
f 2043/21/1 2024/52/1 2051/43/1
f 2044/32/1 2050/40/1 2024/39/1
f 2044/32/1 2041/18/1 2050/40/1
f 2041/18/22 2023/36/22 2050/40/22
f 2042/31/23 2049/37/23 2023/36/23
f 2042/31/24 2039/30/24 2049/37/24
f 2039/30/25 2027/46/25 2049/37/25
f 2047/28/26 2048/34/26 2026/44/26
f 2047/28/27 2038/27/27 2048/34/27
f 2038/27/1 2021/7/1 2048/34/1
f 2045/6/1 2046/33/1 2025/42/1
f 2032/56/28 2039/30/28 2018/29/28 2030/57/28
f 2043/21/1 2044/58/1 2024/52/1
f 2043/21/1 2035/20/1 2044/58/1
f 2035/20/1 2019/59/1 2044/58/1
f 2041/18/1348 2042/31/1348 2023/36/1348
f 2041/18/30 2031/17/30 2042/31/30
f 2031/17/31 2018/29/31 2042/31/31
f 2039/30/32 2040/35/32 2027/46/32
f 2039/30/33 2032/56/33 2040/35/33
f 2037/5/1 2020/19/1 2046/33/1 2045/6/1
f 2033/15/1349 2038/27/1349 2022/26/1349
f 2033/15/1 2036/14/1 2038/27/1
f 2036/14/1 2021/7/1 2038/27/1
f 2036/4/1 2034/12/1 2037/5/1
f 2034/12/1 2020/19/1 2037/5/1
f 2034/10/1 2035/20/1 2020/19/1
f 2034/10/1 2029/9/1 2035/20/1
f 2029/9/1 2019/59/1 2035/20/1
f 2032/56/35 2030/57/35 2033/60/35
f 2030/57/1 2017/61/1 2033/60/1
f 2029/3/1 2031/17/1 2019/16/1
f 2029/3/1 2030/2/1 2031/17/1
f 2030/2/36 2018/29/36 2031/17/36
f 2032/56/37 2033/60/37 2022/26/37 2040/35/37
f 2059/1/1 2072/2/1 2071/3/1
f 2078/4/1 2079/5/1 2087/6/1 2063/7/1
f 2059/8/1 2071/9/1 2076/10/1
f 2059/11/1 2076/12/1 2078/4/1
f 2059/13/1 2078/14/1 2075/15/1
f 2061/16/1 2073/17/1 2083/18/1
f 2062/19/1 2077/20/1 2085/21/1
f 2099/22/2 2098/23/2 2070/24/2 2100/25/2
f 2064/26/3 2080/27/3 2089/28/3
f 2060/29/4 2081/30/4 2084/31/4
f 2061/16/1 2083/18/1 2086/32/1
f 2062/19/1 2085/21/1 2088/33/1
f 2063/7/1 2087/6/1 2090/34/1
f 2064/26/5 2089/28/5 2082/35/5
f 2065/36/6 2091/37/6 2096/38/6
f 2066/39/1 2092/40/1 2098/41/1
f 2067/42/1 2093/43/1 2099/22/1
f 2068/44/1350 2094/45/1350 2100/25/1350
f 2069/46/8 2095/47/8 2097/48/8
f 2097/48/9 2095/47/9 2100/49/9
f 2095/47/10 2068/44/10 2100/49/10
f 2096/38/11 2097/48/11 2100/49/11 2070/50/11
f 2100/25/12 2094/45/12 2099/51/12
f 2094/45/13 2067/42/13 2099/51/13
f 2099/22/1 2093/43/1 2098/23/1
f 2093/43/1 2066/52/1 2098/23/1
f 2098/41/14 2096/53/14 2070/54/14
f 2098/41/15 2092/40/15 2096/53/15
f 2092/40/16 2065/36/16 2096/53/16
f 2096/38/17 2091/37/17 2097/55/17
f 2091/37/18 2069/46/18 2097/55/18
f 2082/35/19 2095/47/19 2069/46/19
f 2082/35/1351 2089/28/1351 2095/47/1351
f 2089/28/1347 2068/44/1347 2095/47/1347
f 2090/34/1 2094/45/1 2068/44/1
f 2090/34/1 2087/6/1 2094/45/1
f 2087/6/1 2067/42/1 2094/45/1
f 2088/33/1 2093/43/1 2067/42/1
f 2088/33/1 2085/21/1 2093/43/1
f 2085/21/1 2066/52/1 2093/43/1
f 2086/32/1 2092/40/1 2066/39/1
f 2086/32/1 2083/18/1 2092/40/1
f 2083/18/22 2065/36/22 2092/40/22
f 2084/31/23 2091/37/23 2065/36/23
f 2084/31/24 2081/30/24 2091/37/24
f 2081/30/25 2069/46/25 2091/37/25
f 2089/28/1352 2090/34/1352 2068/44/1352
f 2089/28/27 2080/27/27 2090/34/27
f 2080/27/1 2063/7/1 2090/34/1
f 2087/6/1 2088/33/1 2067/42/1
f 2074/56/28 2081/30/28 2060/29/28 2072/57/28
f 2085/21/1 2086/58/1 2066/52/1
f 2085/21/1 2077/20/1 2086/58/1
f 2077/20/1 2061/59/1 2086/58/1
f 2083/18/1353 2084/31/1353 2065/36/1353
f 2083/18/30 2073/17/30 2084/31/30
f 2073/17/31 2060/29/31 2084/31/31
f 2081/30/32 2082/35/32 2069/46/32
f 2081/30/33 2074/56/33 2082/35/33
f 2079/5/1 2062/19/1 2088/33/1 2087/6/1
f 2075/15/34 2080/27/34 2064/26/34
f 2075/15/1 2078/14/1 2080/27/1
f 2078/14/1 2063/7/1 2080/27/1
f 2078/4/1 2076/12/1 2079/5/1
f 2076/12/1 2062/19/1 2079/5/1
f 2076/10/1 2077/20/1 2062/19/1
f 2076/10/1 2071/9/1 2077/20/1
f 2071/9/1 2061/59/1 2077/20/1
f 2074/56/35 2072/57/35 2075/60/35
f 2072/57/1 2059/61/1 2075/60/1
f 2071/3/1 2073/17/1 2061/16/1
f 2071/3/1 2072/2/1 2073/17/1
f 2072/2/36 2060/29/36 2073/17/36
f 2074/56/37 2075/60/37 2064/26/37 2082/35/37
f 2101/1/1 2114/2/1 2113/3/1
f 2120/4/1 2121/5/1 2129/6/1 2105/7/1
f 2101/8/1 2113/9/1 2118/10/1
f 2101/11/1 2118/12/1 2120/4/1
f 2101/13/1 2120/14/1 2117/15/1
f 2103/16/1 2115/17/1 2125/18/1
f 2104/19/1 2119/20/1 2127/21/1
f 2141/22/2 2140/23/2 2112/24/2 2142/25/2
f 2106/26/3 2122/27/3 2131/28/3
f 2102/29/4 2123/30/4 2126/31/4
f 2103/16/1 2125/18/1 2128/32/1
f 2104/19/1 2127/21/1 2130/33/1
f 2105/7/1 2129/6/1 2132/34/1
f 2106/26/1354 2131/28/1354 2124/35/1354
f 2107/36/6 2133/37/6 2138/38/6
f 2108/39/1 2134/40/1 2140/41/1
f 2109/42/1 2135/43/1 2141/22/1
f 2110/44/1350 2136/45/1350 2142/25/1350
f 2111/46/8 2137/47/8 2139/48/8
f 2139/48/1346 2137/47/1346 2142/49/1346
f 2137/47/10 2110/44/10 2142/49/10
f 2138/38/11 2139/48/11 2142/49/11 2112/50/11
f 2142/25/1355 2136/45/1355 2141/51/1355
f 2136/45/13 2109/42/13 2141/51/13
f 2141/22/1 2135/43/1 2140/23/1
f 2135/43/1 2108/52/1 2140/23/1
f 2140/41/14 2138/53/14 2112/54/14
f 2140/41/15 2134/40/15 2138/53/15
f 2134/40/16 2107/36/16 2138/53/16
f 2138/38/17 2133/37/17 2139/55/17
f 2133/37/18 2111/46/18 2139/55/18
f 2124/35/19 2137/47/19 2111/46/19
f 2124/35/1351 2131/28/1351 2137/47/1351
f 2131/28/1347 2110/44/1347 2137/47/1347
f 2132/34/1 2136/45/1 2110/44/1
f 2132/34/1 2129/6/1 2136/45/1
f 2129/6/1 2109/42/1 2136/45/1
f 2130/33/1 2135/43/1 2109/42/1
f 2130/33/1 2127/21/1 2135/43/1
f 2127/21/1 2108/52/1 2135/43/1
f 2128/32/1 2134/40/1 2108/39/1
f 2128/32/1 2125/18/1 2134/40/1
f 2125/18/22 2107/36/22 2134/40/22
f 2126/31/23 2133/37/23 2107/36/23
f 2126/31/24 2123/30/24 2133/37/24
f 2123/30/25 2111/46/25 2133/37/25
f 2131/28/26 2132/34/26 2110/44/26
f 2131/28/27 2122/27/27 2132/34/27
f 2122/27/1 2105/7/1 2132/34/1
f 2129/6/1 2130/33/1 2109/42/1
f 2116/56/28 2123/30/28 2102/29/28 2114/57/28
f 2127/21/1 2128/58/1 2108/52/1
f 2127/21/1 2119/20/1 2128/58/1
f 2119/20/1 2103/59/1 2128/58/1
f 2125/18/1353 2126/31/1353 2107/36/1353
f 2125/18/30 2115/17/30 2126/31/30
f 2115/17/31 2102/29/31 2126/31/31
f 2123/30/32 2124/35/32 2111/46/32
f 2123/30/33 2116/56/33 2124/35/33
f 2121/5/1 2104/19/1 2130/33/1 2129/6/1
f 2117/15/1349 2122/27/1349 2106/26/1349
f 2117/15/1 2120/14/1 2122/27/1
f 2120/14/1 2105/7/1 2122/27/1
f 2120/4/1 2118/12/1 2121/5/1
f 2118/12/1 2104/19/1 2121/5/1
f 2118/10/1 2119/20/1 2104/19/1
f 2118/10/1 2113/9/1 2119/20/1
f 2113/9/1 2103/59/1 2119/20/1
f 2116/56/35 2114/57/35 2117/60/35
f 2114/57/1 2101/61/1 2117/60/1
f 2113/3/1 2115/17/1 2103/16/1
f 2113/3/1 2114/2/1 2115/17/1
f 2114/2/36 2102/29/36 2115/17/36
f 2116/56/37 2117/60/37 2106/26/37 2124/35/37
f 2143/1/1 2156/2/1 2155/3/1
f 2162/4/1 2163/5/1 2171/6/1 2147/7/1
f 2143/8/1 2155/9/1 2160/10/1
f 2143/11/1 2160/12/1 2162/4/1
f 2143/13/1 2162/14/1 2159/15/1
f 2145/16/1 2157/17/1 2167/18/1
f 2146/19/1 2161/20/1 2169/21/1
f 2183/22/2 2182/23/2 2154/24/2 2184/25/2
f 2148/26/3 2164/27/3 2173/28/3
f 2144/29/4 2165/30/4 2168/31/4
f 2145/16/1 2167/18/1 2170/32/1
f 2146/19/1 2169/21/1 2172/33/1
f 2147/7/1 2171/6/1 2174/34/1
f 2148/26/5 2173/28/5 2166/35/5
f 2149/36/6 2175/37/6 2180/38/6
f 2150/39/1 2176/40/1 2182/41/1
f 2151/42/1 2177/43/1 2183/22/1
f 2152/44/7 2178/45/7 2184/25/7
f 2153/46/8 2179/47/8 2181/48/8
f 2181/48/9 2179/47/9 2184/49/9
f 2179/47/10 2152/44/10 2184/49/10
f 2180/38/11 2181/48/11 2184/49/11 2154/50/11
f 2184/25/12 2178/45/12 2183/51/12
f 2178/45/13 2151/42/13 2183/51/13
f 2183/22/1 2177/43/1 2182/23/1
f 2177/43/1 2150/52/1 2182/23/1
f 2182/41/14 2180/53/14 2154/54/14
f 2182/41/15 2176/40/15 2180/53/15
f 2176/40/16 2149/36/16 2180/53/16
f 2180/38/17 2175/37/17 2181/55/17
f 2175/37/18 2153/46/18 2181/55/18
f 2166/35/19 2179/47/19 2153/46/19
f 2166/35/20 2173/28/20 2179/47/20
f 2173/28/1347 2152/44/1347 2179/47/1347
f 2174/34/1 2178/45/1 2152/44/1
f 2174/34/1 2171/6/1 2178/45/1
f 2171/6/1 2151/42/1 2178/45/1
f 2172/33/1 2177/43/1 2151/42/1
f 2172/33/1 2169/21/1 2177/43/1
f 2169/21/1 2150/52/1 2177/43/1
f 2170/32/1 2176/40/1 2150/39/1
f 2170/32/1 2167/18/1 2176/40/1
f 2167/18/22 2149/36/22 2176/40/22
f 2168/31/23 2175/37/23 2149/36/23
f 2168/31/24 2165/30/24 2175/37/24
f 2165/30/25 2153/46/25 2175/37/25
f 2173/28/1356 2174/34/1356 2152/44/1356
f 2173/28/27 2164/27/27 2174/34/27
f 2164/27/1 2147/7/1 2174/34/1
f 2171/6/1 2172/33/1 2151/42/1
f 2158/56/28 2165/30/28 2144/29/28 2156/57/28
f 2169/21/1 2170/58/1 2150/52/1
f 2169/21/1 2161/20/1 2170/58/1
f 2161/20/1 2145/59/1 2170/58/1
f 2167/18/1353 2168/31/1353 2149/36/1353
f 2167/18/30 2157/17/30 2168/31/30
f 2157/17/31 2144/29/31 2168/31/31
f 2165/30/32 2166/35/32 2153/46/32
f 2165/30/33 2158/56/33 2166/35/33
f 2163/5/1 2146/19/1 2172/33/1 2171/6/1
f 2159/15/1349 2164/27/1349 2148/26/1349
f 2159/15/1 2162/14/1 2164/27/1
f 2162/14/1 2147/7/1 2164/27/1
f 2162/4/1 2160/12/1 2163/5/1
f 2160/12/1 2146/19/1 2163/5/1
f 2160/10/1 2161/20/1 2146/19/1
f 2160/10/1 2155/9/1 2161/20/1
f 2155/9/1 2145/59/1 2161/20/1
f 2158/56/35 2156/57/35 2159/60/35
f 2156/57/1 2143/61/1 2159/60/1
f 2155/3/1 2157/17/1 2145/16/1
f 2155/3/1 2156/2/1 2157/17/1
f 2156/2/36 2144/29/36 2157/17/36
f 2158/56/37 2159/60/37 2148/26/37 2166/35/37
f 2185/1/1 2198/2/1 2197/3/1
f 2204/4/1 2205/5/1 2213/6/1 2189/7/1
f 2185/8/1 2197/9/1 2202/10/1
f 2185/11/1 2202/12/1 2204/4/1
f 2185/13/1 2204/14/1 2201/15/1
f 2187/16/1 2199/17/1 2209/18/1
f 2188/19/1 2203/20/1 2211/21/1
f 2225/22/2 2224/23/2 2196/24/2 2226/25/2
f 2190/26/3 2206/27/3 2215/28/3
f 2186/29/4 2207/30/4 2210/31/4
f 2187/16/1 2209/18/1 2212/32/1
f 2188/19/1 2211/21/1 2214/33/1
f 2189/7/1 2213/6/1 2216/34/1
f 2190/26/5 2215/28/5 2208/35/5
f 2191/36/6 2217/37/6 2222/38/6
f 2192/39/1 2218/40/1 2224/41/1
f 2193/42/1 2219/43/1 2225/22/1
f 2194/44/7 2220/45/7 2226/25/7
f 2195/46/8 2221/47/8 2223/48/8
f 2223/48/1346 2221/47/1346 2226/49/1346
f 2221/47/10 2194/44/10 2226/49/10
f 2222/38/11 2223/48/11 2226/49/11 2196/50/11
f 2226/25/12 2220/45/12 2225/51/12
f 2220/45/13 2193/42/13 2225/51/13
f 2225/22/1 2219/43/1 2224/23/1
f 2219/43/1 2192/52/1 2224/23/1
f 2224/41/14 2222/53/14 2196/54/14
f 2224/41/15 2218/40/15 2222/53/15
f 2218/40/16 2191/36/16 2222/53/16
f 2222/38/17 2217/37/17 2223/55/17
f 2217/37/18 2195/46/18 2223/55/18
f 2208/35/19 2221/47/19 2195/46/19
f 2208/35/1357 2215/28/1357 2221/47/1357
f 2215/28/1347 2194/44/1347 2221/47/1347
f 2216/34/1 2220/45/1 2194/44/1
f 2216/34/1 2213/6/1 2220/45/1
f 2213/6/1 2193/42/1 2220/45/1
f 2214/33/1 2219/43/1 2193/42/1
f 2214/33/1 2211/21/1 2219/43/1
f 2211/21/1 2192/52/1 2219/43/1
f 2212/32/1 2218/40/1 2192/39/1
f 2212/32/1 2209/18/1 2218/40/1
f 2209/18/22 2191/36/22 2218/40/22
f 2210/31/23 2217/37/23 2191/36/23
f 2210/31/24 2207/30/24 2217/37/24
f 2207/30/25 2195/46/25 2217/37/25
f 2215/28/1358 2216/34/1358 2194/44/1358
f 2215/28/27 2206/27/27 2216/34/27
f 2206/27/1 2189/7/1 2216/34/1
f 2213/6/1 2214/33/1 2193/42/1
f 2200/56/28 2207/30/28 2186/29/28 2198/57/28
f 2211/21/1 2212/58/1 2192/52/1
f 2211/21/1 2203/20/1 2212/58/1
f 2203/20/1 2187/59/1 2212/58/1
f 2209/18/1353 2210/31/1353 2191/36/1353
f 2209/18/30 2199/17/30 2210/31/30
f 2199/17/31 2186/29/31 2210/31/31
f 2207/30/32 2208/35/32 2195/46/32
f 2207/30/33 2200/56/33 2208/35/33
f 2205/5/1 2188/19/1 2214/33/1 2213/6/1
f 2201/15/1349 2206/27/1349 2190/26/1349
f 2201/15/1 2204/14/1 2206/27/1
f 2204/14/1 2189/7/1 2206/27/1
f 2204/4/1 2202/12/1 2205/5/1
f 2202/12/1 2188/19/1 2205/5/1
f 2202/10/1 2203/20/1 2188/19/1
f 2202/10/1 2197/9/1 2203/20/1
f 2197/9/1 2187/59/1 2203/20/1
f 2200/56/35 2198/57/35 2201/60/35
f 2198/57/1 2185/61/1 2201/60/1
f 2197/3/1 2199/17/1 2187/16/1
f 2197/3/1 2198/2/1 2199/17/1
f 2198/2/36 2186/29/36 2199/17/36
f 2200/56/37 2201/60/37 2190/26/37 2208/35/37
f 56/2/38 203/228/38 116/230/38
f 55/3/38 85/231/38 203/228/38
f 43/232/38 116/230/38 85/231/38
f 203/228/38 85/231/38 116/230/38
f 200/64/38 88/63/38 86/65/38
f 197/67/38 90/66/38 85/69/38
f 194/71/38 92/70/38 90/73/38
f 191/75/38 119/74/38 92/77/38
f 188/80/38 95/79/38 88/63/38
f 185/83/38 97/82/38 87/84/38
f 182/88/40 99/87/40 91/89/40
f 179/93/38 101/92/38 93/94/38
f 176/98/38 103/97/38 94/99/38
f 173/103/38 128/102/38 95/79/38
f 170/105/1359 130/104/1359 97/82/1359
f 167/108/38 132/107/38 99/87/38
f 164/111/38 134/110/38 101/92/38
f 161/114/38 126/113/38 103/97/38
f 158/116/1360 110/115/1360 105/117/1360
f 155/120/1361 112/119/1361 106/121/1361
f 152/124/1362 113/123/1362 107/125/1362
f 149/128/1363 114/127/1363 108/129/1363
f 146/132/1364 141/131/1364 109/133/1364
f 144/137/1365 111/136/1365 145/138/1365
f 147/139/1366 145/138/1366 146/132/1366
f 114/140/1367 147/139/1367 139/141/1367
f 143/144/1368 144/143/1368 148/145/1368
f 150/146/1369 148/145/1369 149/128/1369
f 113/147/1370 150/146/1370 138/148/1370
f 142/151/1371 143/150/1371 151/152/1371
f 153/153/1372 151/152/1372 152/124/1372
f 112/154/1373 153/153/1373 137/155/1373
f 140/158/1374 142/157/1374 154/159/1374
f 156/160/1375 154/159/1375 155/120/1375
f 110/161/1376 156/160/1376 136/162/1376
f 111/165/1377 140/164/1377 157/166/1377
f 159/167/1378 157/166/1378 158/116/1378
f 141/168/1379 159/167/1379 135/169/1379
f 109/133/1380 96/170/1380 160/171/1380
f 162/172/1381 160/171/1381 161/114/1381
f 139/141/1382 162/172/1382 133/173/1382
f 108/129/38 104/174/38 163/175/38
f 165/176/38 163/175/38 164/111/38
f 138/148/38 165/176/38 131/177/38
f 107/125/1383 102/178/1383 166/179/1383
f 168/180/1384 166/179/1384 167/108/1384
f 137/155/1385 168/180/1385 129/181/1385
f 106/121/1386 100/182/1386 169/183/1386
f 171/184/1387 169/183/1387 170/105/1387
f 136/162/1388 171/184/1388 127/185/1388
f 105/117/1389 98/186/1389 172/187/1389
f 174/188/1390 172/187/1390 173/103/1390
f 135/169/1391 174/188/1391 125/189/1391
f 104/174/38 133/173/38 175/190/38
f 177/191/38 175/190/38 176/98/38
f 134/110/38 177/191/38 124/192/38
f 102/178/38 131/177/38 178/193/38
f 180/194/38 178/193/38 179/93/38
f 132/107/38 180/194/38 123/195/38
f 100/196/1392 129/181/1392 181/197/1392
f 183/198/1393 181/197/1393 182/88/1393
f 130/199/1394 183/198/1394 121/200/1394
f 98/186/1395 127/185/1395 184/201/1395
f 186/202/38 184/201/38 185/83/38
f 128/102/38 186/202/38 117/203/38
f 96/170/40 125/189/40 187/204/40
f 189/205/38 187/204/38 188/80/38
f 126/113/38 189/205/38 118/206/38
f 94/99/38 89/207/38 190/208/38
f 192/209/38 190/208/38 191/75/38
f 124/192/38 192/209/38 122/210/38
f 93/94/38 122/211/38 193/212/38
f 195/213/38 193/212/38 194/71/38
f 123/195/38 195/213/38 120/214/38
f 91/89/38 120/215/38 196/216/38
f 198/217/38 196/216/38 197/67/38
f 121/200/38 198/217/38 115/218/38
f 89/219/38 118/206/38 199/220/38
f 201/221/38 199/220/38 200/64/38
f 119/222/38 201/221/38 116/223/38
f 87/84/38 115/225/38 202/226/38
f 204/227/38 202/226/38 203/228/38
f 117/203/38 204/227/38 86/229/38
