# Blender 4.1.1
# www.blender.org
mtllib Сoal_Deposits.mtl
o Сoal_Deposits
v -0.388303 -0.005542 -0.092466
v -0.381720 0.001255 -0.095902
v -0.376042 -0.005495 -0.100993
v -0.378850 -0.005426 -0.089411
v -0.388970 -0.005435 -0.078812
v -0.388104 0.000004 -0.081933
v -0.375721 -0.000445 -0.099278
v -0.371099 -0.005387 -0.093764
v -0.375322 -0.005301 -0.078430
v -0.384057 -0.005359 -0.075289
v -0.380306 0.002870 -0.086245
v -0.374398 -0.001757 -0.084930
v -0.383725 -0.005549 -0.098543
v -0.387292 -0.005563 -0.096069
v -0.381651 -0.005556 -0.101767
v -0.385872 0.001166 -0.089308
v -0.391134 -0.005530 -0.087630
v -0.385349 -0.005508 -0.091770
v -0.377043 -0.005467 -0.096400
v -0.389921 -0.005497 -0.085110
v -0.383239 -0.005415 -0.082966
v -0.391719 -0.005473 -0.080125
v -0.381211 0.002950 -0.091771
v -0.384956 0.002274 -0.083886
v -0.373934 -0.005480 -0.101611
v -0.376654 0.001400 -0.098485
v -0.373654 -0.005402 -0.092607
v -0.372537 -0.005445 -0.099028
v -0.385096 -0.005398 -0.078843
v -0.375679 -0.005339 -0.082627
v -0.389875 -0.001256 -0.078412
v -0.388904 -0.005411 -0.075937
v -0.375923 0.002384 -0.092696
v -0.370758 -0.005414 -0.097401
v -0.371094 -0.005317 -0.085233
v -0.381156 -0.005333 -0.075524
v -0.379840 0.001729 -0.078064
v -0.370130 0.000040 -0.091034
v -0.374198 0.001839 -0.083760
v -0.369021 -0.005323 -0.088457
v -0.372850 -0.005291 -0.080154
v -0.379020 -0.001623 -0.078693
v 0.343882 -0.008628 0.470042
v 0.304341 -0.008983 0.432980
v 0.368226 -0.008784 0.420708
v 0.390733 -0.008389 0.479091
v 0.330909 -0.008488 0.507463
v 0.279519 -0.008841 0.480035
v 0.316452 0.021458 0.420101
v 0.369457 0.018919 0.453508
v 0.385285 -0.008184 0.522934
v 0.307793 -0.008587 0.506529
v 0.270456 -0.001200 0.454668
v 0.317188 0.021652 0.473273
v 0.373255 -0.008652 0.442146
v 0.324165 -0.008810 0.450672
v 0.345407 -0.008887 0.418944
v 0.276538 -0.008952 0.460918
v 0.304295 -0.008747 0.478489
v 0.375299 -0.008482 0.473461
v 0.391694 -0.008567 0.443973
v 0.330580 -0.008555 0.494673
v 0.363567 -0.008377 0.502845
v 0.301545 -0.008664 0.496697
v 0.271317 -0.009054 0.445375
v 0.265212 -0.008951 0.470096
v 0.341224 -0.008961 0.408076
v 0.314057 -0.009019 0.418261
v 0.389042 0.005305 0.464863
v 0.367942 0.010945 0.429614
v 0.362762 -0.008292 0.520003
v 0.395638 -0.008214 0.509023
v 0.282537 -0.008760 0.493239
v 0.325385 -0.008501 0.509250
v 0.293982 0.007893 0.432349
v 0.338416 0.024137 0.433224
v 0.386161 0.012976 0.493219
v 0.353319 -0.008305 0.524837
v 0.277917 0.000173 0.476014
v 0.312810 0.024856 0.443050
v 0.287929 0.009295 0.455117
v 0.348165 0.024886 0.465987
v 0.359795 0.017434 0.507673
v 0.311864 0.009729 0.497277
v 0.360279 -0.008628 0.457141
v 0.313121 -0.008910 0.440066
v 0.359133 -0.008838 0.417458
v 0.288242 -0.008980 0.446323
v 0.289215 -0.008804 0.479470
v 0.360412 -0.008551 0.471884
v 0.393511 -0.008469 0.461382
v 0.337106 -0.008590 0.482819
v 0.344955 -0.008431 0.507168
v 0.288742 -0.008760 0.488293
v 0.285638 -0.009033 0.438151
v 0.265373 -0.008990 0.462441
v 0.355411 -0.008883 0.411813
v 0.315758 -0.009023 0.416315
v 0.393369 -0.008413 0.472290
v 0.368391 0.015905 0.441014
v 0.345256 -0.008398 0.513420
v 0.393225 -0.008173 0.518821
v 0.278382 -0.008811 0.486640
v 0.317284 -0.008531 0.509804
v 0.306440 0.016178 0.424501
v 0.354679 0.022319 0.442976
v 0.389441 0.008215 0.512070
v 0.329857 -0.008441 0.517203
v 0.271287 -0.000611 0.463576
v 0.313506 0.024368 0.430177
v 0.300849 0.016548 0.463750
v 0.360569 0.022695 0.459356
v 0.377066 0.010731 0.518847
v 0.309585 0.004193 0.504479
v 0.374314 -0.008716 0.429086
v 0.335570 -0.008710 0.460947
v 0.325448 -0.008940 0.424581
v 0.275563 -0.008902 0.471451
v 0.324058 -0.008683 0.475119
v 0.385146 -0.008429 0.475698
v 0.381621 -0.008680 0.430257
v 0.328169 -0.008524 0.502668
v 0.380485 -0.008362 0.492323
v 0.316031 -0.008572 0.503014
v 0.267907 -0.009041 0.450679
v 0.270650 -0.008899 0.475792
v 0.327029 0.018686 0.412184
v 0.309377 -0.009007 0.424290
v 0.380238 0.012821 0.458032
v 0.368656 -0.008774 0.422237
v 0.377943 -0.008205 0.524607
v 0.393861 -0.008298 0.494243
v 0.293945 -0.008678 0.500082
v 0.328207 -0.008493 0.508535
v 0.279560 0.001957 0.443463
v 0.325315 0.024457 0.424542
v 0.378536 0.016792 0.471490
v 0.372712 -0.008214 0.527032
v 0.291042 0.000152 0.492801
v 0.313088 0.024109 0.457502
v 0.277478 0.003195 0.452721
v 0.332114 0.024854 0.470471
v 0.336640 0.021050 0.490614
v 0.313624 0.016304 0.485528
v 0.295867 0.009722 0.475121
v 0.280938 0.004224 0.465318
v 0.292390 0.004941 0.485570
v 0.336513 0.014605 0.505645
v 0.334197 0.007015 0.514964
v 0.359247 0.010250 0.520444
v 0.355368 0.022262 0.487780
v 0.375963 0.016298 0.502546
v 0.369177 0.020068 0.480489
v 0.328804 0.026770 0.453423
v 0.342126 0.025815 0.448518
v 0.325319 0.026735 0.438340
v 0.299066 0.017500 0.447488
v 0.302494 0.017184 0.435364
v 0.289472 0.008538 0.441841
v 0.268982 -0.004227 0.472782
v 0.271078 -0.008867 0.481696
v 0.277678 -0.004198 0.485547
v 0.341417 -0.008385 0.518939
v 0.344861 -0.008386 0.516081
v 0.360693 -0.008275 0.524918
v 0.395874 -0.008242 0.503293
v 0.395776 -0.008319 0.488639
v 0.389615 0.009215 0.480043
v 0.352929 0.018376 0.429194
v 0.353865 0.012442 0.416214
v 0.338798 0.019435 0.417916
v 0.302103 -0.009037 0.424385
v 0.291585 -0.009047 0.430704
v 0.281619 -0.009054 0.437364
v 0.302518 -0.008632 0.502123
v 0.291056 -0.008711 0.495881
v 0.310889 -0.008594 0.502739
v 0.382012 -0.008222 0.518133
v 0.363215 -0.008326 0.513103
v 0.381945 -0.008275 0.507926
v 0.380111 0.008348 0.445169
v 0.391363 -0.008527 0.451959
v 0.382321 0.003200 0.435053
v 0.328978 -0.009002 0.409780
v 0.344359 -0.008940 0.409667
v 0.330463 -0.008968 0.415262
v 0.263567 -0.009017 0.458693
v 0.269657 -0.009020 0.453288
v 0.266595 -0.008969 0.465687
v 0.301148 -0.008707 0.488653
v 0.316529 -0.008649 0.487789
v 0.313515 -0.008613 0.497026
v 0.346556 -0.008466 0.499243
v 0.353444 -0.008505 0.486334
v 0.368745 -0.008427 0.489230
v 0.388604 -0.008508 0.457758
v 0.378323 -0.008554 0.457023
v 0.386349 -0.008601 0.441617
v 0.289142 -0.008856 0.469594
v 0.297946 -0.008889 0.456130
v 0.311950 -0.008782 0.465687
v 0.360971 -0.008770 0.429227
v 0.350966 -0.008727 0.445398
v 0.337589 -0.008843 0.433569
v -0.389314 -0.007219 0.725063
v -0.352024 -0.005677 0.779886
v -0.431578 -0.007149 0.777443
v -0.442826 -0.008554 0.701724
v -0.363814 -0.007414 0.683861
v -0.309800 -0.005702 0.730356
v -0.368402 0.013187 0.793607
v -0.422891 0.009522 0.739391
v -0.424593 -0.009033 0.650843
v -0.336467 -0.006805 0.691162
v -0.305376 -0.000240 0.763469
v -0.355059 0.012364 0.729930
v -0.431846 -0.007582 0.750504
v -0.370958 -0.006438 0.753461
v -0.404807 -0.006537 0.785655
v -0.311356 -0.005355 0.753974
v -0.339794 -0.006319 0.725571
v -0.425907 -0.008077 0.712574
v -0.453371 -0.008083 0.743390
v -0.366844 -0.007224 0.699218
v -0.404040 -0.008190 0.680637
v -0.331639 -0.006505 0.704571
v -0.309282 -0.005001 0.773926
v -0.295380 -0.005193 0.746048
v -0.402720 -0.006275 0.799747
v -0.367563 -0.005719 0.794858
v -0.443925 0.000280 0.719879
v -0.427868 0.005007 0.767912
v -0.398488 -0.008411 0.660369
v -0.440675 -0.009103 0.664679
v -0.309872 -0.005966 0.713786
v -0.356741 -0.007296 0.683207
v -0.338978 0.005152 0.784294
v -0.390988 0.014008 0.772195
v -0.432520 0.004654 0.687191
v -0.385920 -0.008236 0.657124
v -0.308511 0.000034 0.736055
v -0.357749 0.015011 0.767357
v -0.325595 0.005802 0.758801
v -0.393834 0.013630 0.730503
v -0.396950 0.007929 0.677225
v -0.342884 0.004663 0.702073
v -0.412341 -0.007459 0.736076
v -0.360610 -0.006003 0.769077
v -0.421591 -0.006869 0.783755
v -0.329235 -0.005451 0.768266
v -0.321528 -0.005944 0.728435
v -0.408557 -0.007671 0.718440
v -0.450882 -0.008375 0.722121
v -0.377807 -0.007225 0.711623
v -0.380662 -0.007771 0.680455
v -0.318602 -0.006056 0.718029
v -0.328313 -0.005268 0.778717
v -0.297619 -0.005089 0.755144
v -0.418658 -0.006694 0.791490
v -0.370113 -0.005736 0.796726
v -0.447793 -0.008526 0.709137
v -0.425109 0.007890 0.754438
v -0.379349 -0.007867 0.672911
v -0.435171 -0.009180 0.653628
v -0.306677 -0.005766 0.722775
v -0.346922 -0.007096 0.684712
v -0.355537 0.010101 0.790759
v -0.407890 0.012244 0.756102
v -0.431636 0.001264 0.663556
v -0.359953 -0.007524 0.672516
v -0.303958 -0.000051 0.752641
v -0.362046 0.014910 0.782516
v -0.338351 0.009809 0.745411
v -0.410526 0.012027 0.734986
v -0.414923 0.003066 0.658909
v -0.338514 0.001150 0.693795
v -0.436604 -0.007425 0.765813
v -0.381824 -0.006877 0.738144
v -0.379470 -0.006102 0.784266
v -0.307375 -0.005479 0.741661
v -0.364290 -0.006780 0.724306
v -0.437064 -0.008362 0.707269
v -0.445015 -0.007629 0.762458
v -0.361827 -0.007275 0.690319
v -0.427052 -0.008477 0.688670
v -0.347243 -0.006967 0.693153
v -0.303792 -0.004988 0.768506
v -0.300349 -0.005414 0.737794
v -0.383288 0.011296 0.800083
v -0.360362 -0.005684 0.788912
v -0.434861 0.005335 0.730785
v -0.431682 -0.007182 0.775502
v -0.415379 -0.008868 0.650810
v -0.442508 -0.008849 0.682798
v -0.321660 -0.006357 0.702563
v -0.360302 -0.007359 0.683305
v -0.319084 0.001666 0.774575
v -0.377648 0.014729 0.786086
v -0.429033 0.007626 0.715378
v -0.408486 -0.008767 0.649315
v -0.319697 -0.000642 0.712494
v -0.354256 0.014286 0.749988
v -0.314062 0.002336 0.764143
v -0.373470 0.013987 0.729446
v -0.373681 0.011136 0.703983
v -0.347796 0.008917 0.715973
v -0.329705 0.005496 0.732812
v -0.314774 0.002661 0.748229
v -0.322999 0.002432 0.721017
v -0.369834 0.006860 0.685735
v -0.364959 0.002030 0.674832
v -0.393243 0.003243 0.661749
v -0.396740 0.011411 0.702416
v -0.417684 0.006852 0.678959
v -0.415287 0.009778 0.707309
v -0.373979 0.015571 0.750788
v -0.391244 0.014684 0.753028
v -0.373851 0.015909 0.769729
v -0.340520 0.010736 0.765355
v -0.347871 0.010652 0.778898
v -0.331023 0.005516 0.774201
v -0.298926 -0.002400 0.742078
v -0.299279 -0.005508 0.730631
v -0.305897 -0.002850 0.724508
v -0.373290 -0.007846 0.667350
v -0.378165 -0.007895 0.669840
v -0.394702 -0.008428 0.655055
v -0.442490 -0.009028 0.671457
v -0.446293 -0.008819 0.688976
v -0.440355 0.002439 0.701803
v -0.409682 0.010074 0.772822
v -0.414567 0.006572 0.787760
v -0.395770 0.011330 0.790128
v -0.351652 -0.005498 0.790745
v -0.337405 -0.005316 0.786016
v -0.323725 -0.005153 0.780732
v -0.331349 -0.006607 0.697833
v -0.319335 -0.006223 0.708351
v -0.341178 -0.006831 0.694857
v -0.421969 -0.008881 0.657450
v -0.400874 -0.008326 0.668484
v -0.424621 -0.008735 0.669653
v -0.438371 0.002773 0.745944
v -0.450838 -0.008187 0.733945
v -0.443972 -0.000324 0.757163
v -0.387645 -0.005984 0.800990
v -0.406038 -0.006379 0.797009
v -0.387951 -0.006100 0.794048
v -0.296467 -0.004990 0.760100
v -0.305184 -0.005070 0.764924
v -0.298210 -0.005166 0.750942
v -0.333317 -0.006381 0.714280
v -0.351911 -0.006765 0.711196
v -0.345841 -0.006818 0.700976
v -0.384694 -0.007701 0.689487
v -0.396371 -0.007696 0.703054
v -0.413863 -0.008131 0.695503
v -0.445993 -0.008198 0.727761
v -0.433916 -0.007923 0.731389
v -0.447620 -0.007912 0.747632
v -0.324083 -0.005803 0.740245
v -0.338196 -0.005839 0.753962
v -0.352358 -0.006335 0.738805
v -0.420638 -0.007083 0.769213
v -0.404367 -0.007054 0.752586
v -0.391559 -0.006542 0.770287
v 0.721324 -0.003107 0.172832
v 0.750774 -0.002380 0.226291
v 0.660221 -0.003504 0.195990
v 0.655826 -0.003954 0.146772
v 0.713058 -0.003666 0.115101
v 0.780113 -0.002774 0.144822
v 0.667795 0.045827 0.188562
v 0.618666 -0.004167 0.164242
v 0.645055 -0.004449 0.099694
v 0.733763 -0.003735 0.082728
v 0.764772 0.076736 0.166782
v 0.691700 0.050511 0.133426
v 0.688238 -0.003279 0.190578
v 0.750462 -0.002481 0.214511
v 0.694516 -0.002994 0.217534
v 0.784707 -0.002278 0.199148
v 0.761514 -0.002773 0.166503
v 0.687525 -0.003562 0.157224
v 0.652310 -0.003782 0.171653
v 0.721186 -0.003422 0.135128
v 0.688175 -0.003811 0.126507
v 0.749430 -0.003309 0.115954
v 0.763348 0.059202 0.199402
v 0.779352 0.051909 0.153998
v 0.661403 0.012173 0.193851
v 0.694405 0.038717 0.209416
v 0.623286 -0.004199 0.155067
v 0.638054 -0.003865 0.178213
v 0.676913 -0.004134 0.100617
v 0.644022 -0.004280 0.121211
v 0.764767 -0.003355 0.092559
v 0.724077 -0.003770 0.089777
v 0.719889 0.071681 0.182266
v 0.647508 0.027914 0.176152
v 0.624542 -0.004380 0.131828
v 0.684692 -0.004199 0.083810
v 0.752927 0.058650 0.119393
v 0.682698 0.060170 0.161250
v 0.730328 0.071561 0.143857
v 0.646416 0.031179 0.148270
v 0.658986 0.022133 0.115196
v 0.713212 0.043812 0.107692
v 0.706518 -0.003166 0.182944
v 0.755456 -0.002336 0.226199
v 0.673789 -0.003282 0.206882
v 0.773415 -0.002225 0.218669
v 0.774557 -0.002725 0.157067
v 0.703568 -0.003351 0.164034
v 0.652407 -0.003886 0.159007
v 0.721510 -0.003264 0.153705
v 0.701531 -0.003734 0.120255
v 0.767965 -0.003030 0.128075
v 0.759144 0.041245 0.216863
v 0.774268 0.068336 0.162171
v 0.660040 -0.003501 0.196532
v 0.676315 0.043598 0.198663
v 0.637718 -0.004098 0.150531
v 0.624968 -0.004041 0.172098
v 0.696727 -0.003880 0.108234
v 0.641535 -0.004413 0.108172
v 0.775268 -0.003054 0.116713
v 0.730308 -0.003783 0.081037
v 0.689203 0.059951 0.186933
v 0.630823 0.018944 0.171234
v 0.633104 -0.004450 0.113400
v 0.711386 -0.003969 0.080503
v 0.762033 0.071443 0.145513
v 0.673764 0.055112 0.176638
v 0.711579 0.062162 0.136859
v 0.628049 0.020380 0.157722
v 0.647896 0.010828 0.104709
v 0.724563 0.035769 0.092599
v 0.670939 -0.003407 0.195196
v 0.736435 -0.002787 0.193850
v 0.724094 -0.002635 0.226479
v 0.785844 -0.002488 0.172546
v 0.741918 -0.002923 0.171104
v 0.671316 -0.003764 0.151788
v 0.655170 -0.003641 0.185240
v 0.717969 -0.003550 0.123389
v 0.671584 -0.003886 0.136696
v 0.730254 -0.003508 0.114237
v 0.767386 0.072159 0.183168
v 0.782754 -0.002722 0.148006
v 0.661603 0.029755 0.192069
v 0.723674 0.031255 0.221428
v 0.616122 -0.004220 0.160835
v 0.648988 -0.003682 0.187487
v 0.657510 -0.004353 0.096829
v 0.649263 -0.004118 0.134648
v 0.750610 -0.003574 0.082670
v 0.718046 -0.003714 0.103586
v 0.748259 0.077821 0.176328
v 0.657231 0.037494 0.182675
v 0.617526 -0.004295 0.150138
v 0.660975 -0.004377 0.089842
v 0.744834 0.042063 0.096388
v 0.688894 0.057585 0.146267
v 0.750372 0.077331 0.155889
v 0.669460 0.042173 0.140038
v 0.676211 0.036893 0.124797
v 0.703253 0.048563 0.121435
v 0.724616 0.059787 0.124817
v 0.743795 0.068181 0.132370
v 0.734574 0.053236 0.111699
v 0.685924 0.032760 0.109681
v 0.698028 0.027517 0.092494
v 0.670041 0.017878 0.097026
v 0.651089 0.026601 0.132021
v 0.638184 0.013295 0.122842
v 0.631677 0.017480 0.140337
v 0.664659 0.046666 0.154595
v 0.645328 0.031522 0.163489
v 0.661973 0.045003 0.169282
v 0.708241 0.069091 0.152862
v 0.700750 0.068859 0.170939
v 0.727873 0.075748 0.163732
v 0.768398 0.058111 0.133956
v 0.774089 -0.003043 0.119338
v 0.761355 0.042167 0.102154
v 0.703926 -0.004018 0.083338
v 0.699318 -0.003971 0.094372
v 0.678471 -0.004220 0.088541
v 0.629777 -0.004387 0.124880
v 0.630509 -0.004272 0.137947
v 0.619388 -0.004331 0.143696
v 0.640405 -0.003841 0.178334
v 0.649603 -0.003690 0.185805
v 0.652898 0.020138 0.184841
v 0.705462 0.058009 0.197562
v 0.729944 0.051992 0.207753
v 0.742181 0.068802 0.192688
v 0.747183 -0.003581 0.085712
v 0.759545 -0.003341 0.100330
v 0.738964 -0.003542 0.100013
v 0.659182 -0.004235 0.109052
v 0.681827 -0.003980 0.113486
v 0.666076 -0.004059 0.122327
v 0.627342 -0.004052 0.168032
v 0.635894 -0.004005 0.163808
v 0.642266 -0.003845 0.175696
v 0.673346 0.024138 0.202943
v 0.674603 -0.003276 0.206762
v 0.692114 -0.003028 0.216265
v 0.777321 0.058483 0.180380
v 0.779282 0.041606 0.202313
v 0.784976 -0.002450 0.178178
v 0.756985 -0.003039 0.139681
v 0.741378 -0.003122 0.147750
v 0.736483 -0.003349 0.126109
v 0.705269 -0.003616 0.130138
v 0.704717 -0.003496 0.145310
v 0.689462 -0.003678 0.141101
v 0.669111 -0.003671 0.165506
v 0.686053 -0.003442 0.173488
v 0.668463 -0.003554 0.180407
v 0.777817 -0.002453 0.186097
v 0.773356 -0.002282 0.211894
v 0.760971 -0.002550 0.194021
v 0.691935 -0.003104 0.207373
v 0.718569 -0.002868 0.204807
v 0.724377 -0.002679 0.220936
v 0.268956 -0.025249 -0.821648
v 0.219340 -0.025201 -0.796769
v 0.230160 -0.025943 -0.862520
v 0.294238 -0.025627 -0.863474
v 0.300329 -0.024776 -0.795923
v 0.255777 -0.024523 -0.756244
v 0.211241 0.007064 -0.812196
v 0.262111 0.003723 -0.851384
v 0.334446 -0.025169 -0.842709
v 0.291249 -0.024557 -0.774037
v 0.228187 -0.016333 -0.756319
v 0.262604 0.007457 -0.794073
v 0.252544 -0.025795 -0.859761
v 0.243362 -0.025233 -0.809557
v 0.220386 -0.025735 -0.841212
v 0.236350 -0.024670 -0.760150
v 0.263063 -0.024781 -0.780606
v 0.283364 -0.025527 -0.850633
v 0.260826 -0.025960 -0.876837
v 0.287920 -0.024891 -0.800138
v 0.307451 -0.025140 -0.828950
v 0.279588 -0.024586 -0.771514
v 0.219563 -0.024761 -0.760637
v 0.241160 -0.024473 -0.746014
v 0.208462 -0.025794 -0.841040
v 0.208633 -0.025432 -0.811322
v 0.279961 -0.011042 -0.866538
v 0.238613 -0.004853 -0.858591
v 0.323656 -0.024974 -0.822099
v 0.324741 -0.025399 -0.857587
v 0.269535 -0.024431 -0.754470
v 0.300091 -0.024705 -0.789981
v 0.215061 -0.007047 -0.786605
v 0.231628 0.009659 -0.828595
v 0.306192 -0.002710 -0.853533
v 0.324960 -0.024837 -0.811310
v 0.251343 -0.014896 -0.755899
v 0.232007 0.010826 -0.800483
v 0.234802 -0.005381 -0.772690
v 0.266566 0.010440 -0.826348
v 0.310749 0.002475 -0.822957
v 0.283793 -0.005103 -0.780760
v 0.262362 -0.025529 -0.841977
v 0.229259 -0.025222 -0.802698
v 0.223818 -0.025884 -0.854931
v 0.226465 -0.024919 -0.776569
v 0.258667 -0.024623 -0.765765
v 0.276579 -0.025395 -0.836884
v 0.278201 -0.025817 -0.872417
v 0.278838 -0.025064 -0.810610
v 0.305018 -0.024917 -0.809529
v 0.266980 -0.024537 -0.762184
v 0.217690 -0.024969 -0.776962
v 0.233861 -0.024546 -0.748879
v 0.217075 -0.025899 -0.853353
v 0.207365 -0.025467 -0.813645
v 0.288634 -0.025715 -0.868417
v 0.249727 0.000476 -0.854860
v 0.311134 -0.024862 -0.807604
v 0.333304 -0.025285 -0.851797
v 0.261723 -0.024451 -0.752813
v 0.297756 -0.024620 -0.781999
v 0.211927 0.001588 -0.801149
v 0.246756 0.007523 -0.840821
v 0.325471 -0.007768 -0.850132
v 0.309318 -0.024676 -0.791464
v 0.237043 -0.015684 -0.753949
v 0.219881 0.010248 -0.805722
v 0.247669 0.002208 -0.781868
v 0.264584 0.007900 -0.840674
v 0.327603 -0.004882 -0.835774
v 0.289909 -0.010952 -0.776160
v 0.240367 -0.025926 -0.865404
v 0.257274 -0.025251 -0.816879
v 0.218739 -0.025486 -0.820032
v 0.246127 -0.024563 -0.755483
v 0.266819 -0.025007 -0.800796
v 0.289000 -0.025603 -0.859305
v 0.244080 -0.025987 -0.872013
v 0.294751 -0.024793 -0.794990
v 0.303327 -0.025404 -0.848937
v 0.290787 -0.024670 -0.783200
v 0.223454 -0.024679 -0.755481
v 0.248560 -0.024474 -0.749223
v 0.207377 0.003926 -0.825237
v 0.212771 -0.025331 -0.804687
v 0.270277 -0.002922 -0.860302
v 0.231782 -0.025933 -0.862392
v 0.333455 -0.025081 -0.835060
v 0.309908 -0.025518 -0.861114
v 0.280151 -0.024480 -0.763010
v 0.300403 -0.024740 -0.792948
v 0.220640 -0.013135 -0.768958
v 0.218646 0.010154 -0.819067
v 0.282608 0.001390 -0.853800
v 0.333934 -0.025007 -0.829173
v 0.272124 -0.015043 -0.762573
v 0.245995 0.010078 -0.795653
v 0.228801 -0.011750 -0.763648
v 0.265194 0.010651 -0.809331
v 0.286156 0.006601 -0.806647
v 0.273123 0.001845 -0.786444
v 0.256836 -0.004964 -0.773227
v 0.242132 -0.010655 -0.762487
v 0.265649 -0.009978 -0.766306
v 0.300559 -0.000220 -0.801366
v 0.308698 -0.008252 -0.796035
v 0.322831 -0.005136 -0.818091
v 0.290061 0.007618 -0.825622
v 0.311545 0.001014 -0.840343
v 0.287943 0.005053 -0.841533
v 0.247637 0.012679 -0.812136
v 0.247639 0.011453 -0.826703
v 0.231907 0.012636 -0.814128
v 0.231409 0.003189 -0.785887
v 0.220970 0.002758 -0.793484
v 0.222588 -0.006260 -0.778893
v 0.245076 -0.019475 -0.748566
v 0.254386 -0.024424 -0.747544
v 0.260422 -0.019521 -0.752405
v 0.315078 -0.024774 -0.801960
v 0.313551 -0.024834 -0.806282
v 0.327647 -0.024908 -0.818369
v 0.319318 -0.025454 -0.859844
v 0.305200 -0.025588 -0.864939
v 0.294752 -0.006822 -0.861614
v 0.232892 0.003289 -0.844119
v 0.220751 -0.003105 -0.849766
v 0.217051 0.004578 -0.834502
v 0.210288 -0.025258 -0.797662
v 0.212638 -0.025096 -0.785315
v 0.215511 -0.024937 -0.773377
v 0.285147 -0.024546 -0.770527
v 0.275091 -0.024490 -0.761722
v 0.288703 -0.024622 -0.778355
v 0.328673 -0.025181 -0.841264
v 0.317186 -0.025042 -0.824978
v 0.318839 -0.025274 -0.844814
v 0.257871 -0.007740 -0.864848
v 0.268384 -0.025883 -0.873690
v 0.248933 -0.013303 -0.870684
v 0.205764 -0.025657 -0.828667
v 0.211101 -0.025810 -0.843490
v 0.211558 -0.025622 -0.828153
v 0.229620 -0.024562 -0.748471
v 0.226580 -0.024672 -0.756240
v 0.237413 -0.024528 -0.748905
v 0.271716 -0.024656 -0.773981
v 0.276331 -0.024816 -0.789071
v 0.284141 -0.024701 -0.782903
v 0.297968 -0.025006 -0.813875
v 0.287999 -0.025193 -0.825068
v 0.296200 -0.025317 -0.838748
v 0.272981 -0.025802 -0.868984
v 0.268635 -0.025708 -0.859363
v 0.256671 -0.025929 -0.872534
v 0.249149 -0.024714 -0.769192
v 0.239326 -0.024925 -0.782423
v 0.253468 -0.024974 -0.792499
v 0.235779 -0.025793 -0.852530
v 0.247779 -0.025546 -0.837186
v 0.231675 -0.025523 -0.828517
v -0.947952 -0.012604 -0.400455
v -1.012928 -0.013020 -0.375191
v -0.964962 -0.013371 -0.473144
v -0.908567 -0.012807 -0.470679
v -0.881333 -0.011967 -0.401086
v -0.925098 -0.011796 -0.329653
v -0.955782 0.043139 -0.463459
v -0.922746 -0.013315 -0.515396
v -0.853633 -0.012320 -0.475757
v -0.847796 -0.011409 -0.372747
v -0.944574 0.078634 -0.350367
v -0.896762 0.049612 -0.428057
v -0.963059 -0.013082 -0.440602
v -0.999543 -0.012879 -0.373763
v -0.994529 -0.013360 -0.437568
v -0.987309 -0.012420 -0.332664
v -0.946845 -0.012207 -0.353991
v -0.925181 -0.012682 -0.436366
v -0.936211 -0.013138 -0.478422
v -0.905237 -0.012146 -0.394910
v -0.890497 -0.012304 -0.430986
v -0.887783 -0.011688 -0.360031
v -0.981987 0.057895 -0.356906
v -0.933259 0.050495 -0.331917
v -0.962111 0.004586 -0.471487
v -0.983702 0.034481 -0.436479
v -0.913054 -0.013167 -0.508779
v -0.941491 -0.013331 -0.495555
v -0.859482 -0.012078 -0.439823
v -0.877842 -0.012590 -0.480180
v -0.863604 -0.011282 -0.339126
v -0.854318 -0.011572 -0.384780
v -0.955524 0.072661 -0.403527
v -0.939354 0.023000 -0.484550
v -0.886927 -0.012874 -0.503843
v -0.841623 -0.011812 -0.428474
v -0.889807 0.059029 -0.356609
v -0.926543 0.060075 -0.442459
v -0.913601 0.073322 -0.385901
v -0.907480 0.027337 -0.481570
v -0.872267 0.017678 -0.462335
v -0.871125 0.042448 -0.399805
v -0.957170 -0.012844 -0.418749
v -1.013531 -0.012981 -0.369876
v -0.979342 -0.013395 -0.459427
v -1.007712 -0.012747 -0.348402
v -0.938128 -0.011989 -0.337795
v -0.935313 -0.012638 -0.419229
v -0.921906 -0.012983 -0.476400
v -0.926322 -0.012369 -0.397352
v -0.885431 -0.012121 -0.414918
v -0.904303 -0.011689 -0.340876
v -1.001825 0.037011 -0.364301
v -0.941112 0.069106 -0.338915
v -0.965549 -0.013379 -0.473430
v -0.968598 0.040347 -0.455338
v -0.910093 -0.012997 -0.491751
v -0.932591 -0.013360 -0.509449
v -0.871095 -0.012013 -0.418540
v -0.862702 -0.012451 -0.481024
v -0.892539 -0.011492 -0.330889
v -0.845362 -0.011416 -0.376403
v -0.956626 0.059248 -0.438977
v -0.931608 0.012907 -0.502695
v -0.867350 -0.012582 -0.491362
v -0.841904 -0.011560 -0.397748
v -0.920273 0.073054 -0.350251
v -0.942818 0.053989 -0.454901
v -0.903204 0.062790 -0.406069
v -0.915828 0.014849 -0.503794
v -0.859151 0.005020 -0.473303
v -0.856056 0.033549 -0.384669
v -0.965679 -0.013276 -0.460888
v -0.974031 -0.012739 -0.386523
v -1.009119 -0.013234 -0.405429
v -0.957357 -0.012087 -0.327355
v -0.949101 -0.012419 -0.376875
v -0.916583 -0.012745 -0.453898
v -0.952028 -0.013280 -0.477237
v -0.891459 -0.012029 -0.396778
v -0.899532 -0.012559 -0.451313
v -0.882947 -0.011820 -0.381483
v -0.963707 0.073041 -0.349883
v -0.929103 -0.011813 -0.327143
v -0.959442 0.024715 -0.470996
v -1.002021 0.025605 -0.405151
v -0.918504 -0.013294 -0.517762
v -0.953640 -0.013357 -0.484577
v -0.852266 -0.012186 -0.461222
v -0.893848 -0.012712 -0.476277
v -0.850270 -0.011274 -0.353662
v -0.869046 -0.011787 -0.393696
v -0.952848 0.079718 -0.370509
v -0.947841 0.033776 -0.474528
v -0.906603 -0.013152 -0.514555
v -0.844877 -0.012074 -0.456242
v -0.863169 0.040597 -0.362290
v -0.910609 0.057426 -0.433177
v -0.930036 0.079594 -0.365026
v -0.901214 0.040008 -0.454237
v -0.885175 0.034284 -0.444286
v -0.885002 0.047610 -0.413161
v -0.891627 0.060298 -0.389486
v -0.902756 0.069667 -0.368915
v -0.878527 0.053064 -0.376225
v -0.869681 0.029859 -0.431000
v -0.852246 0.024203 -0.414696
v -0.853523 0.013175 -0.447068
v -0.889959 0.022443 -0.473821
v -0.878126 0.007476 -0.487042
v -0.896796 0.011900 -0.497056
v -0.916802 0.044842 -0.461875
v -0.924541 0.027403 -0.485105
v -0.933096 0.042633 -0.467137
v -0.920558 0.070372 -0.412271
v -0.939911 0.069739 -0.423485
v -0.935580 0.077684 -0.391687
v -0.908662 0.058050 -0.341292
v -0.895333 -0.011534 -0.332620
v -0.872193 0.040541 -0.344455
v -0.843988 -0.011653 -0.406624
v -0.855789 -0.011824 -0.413510
v -0.846042 -0.011919 -0.436234
v -0.879850 -0.012748 -0.496865
v -0.894757 -0.012901 -0.498012
v -0.899589 -0.013059 -0.511473
v -0.941981 -0.013314 -0.492912
v -0.951828 -0.013331 -0.483627
v -0.950312 0.013909 -0.479757
v -0.971199 0.056750 -0.422172
v -0.986676 0.049578 -0.395990
v -0.970810 0.069076 -0.379861
v -0.853199 -0.011339 -0.358002
v -0.871617 -0.011418 -0.346215
v -0.868154 -0.011578 -0.369471
v -0.866360 -0.012322 -0.461176
v -0.874795 -0.012196 -0.436204
v -0.882431 -0.012428 -0.455377
v -0.928346 -0.013292 -0.506146
v -0.924852 -0.013173 -0.495824
v -0.939274 -0.013267 -0.490406
v -0.973751 0.018026 -0.459341
v -0.979329 -0.013387 -0.458487
v -0.992730 -0.013364 -0.440096
v -0.962580 0.057444 -0.338208
v -0.988373 0.037677 -0.339298
v -0.963603 -0.012163 -0.329189
v -0.915790 -0.011917 -0.355063
v -0.922574 -0.012139 -0.373955
v -0.897331 -0.011915 -0.376226
v -0.897185 -0.012212 -0.412179
v -0.914284 -0.012401 -0.415098
v -0.907217 -0.012471 -0.431734
v -0.931784 -0.012929 -0.458469
v -0.943378 -0.012892 -0.440491
v -0.948560 -0.013116 -0.461456
v -0.971492 -0.012316 -0.338492
v -1.000031 -0.012665 -0.347443
v -0.977925 -0.012546 -0.358766
v -0.982635 -0.013257 -0.438955
v -0.983745 -0.013014 -0.408410
v -1.002885 -0.013164 -0.404271
v 0.485929 -0.006168 0.235908
v 0.447232 -0.006904 0.192139
v 0.538150 -0.005951 0.201487
v 0.552557 -0.005438 0.246538
v 0.505733 -0.005544 0.288101
v 0.436885 -0.006321 0.274376
v 0.534052 0.022359 0.210928
v 0.583606 -0.005339 0.222442
v 0.572472 -0.004900 0.288257
v 0.493173 -0.005378 0.322673
v 0.448906 0.039167 0.252132
v 0.523408 0.025542 0.267523
v 0.513116 -0.006101 0.212406
v 0.449990 -0.006787 0.203076
v 0.501610 -0.006410 0.188543
v 0.421222 -0.006885 0.224594
v 0.449718 -0.006398 0.250232
v 0.520764 -0.005770 0.243412
v 0.550633 -0.005656 0.222563
v 0.493950 -0.005799 0.271096
v 0.526586 -0.005475 0.272239
v 0.471585 -0.005816 0.294918
v 0.442894 0.028653 0.221034
v 0.437248 0.024924 0.266662
v 0.537946 0.003058 0.204024
v 0.504616 0.017637 0.196878
v 0.581212 -0.005283 0.231979
v 0.562574 -0.005616 0.213451
v 0.542524 -0.005140 0.294064
v 0.568933 -0.005103 0.267943
v 0.462158 -0.005699 0.319981
v 0.500744 -0.005377 0.314062
v 0.487447 0.036616 0.228186
v 0.555090 0.012523 0.217945
v 0.584905 -0.005065 0.253949
v 0.538777 -0.005032 0.311390
v 0.469382 0.029632 0.293589
v 0.526266 0.030794 0.239827
v 0.485741 0.036972 0.266248
v 0.562046 0.014815 0.243825
v 0.556975 0.009946 0.277184
v 0.508510 0.021798 0.295938
v 0.497640 -0.006159 0.223364
v 0.442879 -0.006937 0.193204
v 0.523197 -0.006156 0.194153
v 0.427681 -0.006994 0.203997
v 0.439510 -0.006400 0.261775
v 0.504354 -0.005953 0.240409
v 0.553190 -0.005533 0.234395
v 0.489758 -0.005982 0.253812
v 0.515421 -0.005511 0.280874
v 0.451736 -0.006069 0.287476
v 0.442646 0.018152 0.203509
v 0.440758 0.034294 0.258269
v 0.538205 -0.005955 0.200943
v 0.523910 0.020825 0.203232
v 0.568682 -0.005343 0.239237
v 0.576076 -0.005461 0.216424
v 0.522424 -0.005358 0.291097
v 0.573985 -0.004957 0.279602
v 0.447293 -0.006011 0.299617
v 0.496753 -0.005336 0.323529
v 0.514800 0.030211 0.217190
v 0.571450 0.007662 0.218883
v 0.580765 -0.004947 0.272954
v 0.514537 -0.005194 0.320067
v 0.455770 0.036475 0.271331
v 0.531242 0.027783 0.223489
v 0.504453 0.031921 0.268690
v 0.576915 0.008718 0.230953
v 0.569207 0.003755 0.284451
v 0.500838 0.017258 0.312263
v 0.528306 -0.006021 0.204473
v 0.467416 -0.006483 0.219439
v 0.472111 -0.006712 0.186378
v 0.425729 -0.006633 0.249680
v 0.467056 -0.006301 0.241832
v 0.537040 -0.005599 0.245096
v 0.545117 -0.005809 0.210471
v 0.499412 -0.005661 0.281388
v 0.539949 -0.005454 0.259249
v 0.489854 -0.005660 0.292508
v 0.442898 0.036270 0.237285
v 0.433751 -0.006371 0.271955
v 0.538638 0.013167 0.206057
v 0.474539 0.012808 0.191639
v 0.586696 -0.005287 0.225093
v 0.550421 -0.005786 0.207078
v 0.561440 -0.004962 0.293541
v 0.561225 -0.005272 0.256490
v 0.477450 -0.005500 0.326254
v 0.503485 -0.005468 0.299900
v 0.462364 0.039862 0.239780
v 0.544915 0.017799 0.214063
v 0.587624 -0.005193 0.235378
v 0.559666 -0.004919 0.300792
v 0.481286 0.020555 0.313079
v 0.523543 0.029449 0.255072
v 0.464659 0.039851 0.259307
v 0.542560 0.020947 0.256539
v 0.539295 0.018053 0.272091
v 0.515072 0.024451 0.281105
v 0.494728 0.030567 0.282622
v 0.475469 0.035028 0.279733
v 0.487985 0.026872 0.296838
v 0.533269 0.015778 0.288167
v 0.525412 0.012865 0.306658
v 0.550331 0.007627 0.296391
v 0.560954 0.012365 0.259897
v 0.574551 0.005030 0.265526
v 0.577084 0.007260 0.247899
v 0.544124 0.023374 0.242020
v 0.559884 0.014804 0.229387
v 0.543508 0.022241 0.227707
v 0.504417 0.035706 0.253170
v 0.507620 0.035406 0.234712
v 0.483989 0.039116 0.247245
v 0.451860 0.028913 0.283210
v 0.447846 -0.006028 0.296919
v 0.464646 0.020319 0.311150
v 0.520912 -0.005167 0.315858
v 0.522906 -0.005242 0.304586
v 0.543597 -0.005033 0.305670
v 0.581469 -0.005035 0.261534
v 0.578050 -0.005168 0.249482
v 0.587233 -0.005143 0.241785
v 0.560353 -0.005634 0.213831
v 0.550199 -0.005774 0.208777
v 0.548009 0.007867 0.210810
v 0.497325 0.028735 0.210624
v 0.472145 0.024822 0.206113
v 0.464353 0.034528 0.223058
v 0.480013 -0.005504 0.322695
v 0.465408 -0.005737 0.311628
v 0.484696 -0.005585 0.307617
v 0.557319 -0.005094 0.282473
v 0.535241 -0.005301 0.283073
v 0.548102 -0.005274 0.271517
v 0.574710 -0.005439 0.220718
v 0.567607 -0.005460 0.226454
v 0.559167 -0.005622 0.216684
v 0.525226 0.009637 0.198250
v 0.522462 -0.006160 0.194435
v 0.504118 -0.006380 0.189226
v 0.433807 0.028338 0.241714
v 0.426891 0.018313 0.221320
v 0.425360 -0.006682 0.244238
v 0.459561 -0.006103 0.274337
v 0.472448 -0.006068 0.263533
v 0.481552 -0.005821 0.282722
v 0.509861 -0.005634 0.272426
v 0.507200 -0.005779 0.258138
v 0.522329 -0.005627 0.258877
v 0.536229 -0.005717 0.231821
v 0.518733 -0.005918 0.227911
v 0.533714 -0.005858 0.217767
v 0.430389 -0.006708 0.235343
v 0.429154 -0.006927 0.210313
v 0.444464 -0.006663 0.224415
v 0.506147 -0.006292 0.197492
v 0.481809 -0.006460 0.205465
v 0.473008 -0.006660 0.191615
v 0.084823 -0.002551 -0.307155
v 0.047444 -0.002776 -0.290906
v 0.073218 -0.003012 -0.349229
v 0.106219 -0.002693 -0.349083
v 0.123726 -0.002192 -0.309052
v 0.099798 -0.002068 -0.266318
v 0.078799 0.030878 -0.343747
v 0.096910 -0.002997 -0.374881
v 0.138194 -0.002420 -0.353310
v 0.143967 -0.001866 -0.293266
v 0.087939 0.052173 -0.277916
v 0.114089 0.034743 -0.324415
v 0.075076 -0.002837 -0.330262
v 0.055297 -0.002696 -0.290378
v 0.056762 -0.002992 -0.327768
v 0.063387 -0.002421 -0.266650
v 0.086535 -0.002309 -0.280037
v 0.097301 -0.002609 -0.328656
v 0.089893 -0.002882 -0.352972
v 0.109903 -0.002291 -0.304896
v 0.117686 -0.002393 -0.326309
v 0.120900 -0.002019 -0.284920
v 0.065934 0.039747 -0.280890
v 0.094974 0.035295 -0.267415
v 0.074920 0.007757 -0.348315
v 0.063108 0.025698 -0.327350
v 0.102724 -0.002910 -0.371237
v 0.086415 -0.002998 -0.362860
v 0.135602 -0.002270 -0.332183
v 0.123950 -0.002574 -0.355338
v 0.135505 -0.001781 -0.273263
v 0.139882 -0.001962 -0.300146
v 0.080323 0.048589 -0.308723
v 0.087914 0.018792 -0.356457
v 0.118100 -0.002743 -0.368953
v 0.146295 -0.002115 -0.325963
v 0.119791 0.040396 -0.282831
v 0.096360 0.041028 -0.332139
v 0.105218 0.048973 -0.299388
v 0.106601 0.021383 -0.355445
v 0.127614 0.015579 -0.345022
v 0.129715 0.030441 -0.308504
v 0.079018 -0.002694 -0.317630
v 0.047215 -0.002752 -0.287787
v 0.065132 -0.003020 -0.340886
v 0.051106 -0.002612 -0.275375
v 0.091999 -0.002180 -0.270775
v 0.091776 -0.002577 -0.318413
v 0.098296 -0.002794 -0.352119
v 0.097530 -0.002418 -0.305838
v 0.121014 -0.002284 -0.317038
v 0.111689 -0.002011 -0.273351
v 0.054177 0.027228 -0.284768
v 0.090225 0.046459 -0.271311
v 0.072869 -0.003017 -0.349383
v 0.071498 0.029209 -0.338710
v 0.104844 -0.002808 -0.361358
v 0.091295 -0.003020 -0.371181
v 0.129306 -0.002225 -0.319483
v 0.132776 -0.002496 -0.356179
v 0.118790 -0.001897 -0.267786
v 0.145306 -0.001871 -0.295458
v 0.078866 0.040542 -0.329415
v 0.092023 0.012735 -0.367241
v 0.129823 -0.002574 -0.362111
v 0.146836 -0.001961 -0.308006
v 0.102138 0.048818 -0.278409
v 0.086568 0.037382 -0.339038
v 0.110829 0.042652 -0.311415
v 0.101216 0.013894 -0.368244
v 0.135026 0.007982 -0.351739
v 0.138865 0.025100 -0.300014
v 0.073080 -0.002954 -0.342052
v 0.069908 -0.002622 -0.298418
v 0.048976 -0.002909 -0.308658
v 0.081005 -0.002231 -0.264235
v 0.084693 -0.002438 -0.293353
v 0.101922 -0.002651 -0.339096
v 0.080680 -0.002962 -0.351917
v 0.117909 -0.002225 -0.306303
v 0.111941 -0.002546 -0.337977
v 0.123232 -0.002101 -0.297564
v 0.076773 0.048826 -0.277197
v 0.097516 -0.002077 -0.264759
v 0.076489 0.019829 -0.348077
v 0.053126 0.020383 -0.308634
v 0.099334 -0.002986 -0.376360
v 0.079570 -0.003008 -0.356168
v 0.139326 -0.002339 -0.344849
v 0.114689 -0.002641 -0.352691
v 0.142960 -0.001783 -0.282060
v 0.131073 -0.002088 -0.305017
v 0.082642 0.052824 -0.289492
v 0.083184 0.025259 -0.350401
v 0.106360 -0.002905 -0.374760
v 0.143757 -0.002273 -0.342110
v 0.135223 0.029331 -0.286772
v 0.105882 0.039434 -0.327084
v 0.096095 0.052743 -0.286812
v 0.110889 0.028983 -0.339613
v 0.120487 0.025545 -0.334172
v 0.121301 0.033540 -0.315985
v 0.117973 0.041154 -0.301995
v 0.111943 0.046779 -0.289716
v 0.125930 0.036813 -0.294553
v 0.129843 0.022887 -0.326769
v 0.140403 0.019490 -0.317648
v 0.138915 0.012873 -0.336537
v 0.117015 0.018443 -0.351323
v 0.123626 0.009460 -0.359328
v 0.112488 0.012119 -0.364746
v 0.101607 0.031886 -0.343715
v 0.096554 0.021428 -0.357118
v 0.091967 0.030566 -0.346416
v 0.100548 0.047204 -0.314635
v 0.088986 0.046830 -0.320743
v 0.092245 0.051597 -0.302261
v 0.109128 0.039816 -0.273451
v 0.117118 -0.001921 -0.268734
v 0.130361 0.029303 -0.276146
v 0.145415 -0.002017 -0.313144
v 0.138363 -0.002116 -0.316896
v 0.143536 -0.002178 -0.330395
v 0.122395 -0.002669 -0.365039
v 0.113660 -0.002756 -0.365367
v 0.110528 -0.002851 -0.373120
v 0.086189 -0.002987 -0.361305
v 0.080650 -0.002994 -0.355654
v 0.081623 0.013344 -0.353411
v 0.070739 0.039051 -0.319265
v 0.062299 0.034757 -0.303620
v 0.071936 0.046447 -0.294549
v 0.141149 -0.001821 -0.284528
v 0.130661 -0.001861 -0.277220
v 0.132150 -0.001960 -0.290885
v 0.131094 -0.002415 -0.344500
v 0.126739 -0.002334 -0.329718
v 0.121838 -0.002473 -0.340743
v 0.093851 -0.002980 -0.369349
v 0.096129 -0.002909 -0.363398
v 0.087828 -0.002960 -0.359903
v 0.068398 0.015823 -0.340944
v 0.065161 -0.003016 -0.340337
v 0.057755 -0.002995 -0.329285
v 0.077700 0.039471 -0.270413
v 0.062609 0.027625 -0.270470
v 0.077315 -0.002275 -0.265163
v 0.104652 -0.002146 -0.281376
v 0.100256 -0.002279 -0.292256
v 0.114950 -0.002153 -0.294162
v 0.114210 -0.002334 -0.315169
v 0.104155 -0.002442 -0.316482
v 0.107902 -0.002488 -0.326363
v 0.092937 -0.002757 -0.341418
v 0.086576 -0.002729 -0.330649
v 0.083068 -0.002863 -0.342777
v 0.072493 -0.002365 -0.270418
v 0.055615 -0.002565 -0.274991
v 0.068270 -0.002502 -0.282113
v 0.063678 -0.002935 -0.328851
v 0.063731 -0.002786 -0.310981
v 0.052644 -0.002869 -0.308124
v 0.071346 -0.009832 -0.477501
v 0.083609 -0.009232 -0.419528
v 0.020001 -0.010081 -0.447934
v 0.027350 -0.010585 -0.517200
v 0.095501 -0.010048 -0.531603
v 0.130270 -0.009212 -0.471238
v 0.047192 -0.009615 -0.423398
v 0.012422 -0.010451 -0.483763
v 0.053895 -0.012375 -0.535113
v 0.117503 -0.011526 -0.506707
v 0.110198 -0.008410 -0.437402
v 0.066555 0.011503 -0.476798
v 0.041166 -0.009978 -0.460122
v 0.078554 -0.009479 -0.443425
v 0.048374 -0.009626 -0.426046
v 0.113189 -0.009115 -0.439744
v 0.105980 -0.009468 -0.473819
v 0.045486 -0.010274 -0.500835
v 0.015307 -0.010421 -0.483457
v 0.085544 -0.009959 -0.509301
v 0.059684 -0.010402 -0.532636
v 0.120178 -0.009595 -0.505619
v 0.104414 -0.009037 -0.420090
v 0.131841 -0.009025 -0.450484
v 0.026968 -0.009851 -0.428321
v 0.064356 -0.009352 -0.411625
v 0.010851 -0.010639 -0.504517
v 0.006532 -0.010342 -0.463803
v 0.073148 -0.012255 -0.543016
v 0.038278 -0.010627 -0.534911
v 0.136161 -0.009321 -0.491198
v 0.110536 -0.011756 -0.526320
v 0.077915 -0.005657 -0.421923
v 0.017420 -0.006464 -0.448940
v 0.024410 -0.006944 -0.514815
v 0.089643 0.018053 -0.528152
v 0.122710 0.018848 -0.470742
v 0.052262 0.006047 -0.445080
v 0.092320 0.006362 -0.453545
v 0.031826 0.005556 -0.480561
v 0.059670 0.030053 -0.510595
v 0.097057 0.030552 -0.493899
v -0.155568 -0.001406 0.933615
v -0.184658 -0.001850 0.913948
v -0.145856 -0.001593 0.899875
v -0.120476 -0.001078 0.932431
v -0.143591 -0.001017 0.966623
v -0.183257 -0.001494 0.955200
v -0.167544 -0.001796 0.900607
v -0.127877 -0.001319 0.912031
v -0.126229 0.013547 0.953497
v -0.165031 0.013290 0.967569
v -0.190386 0.014323 0.935036
v -0.155084 0.026897 0.934032
v -0.149859 -0.001516 0.913784
v -0.172666 -0.001667 0.922055
v -0.166958 -0.001777 0.902223
v -0.188942 -0.001718 0.934742
v -0.171843 -0.001458 0.946302
v -0.134941 -0.001213 0.932919
v -0.129232 -0.001323 0.913087
v -0.148528 -0.001178 0.953017
v -0.127901 -0.000985 0.952321
v -0.164804 -0.001229 0.965704
v -0.193293 -0.001860 0.922751
v -0.192470 -0.001651 0.946998
v -0.156898 -0.001745 0.894382
v -0.179706 -0.001896 0.902653
v -0.118665 -0.001162 0.920233
v -0.133583 -0.001465 0.901097
v -0.131181 0.013593 0.964791
v -0.117842 -0.000953 0.944480
v -0.177552 -0.001348 0.966134
v -0.153988 0.013442 0.973062
v -0.182930 0.015969 0.915172
v -0.146027 0.016213 0.901789
v -0.121889 0.016703 0.932751
v -0.143625 0.031271 0.965483
v -0.181351 0.030817 0.954619
v -0.162181 0.023360 0.914582
v -0.175767 0.023396 0.934679
v -0.138865 0.023640 0.921297
v -0.137795 0.038359 0.945757
v -0.160601 0.038208 0.954029
v -0.810197 0.008214 -0.044031
v -0.813177 0.028611 -0.020065
v -0.811720 0.010799 0.004403
v -0.836674 -0.005327 -0.025564
v -0.844532 0.000816 -0.072314
v -0.837313 0.023784 -0.063768
v -0.816228 0.023158 0.002020
v -0.840201 0.004044 0.003160
v -0.871948 0.000796 -0.037563
v -0.862930 0.016893 -0.066122
v -0.840840 0.033155 -0.035045
v -0.856290 0.017888 -0.022380
v -0.803265 0.007855 -0.020363
v -0.802614 0.018106 -0.034280
v -0.798712 0.018690 -0.008569
v -0.822301 0.027994 -0.043639
v -0.817172 0.014986 -0.060659
v -0.817888 -0.001348 -0.037838
v -0.821898 0.000578 -0.007246
v -0.826276 0.003214 -0.062557
v -0.844909 -0.004064 -0.049440
v -0.835615 0.011392 -0.076767
v -0.824698 0.033815 -0.026693
v -0.838043 0.031191 -0.051725
v -0.814063 0.018571 0.011197
v -0.816252 0.029115 -0.001883
v -0.838374 -0.002529 -0.005820
v -0.823693 0.006178 0.009647
v -0.852021 -0.003207 -0.062238
v -0.860436 -0.004348 -0.030438
v -0.843201 0.019507 -0.075234
v -0.852016 0.007837 -0.077605
v -0.832605 0.031893 -0.011169
v -0.831228 0.014413 0.011244
v -0.862441 0.001154 -0.013389
v -0.868101 0.007194 -0.058267
v -0.863169 0.028883 -0.049720
v -0.848449 0.024012 0.000603
v -0.859266 0.029468 -0.024009
v -0.857888 0.011989 -0.001596
v -0.872110 0.009120 -0.027674
v -0.863548 0.018029 -0.046473
v 0.227518 -0.006269 0.584400
v 0.222749 -0.000450 0.588571
v 0.218597 -0.006278 0.593686
v 0.219009 -0.006359 0.583418
v 0.225770 -0.006383 0.572743
v 0.225739 -0.001653 0.575649
v 0.218195 -0.001953 0.592403
v 0.213194 -0.006374 0.588411
v 0.214167 -0.006478 0.574731
v 0.221019 -0.006446 0.570596
v 0.219965 0.000770 0.580679
v 0.214600 -0.003331 0.580463
v 0.224677 -0.006247 0.590313
v 0.227274 -0.006245 0.587618
v 0.223471 -0.006233 0.593390
v 0.225139 -0.000568 0.582290
v 0.229093 -0.006292 0.579832
v 0.224903 -0.006295 0.584311
v 0.218665 -0.006311 0.589633
v 0.227640 -0.006322 0.577906
v 0.221629 -0.006385 0.577225
v 0.228317 -0.006353 0.573387
v 0.221671 0.000940 0.585200
v 0.223479 0.000288 0.577884
v 0.216919 -0.006287 0.594565
v 0.218907 -0.000360 0.591615
v 0.215158 -0.006366 0.587000
v 0.215301 -0.006318 0.592618
v 0.222500 -0.006408 0.573425
v 0.215179 -0.006439 0.578219
v 0.226600 -0.002770 0.572344
v 0.225227 -0.006408 0.570323
v 0.217339 0.000387 0.586865
v 0.213521 -0.006345 0.591544
v 0.211745 -0.006447 0.581198
v 0.218607 -0.006464 0.571286
v 0.218148 -0.000351 0.573814
v 0.212083 -0.001749 0.586387
v 0.214346 -0.000251 0.579588
v 0.210538 -0.006434 0.584275
v 0.212369 -0.006480 0.576607
v 0.217455 -0.003245 0.574410
v -0.488180 -0.006645 0.065251
v -0.491689 -0.001265 0.069953
v -0.494430 -0.006622 0.075345
v -0.496041 -0.006715 0.066009
v -0.492007 -0.006767 0.055080
v -0.491485 -0.002402 0.057723
v -0.495051 -0.002636 0.074282
v -0.500319 -0.006709 0.071633
v -0.502083 -0.006830 0.059113
v -0.496703 -0.006820 0.054062
v -0.495725 -0.000148 0.063380
v -0.500593 -0.003921 0.064207
v -0.489600 -0.006610 0.071132
v -0.487779 -0.006617 0.068200
v -0.490094 -0.006590 0.074138
v -0.490747 -0.001388 0.063829
v -0.487643 -0.006677 0.060829
v -0.490555 -0.006665 0.065677
v -0.495150 -0.006659 0.071678
v -0.489324 -0.006705 0.059374
v -0.494875 -0.006754 0.059921
v -0.489587 -0.006743 0.055169
v -0.493315 0.000013 0.067128
v -0.493096 -0.000604 0.060181
v -0.495772 -0.006626 0.076462
v -0.494565 -0.001170 0.073440
v -0.498820 -0.006709 0.069982
v -0.497607 -0.006655 0.075019
v -0.494824 -0.006784 0.056326
v -0.500497 -0.006791 0.062061
v -0.491345 -0.003438 0.054573
v -0.492964 -0.006793 0.053004
v -0.496898 -0.000487 0.069463
v -0.499419 -0.006678 0.074394
v -0.503018 -0.006787 0.065410
v -0.498746 -0.006831 0.055149
v -0.498686 -0.001190 0.057539
v -0.501723 -0.002447 0.070039
v -0.500999 -0.001081 0.063478
v -0.503511 -0.006767 0.068417
v -0.503341 -0.006825 0.061151
v -0.499189 -0.003856 0.058200
v 0.442603 -0.007507 -0.453586
v 0.438722 -0.001556 -0.448386
v 0.435691 -0.007481 -0.442422
v 0.433909 -0.007584 -0.452749
v 0.438371 -0.007642 -0.464836
v 0.438947 -0.002814 -0.461913
v 0.435004 -0.003073 -0.443598
v 0.429177 -0.007578 -0.446528
v 0.427227 -0.007712 -0.460376
v 0.433176 -0.007701 -0.465962
v 0.434258 -0.000321 -0.455656
v 0.428874 -0.004494 -0.454741
v 0.441033 -0.007469 -0.447083
v 0.443047 -0.007476 -0.450325
v 0.440487 -0.007446 -0.443757
v 0.439764 -0.001693 -0.455159
v 0.443198 -0.007542 -0.458477
v 0.439977 -0.007529 -0.453115
v 0.434894 -0.007523 -0.446478
v 0.441338 -0.007574 -0.460087
v 0.435199 -0.007628 -0.459482
v 0.441047 -0.007615 -0.464737
v 0.436924 -0.000143 -0.451511
v 0.437167 -0.000825 -0.459194
v 0.434206 -0.007485 -0.441187
v 0.435542 -0.001451 -0.444529
v 0.430835 -0.007577 -0.448354
v 0.432177 -0.007518 -0.442782
v 0.435256 -0.007660 -0.463457
v 0.428980 -0.007668 -0.457114
v 0.439103 -0.003960 -0.465396
v 0.437313 -0.007671 -0.467133
v 0.432962 -0.000696 -0.448928
v 0.430173 -0.007543 -0.443474
v 0.426193 -0.007664 -0.453410
v 0.430917 -0.007713 -0.464759
v 0.430983 -0.001474 -0.462117
v 0.427625 -0.002864 -0.448290
v 0.428425 -0.001353 -0.455547
v 0.425646 -0.007642 -0.450084
v 0.425835 -0.007707 -0.458121
v 0.430427 -0.004422 -0.461386
v -0.672621 -0.005400 -0.443387
v -0.678228 0.003198 -0.435874
v -0.682607 -0.005362 -0.427258
v -0.685182 -0.005511 -0.442177
v -0.678736 -0.005594 -0.459641
v -0.677902 0.001381 -0.455417
v -0.683600 0.001007 -0.428957
v -0.692018 -0.005502 -0.433190
v -0.694836 -0.005695 -0.453197
v -0.686241 -0.005679 -0.461268
v -0.684677 0.004982 -0.446377
v -0.692456 -0.001046 -0.445056
v -0.674890 -0.005344 -0.433992
v -0.671980 -0.005355 -0.438676
v -0.675679 -0.005311 -0.429187
v -0.676722 0.003001 -0.445660
v -0.671762 -0.005450 -0.450453
v -0.676415 -0.005431 -0.442708
v -0.683759 -0.005422 -0.433118
v -0.674449 -0.005495 -0.452779
v -0.683318 -0.005574 -0.451906
v -0.674868 -0.005555 -0.459498
v -0.680825 0.005240 -0.440389
v -0.680476 0.004254 -0.451490
v -0.684753 -0.005368 -0.425473
v -0.682823 0.003350 -0.430302
v -0.689624 -0.005501 -0.435828
v -0.687685 -0.005415 -0.427779
v -0.683236 -0.005620 -0.457649
v -0.692302 -0.005632 -0.448485
v -0.677677 -0.000274 -0.460450
v -0.680265 -0.005636 -0.462959
v -0.686551 0.004442 -0.436658
v -0.690580 -0.005451 -0.428777
v -0.696330 -0.005626 -0.443133
v -0.689504 -0.005696 -0.459530
v -0.689408 0.003318 -0.455712
v -0.694261 0.001309 -0.435736
v -0.693104 0.003491 -0.446221
v -0.697119 -0.005594 -0.438328
v -0.696847 -0.005688 -0.449940
v -0.690212 -0.000943 -0.454656
v 0.870545 -0.004881 0.383973
v 0.863975 0.005193 0.392775
v 0.858844 -0.004837 0.402871
v 0.855829 -0.005011 0.385391
v 0.863381 -0.005108 0.364930
v 0.864357 0.003064 0.369878
v 0.857682 0.002626 0.400879
v 0.847819 -0.005001 0.395920
v 0.844518 -0.005227 0.372479
v 0.854587 -0.005209 0.363024
v 0.856420 0.007283 0.380470
v 0.847306 0.000221 0.382017
v 0.867887 -0.004815 0.394981
v 0.871297 -0.004828 0.389492
v 0.866963 -0.004777 0.400611
v 0.865740 0.004961 0.381310
v 0.871552 -0.004940 0.375694
v 0.866099 -0.004917 0.384769
v 0.857496 -0.004907 0.396005
v 0.868404 -0.004993 0.372969
v 0.858012 -0.005085 0.373992
v 0.867912 -0.005063 0.365096
v 0.860933 0.007584 0.387486
v 0.861342 0.006430 0.374479
v 0.856331 -0.004844 0.404961
v 0.858592 0.005371 0.399303
v 0.850624 -0.004999 0.392830
v 0.852896 -0.004899 0.402260
v 0.858108 -0.005139 0.367263
v 0.847486 -0.005153 0.378001
v 0.864621 0.001124 0.363982
v 0.861589 -0.005158 0.361042
v 0.854224 0.006649 0.391858
v 0.849504 -0.004942 0.401090
v 0.842766 -0.005146 0.384271
v 0.850765 -0.005228 0.365060
v 0.850877 0.005333 0.369533
v 0.845191 0.002979 0.392938
v 0.846546 0.005536 0.380653
v 0.841842 -0.005108 0.389900
v 0.842161 -0.005218 0.376296
v 0.849935 0.000341 0.370771
v 0.270135 -0.036105 -0.340476
v 0.264528 -0.027507 -0.332964
v 0.260149 -0.036067 -0.324347
v 0.257575 -0.036216 -0.339266
v 0.264021 -0.036299 -0.356730
v 0.264854 -0.029324 -0.352507
v 0.259157 -0.029698 -0.326046
v 0.250739 -0.036207 -0.330279
v 0.247920 -0.036400 -0.350286
v 0.256516 -0.036385 -0.358357
v 0.258079 -0.025723 -0.343466
v 0.250301 -0.031751 -0.342145
v 0.267867 -0.036049 -0.331081
v 0.270777 -0.036060 -0.335765
v 0.267078 -0.036017 -0.326276
v 0.266034 -0.027705 -0.342749
v 0.270995 -0.036155 -0.347542
v 0.266341 -0.036136 -0.339797
v 0.258998 -0.036127 -0.330207
v 0.268308 -0.036201 -0.349868
v 0.259439 -0.036279 -0.348995
v 0.267888 -0.036260 -0.356587
v 0.261931 -0.025466 -0.337478
v 0.262281 -0.026451 -0.348579
v 0.258003 -0.036073 -0.322563
v 0.259933 -0.027355 -0.327391
v 0.253133 -0.036206 -0.332917
v 0.255072 -0.036121 -0.324868
v 0.259521 -0.036326 -0.354738
v 0.250454 -0.036337 -0.345574
v 0.265079 -0.030979 -0.357539
v 0.262492 -0.036341 -0.360048
v 0.256206 -0.026264 -0.333747
v 0.252177 -0.036157 -0.325866
v 0.246426 -0.036331 -0.340222
v 0.253253 -0.036402 -0.356619
v 0.253348 -0.027388 -0.352801
v 0.248495 -0.029396 -0.332825
v 0.249652 -0.027214 -0.343310
v 0.245637 -0.036299 -0.335417
v 0.245910 -0.036393 -0.347029
v 0.252544 -0.031648 -0.351745
v -0.539836 -0.003168 -0.127011
v -0.533054 0.005433 -0.133491
v -0.527905 -0.003175 -0.141760
v -0.527221 -0.003043 -0.126636
v -0.535807 -0.002989 -0.110119
v -0.535881 0.003909 -0.114195
v -0.526927 0.003244 -0.139748
v -0.519313 -0.003034 -0.134695
v -0.519025 -0.002863 -0.114493
v -0.528565 -0.002898 -0.107564
v -0.527910 0.007510 -0.122202
v -0.520219 0.001616 -0.122724
v -0.536406 -0.003210 -0.136047
v -0.539881 -0.003208 -0.131765
v -0.535021 -0.003235 -0.140715
v -0.535779 0.005355 -0.123976
v -0.541574 -0.003127 -0.120108
v -0.535986 -0.003132 -0.127209
v -0.527498 -0.003122 -0.135802
v -0.539200 -0.003082 -0.117463
v -0.530291 -0.002995 -0.117218
v -0.539626 -0.003031 -0.110745
v -0.530975 0.007598 -0.128620
v -0.532744 0.006775 -0.117679
v -0.525552 -0.003165 -0.143261
v -0.527792 0.005593 -0.138438
v -0.522018 -0.003041 -0.132378
v -0.522933 -0.003118 -0.140607
v -0.531092 -0.002955 -0.111530
v -0.520948 -0.002923 -0.119485
v -0.536788 0.002325 -0.109282
v -0.534706 -0.002949 -0.106635
v -0.524852 0.006858 -0.131628
v -0.520186 -0.003080 -0.139253
v -0.516281 -0.002918 -0.124290
v -0.525110 -0.002875 -0.108879
v -0.524437 0.006083 -0.112396
v -0.517186 0.003865 -0.131672
v -0.519575 0.006186 -0.121344
v -0.514896 -0.002944 -0.128957
v -0.516622 -0.002865 -0.117472
v -0.523644 0.001820 -0.113477
v -0.583381 -0.000654 -0.352397
v -0.576600 0.007947 -0.358877
v -0.571451 -0.000662 -0.367146
v -0.570768 -0.000530 -0.352022
v -0.579353 -0.000475 -0.335505
v -0.579427 0.006422 -0.339582
v -0.570474 0.005757 -0.365135
v -0.562859 -0.000521 -0.360081
v -0.562572 -0.000350 -0.339879
v -0.572111 -0.000384 -0.332950
v -0.571457 0.010023 -0.347588
v -0.563766 0.004129 -0.348110
v -0.579953 -0.000696 -0.361434
v -0.583427 -0.000694 -0.357151
v -0.578568 -0.000722 -0.366101
v -0.579326 0.007869 -0.349362
v -0.585120 -0.000614 -0.345495
v -0.579533 -0.000619 -0.352595
v -0.571044 -0.000609 -0.361188
v -0.582746 -0.000569 -0.342850
v -0.573837 -0.000481 -0.342604
v -0.583172 -0.000517 -0.336131
v -0.574522 0.010111 -0.354006
v -0.576290 0.009288 -0.343066
v -0.569099 -0.000652 -0.368648
v -0.571338 0.008106 -0.363824
v -0.565565 -0.000527 -0.357764
v -0.566480 -0.000605 -0.365993
v -0.574639 -0.000442 -0.336917
v -0.564494 -0.000410 -0.344872
v -0.580334 0.004838 -0.334668
v -0.578252 -0.000436 -0.332021
v -0.568398 0.009371 -0.357014
v -0.563733 -0.000567 -0.364639
v -0.559827 -0.000405 -0.349676
v -0.568656 -0.000362 -0.334265
v -0.567983 0.008597 -0.337782
v -0.560732 0.006379 -0.357058
v -0.563122 0.008700 -0.346731
v -0.558442 -0.000430 -0.354343
v -0.560168 -0.000352 -0.342858
v -0.567190 0.004334 -0.338863
v 0.479856 -0.006169 -0.335588
v 0.484549 -0.000216 -0.340073
v 0.488113 -0.006174 -0.345797
v 0.488586 -0.006083 -0.335328
v 0.482644 -0.006045 -0.323896
v 0.482593 -0.001271 -0.326717
v 0.488790 -0.001731 -0.344404
v 0.494061 -0.006076 -0.340906
v 0.494259 -0.005958 -0.326924
v 0.487657 -0.005982 -0.322127
v 0.488109 0.001222 -0.332259
v 0.493433 -0.002858 -0.332621
v 0.482229 -0.006198 -0.341843
v 0.479824 -0.006197 -0.338878
v 0.483188 -0.006216 -0.345073
v 0.482663 -0.000270 -0.333487
v 0.478652 -0.006141 -0.330810
v 0.482520 -0.006145 -0.335725
v 0.488395 -0.006137 -0.341673
v 0.480295 -0.006110 -0.328979
v 0.486462 -0.006049 -0.328810
v 0.480000 -0.006074 -0.324329
v 0.485988 0.001282 -0.336702
v 0.484764 0.000713 -0.329129
v 0.489742 -0.006167 -0.346836
v 0.488192 -0.000105 -0.343497
v 0.492187 -0.006081 -0.339303
v 0.491555 -0.006135 -0.344998
v 0.485907 -0.006022 -0.324873
v 0.492928 -0.006000 -0.330379
v 0.481965 -0.002367 -0.323316
v 0.483405 -0.006018 -0.321485
v 0.490227 0.000770 -0.338784
v 0.493456 -0.006108 -0.344061
v 0.496159 -0.005996 -0.333704
v 0.490048 -0.005967 -0.323038
v 0.490514 0.000234 -0.325472
v 0.495532 -0.001301 -0.338814
v 0.493879 0.000306 -0.331666
v 0.497118 -0.006014 -0.336936
v 0.495923 -0.005960 -0.328986
v 0.491062 -0.002716 -0.326220
v -0.463824 -0.010324 -0.382089
v -0.457043 -0.001723 -0.388569
v -0.451894 -0.010332 -0.396838
v -0.451211 -0.010200 -0.381714
v -0.459796 -0.010145 -0.365197
v -0.459870 -0.003248 -0.369273
v -0.450916 -0.003913 -0.394826
v -0.443301 -0.010190 -0.389773
v -0.443014 -0.010020 -0.369571
v -0.452554 -0.010054 -0.362642
v -0.451900 0.000353 -0.377279
v -0.444208 -0.005541 -0.377802
v -0.460396 -0.010366 -0.391125
v -0.463870 -0.010364 -0.386843
v -0.459010 -0.010392 -0.395793
v -0.459768 -0.001801 -0.379054
v -0.465563 -0.010284 -0.375186
v -0.459975 -0.010289 -0.382287
v -0.451486 -0.010278 -0.390880
v -0.463189 -0.010239 -0.372542
v -0.454280 -0.010151 -0.372296
v -0.463614 -0.010187 -0.365823
v -0.454964 0.000441 -0.383698
v -0.456733 -0.000382 -0.372757
v -0.449541 -0.010322 -0.398339
v -0.451781 -0.001564 -0.393516
v -0.446008 -0.010197 -0.387456
v -0.446922 -0.010274 -0.395685
v -0.455082 -0.010112 -0.366608
v -0.444937 -0.010080 -0.374563
v -0.460777 -0.004832 -0.364360
v -0.458695 -0.010106 -0.361713
v -0.448841 -0.000299 -0.386706
v -0.444175 -0.010237 -0.394331
v -0.440270 -0.010075 -0.379368
v -0.449099 -0.010032 -0.363957
v -0.448426 -0.001073 -0.367474
v -0.441175 -0.003291 -0.386750
v -0.443564 -0.000970 -0.376423
v -0.438884 -0.010100 -0.384035
v -0.440611 -0.010022 -0.372550
v -0.447633 -0.005336 -0.368555
v 1.021582 -0.005498 0.134441
v 1.029528 0.004580 0.126848
v 1.035560 -0.005507 0.117160
v 1.036361 -0.005352 0.134880
v 1.026303 -0.005288 0.154232
v 1.026215 0.002793 0.149455
v 1.036705 0.002014 0.119517
v 1.045628 -0.005341 0.125438
v 1.045964 -0.005141 0.149107
v 1.034788 -0.005181 0.157226
v 1.035554 0.007013 0.140075
v 1.044565 0.000107 0.139463
v 1.025600 -0.005547 0.123853
v 1.021529 -0.005544 0.128871
v 1.027222 -0.005577 0.118384
v 1.026335 0.004488 0.137997
v 1.019546 -0.005450 0.142528
v 1.026093 -0.005456 0.134208
v 1.036038 -0.005444 0.124141
v 1.022327 -0.005398 0.145626
v 1.032765 -0.005295 0.145914
v 1.021828 -0.005337 0.153498
v 1.031963 0.007116 0.132555
v 1.029891 0.006152 0.145374
v 1.038317 -0.005495 0.115401
v 1.035693 0.004766 0.121052
v 1.042457 -0.005349 0.128152
v 1.041386 -0.005439 0.118511
v 1.031826 -0.005248 0.152578
v 1.043712 -0.005211 0.143258
v 1.025153 0.000937 0.155213
v 1.027592 -0.005242 0.158314
v 1.039137 0.006249 0.129031
v 1.044604 -0.005395 0.120098
v 1.049179 -0.005205 0.137628
v 1.038835 -0.005155 0.155685
v 1.039623 0.005341 0.151564
v 1.048119 0.002743 0.128979
v 1.045320 0.005462 0.141079
v 1.050803 -0.005235 0.132160
v 1.048780 -0.005143 0.145616
v 1.040553 0.000347 0.150297
v -0.434322 -0.004212 0.408969
v -0.430078 0.001171 0.404914
v -0.426856 -0.004217 0.399738
v -0.426428 -0.004134 0.409203
v -0.431801 -0.004100 0.419539
v -0.431847 0.000216 0.416989
v -0.426244 -0.000199 0.400997
v -0.421479 -0.004128 0.404160
v -0.421299 -0.004022 0.416803
v -0.427269 -0.004043 0.421139
v -0.426859 0.002470 0.411978
v -0.422046 -0.001218 0.411651
v -0.432176 -0.004238 0.403314
v -0.434350 -0.004237 0.405994
v -0.431309 -0.004254 0.400393
v -0.431784 0.001122 0.410868
v -0.435410 -0.004187 0.413289
v -0.431913 -0.004190 0.408844
v -0.426600 -0.004183 0.403467
v -0.433924 -0.004159 0.414943
v -0.428348 -0.004104 0.415097
v -0.434190 -0.004126 0.419148
v -0.428777 0.002525 0.407962
v -0.429884 0.002010 0.414808
v -0.425383 -0.004210 0.398799
v -0.426784 0.001270 0.401818
v -0.423172 -0.004132 0.405610
v -0.423744 -0.004181 0.400460
v -0.428850 -0.004079 0.418656
v -0.422502 -0.004059 0.413678
v -0.432414 -0.000775 0.420064
v -0.431112 -0.004075 0.421720
v -0.424945 0.002062 0.406079
v -0.422025 -0.004157 0.401308
v -0.419581 -0.004056 0.410671
v -0.425107 -0.004029 0.420316
v -0.424685 0.001577 0.418114
v -0.420147 0.000189 0.406051
v -0.421643 0.001642 0.412515
v -0.418714 -0.004072 0.407750
v -0.419795 -0.004023 0.414938
v -0.424189 -0.001090 0.417438
v 0.260874 -0.004932 0.706736
v 0.265477 0.000906 0.702337
v 0.268972 -0.004937 0.696724
v 0.269436 -0.004848 0.706990
v 0.263608 -0.004811 0.718202
v 0.263558 -0.000129 0.715435
v 0.269636 -0.000580 0.698089
v 0.274804 -0.004841 0.701520
v 0.275000 -0.004726 0.715233
v 0.268524 -0.004749 0.719937
v 0.268968 0.002316 0.710000
v 0.274189 -0.001685 0.709646
v 0.263201 -0.004961 0.700602
v 0.260843 -0.004959 0.703509
v 0.264141 -0.004978 0.697433
v 0.263627 0.000853 0.708796
v 0.259694 -0.004905 0.711421
v 0.263487 -0.004908 0.706601
v 0.269249 -0.004901 0.700768
v 0.261305 -0.004874 0.713216
v 0.267353 -0.004815 0.713383
v 0.261016 -0.004839 0.717777
v 0.266887 0.002375 0.705644
v 0.265688 0.001817 0.713070
v 0.270569 -0.004930 0.695705
v 0.269049 0.001014 0.698980
v 0.272968 -0.004846 0.703092
v 0.272347 -0.004898 0.697507
v 0.266808 -0.004788 0.717244
v 0.273694 -0.004766 0.711844
v 0.262943 -0.001204 0.718770
v 0.264356 -0.004784 0.720567
v 0.271045 0.001873 0.703601
v 0.274211 -0.004873 0.698426
v 0.276862 -0.004763 0.708583
v 0.270869 -0.004734 0.719044
v 0.271326 0.001347 0.716656
v 0.276249 -0.000158 0.703572
v 0.274626 0.001417 0.710582
v 0.277802 -0.004780 0.705414
v 0.276631 -0.004727 0.713211
v 0.271865 -0.001546 0.715922
v 0.273611 0.003645 -0.624259
v 0.280392 0.012246 -0.630739
v 0.285541 0.003637 -0.639008
v 0.286224 0.003769 -0.623884
v 0.277639 0.003824 -0.607367
v 0.277565 0.010721 -0.611444
v 0.286518 0.010057 -0.636997
v 0.294133 0.003779 -0.631943
v 0.294420 0.003949 -0.611741
v 0.284881 0.003915 -0.604812
v 0.285535 0.014322 -0.619449
v 0.293227 0.008428 -0.619972
v 0.277039 0.003603 -0.633296
v 0.273565 0.003605 -0.629013
v 0.278425 0.003577 -0.637963
v 0.277666 0.012168 -0.621224
v 0.271872 0.003685 -0.617356
v 0.277460 0.003680 -0.624457
v 0.285949 0.003691 -0.633050
v 0.274246 0.003730 -0.614712
v 0.283155 0.003818 -0.614466
v 0.273820 0.003782 -0.607993
v 0.282470 0.014410 -0.625868
v 0.280702 0.013588 -0.614927
v 0.287894 0.003648 -0.640509
v 0.285654 0.012405 -0.635686
v 0.291427 0.003772 -0.629626
v 0.290513 0.003695 -0.637855
v 0.282354 0.003858 -0.608779
v 0.292498 0.003889 -0.616734
v 0.276658 0.009137 -0.606530
v 0.278740 0.003863 -0.603883
v 0.288594 0.013670 -0.628876
v 0.293260 0.003732 -0.636501
v 0.297165 0.003894 -0.621538
v 0.288336 0.003937 -0.606127
v 0.289009 0.012896 -0.609644
v 0.296260 0.010678 -0.628920
v 0.293871 0.012999 -0.618593
v 0.298550 0.003869 -0.626206
v 0.296824 0.003948 -0.614720
v 0.289802 0.008633 -0.610726
v 0.301562 -0.024787 -0.409253
v 0.306256 -0.018833 -0.413738
v 0.309820 -0.024792 -0.419462
v 0.310293 -0.024700 -0.408993
v 0.304351 -0.024663 -0.397561
v 0.304299 -0.019889 -0.400382
v 0.310496 -0.020349 -0.418069
v 0.315767 -0.024694 -0.414571
v 0.315966 -0.024576 -0.400588
v 0.309363 -0.024600 -0.395792
v 0.309816 -0.017396 -0.405924
v 0.315140 -0.021475 -0.406286
v 0.303935 -0.024816 -0.415508
v 0.301531 -0.024814 -0.412543
v 0.304894 -0.024833 -0.418738
v 0.304369 -0.018887 -0.407152
v 0.300359 -0.024758 -0.404475
v 0.304227 -0.024762 -0.409390
v 0.310102 -0.024755 -0.415338
v 0.302002 -0.024727 -0.402644
v 0.308169 -0.024667 -0.402475
v 0.301707 -0.024692 -0.397994
v 0.307695 -0.017335 -0.410366
v 0.306471 -0.017905 -0.402794
v 0.311448 -0.024785 -0.420501
v 0.309898 -0.018723 -0.417162
v 0.313894 -0.024699 -0.412968
v 0.313261 -0.024752 -0.418663
v 0.307614 -0.024639 -0.398538
v 0.314635 -0.024617 -0.404044
v 0.303672 -0.020985 -0.396981
v 0.305112 -0.024635 -0.395150
v 0.311933 -0.017847 -0.412449
v 0.315163 -0.024726 -0.417726
v 0.317866 -0.024614 -0.407369
v 0.311754 -0.024584 -0.396703
v 0.312220 -0.018383 -0.399137
v 0.317239 -0.019918 -0.412479
v 0.315585 -0.018312 -0.405331
v 0.318825 -0.024631 -0.410600
v 0.317630 -0.024577 -0.402651
v 0.312769 -0.021334 -0.399886
v -0.656752 -0.003764 0.069855
v -0.652508 0.001618 0.065799
v -0.649285 -0.003769 0.060624
v -0.648858 -0.003686 0.070089
v -0.654231 -0.003652 0.080426
v -0.654277 0.000664 0.077874
v -0.648674 0.000248 0.061883
v -0.643909 -0.003680 0.065046
v -0.643729 -0.003574 0.077688
v -0.649698 -0.003595 0.082025
v -0.649289 0.002918 0.072864
v -0.644476 -0.000771 0.072538
v -0.654606 -0.003791 0.064199
v -0.656780 -0.003789 0.066880
v -0.653739 -0.003806 0.061278
v -0.654214 0.001570 0.071754
v -0.657840 -0.003739 0.074174
v -0.654343 -0.003742 0.069731
v -0.649031 -0.003736 0.064353
v -0.656354 -0.003711 0.075829
v -0.650779 -0.003656 0.075983
v -0.656620 -0.003678 0.080034
v -0.651207 0.002973 0.068848
v -0.652314 0.002458 0.075694
v -0.647813 -0.003763 0.059685
v -0.649215 0.001718 0.062704
v -0.645602 -0.003685 0.066496
v -0.646174 -0.003733 0.061346
v -0.651281 -0.003631 0.079542
v -0.644932 -0.003611 0.074564
v -0.654845 -0.000327 0.080949
v -0.653542 -0.003627 0.082606
v -0.647375 0.002510 0.066965
v -0.644455 -0.003709 0.062193
v -0.642012 -0.003608 0.071558
v -0.647537 -0.003581 0.081201
v -0.647116 0.002025 0.079001
v -0.642578 0.000637 0.066938
v -0.644073 0.002090 0.073400
v -0.641144 -0.003624 0.068636
v -0.642225 -0.003575 0.075824
v -0.646619 -0.000643 0.078324
v -0.275524 -0.007749 0.419037
v -0.268743 0.000852 0.412557
v -0.263594 -0.007756 0.404287
v -0.262911 -0.007624 0.419411
v -0.271496 -0.007570 0.435928
v -0.271570 -0.000673 0.431852
v -0.262617 -0.001337 0.406299
v -0.255002 -0.007615 0.411353
v -0.254715 -0.007445 0.431555
v -0.264254 -0.007479 0.438484
v -0.263600 0.002929 0.423846
v -0.255908 -0.002965 0.423323
v -0.272096 -0.007791 0.410000
v -0.275570 -0.007789 0.414282
v -0.270711 -0.007816 0.405332
v -0.271468 0.000774 0.422072
v -0.277263 -0.007708 0.425939
v -0.271675 -0.007713 0.418838
v -0.263186 -0.007703 0.410245
v -0.274889 -0.007664 0.428583
v -0.265980 -0.007576 0.428829
v -0.275314 -0.007612 0.435302
v -0.266665 0.003017 0.417428
v -0.268433 0.002194 0.428368
v -0.261241 -0.007746 0.402786
v -0.263481 0.001012 0.407610
v -0.257708 -0.007622 0.413669
v -0.258623 -0.007699 0.405440
v -0.266782 -0.007536 0.434517
v -0.256637 -0.007505 0.426562
v -0.272476 -0.002256 0.436766
v -0.270396 -0.007530 0.439412
v -0.260541 0.002277 0.414419
v -0.255875 -0.007661 0.406794
v -0.251970 -0.007499 0.421757
v -0.260799 -0.007457 0.437168
v -0.260126 0.001502 0.433651
v -0.252875 -0.000716 0.414375
v -0.255265 0.001605 0.424703
v -0.250584 -0.007525 0.417090
v -0.252311 -0.007446 0.428575
v -0.259333 -0.002761 0.432570
v -0.745265 -0.005877 -0.318967
v -0.734745 0.004984 -0.324459
v -0.725673 -0.005802 -0.332593
v -0.730159 -0.005691 -0.314085
v -0.746331 -0.005707 -0.297149
v -0.744947 0.002985 -0.302136
v -0.725160 0.002268 -0.329854
v -0.717775 -0.005630 -0.321042
v -0.724523 -0.005491 -0.296539
v -0.738480 -0.005584 -0.291520
v -0.732485 0.007566 -0.309026
v -0.723047 0.000172 -0.306925
v -0.737949 -0.005888 -0.328679
v -0.743650 -0.005910 -0.324726
v -0.734636 -0.005898 -0.333830
v -0.741380 0.004843 -0.313922
v -0.749789 -0.005857 -0.311241
v -0.740545 -0.005823 -0.317856
v -0.727273 -0.005756 -0.325254
v -0.747850 -0.005805 -0.307213
v -0.737174 -0.005673 -0.303788
v -0.750725 -0.005766 -0.299247
v -0.733933 0.007693 -0.317856
v -0.739916 0.006612 -0.305257
v -0.722304 -0.005778 -0.333580
v -0.726650 0.005216 -0.328587
v -0.721857 -0.005654 -0.319194
v -0.720072 -0.005722 -0.329454
v -0.740140 -0.005647 -0.297199
v -0.725092 -0.005553 -0.303245
v -0.747778 0.000972 -0.296511
v -0.746225 -0.005667 -0.292555
v -0.725483 0.006789 -0.319335
v -0.717229 -0.005673 -0.326854
v -0.717767 -0.005517 -0.307409
v -0.733845 -0.005543 -0.291895
v -0.731742 0.005742 -0.295954
v -0.716226 0.003043 -0.316680
v -0.722726 0.005918 -0.305056
v -0.714454 -0.005527 -0.312560
v -0.720573 -0.005476 -0.299294
v -0.730430 0.000386 -0.296960
v -0.173810 0.000258 0.633972
v -0.166669 0.007630 0.630245
v -0.160511 0.000309 0.624723
v -0.163556 0.000384 0.637286
v -0.174533 0.000374 0.648782
v -0.173594 0.006274 0.645397
v -0.160162 0.005787 0.626582
v -0.155149 0.000426 0.632564
v -0.159730 0.000520 0.649196
v -0.169204 0.000457 0.652604
v -0.165135 0.009383 0.640720
v -0.158728 0.004364 0.642146
v -0.168844 0.000251 0.627380
v -0.172714 0.000236 0.630063
v -0.166595 0.000243 0.623883
v -0.171173 0.007535 0.637397
v -0.176881 0.000272 0.639217
v -0.170606 0.000295 0.634727
v -0.161597 0.000340 0.629705
v -0.175565 0.000307 0.641951
v -0.168318 0.000396 0.644276
v -0.177516 0.000333 0.647358
v -0.166117 0.009469 0.634726
v -0.170179 0.008736 0.643278
v -0.158223 0.000326 0.624053
v -0.161174 0.007788 0.627443
v -0.157921 0.000409 0.633819
v -0.156708 0.000363 0.626854
v -0.170331 0.000414 0.648748
v -0.160116 0.000478 0.644644
v -0.175515 0.004907 0.649215
v -0.174461 0.000400 0.651901
v -0.160382 0.008855 0.633722
v -0.154779 0.000397 0.628619
v -0.155144 0.000503 0.641818
v -0.166058 0.000485 0.652349
v -0.164631 0.008145 0.649593
v -0.154098 0.006313 0.635525
v -0.158510 0.008264 0.643415
v -0.152895 0.000495 0.638321
v -0.157049 0.000530 0.647326
v -0.163740 0.004509 0.648911
v -0.595881 -0.002979 -0.529460
v -0.585362 0.007882 -0.534951
v -0.576289 -0.002904 -0.543086
v -0.580776 -0.002793 -0.524578
v -0.596948 -0.002808 -0.507643
v -0.595564 0.005884 -0.512629
v -0.575777 0.005166 -0.540347
v -0.568391 -0.002732 -0.531535
v -0.575140 -0.002593 -0.507032
v -0.589096 -0.002686 -0.502013
v -0.583102 0.010464 -0.519519
v -0.573664 0.003070 -0.517418
v -0.588566 -0.002989 -0.539172
v -0.594267 -0.003011 -0.535219
v -0.585253 -0.003000 -0.544323
v -0.591997 0.007741 -0.524415
v -0.600406 -0.002959 -0.521734
v -0.591162 -0.002924 -0.528348
v -0.577890 -0.002858 -0.535746
v -0.598467 -0.002906 -0.517706
v -0.587791 -0.002775 -0.514280
v -0.601341 -0.002868 -0.509740
v -0.584549 0.010591 -0.528349
v -0.590533 0.009510 -0.515750
v -0.572920 -0.002879 -0.544073
v -0.577267 0.008114 -0.539079
v -0.572474 -0.002756 -0.529687
v -0.570688 -0.002824 -0.539947
v -0.590757 -0.002749 -0.507692
v -0.575708 -0.002654 -0.513738
v -0.598394 0.003870 -0.507003
v -0.596841 -0.002769 -0.503048
v -0.576100 0.009687 -0.529828
v -0.567846 -0.002775 -0.537347
v -0.568383 -0.002618 -0.517902
v -0.584461 -0.002644 -0.502388
v -0.582359 0.008640 -0.506447
v -0.566842 0.005941 -0.527173
v -0.573342 0.008816 -0.515549
v -0.565070 -0.002629 -0.523053
v -0.571190 -0.002578 -0.509787
v -0.581047 0.003284 -0.507452
v 0.953617 -0.006017 0.254409
v 0.965942 0.006708 0.247976
v 0.976572 -0.005928 0.238445
v 0.971315 -0.005799 0.260130
v 0.952368 -0.005817 0.279972
v 0.953989 0.004367 0.274129
v 0.977172 0.003527 0.241654
v 0.985825 -0.005727 0.251979
v 0.977919 -0.005565 0.280687
v 0.961567 -0.005673 0.286568
v 0.968590 0.009733 0.266057
v 0.979649 0.001070 0.268519
v 0.962188 -0.006029 0.243031
v 0.955509 -0.006055 0.247663
v 0.966070 -0.006042 0.236995
v 0.958169 0.006543 0.260321
v 0.948316 -0.005993 0.263462
v 0.959147 -0.005953 0.255712
v 0.974697 -0.005875 0.247044
v 0.950588 -0.005932 0.268181
v 0.963096 -0.005778 0.272195
v 0.947220 -0.005887 0.277514
v 0.966894 0.009882 0.255711
v 0.959884 0.008616 0.270473
v 0.980519 -0.005900 0.237289
v 0.975427 0.006980 0.243140
v 0.981042 -0.005755 0.254144
v 0.983134 -0.005835 0.242123
v 0.959621 -0.005747 0.279914
v 0.977252 -0.005636 0.272830
v 0.950673 0.002008 0.280720
v 0.952492 -0.005771 0.285354
v 0.976794 0.008823 0.253979
v 0.986465 -0.005777 0.245169
v 0.985835 -0.005594 0.267952
v 0.966997 -0.005625 0.286128
v 0.969460 0.007597 0.281372
v 0.987640 0.004435 0.257089
v 0.980025 0.007803 0.270708
v 0.989716 -0.005607 0.261916
v 0.982547 -0.005547 0.277459
v 0.970997 0.001321 0.280195
v -0.631153 -0.003922 0.076476
v -0.624570 0.002875 0.073040
v -0.618892 -0.003875 0.067950
v -0.621700 -0.003806 0.079531
v -0.631820 -0.003815 0.090130
v -0.630954 0.001624 0.087009
v -0.618571 0.001175 0.069663
v -0.613949 -0.003767 0.075178
v -0.618172 -0.003681 0.090512
v -0.626907 -0.003739 0.093653
v -0.623155 0.004490 0.082698
v -0.617249 -0.000137 0.084012
v -0.626575 -0.003929 0.070398
v -0.630142 -0.003943 0.072872
v -0.624501 -0.003936 0.067175
v -0.628722 0.002786 0.079634
v -0.633984 -0.003909 0.081311
v -0.628199 -0.003888 0.077172
v -0.619893 -0.003847 0.072542
v -0.632771 -0.003877 0.083832
v -0.626090 -0.003795 0.085976
v -0.634569 -0.003853 0.088817
v -0.624061 0.004570 0.077172
v -0.627806 0.003894 0.085056
v -0.616783 -0.003860 0.067332
v -0.619503 0.003020 0.070457
v -0.616504 -0.003782 0.076335
v -0.615387 -0.003825 0.069914
v -0.627946 -0.003778 0.090099
v -0.618528 -0.003719 0.086316
v -0.632725 0.000364 0.090530
v -0.631753 -0.003791 0.093005
v -0.618774 0.004004 0.076246
v -0.613608 -0.003794 0.071541
v -0.613944 -0.003697 0.083710
v -0.624006 -0.003713 0.093418
v -0.622691 0.003349 0.090878
v -0.612980 0.001660 0.077908
v -0.617048 0.003459 0.085182
v -0.611871 -0.003703 0.080486
v -0.615701 -0.003671 0.088788
v -0.621869 -0.000003 0.090249
vn 0.0096 -0.9999 0.0083
vn 0.6005 0.7234 0.3408
vn -0.8435 0.4725 -0.2553
vn -0.2046 0.9142 -0.3499
vn -0.5871 0.8095 -0.0057
vn 0.4353 0.8319 -0.3441
vn 0.0571 0.6292 0.7751
vn 0.1130 0.9849 0.1310
vn 0.7094 0.0417 0.7036
vn 0.5676 -0.0154 0.8231
vn 0.8049 -0.2237 0.5496
vn 0.4395 0.4236 0.7921
vn -0.0096 0.9999 -0.0083
vn 0.6767 0.4279 0.5991
vn 0.9755 0.1101 -0.1905
vn 0.6989 0.5077 -0.5038
vn 0.3791 0.9252 -0.0168
vn 0.1544 0.9875 0.0304
vn -0.0553 0.9885 0.1410
vn -0.2796 0.9016 0.3301
vn -0.1620 0.4418 0.8823
vn 0.6918 0.4909 -0.5296
vn 0.8401 0.5073 -0.1922
vn 0.0742 0.9815 -0.1762
vn 0.1059 0.9944 -0.0030
vn -0.1208 0.4870 0.8650
vn -0.8231 0.1360 0.5514
vn -0.6414 0.6577 -0.3951
vn 0.1903 0.4674 -0.8633
vn 0.0143 0.4182 -0.9082
vn -0.3762 0.6025 -0.7039
vn -0.1109 0.9933 0.0325
vn -0.4079 0.9056 -0.1160
vn -0.8430 0.5334 -0.0698
vn -0.7761 0.5209 -0.3554
vn -0.6101 0.5135 -0.6034
vn -0.7482 0.6518 -0.1237
vn 0.0041 -1.0000 0.0052
vn 0.9630 0.2515 -0.0964
vn -0.0041 1.0000 -0.0052
vn 0.6775 0.2791 -0.6805
vn 0.2478 0.2130 -0.9451
vn 0.9635 0.2264 -0.1432
vn -0.5656 0.8224 -0.0618
vn -0.5562 0.7408 -0.3765
vn -0.6523 0.6955 -0.3014
vn 0.1706 0.9853 -0.0066
vn 0.3117 0.9407 -0.1337
vn 0.2010 0.9673 -0.1549
vn 0.1638 0.9369 0.3089
vn 0.5023 0.3855 0.7740
vn 0.4280 0.8911 0.1506
vn -0.3111 0.7985 0.5153
vn -0.4277 0.2013 0.8812
vn -0.3030 0.2194 0.9274
vn -0.5150 0.8542 0.0716
vn -0.5317 0.8469 -0.0064
vn -0.4672 0.8624 0.1947
vn -0.4215 0.8697 0.2570
vn -0.5833 0.7834 0.2147
vn -0.5035 0.7839 0.3633
vn -0.3827 0.8817 0.2760
vn -0.4271 0.8916 0.1504
vn -0.4289 0.8782 0.2115
vn -0.4574 0.7691 0.4464
vn -0.5157 0.7554 0.4042
vn -0.5533 0.2070 0.8069
vn -0.2590 0.9106 0.3221
vn -0.3130 0.8480 0.4277
vn -0.1444 0.9099 0.3889
vn -0.1469 0.8648 0.4802
vn -0.3365 0.7693 0.5430
vn -0.2404 0.2957 0.9245
vn 0.0205 0.8710 0.4908
vn -0.1097 0.2621 0.9588
vn 0.2927 0.3217 0.9005
vn -0.1652 0.9617 0.2188
vn -0.0263 0.9701 0.2413
vn 0.0288 0.9935 0.1101
vn 0.1858 0.9810 0.0567
vn 0.1333 0.9695 0.2057
vn 0.3516 0.9347 0.0516
vn 0.1956 0.9798 0.0421
vn 0.3615 0.9317 0.0367
vn 0.3522 0.9335 -0.0674
vn -0.1706 0.9659 0.1948
vn 0.0277 0.9939 0.1063
vn -0.1531 0.9867 0.0540
vn -0.1376 0.9901 0.0295
vn 0.0806 0.9964 0.0251
vn 0.1392 0.9801 -0.1413
vn -0.1654 0.9851 -0.0463
vn 0.1309 0.9781 -0.1615
vn -0.1580 0.9354 -0.3163
vn -0.4161 0.8758 0.2446
vn -0.4574 0.8876 0.0547
vn -0.5406 0.8343 0.1081
vn -0.6401 0.7593 -0.1177
vn -0.5063 0.8464 -0.1653
vn -0.6325 0.6923 -0.3475
vn -0.4831 0.8692 -0.1057
vn -0.5600 0.7651 -0.3180
vn -0.5614 0.7942 -0.2324
vn -0.8188 0.5727 0.0386
vn -0.7761 0.6304 -0.0195
vn -0.4918 0.8453 0.2089
vn -0.5124 0.7854 0.3473
vn -0.8125 0.4165 0.4079
vn -0.6546 0.3922 0.6462
vn -0.4599 0.8115 0.3606
vn -0.3882 0.6640 0.6391
vn -0.3636 0.5185 0.7739
vn 0.4155 0.4268 0.8032
vn 0.9182 0.3914 -0.0609
vn 0.8852 0.4538 0.1025
vn 0.9533 0.2818 -0.1085
vn 0.5996 0.7972 -0.0704
vn 0.7208 0.6642 -0.1983
vn 0.5393 0.8237 -0.1749
vn 0.3813 0.8907 -0.2474
vn 0.4195 0.8262 -0.3760
vn 0.2800 0.9130 -0.2968
vn 0.2879 0.9174 -0.2747
vn 0.4232 0.8352 -0.3513
vn 0.0470 0.3306 -0.9426
vn 0.2099 0.9361 -0.2823
vn 0.3961 0.3307 -0.8566
vn -0.0876 0.8979 -0.4314
vn -0.4519 0.1201 -0.8840
vn -0.5783 0.1032 -0.8092
vn -0.5301 0.1391 -0.8364
vn -0.6549 0.2687 -0.7063
vn -0.7423 0.4794 -0.4681
vn 0.5522 0.7985 -0.2397
vn 0.7292 0.6441 -0.2312
vn 0.5919 0.7303 -0.3411
vn 0.5361 0.7939 -0.2869
vn 0.8432 0.4355 -0.3151
vn 0.7711 0.6361 0.0288
vn 0.4818 0.3223 -0.8148
vn 0.7908 0.1885 -0.5823
vn -0.5760 0.1136 -0.8095
vn -0.1376 0.0761 -0.9876
vn -0.8991 0.3917 -0.1954
vn 0.0180 -0.9997 0.0159
vn -0.8525 0.5106 -0.1116
vn -0.0180 0.9997 -0.0159
vn -0.7326 0.5099 0.4508
vn -0.4357 0.3656 0.8225
vn -0.8777 0.4737 -0.0722
vn 0.3083 0.9467 0.0937
vn 0.2854 0.9087 0.3047
vn 0.3744 0.8830 0.2830
vn -0.1047 0.9939 -0.0345
vn -0.1937 0.9810 0.0141
vn -0.1383 0.9897 0.0368
vn -0.0671 0.9787 -0.1940
vn -0.2647 0.6724 -0.6913
vn -0.2241 0.9635 -0.1465
vn 0.2287 0.9337 -0.2755
vn 0.5662 0.3867 -0.7280
vn 0.4524 0.4269 -0.7830
vn 0.2849 0.9585 0.0068
vn 0.2877 0.9562 0.0544
vn 0.2690 0.9607 -0.0689
vn 0.2479 0.9627 -0.1087
vn 0.3637 0.9290 -0.0684
vn 0.3312 0.9286 -0.1672
vn 0.2255 0.9665 -0.1229
vn 0.2345 0.9709 -0.0485
vn 0.2452 0.9660 -0.0822
vn 0.3167 0.9217 -0.2239
vn 0.3525 0.9156 -0.1936
vn 0.6692 0.3830 -0.6368
vn 0.1572 0.9747 -0.1589
vn 0.2097 0.9532 -0.2177
vn 0.1031 0.9730 -0.2063
vn 0.1198 0.9578 -0.2613
vn 0.2537 0.9213 -0.2947
vn 0.3720 0.5412 -0.7541
vn 0.0293 0.9586 -0.2832
vn 0.2719 0.5038 -0.8199
vn -0.0854 0.5990 -0.7962
vn 0.0902 0.9897 -0.1115
vn 0.0211 0.9903 -0.1371
vn -0.0215 0.9968 -0.0765
vn -0.1052 0.9922 -0.0675
vn -0.0628 0.9887 -0.1361
vn -0.1919 0.9778 -0.0847
vn -0.1117 0.9918 -0.0614
vn -0.1990 0.9769 -0.0784
vn -0.2068 0.9781 -0.0243
vn 0.0899 0.9911 -0.0986
vn -0.0214 0.9970 -0.0745
vn 0.0638 0.9975 -0.0288
vn 0.0531 0.9984 -0.0182
vn -0.0565 0.9976 -0.0402
vn -0.1051 0.9938 0.0365
vn 0.0592 0.9980 0.0234
vn -0.1034 0.9935 0.0477
vn 0.0271 0.9853 0.1686
vn 0.2422 0.9648 -0.1021
vn 0.2417 0.9703 0.0081
vn 0.3097 0.9508 -0.0105
vn 0.3680 0.9182 0.1467
vn 0.2540 0.9565 0.1438
vn 0.3555 0.8810 0.3121
vn 0.2421 0.9647 0.1032
vn 0.2889 0.9211 0.2610
vn 0.2928 0.9348 0.2010
vn 0.5970 0.7969 0.0921
vn 0.5275 0.8410 0.1203
vn 0.2892 0.9544 -0.0745
vn 0.3344 0.9294 -0.1564
vn 0.7340 0.6494 -0.1989
vn 0.6469 0.6338 -0.4240
vn 0.2965 0.9402 -0.1677
vn 0.3268 0.8682 -0.3734
vn 0.3748 0.7696 -0.5170
vn -0.1886 0.7094 -0.6791
vn -0.7288 0.6734 -0.1238
vn -0.6397 0.7328 -0.2319
vn -0.8297 0.5495 -0.0982
vn -0.3624 0.9305 -0.0533
vn -0.4931 0.8700 0.0065
vn -0.3379 0.9411 0.0121
vn -0.2507 0.9657 0.0678
vn -0.3007 0.9434 0.1402
vn -0.2014 0.9739 0.1048
vn -0.2021 0.9751 0.0917
vn -0.2974 0.9466 0.1247
vn -0.2378 0.5363 0.8098
vn -0.1610 0.9815 0.1036
vn -0.5163 0.5585 0.6492
vn -0.0240 0.9731 0.2290
vn 0.2451 0.1360 0.9599
vn 0.3867 0.0955 0.9173
vn 0.3308 0.1688 0.9285
vn 0.4577 0.4037 0.7921
vn 0.5048 0.7017 0.5027
vn -0.3603 0.9316 0.0480
vn -0.5113 0.8590 0.0268
vn -0.4171 0.9025 0.1076
vn -0.3595 0.9300 0.0773
vn -0.7012 0.7082 0.0817
vn -0.4972 0.8558 -0.1428
vn -0.5814 0.5533 0.5965
vn -0.8490 0.3842 0.3629
vn 0.3838 0.1163 0.9161
vn -0.0834 0.0732 0.9938
vn 0.7302 0.5967 0.3328
vn -0.7214 0.3844 0.5760
vn 0.3381 0.9043 0.2605
vn -0.1436 0.9896 0.0078
vn -0.1609 0.9655 -0.2045
vn 0.5298 0.4516 -0.7179
vn 0.2397 0.9708 0.0091
vn 0.2937 0.9480 -0.1230
vn 0.2762 0.9567 -0.0915
vn 0.3038 0.9277 -0.2168
vn 0.1711 0.9667 -0.1905
vn 0.1902 0.9263 -0.3253
vn 0.0926 0.6570 -0.7482
vn 0.0194 0.9936 -0.1114
vn -0.1116 0.9894 -0.0927
vn -0.1822 0.9821 -0.0484
vn 0.0619 0.9955 -0.0724
vn -0.0536 0.9984 -0.0175
vn 0.0052 0.9973 0.0732
vn 0.2667 0.9637 -0.0158
vn 0.3337 0.9240 0.1869
vn 0.2949 0.9339 0.2020
vn 0.5931 0.7983 0.1049
vn 0.5421 0.8066 -0.2357
vn 0.5413 0.6781 -0.4972
vn -0.7640 0.5612 -0.3183
vn -0.7742 0.6082 -0.1753
vn -0.4010 0.9159 -0.0155
vn -0.2529 0.9625 0.0978
vn -0.2594 0.9557 0.1392
vn -0.1420 0.9731 0.1814
vn 0.3064 0.0755 0.9489
vn 0.4803 0.3848 0.7882
vn -0.3945 0.9167 0.0636
vn -0.6094 0.7881 -0.0867
vn -0.6054 0.5219 0.6009
vn 0.2365 -0.0086 0.9716
vn 0.4827 0.5498 0.6817
vn 0.3149 0.1424 0.9384
vn 0.8635 0.0707 0.4993
vn -0.5667 0.1865 0.8025
vn -0.1790 0.5788 0.7956
vn 0.0701 0.1978 0.9777
vn 0.0304 0.6931 0.7202
vn -0.7068 0.1785 0.6846
vn 0.9530 0.0910 -0.2891
vn -0.4480 0.8934 0.0335
vn -0.4924 0.7888 0.3678
vn -0.3037 0.9086 0.2868
vn -0.5276 0.8476 -0.0568
vn -0.8887 0.3994 0.2249
vn -0.5198 0.7938 0.3156
vn -0.4742 0.8020 -0.3631
vn -0.7101 0.3353 -0.6192
vn -0.8155 0.4360 -0.3806
vn -0.2376 0.7717 -0.5899
vn 0.0928 0.2616 -0.9607
vn -0.1195 0.3086 -0.9436
vn -0.0611 0.9359 -0.3470
vn 0.2378 0.9349 -0.2633
vn 0.1979 0.8513 -0.4859
vn -0.3762 0.7863 -0.4902
vn -0.2602 0.8542 -0.4501
vn -0.3335 0.7898 -0.5147
vn -0.2385 0.7843 -0.5727
vn -0.1892 0.8595 -0.4747
vn 0.0080 0.8086 -0.5882
vn -0.2318 0.7753 -0.5875
vn 0.0069 0.8100 -0.5864
vn 0.0979 0.2627 -0.9599
vn -0.3942 0.7681 -0.5046
vn -0.3524 0.7757 -0.5235
vn -0.4054 0.7816 -0.4742
vn -0.4061 0.8035 -0.4353
vn -0.3572 0.7931 -0.4934
vn -0.2680 0.3576 -0.8946
vn -0.4067 0.8030 -0.4355
vn -0.2304 0.3827 -0.8947
vn -0.4936 0.3528 -0.7950
vn -0.4283 0.7782 -0.4593
vn -0.4448 0.7916 -0.4190
vn -0.5039 0.7826 -0.3654
vn -0.5197 0.7716 -0.3668
vn -0.4822 0.7637 -0.4291
vn -0.8121 0.4220 -0.4030
vn -0.5832 0.7727 -0.2506
vn -0.8527 0.4062 -0.3286
vn -0.9252 0.3726 0.0714
vn -0.4306 0.7475 -0.5059
vn -0.5073 0.7620 -0.4025
vn -0.4807 0.8089 -0.3384
vn -0.5950 0.8035 -0.0179
vn -0.6332 0.7715 -0.0627
vn -0.6612 0.6838 0.3086
vn -0.6121 0.7848 -0.0974
vn -0.7351 0.6682 0.1144
vn -0.6754 0.7064 0.2120
vn -0.3681 0.7781 -0.5090
vn -0.4035 0.8590 -0.3151
vn -0.2714 0.8613 -0.4295
vn -0.1986 0.9538 -0.2255
vn -0.3672 0.9195 -0.1404
vn -0.2142 0.9693 0.1204
vn -0.1449 0.9644 -0.2211
vn -0.1825 0.9739 0.1351
vn 0.0550 0.9983 -0.0182
vn 0.5624 0.7825 -0.2672
vn 0.8432 0.4249 -0.3294
vn 0.5090 0.6896 -0.5152
vn 0.4741 0.7405 -0.4763
vn 0.8853 0.1844 -0.4268
vn 0.9347 0.1390 -0.3270
vn 0.2114 0.7560 -0.6195
vn 0.5576 0.2110 -0.8029
vn -0.0061 0.2872 -0.9579
vn -0.7631 0.2172 0.6087
vn -0.3492 0.1417 0.9262
vn -0.7362 0.2089 0.6437
vn -0.6658 0.1218 0.7362
vn -0.7005 0.2579 0.6654
vn -0.6881 0.0809 0.7211
vn -0.6647 0.3945 0.6344
vn -0.4385 0.7258 0.5300
vn -0.2750 0.6128 0.7408
vn -0.2372 0.8247 0.5134
vn -0.1616 0.8066 0.5685
vn -0.1830 0.5887 0.7874
vn 0.0511 0.6456 0.7619
vn -0.0971 0.8864 0.4526
vn 0.1405 0.7565 0.6387
vn 0.1979 0.9518 0.2343
vn -0.6581 0.3936 0.6419
vn -0.6552 0.0836 0.7508
vn -0.4418 0.2565 0.8597
vn -0.3951 0.1698 0.9028
vn -0.6507 0.0754 0.7556
vn 0.0097 -0.9999 0.0083
vn -0.3366 0.1704 0.9261
vn 0.0056 0.1475 0.9890
vn 0.6846 0.7230 0.0927
vn 0.7361 0.4278 0.5245
vn 0.9553 0.2957 -0.0001
vn 0.9914 0.1229 0.0457
vn 0.6292 0.6422 0.4379
vn 0.9925 0.1218 0.0117
vn 0.9948 0.0701 -0.0739
vn 0.5687 0.2197 0.7926
vn -0.0515 0.5606 0.8265
vn -0.4112 0.8896 0.1986
vn -0.5776 0.7908 0.2026
vn -0.7531 0.4639 -0.4665
vn -0.0954 0.3187 -0.9431
vn 0.1162 0.9142 -0.3882
vn -0.3329 0.7892 -0.5161
vn -0.1544 0.8321 -0.5327
vn -0.1180 0.7628 -0.6357
vn -0.3982 0.7871 -0.4711
vn -0.3537 0.7957 -0.4918
vn -0.4149 0.4282 -0.8028
vn -0.4468 0.7655 -0.4631
vn -0.5212 0.7656 -0.3770
vn -0.8593 0.4443 -0.2535
vn -0.4872 0.7762 -0.4002
vn -0.6238 0.7812 -0.0257
vn -0.6954 0.7032 0.1481
vn -0.3473 0.8320 -0.4327
vn -0.2697 0.9578 -0.0995
vn -0.0813 0.9962 -0.0323
vn 0.6699 0.6425 -0.3722
vn 0.9448 0.1567 -0.2878
vn 0.3116 0.3095 -0.8984
vn -0.3729 0.1295 0.9188
vn -0.6273 0.1179 0.7698
vn -0.7722 0.2649 0.5776
vn -0.3259 0.7070 0.6276
vn -0.1158 0.7083 0.6963
vn 0.0752 0.8612 0.5027
vn -0.5870 0.2583 0.7673
vn -0.4756 0.0999 0.8739
vn -0.3029 0.1368 0.9431
vn 0.8137 0.5574 0.1652
vn 0.9922 0.1244 0.0070
vn 0.0051 -0.9999 0.0121
vn 0.2411 0.2622 -0.9344
vn -0.0051 0.9999 -0.0121
vn -0.4016 0.2870 -0.8697
vn -0.7990 0.2171 -0.5608
vn 0.1977 0.2386 -0.9508
vn -0.2636 0.8121 0.5205
vn -0.5633 0.7259 0.3948
vn -0.5245 0.6777 0.5154
vn 0.0560 0.9817 -0.1818
vn -0.0168 0.9328 -0.3599
vn -0.0767 0.9618 -0.2629
vn 0.3594 0.9311 -0.0618
vn 0.9026 0.3761 -0.2096
vn 0.2962 0.8810 -0.3689
vn 0.3924 0.7860 0.4777
vn 0.6837 0.1777 0.7077
vn 0.7707 0.1977 0.6058
vn -0.1148 0.8464 0.5200
vn -0.1974 0.8385 0.5078
vn 0.0234 0.8552 0.5177
vn 0.1013 0.8629 0.4951
vn 0.0010 0.7700 0.6380
vn 0.1752 0.7705 0.6129
vn 0.1341 0.8758 0.4637
vn -0.0055 0.8867 0.4623
vn 0.0539 0.8722 0.4861
vn 0.2727 0.7546 0.5968
vn 0.2104 0.7400 0.6388
vn 0.5704 0.1811 0.8012
vn 0.2240 0.9065 0.3579
vn 0.3073 0.8391 0.4489
vn 0.3300 0.9049 0.2687
vn 0.4172 0.8565 0.3038
vn 0.4096 0.7549 0.5121
vn 0.7919 0.2735 0.5460
vn 0.4855 0.8624 0.1434
vn 0.8677 0.2430 0.4336
vn 0.9503 0.3095 0.0323
vn 0.1565 0.9611 0.2278
vn 0.2280 0.9686 0.0988
vn 0.1193 0.9929 -0.0027
vn 0.1227 0.9771 -0.1738
vn 0.2491 0.9660 -0.0698
vn 0.1753 0.9266 -0.3328
vn 0.1120 0.9757 -0.1884
vn 0.1644 0.9233 -0.3472
vn 0.0611 0.9250 -0.3749
vn 0.1311 0.9656 0.2244
vn 0.1152 0.9933 -0.0030
vn -0.0009 0.9878 0.1558
vn -0.0194 0.9911 0.1316
vn 0.0548 0.9950 -0.0837
vn -0.0859 0.9762 -0.1992
vn -0.1038 0.9859 0.1315
vn -0.1084 0.9741 -0.1983
vn -0.3634 0.9312 0.0271
vn 0.0910 0.8695 0.4854
vn -0.1107 0.8824 0.4572
vn -0.0882 0.8249 0.5583
vn -0.3440 0.7446 0.5720
vn -0.3434 0.8378 0.4243
vn -0.5615 0.6746 0.4792
vn -0.2771 0.8624 0.4236
vn -0.5090 0.7513 0.4201
vn -0.4277 0.7821 0.4533
vn -0.2536 0.5473 0.7976
vn -0.2953 0.6078 0.7371
vn 0.0284 0.8367 0.5469
vn 0.1564 0.7721 0.6160
vn 0.1046 0.3862 0.9165
vn 0.3875 0.3631 0.8473
vn 0.1886 0.8001 0.5694
vn 0.4815 0.6437 0.5948
vn 0.6145 0.4942 0.6150
vn 0.9022 0.4147 -0.1187
vn 0.2589 0.3941 -0.8818
vn 0.4004 0.4522 -0.7970
vn 0.2265 0.2908 -0.9296
vn 0.1433 0.7852 -0.6024
vn 0.0640 0.6547 -0.7532
vn 0.0237 0.8119 -0.5833
vn -0.1008 0.8804 -0.4633
vn -0.2090 0.8147 -0.5409
vn -0.1843 0.9040 -0.3859
vn -0.1603 0.9085 -0.3858
vn -0.1843 0.8237 -0.5363
vn -0.8680 0.3261 -0.3745
vn -0.1959 0.9286 -0.3152
vn -0.6640 0.3320 -0.6700
vn -0.4474 0.8906 -0.0817
vn -0.9868 0.1123 0.1170
vn -0.9606 0.0927 0.2620
vn -0.9699 0.1286 0.2069
vn -0.8949 0.2506 0.3694
vn -0.7086 0.4560 0.5385
vn -0.0332 0.7866 -0.6165
vn 0.0359 0.6352 -0.7715
vn -0.1148 0.7192 -0.6853
vn -0.0834 0.7821 -0.6176
vn -0.0036 0.4364 -0.8997
vn 0.2940 0.6269 -0.7214
vn -0.5950 0.3253 -0.7350
vn -0.2714 0.2023 -0.9410
vn -0.9602 0.1028 0.2597
vn -0.9739 0.0778 -0.2132
vn -0.5023 0.3637 0.7845
vn -0.5112 0.2135 -0.8325
vn -0.5025 0.7168 0.4834
vn -0.0182 0.9635 -0.2671
vn 0.3935 0.8882 -0.2370
vn 0.6945 0.2171 0.6860
vn -0.1122 0.8840 0.4539
vn 0.1126 0.8200 0.5612
vn 0.0622 0.8442 0.5324
vn 0.2667 0.7691 0.5807
vn 0.2758 0.8806 0.3852
vn 0.4840 0.7684 0.4187
vn 0.8980 0.3637 0.2476
vn 0.1779 0.9800 0.0891
vn 0.1747 0.9682 -0.1793
vn 0.1026 0.9400 -0.3253
vn 0.0873 0.9826 0.1638
vn 0.0079 0.9964 -0.0839
vn -0.1877 0.9822 0.0105
vn -0.0718 0.8624 0.5011
vn -0.4045 0.7572 0.5128
vn -0.4289 0.7800 0.4557
vn -0.2704 0.5494 0.7906
vn 0.2040 0.5511 0.8091
vn 0.5099 0.3984 0.7624
vn 0.4745 0.2911 -0.8308
vn 0.3172 0.3339 -0.8876
vn 0.0842 0.7495 -0.6567
vn -0.1540 0.8696 -0.4691
vn -0.2229 0.8480 -0.4809
vn -0.3371 0.8961 -0.2889
vn -0.9805 0.0830 0.1782
vn -0.8886 0.2398 0.3910
vn -0.0503 0.7508 -0.6587
vn 0.2119 0.5246 -0.8245
vn -0.5864 0.3030 -0.7512
vn -0.9935 0.0420 0.1054
vn -0.7341 0.5628 0.3799
vn -0.9669 0.1740 0.1865
vn -0.6091 0.0914 0.7878
vn -0.7189 0.2093 -0.6629
vn -0.7582 0.5908 -0.2760
vn -0.9717 0.2285 -0.0591
vn -0.7123 0.6990 -0.0633
vn -0.5852 0.1971 -0.7865
vn 0.1588 0.0860 0.9836
vn 0.0090 0.8936 -0.4488
vn -0.3106 0.7891 -0.5299
vn -0.2584 0.9062 -0.3348
vn 0.1106 0.8481 -0.5181
vn -0.1127 0.4020 -0.9087
vn -0.2566 0.7940 -0.5511
vn 0.4148 0.8021 -0.4296
vn 0.7102 0.3151 -0.6296
vn 0.4823 0.4242 -0.7664
vn 0.6170 0.7702 -0.1614
vn 0.9469 0.2328 0.2218
vn 0.9598 0.2806 0.0065
vn 0.3400 0.9403 -0.0148
vn 0.2140 0.9377 0.2736
vn 0.4483 0.8534 0.2659
vn 0.5325 0.7857 -0.3149
vn 0.4746 0.8565 -0.2026
vn 0.5521 0.7894 -0.2685
vn 0.5992 0.7835 -0.1646
vn 0.4902 0.8622 -0.1275
vn 0.5810 0.8091 0.0881
vn 0.6137 0.7740 -0.1558
vn 0.5793 0.8105 0.0867
vn 0.9454 0.2338 0.2269
vn 0.5501 0.7666 -0.3313
vn 0.5639 0.7746 -0.2865
vn 0.5200 0.7807 -0.3464
vn 0.4798 0.8037 -0.3520
vn 0.5333 0.7928 -0.2952
vn 0.9313 0.3320 -0.1498
vn 0.4802 0.8032 -0.3527
vn 0.9269 0.3581 -0.1120
vn 0.8601 0.3289 -0.3900
vn 0.5079 0.7772 -0.3714
vn 0.4684 0.7913 -0.3931
vn 0.4215 0.7820 -0.4592
vn 0.4252 0.7706 -0.4748
vn 0.4842 0.7622 -0.4296
vn 0.5047 0.4093 -0.7601
vn 0.3151 0.7719 -0.5521
vn 0.4350 0.3950 -0.8092
vn 0.0446 0.3711 -0.9275
vn 0.5565 0.7450 -0.3679
vn 0.4603 0.7605 -0.4581
vn 0.3903 0.8092 -0.4391
vn 0.0814 0.8036 -0.5896
vn 0.1320 0.7711 -0.6229
vn -0.2297 0.6858 -0.6906
vn 0.1638 0.7845 -0.5980
vn -0.0289 0.6684 -0.7432
vn -0.1337 0.7073 -0.6942
vn 0.5510 0.7770 -0.3043
vn 0.3553 0.8609 -0.3641
vn 0.4548 0.8638 -0.2166
vn 0.2345 0.9573 -0.1689
vn 0.1717 0.9215 -0.3484
vn -0.1090 0.9678 -0.2270
vn 0.2226 0.9680 -0.1156
vn -0.1276 0.9720 -0.1974
vn -0.0083 0.9983 0.0571
vn 0.1768 0.7822 0.5974
vn 0.2078 0.4199 0.8835
vn 0.4371 0.6858 0.5819
vn 0.4016 0.7386 0.5415
vn 0.3033 0.1748 0.9367
vn 0.1981 0.1327 0.9712
vn 0.5853 0.7539 0.2985
vn 0.7237 0.1882 0.6639
vn 0.9582 0.2586 0.1224
vn -0.5037 0.2328 -0.8319
vn -0.8687 0.1700 -0.4653
vn -0.5414 0.2257 -0.8099
vn -0.6413 0.1428 -0.7539
vn -0.5675 0.2749 -0.7762
vn -0.6236 0.1016 -0.7751
vn -0.5424 0.4081 -0.7343
vn -0.4728 0.7285 -0.4957
vn -0.6939 0.6223 -0.3622
vn -0.4833 0.8237 -0.2966
vn -0.5450 0.8063 -0.2299
vn -0.7498 0.6001 -0.2788
vn -0.7546 0.6543 -0.0487
vn -0.4436 0.8831 -0.1528
vn -0.6492 0.7587 0.0535
vn -0.2730 0.9481 0.1632
vn -0.5505 0.4074 -0.7287
vn -0.6571 0.1053 -0.7464
vn -0.7899 0.2802 -0.5455
vn -0.8393 0.1967 -0.5069
vn -0.6625 0.0974 -0.7427
vn -0.8696 0.1983 -0.4523
vn -0.9759 0.1793 -0.1242
vn -0.1950 0.7242 0.6615
vn -0.6168 0.4426 0.6509
vn -0.1317 0.2997 0.9449
vn -0.1787 0.1290 0.9754
vn -0.5204 0.6484 0.5558
vn -0.1452 0.1269 0.9812
vn -0.0598 0.0723 0.9956
vn -0.8562 0.2464 0.4541
vn -0.8036 0.5742 -0.1565
vn -0.1584 0.8885 -0.4308
vn -0.1388 0.7909 -0.5960
vn 0.5610 0.4509 -0.6942
vn 0.9562 0.2911 0.0307
vn 0.3582 0.9181 0.1696
vn 0.5534 0.7887 -0.2678
vn 0.5458 0.8337 -0.0844
vn 0.6481 0.7608 -0.0336
vn 0.5158 0.7865 -0.3396
vn 0.5310 0.7955 -0.2919
vn 0.8589 0.4070 -0.3108
vn 0.5144 0.7640 -0.3896
vn 0.4359 0.7643 -0.4751
vn 0.3597 0.4356 -0.8252
vn 0.4550 0.7752 -0.4381
vn 0.0935 0.7810 -0.6175
vn -0.0681 0.7037 -0.7073
vn 0.4688 0.8333 -0.2930
vn 0.1167 0.9597 -0.2557
vn 0.0238 0.9968 -0.0763
vn 0.2705 0.6392 0.7199
vn 0.1575 0.1518 0.9758
vn 0.8550 0.2847 0.4335
vn -0.8585 0.1576 -0.4879
vn -0.6794 0.1402 -0.7202
vn -0.4724 0.2788 -0.8361
vn -0.5800 0.7112 -0.3972
vn -0.6715 0.7131 -0.2016
vn -0.5128 0.8585 0.0079
vn -0.6814 0.2787 -0.6767
vn -0.8017 0.1265 -0.5843
vn -0.8913 0.1659 -0.4220
vn -0.2798 0.5623 0.7782
vn -0.1405 0.1293 0.9816
vn -0.4923 0.7497 -0.4422
vn -0.4987 0.2808 -0.8200
vn -0.9395 0.1730 -0.2956
vn 0.3596 0.3111 -0.8797
vn -0.0119 0.7684 -0.6399
vn -0.2731 0.3556 -0.8938
vn -0.1473 0.8494 -0.5068
vn 0.5204 0.2896 -0.8033
vn -0.8580 0.1774 0.4820
vn 0.2639 0.9597 -0.0965
vn 0.2613 0.9061 -0.3328
vn 0.1327 0.9638 -0.2314
vn 0.3403 0.9389 -0.0516
vn 0.7255 0.5747 -0.3787
vn 0.2874 0.9091 -0.3017
vn 0.3656 0.9160 0.1650
vn 0.7739 0.4758 0.4180
vn 0.7771 0.6072 0.1655
vn 0.2438 0.8987 0.3645
vn 0.1085 0.3848 0.9166
vn 0.2989 0.4463 0.8435
vn 0.0697 0.9785 0.1941
vn -0.1250 0.9754 0.1815
vn -0.0733 0.9398 0.3338
vn 0.3220 0.9073 0.2705
vn 0.2224 0.9432 0.2469
vn 0.2953 0.9093 0.2932
vn 0.2393 0.9061 0.3490
vn 0.1782 0.9456 0.2721
vn 0.0686 0.9191 0.3880
vn 0.2386 0.9009 0.3627
vn 0.0690 0.9198 0.3863
vn 0.1034 0.3865 0.9165
vn 0.3416 0.8966 0.2817
vn 0.3132 0.9012 0.2997
vn 0.3411 0.9045 0.2559
vn 0.3297 0.9170 0.2247
vn 0.3076 0.9111 0.2742
vn 0.4171 0.5103 0.7520
vn 0.3303 0.9167 0.2249
vn 0.3774 0.5437 0.7496
vn 0.6052 0.5006 0.6190
vn 0.3557 0.9026 0.2426
vn 0.3570 0.9103 0.2096
vn 0.3922 0.9050 0.1646
vn 0.4068 0.8986 0.1646
vn 0.3930 0.8939 0.2156
vn 0.7852 0.5902 0.1875
vn 0.4319 0.8990 0.0730
vn 0.8123 0.5718 0.1150
vn 0.8037 0.5374 -0.2557
vn 0.3735 0.8839 0.2814
vn 0.4069 0.8928 0.1931
vn 0.3642 0.9198 0.1462
vn 0.3915 0.9158 -0.0893
vn 0.4354 0.8978 -0.0659
vn 0.4174 0.8416 -0.3427
vn 0.4223 0.9056 -0.0383
vn 0.5134 0.8302 -0.2173
vn 0.4381 0.8568 -0.2719
vn 0.3214 0.9025 0.2867
vn 0.2958 0.9455 0.1362
vn 0.2254 0.9466 0.2304
vn 0.1359 0.9858 0.0987
vn 0.2337 0.9720 0.0247
vn 0.0957 0.9890 -0.1124
vn 0.1014 0.9896 0.1023
vn 0.0743 0.9904 -0.1164
vn -0.0461 0.9989 0.0060
vn -0.3501 0.9023 0.2517
vn -0.6532 0.6262 0.4258
vn -0.2963 0.8469 0.4415
vn -0.2692 0.8790 0.3936
vn -0.7478 0.3152 0.5844
vn -0.8240 0.2512 0.5078
vn -0.0652 0.8887 0.4537
vn -0.3619 0.3305 0.8717
vn 0.1986 0.4188 0.8861
vn 0.5829 0.3435 -0.7364
vn 0.1307 0.2550 -0.9581
vn 0.5515 0.3332 -0.7648
vn 0.4784 0.2041 -0.8541
vn 0.5020 0.4064 -0.7634
vn 0.5083 0.1362 -0.8503
vn 0.4414 0.5821 -0.6829
vn 0.2087 0.8692 -0.4483
vn 0.0680 0.7936 -0.6047
vn 0.0642 0.9234 -0.3783
vn 0.0075 0.9139 -0.4059
vn -0.0076 0.7761 -0.6306
vn -0.1724 0.8185 -0.5481
vn -0.0182 0.9519 -0.3058
vn -0.2035 0.8865 -0.4155
vn -0.1646 0.9785 -0.1243
vn 0.4343 0.5813 -0.6881
vn 0.4695 0.1431 -0.8713
vn 0.2210 0.4183 -0.8810
vn 0.1772 0.2955 -0.9388
vn 0.4649 0.1301 -0.8758
vn 0.1169 0.2993 -0.9470
vn -0.2187 0.2792 -0.9350
vn -0.4956 0.8680 0.0312
vn -0.7059 0.6414 -0.3005
vn -0.8547 0.4853 0.1843
vn -0.9560 0.2425 0.1650
vn -0.5320 0.8173 -0.2214
vn -0.9505 0.2396 0.1978
vn -0.9462 0.1539 0.2847
vn 0.0096 -0.9999 0.0084
vn -0.6859 0.3963 -0.6103
vn -0.1138 0.7551 -0.6457
vn 0.2160 0.9567 -0.1951
vn 0.3462 0.9079 -0.2362
vn 0.7282 0.6387 0.2487
vn 0.2749 0.4610 0.8438
vn -0.0341 0.9685 0.2467
vn 0.2952 0.9089 0.2944
vn 0.1676 0.9319 0.3217
vn 0.1680 0.8933 0.4168
vn 0.3342 0.9077 0.2537
vn 0.3043 0.9126 0.2731
vn 0.5126 0.5976 0.6165
vn 0.3729 0.8950 0.2448
vn 0.4114 0.8950 0.1723
vn 0.7845 0.6184 0.0453
vn 0.3881 0.9013 0.1925
vn 0.4194 0.9034 -0.0896
vn 0.4653 0.8547 -0.2303
vn 0.2824 0.9321 0.2267
vn 0.1613 0.9868 0.0119
vn 0.0357 0.9994 -0.0036
vn -0.4430 0.8152 0.3731
vn -0.8373 0.2804 0.4694
vn -0.1086 0.4613 0.8806
vn 0.1557 0.2347 -0.9595
vn 0.4343 0.2006 -0.8782
vn 0.5865 0.4112 -0.6978
vn 0.1158 0.8576 -0.5011
vn -0.0419 0.8586 -0.5110
vn -0.1329 0.9396 -0.3155
vn 0.3743 0.4136 -0.8300
vn 0.2666 0.1819 -0.9465
vn 0.0832 0.2497 -0.9647
vn -0.6563 0.7545 0.0041
vn -0.9487 0.2434 0.2020
vn -0.7245 0.5528 0.4118
vn -0.9596 0.1694 0.2245
vn -0.5779 0.0882 0.8113
vn -0.7450 0.2048 -0.6348
vn -0.7750 0.5812 -0.2483
vn -0.9746 0.2230 -0.0210
vn -0.7229 0.6900 -0.0359
vn -0.6161 0.1930 -0.7637
vn 0.1974 0.0828 0.9768
vn -0.0083 0.8889 -0.4580
vn -0.3359 0.7817 -0.5255
vn -0.2765 0.9021 -0.3314
vn 0.0923 0.8420 -0.5315
vn -0.1486 0.3942 -0.9069
vn -0.2820 0.7866 -0.5493
vn 0.4044 0.7947 -0.4527
vn 0.6865 0.3086 -0.6584
vn 0.4539 0.4160 -0.7880
vn 0.6196 0.7620 -0.1884
vn 0.9562 0.2271 0.1846
vn 0.9612 0.2742 -0.0313
vn 0.3474 0.9373 -0.0289
vn 0.2303 0.9347 0.2709
vn 0.4675 0.8471 0.2526
vn 0.5281 0.7778 -0.3408
vn 0.4753 0.8505 -0.2253
vn 0.5498 0.7816 -0.2946
vn 0.6017 0.7755 -0.1910
vn 0.4944 0.8563 -0.1495
vn 0.5941 0.8017 0.0661
vn 0.6165 0.7659 -0.1826
vn 0.5923 0.8031 0.0648
vn 0.9550 0.2282 0.1898
vn 0.5448 0.7584 -0.3578
vn 0.5607 0.7665 -0.3131
vn 0.5140 0.7728 -0.3722
vn 0.4734 0.7963 -0.3766
vn 0.5298 0.7851 -0.3210
vn 0.9272 0.3247 -0.1868
vn 0.4738 0.7957 -0.3772
vn 0.9247 0.3503 -0.1488
vn 0.8463 0.3219 -0.4245
vn 0.5006 0.7693 -0.3970
vn 0.4600 0.7836 -0.4176
vn 0.4096 0.7742 -0.4826
vn 0.4125 0.7625 -0.4984
vn 0.4740 0.7540 -0.4547
vn 0.4764 0.4013 -0.7823
vn 0.2979 0.7640 -0.5724
vn 0.4045 0.3872 -0.8285
vn 0.0084 0.3638 -0.9314
vn 0.5493 0.7365 -0.3948
vn 0.4486 0.7523 -0.4826
vn 0.3792 0.8020 -0.4615
vn 0.0596 0.7964 -0.6019
vn 0.1094 0.7632 -0.6368
vn -0.2592 0.6768 -0.6890
vn 0.1428 0.7769 -0.6132
vn -0.0583 0.6593 -0.7496
vn -0.1624 0.6985 -0.6969
vn 0.5471 0.7690 -0.3306
vn 0.3474 0.8551 -0.3849
vn 0.4548 0.8580 -0.2388
vn 0.2335 0.9551 -0.1823
vn 0.1618 0.9178 -0.3626
vn -0.1201 0.9662 -0.2280
vn 0.2236 0.9663 -0.1274
vn -0.1380 0.9706 -0.1971
vn -0.0056 0.9983 0.0587
vn 0.2037 0.7742 0.5993
vn 0.2437 0.4104 0.8788
vn 0.4656 0.6761 0.5711
vn 0.4289 0.7296 0.5326
vn 0.3403 0.1697 0.9249
vn 0.2363 0.1284 0.9632
vn 0.6056 0.7452 0.2791
vn 0.7500 0.1831 0.6356
vn 0.9639 0.2525 0.0848
vn -0.5365 0.2279 -0.8126
vn -0.8868 0.1662 -0.4312
vn -0.5733 0.2210 -0.7890
vn -0.6706 0.1399 -0.7285
vn -0.5984 0.2691 -0.7547
vn -0.6536 0.0998 -0.7502
vn -0.5728 0.4001 -0.7154
vn -0.4980 0.7201 -0.4832
vn -0.7142 0.6128 -0.3381
vn -0.5026 0.8171 -0.2824
vn -0.5624 0.7993 -0.2119
vn -0.7668 0.5905 -0.2516
vn -0.7640 0.6449 -0.0194
vn -0.4578 0.8782 -0.1381
vn -0.6559 0.7506 0.0800
vn -0.2721 0.9457 0.1777
vn -0.5807 0.3994 -0.7094
vn -0.6860 0.1034 -0.7202
vn -0.8121 0.2741 -0.5151
vn -0.8593 0.1923 -0.4740
vn -0.6912 0.0957 -0.7163
vn -0.8874 0.1938 -0.4183
vn -0.9808 0.1749 -0.0859
vn -0.1708 0.7151 0.6778
vn -0.5937 0.4330 0.6782
vn -0.0946 0.2919 0.9518
vn -0.1403 0.1248 0.9822
vn -0.5034 0.6385 0.5822
vn -0.1066 0.1227 0.9867
vn -0.0206 0.0695 0.9974
vn -0.8391 0.2400 0.4881
vn -0.8157 0.5645 -0.1260
vn -0.1782 0.8837 -0.4328
vn -0.1642 0.7835 -0.5993
vn 0.5360 0.4424 -0.7190
vn 0.9587 0.2844 -0.0069
vn 0.3730 0.9142 0.1586
vn 0.5512 0.7809 -0.2939
vn 0.5519 0.8269 -0.1078
vn 0.6560 0.7524 -0.0600
vn 0.5102 0.7787 -0.3652
vn 0.5277 0.7878 -0.3175
vn 0.8495 0.3987 -0.3456
vn 0.5062 0.7558 -0.4154
vn 0.4233 0.7562 -0.4990
vn 0.3286 0.4273 -0.8423
vn 0.4444 0.7673 -0.4625
vn 0.0707 0.7733 -0.6301
vn -0.0966 0.6949 -0.7126
vn 0.4652 0.8266 -0.3166
vn 0.1097 0.9576 -0.2663
vn 0.0219 0.9966 -0.0794
vn 0.3021 0.6291 0.7162
vn 0.1959 0.1471 0.9695
vn 0.8732 0.2778 0.4004
vn -0.8775 0.1541 -0.4542
vn -0.7074 0.1373 -0.6934
vn -0.5056 0.2730 -0.8185
vn -0.6023 0.7025 -0.3791
vn -0.6873 0.7043 -0.1775
vn -0.5214 0.8528 0.0284
vn -0.7086 0.2727 -0.6507
vn -0.8242 0.1238 -0.5526
vn -0.9077 0.1621 -0.3870
vn -0.2509 0.5519 0.7953
vn -0.1019 0.1250 0.9869
vn 0.0045 -0.9834 0.1814
vn -0.3297 -0.5664 0.7553
vn -0.1323 0.8179 0.5599
vn -0.6367 0.7711 0.0031
vn -0.4290 0.4950 -0.7556
vn 0.7952 0.4936 -0.3522
vn 0.0502 0.7639 0.6434
vn -0.2598 0.8414 0.4739
vn -0.0659 0.8592 0.5073
vn 0.6955 0.4961 -0.5197
vn -0.2362 0.8307 0.5041
vn 0.1520 0.9175 -0.3677
vn -0.2743 0.5089 -0.8160
vn -0.1986 0.8416 0.5024
vn -0.7148 0.6924 -0.0979
vn -0.6144 0.7747 -0.1497
vn -0.1774 0.9801 0.0886
vn -0.3503 0.9173 0.1891
vn -0.3415 0.7980 0.4966
vn 0.0309 0.9826 0.1830
vn 0.0738 0.9206 0.3835
vn 0.2888 0.8438 0.4523
vn 0.4188 0.6196 0.6638
vn 0.9234 0.3717 0.0953
vn 0.4352 0.6558 -0.6169
vn 0.7925 0.5377 -0.2878
vn 0.3951 0.2221 -0.8914
vn -0.3197 0.5518 -0.7703
vn 0.1093 0.9884 -0.1057
vn -0.5635 0.6513 -0.5082
vn -0.2554 0.9668 0.0106
vn -0.2405 0.9676 -0.0763
vn -0.7617 0.4828 0.4321
vn -0.0571 0.9806 0.1875
vn -0.1340 0.9757 0.1736
vn 0.0845 0.8974 0.4331
vn 0.1209 0.9897 0.0763
vn -0.1520 0.9875 0.0424
vn -0.1301 -0.9781 0.1627
vn -0.1739 -0.9678 0.1821
vn 0.1103 0.9527 0.2832
vn -0.0073 -0.9860 0.1665
vn 0.0628 0.9964 0.0571
vn 0.6078 -0.4328 0.6658
vn 0.3370 -0.1701 0.9260
vn -0.2049 0.5083 -0.8364
vn 0.7375 0.4952 -0.4593
vn 0.8459 0.4718 0.2488
vn -0.3378 0.4950 0.8005
vn -0.4857 0.7660 -0.4211
vn -0.1585 0.8400 -0.5189
vn -0.3167 0.8565 -0.4075
vn -0.1511 0.4926 0.8571
vn -0.1952 0.8296 -0.5231
vn 0.1276 0.9208 0.3686
vn 0.7744 0.4870 0.4039
vn -0.2206 0.8400 -0.4958
vn 0.5776 0.6880 -0.4393
vn 0.6156 0.4978 -0.6109
vn 0.0442 0.9799 -0.1943
vn 0.1001 0.9171 -0.3859
vn -0.3843 0.5096 -0.7698
vn -0.1693 0.9787 -0.1162
vn -0.3325 0.9155 -0.2264
vn -0.5253 0.8413 -0.1274
vn -0.9400 0.2744 0.2026
vn -0.7834 0.1254 0.6088
vn -0.4091 0.2644 0.8734
vn -0.3807 0.5403 0.7504
vn 0.3330 0.1983 0.9218
vn 0.7758 0.5329 0.3380
vn 0.8975 0.3676 0.2437
vn 0.9789 0.2012 -0.0350
vn 0.5533 0.5427 -0.6319
vn 0.7438 0.5390 -0.3953
vn 0.2672 0.2248 -0.9371
vn -0.4228 0.5523 -0.7185
vn -0.1429 0.5506 -0.8225
vn -0.8048 0.2363 -0.5445
vn -0.8750 0.3825 -0.2967
vn -0.4302 0.2840 0.8569
vn 0.0342 -0.4681 0.8830
vn -0.0349 -0.4274 0.9034
vn 0.8821 0.2705 0.3856
vn 0.5429 -0.4720 0.6946
vn -0.9877 0.1530 0.0322
vn 0.8731 -0.4111 -0.2620
vn 0.5201 0.8245 -0.2229
vn 0.6896 -0.6923 -0.2125
vn 0.6132 -0.7132 -0.3397
vn 0.7229 -0.4787 -0.4982
vn 0.5026 0.8370 -0.2165
vn 0.7580 -0.2845 0.5869
vn 0.1960 -0.9684 0.1541
vn 0.2429 -0.9495 -0.1986
vn 0.5687 0.6312 -0.5274
vn 0.3918 0.9192 0.0408
vn 0.5007 -0.4792 0.7209
vn -0.0682 -0.9886 0.1342
vn -0.3296 -0.7666 -0.5511
vn 0.3414 0.8097 -0.4773
vn -0.0023 0.8324 0.5542
vn -0.3831 -0.3385 0.8594
vn -0.8434 -0.4178 0.3379
vn -0.8985 0.4357 -0.0534
vn -0.1922 0.9813 0.0069
vn -0.9382 -0.2015 0.2814
vn -0.9859 0.0786 0.1479
vn -0.9991 0.0250 -0.0329
vn -0.5192 0.8393 0.1613
vn -0.8470 0.5119 -0.1432
vn -0.9799 0.1443 -0.1375
vn -0.5246 0.8288 0.1949
vn -0.8574 -0.1689 0.4862
vn -0.4420 -0.5690 0.6934
vn -0.7914 0.6013 0.1098
vn -0.4400 0.1847 0.8788
vn -0.0104 0.7341 0.6790
vn -0.9142 -0.1842 0.3610
vn -0.2316 0.9233 0.3065
vn -0.1376 0.9855 0.0995
vn -0.1012 0.9859 -0.1331
vn -0.1162 0.8994 -0.4215
vn -0.3559 0.7520 -0.5549
vn -0.7624 -0.1101 -0.6377
vn -0.5563 -0.6747 -0.4851
vn -0.5686 -0.7502 -0.3375
vn -0.5045 -0.8372 0.2108
vn -0.2292 -0.9339 0.2744
vn -0.2880 -0.7997 0.5268
vn -0.2828 -0.4255 0.8596
vn 0.0402 -0.1547 0.9871
vn -0.2058 0.8550 0.4760
vn -0.3572 0.5109 0.7819
vn 0.0760 0.9841 0.1606
vn -0.0825 0.9933 0.0810
vn -0.4201 0.4745 -0.7735
vn 0.0083 0.1930 -0.9812
vn 0.1498 -0.4882 -0.8598
vn -0.3401 -0.9322 -0.1234
vn -0.0378 -0.9982 -0.0458
vn -0.0326 -0.9986 -0.0416
vn -0.1192 -0.8126 0.5706
vn 0.2024 -0.9229 0.3275
vn 0.4606 -0.8268 0.3230
vn -0.9241 0.2069 0.3214
vn 0.5767 0.6805 0.4520
vn 0.5282 0.8465 0.0659
vn 0.0183 0.9933 -0.1139
vn 0.3215 0.9086 -0.2667
vn 0.3986 0.7918 -0.4628
vn 0.3951 0.6901 -0.6063
vn 0.6468 -0.3950 -0.6524
vn 0.4281 -0.6326 -0.6454
vn 0.2316 -0.9522 -0.1993
vn 0.1997 -0.9493 -0.2430
vn 0.1424 -0.9846 -0.1012
vn 0.2654 -0.9594 0.0952
vn 0.4293 -0.8961 0.1127
vn 0.5097 -0.8165 0.2711
vn 0.4132 0.7793 -0.4711
vn 0.5551 0.7331 -0.3930
vn 0.8652 -0.2179 -0.4517
vn 0.7020 -0.6385 0.3155
vn 0.9580 -0.2505 -0.1397
vn 0.6210 0.7758 -0.1119
vn -0.6488 0.7286 -0.2194
vn 0.8897 0.4495 0.0800
vn 0.2570 0.9196 0.2971
vn 0.5732 0.8100 -0.1242
vn -0.3751 0.8317 0.4093
vn -0.2157 0.6392 -0.7381
vn -0.1550 0.9807 -0.1191
vn -0.8314 0.0862 -0.5490
vn -0.7180 0.0289 -0.6954
vn -0.9053 -0.1836 -0.3831
vn -0.5800 0.4509 -0.6785
vn -0.7689 0.4557 -0.4485
vn -0.9174 0.1335 0.3749
vn -0.5943 0.5110 0.6211
vn -0.3813 0.9213 0.0761
vn -0.1761 0.9843 -0.0138
vn 0.0060 0.9867 -0.1627
vn 0.1900 0.9009 -0.3903
vn -0.0234 0.4581 -0.8886
vn -0.5825 0.4936 0.6457
vn -0.7841 0.5189 0.3405
vn -0.0587 0.9830 0.1739
vn -0.1232 0.9923 0.0092
vn -0.0606 0.5021 -0.8627
vn 0.6971 0.1287 -0.7053
vn 0.7168 0.6467 0.2606
vn -0.0271 0.4527 0.8912
vn 0.1589 0.3967 0.9041
vn 0.5113 0.5870 0.6278
vn 0.0821 0.9943 -0.0683
vn 0.4135 0.9103 0.0211
vn 0.8491 0.5173 -0.1072
vn 0.8441 0.4997 0.1942
vn 0.7283 0.4900 0.4790
vn 0.7655 0.6424 -0.0359
vn -0.6805 0.7283 -0.0804
vn 0.8857 0.4514 -0.1089
vn 0.3149 0.9197 0.2347
vn 0.5341 0.8099 -0.2425
vn -0.2808 0.8319 0.4786
vn -0.3640 0.6398 -0.6769
vn -0.1751 0.9808 -0.0862
vn -0.9279 0.0851 -0.3629
vn -0.8478 0.0286 -0.5296
vn -0.9652 -0.1854 -0.1845
vn -0.7084 0.4511 -0.5429
vn -0.8458 0.4549 -0.2787
vn -0.8191 0.1293 0.5589
vn -0.4517 0.5085 0.7331
vn -0.3563 0.9218 0.1526
vn -0.1738 0.9846 0.0213
vn -0.0267 0.9864 -0.1624
vn 0.1051 0.9004 -0.4222
vn -0.2079 0.4599 -0.8633
vn -0.4350 0.4911 0.7547
vn -0.6968 0.5167 0.4975
vn -0.0195 0.9834 0.1804
vn -0.1171 0.9926 0.0326
vn -0.2386 0.5037 -0.8303
vn 0.5336 0.1333 -0.8352
vn 0.7552 0.6473 0.1032
vn 0.1613 0.4507 0.8780
vn 0.3458 0.3949 0.8512
vn 0.6325 0.5868 0.5056
vn 0.0674 0.9940 -0.0861
vn 0.4093 0.9099 -0.0679
vn 0.8064 0.5192 -0.2830
vn 0.8653 0.5011 0.0119
vn 0.8126 0.4906 0.3145
vn 0.7399 0.6434 -0.1963
vn -0.9652 -0.1853 -0.1845
vn -0.4517 0.5085 0.7330
vn 0.5336 0.1333 -0.8351
vn 0.7552 0.6473 0.1031
vn 0.1613 0.4506 0.8780
vn 0.8856 0.4514 -0.1089
vn 0.5341 0.8099 -0.2426
vn -0.8477 0.0287 -0.5296
vn 0.1612 0.4505 0.8781
vn -0.8191 0.1292 0.5589
vn 0.1617 0.4507 0.8779
vn 0.1614 0.4506 0.8780
vn 0.6720 0.7237 0.1571
vn -0.8823 0.4706 -0.0111
vn -0.2922 0.9140 -0.2814
vn -0.5658 0.8096 0.1566
vn 0.3220 0.8316 -0.4524
vn 0.2733 0.6281 0.7286
vn 0.1470 0.9849 0.0912
vn 0.8777 0.0422 0.4773
vn 0.7749 -0.0161 0.6319
vn 0.9264 -0.2223 0.3039
vn 0.6445 0.4227 0.6371
vn 0.8175 0.4284 0.3849
vn 0.8829 0.1155 -0.4552
vn 0.5291 0.5109 -0.6775
vn 0.3602 0.9246 -0.1245
vn 0.1585 0.9872 -0.0169
vn -0.0118 0.9889 0.1481
vn -0.1753 0.9023 0.3938
vn 0.0919 0.4387 0.8939
vn 0.5152 0.4943 -0.7002
vn 0.7511 0.5101 -0.4190
vn 0.0239 0.9810 -0.1926
vn 0.1027 0.9941 -0.0354
vn 0.1268 0.4844 0.8656
vn -0.6370 0.1299 0.7599
vn -0.7260 0.6572 -0.2025
vn -0.0571 0.4703 -0.8806
vn -0.2384 0.4210 -0.8751
vn -0.5560 0.6030 -0.5721
vn -0.0956 0.9937 0.0593
vn -0.4232 0.9060 -0.0003
vn -0.8305 0.5313 0.1673
vn -0.8450 0.5196 -0.1263
vn -0.7536 0.5133 -0.4107
vn -0.7541 0.6508 0.0884
vn 0.7749 -0.0162 0.6319
vn 0.3602 0.9246 -0.1244
vn 0.7511 0.5102 -0.4190
vn -0.0577 0.4702 -0.8807
vn -0.8823 0.4706 -0.0110
vn 0.9264 -0.2222 0.3039
vn 0.3602 0.9245 -0.1245
vn -0.0571 0.4703 -0.8807
vn -0.0572 0.4704 -0.8806
vn 0.0919 0.4388 0.8939
vn -0.0573 0.4704 -0.8806
vn 0.8829 0.1154 -0.4552
vn -0.6369 0.1299 0.7599
vn -0.0571 0.4704 -0.8806
vn -0.5657 0.8096 0.1566
vn 0.2734 0.6281 0.7285
vn -0.7259 0.6572 -0.2025
vn -0.0578 0.4703 -0.8806
vn -0.4232 0.9060 -0.0002
vn 0.8777 0.0422 0.4774
vn -0.0575 0.4703 -0.8806
vn 0.8175 0.4284 0.3848
vn -0.5560 0.6029 -0.5721
vn 0.3602 0.9245 -0.1244
vn -0.2384 0.4211 -0.8751
vn 0.5677 -0.0154 0.8231
vn -0.2797 0.9016 0.3301
vn -0.1209 0.4870 0.8650
vn 0.1902 0.4673 -0.8634
vn 0.0572 0.6292 0.7751
vn -0.2797 0.9016 0.3300
vn -0.1209 0.4871 0.8650
vn 0.1901 0.4675 -0.8633
vn -0.3762 0.6024 -0.7039
vn -0.8430 0.5334 -0.0697
vn -0.5871 0.8095 -0.0056
vn 0.4394 0.4236 0.7921
vn -0.1620 0.4419 0.8823
vn 0.7094 0.0418 0.7036
vn -0.2796 0.9016 0.3300
vn -0.1208 0.4871 0.8650
vn 0.1902 0.4674 -0.8633
vn 0.6046 0.2028 -0.7703
vn -0.6152 0.7326 -0.2913
vn 0.2244 0.9690 -0.1029
vn 0.3378 0.8975 0.2836
vn -0.4036 0.2412 0.8826
vn -0.4549 0.8890 0.0523
vn -0.4771 0.8299 0.2892
vn -0.4677 0.8523 0.2343
vn -0.4448 0.7827 0.4354
vn -0.2664 0.8867 0.3779
vn -0.2279 0.7819 0.5802
vn 0.0723 0.3815 0.9215
vn -0.0343 0.9806 0.1929
vn 0.2085 0.9727 0.1021
vn 0.3197 0.9474 -0.0125
vn -0.1310 0.9820 0.1358
vn 0.0651 0.9977 -0.0174
vn -0.0848 0.9831 -0.1623
vn -0.4837 0.8690 0.1039
vn -0.6073 0.7710 -0.1919
vn -0.5641 0.7923 -0.2327
vn -0.8181 0.5746 0.0209
vn -0.6758 0.5766 0.4591
vn -0.5348 0.4259 0.7298
vn 0.9453 0.2842 0.1600
vn 0.9446 0.3280 -0.0081
vn 0.6322 0.7612 -0.1446
vn 0.3690 0.8801 -0.2987
vn 0.3572 0.8589 -0.3669
vn 0.1388 0.9046 -0.4031
vn -0.5067 0.0911 -0.8573
vn -0.6729 0.2581 -0.6932
vn 0.5877 0.7624 -0.2710
vn 0.8444 0.5290 -0.0847
vn 0.5005 0.2986 -0.8126
vn -0.4427 0.0466 -0.8954
vt 0.181819 0.000000
vt 0.227273 0.078731
vt 0.136365 0.078731
vt 0.681818 0.078731
vt 0.727273 0.157461
vt 0.681818 0.236191
vt 0.636364 0.157461
vt 0.909091 0.000000
vt 0.954545 0.078731
vt 0.863636 0.078731
vt 0.727273 0.000000
vt 0.772727 0.078731
vt 0.545455 0.000000
vt 0.590909 0.078731
vt 0.500000 0.078731
vt 0.090910 0.157461
vt 0.181819 0.157461
vt 0.136365 0.236191
vt 0.818182 0.157461
vt 0.909091 0.157461
vt 0.863636 0.236191
vt 0.772727 0.393651
vt 0.863636 0.393651
vt 0.636364 0.472382
vt 0.590909 0.393651
vt 0.454546 0.157461
vt 0.545455 0.157461
vt 0.500000 0.236191
vt 0.272728 0.157461
vt 0.318182 0.236191
vt 0.227273 0.236191
vt 0.045455 0.236191
vt 0.772727 0.236191
vt 0.590909 0.236191
vt 0.409092 0.236191
vt 0.181819 0.314921
vt 0.272728 0.314921
vt 0.227273 0.393651
vt 0.000000 0.314921
vt 0.090910 0.314921
vt 0.045455 0.393651
vt 0.727273 0.314921
vt 0.818182 0.314921
vt 0.545455 0.314921
vt 0.636364 0.314921
vt 0.363637 0.314921
vt 0.454546 0.314921
vt 0.409092 0.393651
vt 0.500000 0.393651
vt 0.272728 0.472382
vt 0.681818 0.393651
vt 0.909091 0.314921
vt 0.136365 0.393651
vt 0.090910 0.472382
vt 0.318182 0.393651
vt 0.363637 0.157461
vt 0.318182 0.078731
vt 0.954545 0.236191
vt 1.000000 0.157461
vt 0.409092 0.078731
vt 0.363637 0.000000
vt 0.363637 0.157461
vt 0.318182 0.157461
vt 0.340910 0.118096
vt 0.295455 0.118096
vt 0.886364 0.039365
vt 0.909091 0.078731
vt 0.909091 0.000000
vt 0.931818 0.039365
vt 0.704546 0.039365
vt 0.727273 0.078731
vt 0.727273 0.000000
vt 0.750000 0.039365
vt 0.522728 0.039365
vt 0.545455 0.078731
vt 0.545455 0.000000
vt 0.568182 0.039365
vt 0.318183 0.236191
vt 0.295455 0.196826
vt 0.340910 0.196826
vt 0.136364 0.236191
vt 0.113637 0.196826
vt 0.159092 0.196826
vt 0.136365 0.157461
vt 0.181819 0.157461
vt 0.863637 0.236191
vt 0.840909 0.196826
vt 0.886364 0.196826
vt 0.863636 0.157461
vt 0.909091 0.157461
vt 0.681819 0.236191
vt 0.659091 0.196826
vt 0.704546 0.196826
vt 0.681819 0.157461
vt 0.727273 0.157461
vt 0.500001 0.236191
vt 0.477273 0.196826
vt 0.522728 0.196826
vt 0.500001 0.157461
vt 0.545455 0.157461
vt 0.227274 0.236191
vt 0.250001 0.196826
vt 0.272728 0.236191
vt 0.068183 0.196826
vt 0.090910 0.236191
vt 0.772728 0.236191
vt 0.795455 0.196826
vt 0.818182 0.236191
vt 0.590910 0.236191
vt 0.613637 0.196826
vt 0.636364 0.236191
vt 0.409092 0.236191
vt 0.431819 0.196826
vt 0.454546 0.236191
vt 0.204546 0.354286
vt 0.250001 0.354286
vt 0.227274 0.314921
vt 0.272728 0.314921
vt 0.022728 0.354286
vt 0.068182 0.354286
vt 0.045455 0.314921
vt 0.090910 0.314921
vt 0.750000 0.354286
vt 0.795455 0.354286
vt 0.772728 0.314921
vt 0.818182 0.314921
vt 0.568182 0.354286
vt 0.613637 0.354286
vt 0.590910 0.314921
vt 0.636364 0.314921
vt 0.386364 0.354286
vt 0.431819 0.354286
vt 0.409092 0.314921
vt 0.454546 0.314921
vt 0.454546 0.472382
vt 0.431819 0.433017
vt 0.477273 0.433017
vt 0.454546 0.393652
vt 0.477273 0.354286
vt 0.522728 0.354286
vt 0.500001 0.314921
vt 0.636364 0.472382
vt 0.613637 0.433017
vt 0.659091 0.433017
vt 0.636364 0.393652
vt 0.659091 0.354286
vt 0.704546 0.354286
vt 0.681819 0.314921
vt 0.818182 0.472382
vt 0.795455 0.433017
vt 0.840909 0.433017
vt 0.818182 0.393652
vt 0.840909 0.354286
vt 0.886364 0.354286
vt 0.863637 0.314921
vt 0.090910 0.472382
vt 0.068183 0.433017
vt 0.113637 0.433017
vt 0.090910 0.393652
vt 0.113637 0.354286
vt 0.159092 0.354286
vt 0.136364 0.314921
vt 0.272728 0.472382
vt 0.250001 0.433017
vt 0.295455 0.433017
vt 0.272728 0.393652
vt 0.295455 0.354286
vt 0.340910 0.354286
vt 0.318182 0.314921
vt 0.386364 0.275556
vt 0.431819 0.275556
vt 0.477273 0.275556
vt 0.522728 0.275556
vt 0.568182 0.275556
vt 0.613637 0.275556
vt 0.659091 0.275556
vt 0.704546 0.275556
vt 0.750000 0.275556
vt 0.795455 0.275556
vt 0.840909 0.275556
vt 0.886364 0.275556
vt 0.022728 0.275556
vt 0.068182 0.275556
vt 0.113637 0.275556
vt 0.159092 0.275556
vt 0.204546 0.275556
vt 0.250001 0.275556
vt 0.295455 0.275556
vt 0.340910 0.275556
vt 0.545455 0.236191
vt 0.568182 0.196826
vt 0.590910 0.157461
vt 0.727273 0.236191
vt 0.750000 0.196826
vt 0.772728 0.157461
vt 0.931818 0.275556
vt 0.909091 0.236191
vt 0.931818 0.196826
vt 0.977273 0.196826
vt 0.954546 0.157461
vt 0.181819 0.236191
vt 0.204546 0.196826
vt 0.227274 0.157461
vt 0.363637 0.236191
vt 0.386364 0.196826
vt 0.409092 0.157461
vt 0.477273 0.118096
vt 0.522728 0.118096
vt 0.568182 0.118096
vt 0.613637 0.118096
vt 0.659091 0.118096
vt 0.704546 0.118096
vt 0.750000 0.118096
vt 0.795455 0.118096
vt 0.840909 0.118096
vt 0.886364 0.118096
vt 0.931818 0.118096
vt 0.977273 0.118096
vt 0.431819 0.118096
vt 0.386364 0.118096
vt 0.363637 0.078731
vt 0.386364 0.039365
vt 0.340910 0.039365
vt 0.363637 0.000000
vt 0.113637 0.118096
vt 0.159092 0.118096
vt 0.204546 0.118096
vt 0.181819 0.078731
vt 0.250001 0.118096
vt 0.204546 0.039365
vt 0.159092 0.039365
vt 0.181819 0.000000
vt 0.454546 0.472382
vt 0.818182 0.472382
s 0
usemtl Material.003
f 1/1/1 14/2/1 13/3/1
f 20/4/1 21/5/1 29/6/1 5/7/1
f 1/8/1 13/9/1 18/10/1
f 1/11/1 18/12/1 20/4/1
f 1/13/1 20/14/1 17/15/1
f 3/16/1 15/17/1 25/18/1
f 4/19/1 19/20/1 27/21/1
f 41/22/2 40/23/2 12/24/2 42/25/2
f 6/26/3 22/27/3 31/28/3
f 2/29/4 23/30/4 26/31/4
f 3/16/1 25/18/1 28/32/1
f 4/19/1 27/21/1 30/33/1
f 5/7/1 29/6/1 32/34/1
f 6/26/5 31/28/5 24/35/5
f 7/36/6 33/37/6 38/38/6
f 8/39/1 34/40/1 40/41/1
f 9/42/1 35/43/1 41/22/1
f 10/44/7 36/45/7 42/25/7
f 11/46/8 37/47/8 39/48/8
f 39/48/9 37/47/9 42/49/9
f 37/47/10 10/44/10 42/49/10
f 38/38/11 39/48/11 42/49/11 12/50/11
f 42/25/12 36/45/12 41/51/12
f 36/45/13 9/42/13 41/51/13
f 41/22/1 35/43/1 40/23/1
f 35/43/1 8/52/1 40/23/1
f 40/41/14 38/53/14 12/54/14
f 40/41/15 34/40/15 38/53/15
f 34/40/16 7/36/16 38/53/16
f 38/38/17 33/37/17 39/55/17
f 33/37/18 11/46/18 39/55/18
f 24/35/19 37/47/19 11/46/19
f 24/35/20 31/28/20 37/47/20
f 31/28/21 10/44/21 37/47/21
f 32/34/1 36/45/1 10/44/1
f 32/34/1 29/6/1 36/45/1
f 29/6/1 9/42/1 36/45/1
f 30/33/1 35/43/1 9/42/1
f 30/33/1 27/21/1 35/43/1
f 27/21/1 8/52/1 35/43/1
f 28/32/1 34/40/1 8/39/1
f 28/32/1 25/18/1 34/40/1
f 25/18/22 7/36/22 34/40/22
f 26/31/23 33/37/23 7/36/23
f 26/31/24 23/30/24 33/37/24
f 23/30/25 11/46/25 33/37/25
f 31/28/26 32/34/26 10/44/26
f 31/28/27 22/27/27 32/34/27
f 22/27/1 5/7/1 32/34/1
f 29/6/1 30/33/1 9/42/1
f 16/56/28 23/30/28 2/29/28 14/57/28
f 27/21/1 28/58/1 8/52/1
f 27/21/1 19/20/1 28/58/1
f 19/20/1 3/59/1 28/58/1
f 25/18/29 26/31/29 7/36/29
f 25/18/30 15/17/30 26/31/30
f 15/17/31 2/29/31 26/31/31
f 23/30/32 24/35/32 11/46/32
f 23/30/33 16/56/33 24/35/33
f 21/5/1 4/19/1 30/33/1 29/6/1
f 17/15/34 22/27/34 6/26/34
f 17/15/1 20/14/1 22/27/1
f 20/14/1 5/7/1 22/27/1
f 20/4/1 18/12/1 21/5/1
f 18/12/1 4/19/1 21/5/1
f 18/10/1 19/20/1 4/19/1
f 18/10/1 13/9/1 19/20/1
f 13/9/1 3/59/1 19/20/1
f 16/56/35 14/57/35 17/60/35
f 14/57/1 1/61/1 17/60/1
f 13/3/1 15/17/1 3/16/1
f 13/3/1 14/2/1 15/17/1
f 14/2/36 2/29/36 15/17/36
f 16/56/37 17/60/37 6/26/37 24/35/37
f 58/62/38 88/63/38 200/64/38
f 44/29/38 86/65/38 88/63/38
f 56/57/38 200/64/38 86/65/38
f 60/10/38 90/66/38 197/67/38
f 43/68/38 85/69/38 90/66/38
f 55/9/38 197/67/38 85/69/38
f 62/4/38 92/70/38 194/71/38
f 43/72/38 90/73/38 92/70/38
f 60/12/38 194/71/38 90/73/38
f 59/15/38 119/74/38 191/75/38
f 43/76/38 92/77/38 119/74/38
f 62/14/38 191/75/38 92/77/38
f 65/78/38 95/79/38 188/80/38
f 44/29/38 88/63/38 95/79/38
f 58/62/38 188/80/38 88/63/38
f 67/81/38 97/82/38 185/83/38
f 45/16/38 87/84/38 97/82/38
f 57/85/38 185/83/38 87/84/38
f 69/86/39 99/87/39 182/88/39
f 46/19/38 91/89/38 99/87/38
f 61/90/40 182/88/40 91/89/40
f 71/91/38 101/92/38 179/93/38
f 47/7/38 93/94/38 101/92/38
f 63/95/38 179/93/38 93/94/38
f 73/96/38 103/97/38 176/98/38
f 48/26/38 94/99/38 103/97/38
f 64/100/38 176/98/38 94/99/38
f 68/101/38 128/102/38 173/103/38
f 44/29/38 95/79/38 128/102/38
f 65/78/38 173/103/38 95/79/38
f 70/32/41 130/104/41 170/105/41
f 45/16/40 97/82/40 130/104/40
f 67/81/42 170/105/42 97/82/42
f 72/106/38 132/107/38 167/108/38
f 46/19/38 99/87/38 132/107/38
f 69/86/43 167/108/43 99/87/43
f 74/109/38 134/110/38 164/111/38
f 47/7/38 101/92/38 134/110/38
f 71/91/38 164/111/38 101/92/38
f 66/112/38 126/113/38 161/114/38
f 48/26/38 103/97/38 126/113/38
f 73/96/38 161/114/38 103/97/38
f 80/38/44 110/115/44 158/116/44
f 49/36/45 105/117/45 110/115/45
f 75/118/46 158/116/46 105/117/46
f 82/41/47 112/119/47 155/120/47
f 50/39/48 106/121/48 112/119/48
f 76/122/49 155/120/49 106/121/49
f 83/22/50 113/123/50 152/124/50
f 51/42/51 107/125/51 113/123/51
f 77/126/52 152/124/52 107/125/52
f 84/25/53 114/127/53 149/128/53
f 52/44/54 108/129/54 114/127/54
f 78/130/55 149/128/55 108/129/55
f 81/48/56 141/131/56 146/132/56
f 53/46/57 109/133/57 141/131/57
f 79/134/58 146/132/58 109/133/58
f 54/135/59 111/136/59 144/137/59
f 81/48/60 145/138/60 111/136/60
f 84/49/61 144/137/61 145/138/61
f 84/49/62 145/138/62 147/139/62
f 81/48/63 146/132/63 145/138/63
f 79/134/64 147/139/64 146/132/64
f 84/49/65 147/139/65 114/140/65
f 79/134/66 139/141/66 147/139/66
f 52/44/67 114/140/67 139/141/67
f 54/142/68 144/143/68 143/144/68
f 84/25/69 148/145/69 144/143/69
f 83/51/70 143/144/70 148/145/70
f 83/51/71 148/145/71 150/146/71
f 84/25/72 149/128/72 148/145/72
f 78/130/73 150/146/73 149/128/73
f 83/51/74 150/146/74 113/147/74
f 78/130/75 138/148/75 150/146/75
f 51/42/76 113/147/76 138/148/76
f 54/149/77 143/150/77 142/151/77
f 83/22/78 151/152/78 143/150/78
f 82/23/79 142/151/79 151/152/79
f 82/23/80 151/152/80 153/153/80
f 83/22/81 152/124/81 151/152/81
f 77/126/82 153/153/82 152/124/82
f 82/23/83 153/153/83 112/154/83
f 77/126/84 137/155/84 153/153/84
f 50/52/85 112/154/85 137/155/85
f 54/156/86 142/157/86 140/158/86
f 82/41/87 154/159/87 142/157/87
f 80/53/88 140/158/88 154/159/88
f 80/53/89 154/159/89 156/160/89
f 82/41/90 155/120/90 154/159/90
f 76/122/91 156/160/91 155/120/91
f 80/53/92 156/160/92 110/161/92
f 76/122/93 136/162/93 156/160/93
f 49/36/94 110/161/94 136/162/94
f 54/163/95 140/164/95 111/165/95
f 80/38/96 157/166/96 140/164/96
f 81/55/97 111/165/97 157/166/97
f 81/55/98 157/166/98 159/167/98
f 80/38/99 158/116/99 157/166/99
f 75/118/100 159/167/100 158/116/100
f 81/55/101 159/167/101 141/168/101
f 75/118/102 135/169/102 159/167/102
f 53/46/103 141/168/103 135/169/103
f 53/46/104 96/170/104 109/133/104
f 66/112/105 160/171/105 96/170/105
f 79/134/106 109/133/106 160/171/106
f 79/134/107 160/171/107 162/172/107
f 66/112/108 161/114/108 160/171/108
f 73/96/109 162/172/109 161/114/109
f 79/134/110 162/172/110 139/141/110
f 73/96/111 133/173/111 162/172/111
f 52/44/112 139/141/112 133/173/112
f 52/44/38 104/174/38 108/129/38
f 74/109/38 163/175/38 104/174/38
f 78/130/38 108/129/38 163/175/38
f 78/130/38 163/175/38 165/176/38
f 74/109/38 164/111/38 163/175/38
f 71/91/38 165/176/38 164/111/38
f 78/130/38 165/176/38 138/148/38
f 71/91/38 131/177/38 165/176/38
f 51/42/38 138/148/38 131/177/38
f 51/42/113 102/178/113 107/125/113
f 72/106/40 166/179/40 102/178/40
f 77/126/114 107/125/114 166/179/114
f 77/126/115 166/179/115 168/180/115
f 72/106/38 167/108/38 166/179/38
f 69/86/116 168/180/116 167/108/116
f 77/126/117 168/180/117 137/155/117
f 69/86/118 129/181/118 168/180/118
f 50/52/119 137/155/119 129/181/119
f 50/39/120 100/182/120 106/121/120
f 70/32/121 169/183/121 100/182/121
f 76/122/122 106/121/122 169/183/122
f 76/122/123 169/183/123 171/184/123
f 70/32/124 170/105/124 169/183/124
f 67/81/125 171/184/125 170/105/125
f 76/122/126 171/184/126 136/162/126
f 67/81/127 127/185/127 171/184/127
f 49/36/128 136/162/128 127/185/128
f 49/36/129 98/186/129 105/117/129
f 68/101/38 172/187/38 98/186/38
f 75/118/130 105/117/130 172/187/130
f 75/118/131 172/187/131 174/188/131
f 68/101/38 173/103/38 172/187/38
f 65/78/38 174/188/38 173/103/38
f 75/118/132 174/188/132 135/169/132
f 65/78/40 125/189/40 174/188/40
f 53/46/133 135/169/133 125/189/133
f 52/44/38 133/173/38 104/174/38
f 73/96/38 175/190/38 133/173/38
f 74/109/38 104/174/38 175/190/38
f 74/109/38 175/190/38 177/191/38
f 73/96/38 176/98/38 175/190/38
f 64/100/38 177/191/38 176/98/38
f 74/109/38 177/191/38 134/110/38
f 64/100/38 124/192/38 177/191/38
f 47/7/38 134/110/38 124/192/38
f 51/42/38 131/177/38 102/178/38
f 71/91/38 178/193/38 131/177/38
f 72/106/38 102/178/38 178/193/38
f 72/106/38 178/193/38 180/194/38
f 71/91/38 179/93/38 178/193/38
f 63/95/38 180/194/38 179/93/38
f 72/106/38 180/194/38 132/107/38
f 63/95/38 123/195/38 180/194/38
f 46/19/38 132/107/38 123/195/38
f 50/52/134 129/181/134 100/196/134
f 69/86/135 181/197/135 129/181/135
f 70/58/136 100/196/136 181/197/136
f 70/58/137 181/197/137 183/198/137
f 69/86/138 182/88/138 181/197/138
f 61/90/139 183/198/139 182/88/139
f 70/58/140 183/198/140 130/199/140
f 61/90/141 121/200/141 183/198/141
f 45/59/40 130/199/40 121/200/40
f 49/36/142 127/185/142 98/186/142
f 67/81/143 184/201/143 127/185/143
f 68/101/38 98/186/38 184/201/38
f 68/101/38 184/201/38 186/202/38
f 67/81/38 185/83/38 184/201/38
f 57/85/38 186/202/38 185/83/38
f 68/101/38 186/202/38 128/102/38
f 57/85/38 117/203/38 186/202/38
f 44/29/38 128/102/38 117/203/38
f 53/46/144 125/189/144 96/170/144
f 65/78/38 187/204/38 125/189/38
f 66/112/40 96/170/40 187/204/40
f 66/112/38 187/204/38 189/205/38
f 65/78/38 188/80/38 187/204/38
f 58/62/38 189/205/38 188/80/38
f 66/112/38 189/205/38 126/113/38
f 58/62/38 118/206/38 189/205/38
f 48/26/38 126/113/38 118/206/38
f 48/26/38 89/207/38 94/99/38
f 59/15/38 190/208/38 89/207/38
f 64/100/38 94/99/38 190/208/38
f 64/100/38 190/208/38 192/209/38
f 59/15/38 191/75/38 190/208/38
f 62/14/38 192/209/38 191/75/38
f 64/100/38 192/209/38 124/192/38
f 62/14/38 122/210/38 192/209/38
f 47/7/38 124/192/38 122/210/38
f 47/7/38 122/211/38 93/94/38
f 62/4/38 193/212/38 122/211/38
f 63/95/38 93/94/38 193/212/38
f 63/95/38 193/212/38 195/213/38
f 62/4/38 194/71/38 193/212/38
f 60/12/38 195/213/38 194/71/38
f 63/95/38 195/213/38 123/195/38
f 60/12/38 120/214/38 195/213/38
f 46/19/38 123/195/38 120/214/38
f 46/19/38 120/215/38 91/89/38
f 60/10/38 196/216/38 120/215/38
f 61/90/38 91/89/38 196/216/38
f 61/90/38 196/216/38 198/217/38
f 60/10/38 197/67/38 196/216/38
f 55/9/38 198/217/38 197/67/38
f 61/90/38 198/217/38 121/200/38
f 55/9/38 115/218/38 198/217/38
f 45/59/38 121/200/38 115/218/38
f 48/26/38 118/206/38 89/219/38
f 58/62/38 199/220/38 118/206/38
f 59/60/38 89/219/38 199/220/38
f 59/60/38 199/220/38 201/221/38
f 58/62/38 200/64/38 199/220/38
f 56/57/38 201/221/38 200/64/38
f 59/60/38 201/221/38 119/222/38
f 56/57/38 116/223/38 201/221/38
f 43/224/38 119/222/38 116/223/38
f 45/16/38 115/225/38 87/84/38
f 55/3/38 202/226/38 115/225/38
f 57/85/38 87/84/38 202/226/38
f 57/85/38 202/226/38 204/227/38
f 55/3/38 203/228/38 202/226/38
f 56/2/38 204/227/38 203/228/38
f 57/85/38 204/227/38 117/203/38
f 56/2/38 86/229/38 204/227/38
f 44/29/38 117/203/38 86/229/38
f 220/62/145 250/63/145 362/64/145
f 206/29/145 248/65/145 250/63/145
f 218/57/145 362/64/145 248/65/145
f 222/10/145 252/66/145 359/67/145
f 205/68/145 247/69/145 252/66/145
f 217/9/145 359/67/145 247/69/145
f 224/4/145 254/70/145 356/71/145
f 205/72/145 252/73/145 254/70/145
f 222/12/145 356/71/145 252/73/145
f 221/15/145 281/74/145 353/75/145
f 205/76/145 254/77/145 281/74/145
f 224/14/145 353/75/145 254/77/145
f 227/78/145 257/79/145 350/80/145
f 206/29/145 250/63/145 257/79/145
f 220/62/145 350/80/145 250/63/145
f 229/81/145 259/82/145 347/83/145
f 207/16/145 249/84/145 259/82/145
f 219/85/145 347/83/145 249/84/145
f 231/86/146 261/87/146 344/88/146
f 208/19/145 253/89/145 261/87/145
f 223/90/147 344/88/147 253/89/147
f 233/91/145 263/92/145 341/93/145
f 209/7/145 255/94/145 263/92/145
f 225/95/145 341/93/145 255/94/145
f 235/96/145 265/97/145 338/98/145
f 210/26/145 256/99/145 265/97/145
f 226/100/145 338/98/145 256/99/145
f 230/101/145 290/102/145 335/103/145
f 206/29/145 257/79/145 290/102/145
f 227/78/145 335/103/145 257/79/145
f 232/32/148 292/104/148 332/105/148
f 207/16/147 259/82/147 292/104/147
f 229/81/149 332/105/149 259/82/149
f 234/106/145 294/107/145 329/108/145
f 208/19/145 261/87/145 294/107/145
f 231/86/150 329/108/150 261/87/150
f 236/109/145 296/110/145 326/111/145
f 209/7/145 263/92/145 296/110/145
f 233/91/145 326/111/145 263/92/145
f 228/112/145 288/113/145 323/114/145
f 210/26/145 265/97/145 288/113/145
f 235/96/145 323/114/145 265/97/145
f 242/38/151 272/115/151 320/116/151
f 211/36/152 267/117/152 272/115/152
f 237/118/153 320/116/153 267/117/153
f 244/41/154 274/119/154 317/120/154
f 212/39/155 268/121/155 274/119/155
f 238/122/156 317/120/156 268/121/156
f 245/22/157 275/123/157 314/124/157
f 213/42/158 269/125/158 275/123/158
f 239/126/159 314/124/159 269/125/159
f 246/25/160 276/127/160 311/128/160
f 214/44/161 270/129/161 276/127/161
f 240/130/162 311/128/162 270/129/162
f 243/48/163 303/131/163 308/132/163
f 215/46/164 271/133/164 303/131/164
f 241/134/165 308/132/165 271/133/165
f 216/135/166 273/136/166 306/137/166
f 243/48/167 307/138/167 273/136/167
f 246/49/168 306/137/168 307/138/168
f 246/49/169 307/138/169 309/139/169
f 243/48/170 308/132/170 307/138/170
f 241/134/171 309/139/171 308/132/171
f 246/49/172 309/139/172 276/140/172
f 241/134/173 301/141/173 309/139/173
f 214/44/174 276/140/174 301/141/174
f 216/142/175 306/143/175 305/144/175
f 246/25/176 310/145/176 306/143/176
f 245/51/177 305/144/177 310/145/177
f 245/51/178 310/145/178 312/146/178
f 246/25/179 311/128/179 310/145/179
f 240/130/180 312/146/180 311/128/180
f 245/51/181 312/146/181 275/147/181
f 240/130/182 300/148/182 312/146/182
f 213/42/183 275/147/183 300/148/183
f 216/149/184 305/150/184 304/151/184
f 245/22/185 313/152/185 305/150/185
f 244/23/186 304/151/186 313/152/186
f 244/23/187 313/152/187 315/153/187
f 245/22/188 314/124/188 313/152/188
f 239/126/189 315/153/189 314/124/189
f 244/23/190 315/153/190 274/154/190
f 239/126/191 299/155/191 315/153/191
f 212/52/192 274/154/192 299/155/192
f 216/156/193 304/157/193 302/158/193
f 244/41/194 316/159/194 304/157/194
f 242/53/195 302/158/195 316/159/195
f 242/53/196 316/159/196 318/160/196
f 244/41/197 317/120/197 316/159/197
f 238/122/198 318/160/198 317/120/198
f 242/53/199 318/160/199 272/161/199
f 238/122/200 298/162/200 318/160/200
f 211/36/201 272/161/201 298/162/201
f 216/163/202 302/164/202 273/165/202
f 242/38/203 319/166/203 302/164/203
f 243/55/204 273/165/204 319/166/204
f 243/55/205 319/166/205 321/167/205
f 242/38/206 320/116/206 319/166/206
f 237/118/207 321/167/207 320/116/207
f 243/55/208 321/167/208 303/168/208
f 237/118/209 297/169/209 321/167/209
f 215/46/210 303/168/210 297/169/210
f 215/46/211 258/170/211 271/133/211
f 228/112/212 322/171/212 258/170/212
f 241/134/213 271/133/213 322/171/213
f 241/134/214 322/171/214 324/172/214
f 228/112/215 323/114/215 322/171/215
f 235/96/216 324/172/216 323/114/216
f 241/134/217 324/172/217 301/141/217
f 235/96/218 295/173/218 324/172/218
f 214/44/219 301/141/219 295/173/219
f 214/44/145 266/174/145 270/129/145
f 236/109/145 325/175/145 266/174/145
f 240/130/145 270/129/145 325/175/145
f 240/130/145 325/175/145 327/176/145
f 236/109/145 326/111/145 325/175/145
f 233/91/145 327/176/145 326/111/145
f 240/130/145 327/176/145 300/148/145
f 233/91/145 293/177/145 327/176/145
f 213/42/145 300/148/145 293/177/145
f 213/42/220 264/178/220 269/125/220
f 234/106/147 328/179/147 264/178/147
f 239/126/221 269/125/221 328/179/221
f 239/126/222 328/179/222 330/180/222
f 234/106/145 329/108/145 328/179/145
f 231/86/223 330/180/223 329/108/223
f 239/126/224 330/180/224 299/155/224
f 231/86/225 291/181/225 330/180/225
f 212/52/226 299/155/226 291/181/226
f 212/39/227 262/182/227 268/121/227
f 232/32/228 331/183/228 262/182/228
f 238/122/229 268/121/229 331/183/229
f 238/122/230 331/183/230 333/184/230
f 232/32/231 332/105/231 331/183/231
f 229/81/232 333/184/232 332/105/232
f 238/122/233 333/184/233 298/162/233
f 229/81/234 289/185/234 333/184/234
f 211/36/235 298/162/235 289/185/235
f 211/36/236 260/186/236 267/117/236
f 230/101/145 334/187/145 260/186/145
f 237/118/237 267/117/237 334/187/237
f 237/118/238 334/187/238 336/188/238
f 230/101/145 335/103/145 334/187/145
f 227/78/145 336/188/145 335/103/145
f 237/118/239 336/188/239 297/169/239
f 227/78/147 287/189/147 336/188/147
f 215/46/240 297/169/240 287/189/240
f 214/44/145 295/173/145 266/174/145
f 235/96/145 337/190/145 295/173/145
f 236/109/145 266/174/145 337/190/145
f 236/109/145 337/190/145 339/191/145
f 235/96/145 338/98/145 337/190/145
f 226/100/145 339/191/145 338/98/145
f 236/109/145 339/191/145 296/110/145
f 226/100/145 286/192/145 339/191/145
f 209/7/145 296/110/145 286/192/145
f 213/42/145 293/177/145 264/178/145
f 233/91/145 340/193/145 293/177/145
f 234/106/145 264/178/145 340/193/145
f 234/106/145 340/193/145 342/194/145
f 233/91/145 341/93/145 340/193/145
f 225/95/145 342/194/145 341/93/145
f 234/106/145 342/194/145 294/107/145
f 225/95/145 285/195/145 342/194/145
f 208/19/145 294/107/145 285/195/145
f 212/52/241 291/181/241 262/196/241
f 231/86/242 343/197/242 291/181/242
f 232/58/243 262/196/243 343/197/243
f 232/58/244 343/197/244 345/198/244
f 231/86/245 344/88/245 343/197/245
f 223/90/246 345/198/246 344/88/246
f 232/58/247 345/198/247 292/199/247
f 223/90/248 283/200/248 345/198/248
f 207/59/147 292/199/147 283/200/147
f 211/36/249 289/185/249 260/186/249
f 229/81/250 346/201/250 289/185/250
f 230/101/145 260/186/145 346/201/145
f 230/101/145 346/201/145 348/202/145
f 229/81/145 347/83/145 346/201/145
f 219/85/145 348/202/145 347/83/145
f 230/101/145 348/202/145 290/102/145
f 219/85/145 279/203/145 348/202/145
f 206/29/145 290/102/145 279/203/145
f 215/46/251 287/189/251 258/170/251
f 227/78/145 349/204/145 287/189/145
f 228/112/147 258/170/147 349/204/147
f 228/112/145 349/204/145 351/205/145
f 227/78/145 350/80/145 349/204/145
f 220/62/145 351/205/145 350/80/145
f 228/112/145 351/205/145 288/113/145
f 220/62/145 280/206/145 351/205/145
f 210/26/145 288/113/145 280/206/145
f 210/26/145 251/207/145 256/99/145
f 221/15/145 352/208/145 251/207/145
f 226/100/145 256/99/145 352/208/145
f 226/100/145 352/208/145 354/209/145
f 221/15/145 353/75/145 352/208/145
f 224/14/145 354/209/145 353/75/145
f 226/100/145 354/209/145 286/192/145
f 224/14/145 284/210/145 354/209/145
f 209/7/145 286/192/145 284/210/145
f 209/7/145 284/211/145 255/94/145
f 224/4/145 355/212/145 284/211/145
f 225/95/145 255/94/145 355/212/145
f 225/95/145 355/212/145 357/213/145
f 224/4/145 356/71/145 355/212/145
f 222/12/145 357/213/145 356/71/145
f 225/95/145 357/213/145 285/195/145
f 222/12/145 282/214/145 357/213/145
f 208/19/145 285/195/145 282/214/145
f 208/19/145 282/215/145 253/89/145
f 222/10/145 358/216/145 282/215/145
f 223/90/145 253/89/145 358/216/145
f 223/90/145 358/216/145 360/217/145
f 222/10/145 359/67/145 358/216/145
f 217/9/145 360/217/145 359/67/145
f 223/90/145 360/217/145 283/200/145
f 217/9/145 277/218/145 360/217/145
f 207/59/145 283/200/145 277/218/145
f 210/26/145 280/206/145 251/219/145
f 220/62/145 361/220/145 280/206/145
f 221/60/145 251/219/145 361/220/145
f 221/60/145 361/220/145 363/221/145
f 220/62/145 362/64/145 361/220/145
f 218/57/145 363/221/145 362/64/145
f 221/60/145 363/221/145 281/222/145
f 218/57/145 278/223/145 363/221/145
f 205/224/145 281/222/145 278/223/145
f 207/16/145 277/225/145 249/84/145
f 217/3/145 364/226/145 277/225/145
f 219/85/145 249/84/145 364/226/145
f 219/85/145 364/226/145 366/227/145
f 217/3/145 365/228/145 364/226/145
f 218/2/145 366/227/145 365/228/145
f 219/85/145 366/227/145 279/203/145
f 218/2/145 248/229/145 366/227/145
f 206/29/145 279/203/145 248/229/145
f 218/2/145 365/228/145 278/230/145
f 217/3/145 247/231/145 365/228/145
f 205/232/145 278/230/145 247/231/145
f 365/228/145 247/231/145 278/230/145
f 362/64/145 250/63/145 248/65/145
f 359/67/145 252/66/145 247/69/145
f 356/71/145 254/70/145 252/73/145
f 353/75/145 281/74/145 254/77/145
f 350/80/145 257/79/145 250/63/145
f 347/83/145 259/82/145 249/84/145
f 344/88/147 261/87/147 253/89/147
f 341/93/145 263/92/145 255/94/145
f 338/98/145 265/97/145 256/99/145
f 335/103/145 290/102/145 257/79/145
f 332/105/252 292/104/252 259/82/252
f 329/108/145 294/107/145 261/87/145
f 326/111/145 296/110/145 263/92/145
f 323/114/145 288/113/145 265/97/145
f 320/116/253 272/115/253 267/117/253
f 317/120/254 274/119/254 268/121/254
f 314/124/255 275/123/255 269/125/255
f 311/128/256 276/127/256 270/129/256
f 308/132/257 303/131/257 271/133/257
f 306/137/258 273/136/258 307/138/258
f 309/139/259 307/138/259 308/132/259
f 276/140/260 309/139/260 301/141/260
f 305/144/261 306/143/261 310/145/261
f 312/146/262 310/145/262 311/128/262
f 275/147/263 312/146/263 300/148/263
f 304/151/264 305/150/264 313/152/264
f 315/153/265 313/152/265 314/124/265
f 274/154/266 315/153/266 299/155/266
f 302/158/267 304/157/267 316/159/267
f 318/160/268 316/159/268 317/120/268
f 272/161/269 318/160/269 298/162/269
f 273/165/270 302/164/270 319/166/270
f 321/167/271 319/166/271 320/116/271
f 303/168/272 321/167/272 297/169/272
f 271/133/273 258/170/273 322/171/273
f 324/172/274 322/171/274 323/114/274
f 301/141/275 324/172/275 295/173/275
f 270/129/145 266/174/145 325/175/145
f 327/176/145 325/175/145 326/111/145
f 300/148/145 327/176/145 293/177/145
f 269/125/276 264/178/276 328/179/276
f 330/180/277 328/179/277 329/108/277
f 299/155/278 330/180/278 291/181/278
f 268/121/279 262/182/279 331/183/279
f 333/184/280 331/183/280 332/105/280
f 298/162/281 333/184/281 289/185/281
f 267/117/282 260/186/282 334/187/282
f 336/188/147 334/187/147 335/103/147
f 297/169/283 336/188/283 287/189/283
f 266/174/145 295/173/145 337/190/145
f 339/191/145 337/190/145 338/98/145
f 296/110/145 339/191/145 286/192/145
f 264/178/145 293/177/145 340/193/145
f 342/194/145 340/193/145 341/93/145
f 294/107/145 342/194/145 285/195/145
f 262/196/284 291/181/284 343/197/284
f 345/198/285 343/197/285 344/88/285
f 292/199/286 345/198/286 283/200/286
f 260/186/287 289/185/287 346/201/287
f 348/202/145 346/201/145 347/83/145
f 290/102/145 348/202/145 279/203/145
f 258/170/147 287/189/147 349/204/147
f 351/205/145 349/204/145 350/80/145
f 288/113/145 351/205/145 280/206/145
f 256/99/145 251/207/145 352/208/145
f 354/209/145 352/208/145 353/75/145
f 286/192/145 354/209/145 284/210/145
f 255/94/145 284/211/145 355/212/145
f 357/213/145 355/212/145 356/71/145
f 285/195/145 357/213/145 282/214/145
f 253/89/145 282/215/145 358/216/145
f 360/217/145 358/216/145 359/67/145
f 283/200/145 360/217/145 277/218/145
f 251/219/145 280/206/145 361/220/145
f 363/221/145 361/220/145 362/64/145
f 281/222/145 363/221/145 278/223/145
f 249/84/145 277/225/145 364/226/145
f 366/227/145 364/226/145 365/228/145
f 279/203/145 366/227/145 248/229/145
f 382/62/1 412/63/1 524/64/1
f 368/29/13 410/65/13 412/63/13
f 380/57/1 524/64/1 410/65/1
f 384/10/1 414/66/1 521/67/1
f 367/68/1 409/69/1 414/66/1
f 379/9/1 521/67/1 409/69/1
f 386/4/1 416/70/1 518/71/1
f 367/72/1 414/73/1 416/70/1
f 384/12/1 518/71/1 414/73/1
f 383/15/1 443/74/1 515/75/1
f 367/76/1 416/77/1 443/74/1
f 386/14/1 515/75/1 416/77/1
f 389/78/288 419/79/288 512/80/288
f 368/29/289 412/63/289 419/79/289
f 382/62/290 512/80/290 412/63/290
f 391/81/291 421/82/291 509/83/291
f 369/16/1 411/84/1 421/82/1
f 381/85/13 509/83/13 411/84/13
f 393/86/1 423/87/1 506/88/1
f 370/19/1 415/89/1 423/87/1
f 385/90/1 506/88/1 415/89/1
f 395/91/1 425/92/1 503/93/1
f 371/7/1 417/94/1 425/92/1
f 387/95/1 503/93/1 417/94/1
f 397/96/1 427/97/1 500/98/1
f 372/26/1 418/99/1 427/97/1
f 388/100/1 500/98/1 418/99/1
f 392/101/292 452/102/292 497/103/292
f 368/29/293 419/79/293 452/102/293
f 389/78/294 497/103/294 419/79/294
f 394/32/13 454/104/13 494/105/13
f 369/16/1 421/82/1 454/104/1
f 391/81/295 494/105/295 421/82/295
f 396/106/1 456/107/1 491/108/1
f 370/19/1 423/87/1 456/107/1
f 393/86/1 491/108/1 423/87/1
f 398/109/1 458/110/1 488/111/1
f 371/7/1 425/92/1 458/110/1
f 395/91/1 488/111/1 425/92/1
f 390/112/296 450/113/296 485/114/296
f 372/26/1 427/97/1 450/113/1
f 397/96/13 485/114/13 427/97/13
f 404/38/297 434/115/297 482/116/297
f 373/36/298 429/117/298 434/115/298
f 399/118/299 482/116/299 429/117/299
f 406/41/300 436/119/300 479/120/300
f 374/39/301 430/121/301 436/119/301
f 400/122/302 479/120/302 430/121/302
f 407/22/303 437/123/303 476/124/303
f 375/42/304 431/125/304 437/123/304
f 401/126/305 476/124/305 431/125/305
f 408/25/306 438/127/306 473/128/306
f 376/44/307 432/129/307 438/127/307
f 402/130/308 473/128/308 432/129/308
f 405/48/309 465/131/309 470/132/309
f 377/46/310 433/133/310 465/131/310
f 403/134/311 470/132/311 433/133/311
f 378/135/312 435/136/312 468/137/312
f 405/48/313 469/138/313 435/136/313
f 408/49/314 468/137/314 469/138/314
f 408/49/315 469/138/315 471/139/315
f 405/48/316 470/132/316 469/138/316
f 403/134/317 471/139/317 470/132/317
f 408/49/318 471/139/318 438/140/318
f 403/134/319 463/141/319 471/139/319
f 376/44/320 438/140/320 463/141/320
f 378/142/321 468/143/321 467/144/321
f 408/25/322 472/145/322 468/143/322
f 407/51/323 467/144/323 472/145/323
f 407/51/324 472/145/324 474/146/324
f 408/25/325 473/128/325 472/145/325
f 402/130/326 474/146/326 473/128/326
f 407/51/327 474/146/327 437/147/327
f 402/130/328 462/148/328 474/146/328
f 375/42/329 437/147/329 462/148/329
f 378/149/330 467/150/330 466/151/330
f 407/22/331 475/152/331 467/150/331
f 406/23/332 466/151/332 475/152/332
f 406/23/333 475/152/333 477/153/333
f 407/22/334 476/124/334 475/152/334
f 401/126/335 477/153/335 476/124/335
f 406/23/336 477/153/336 436/154/336
f 401/126/337 461/155/337 477/153/337
f 374/52/338 436/154/338 461/155/338
f 378/156/339 466/157/339 464/158/339
f 406/41/340 478/159/340 466/157/340
f 404/53/341 464/158/341 478/159/341
f 404/53/342 478/159/342 480/160/342
f 406/41/343 479/120/343 478/159/343
f 400/122/344 480/160/344 479/120/344
f 404/53/345 480/160/345 434/161/345
f 400/122/346 460/162/346 480/160/346
f 373/36/347 434/161/347 460/162/347
f 378/163/348 464/164/348 435/165/348
f 404/38/349 481/166/349 464/164/349
f 405/55/350 435/165/350 481/166/350
f 405/55/351 481/166/351 483/167/351
f 404/38/352 482/116/352 481/166/352
f 399/118/353 483/167/353 482/116/353
f 405/55/354 483/167/354 465/168/354
f 399/118/355 459/169/355 483/167/355
f 377/46/356 465/168/356 459/169/356
f 377/46/357 420/170/357 433/133/357
f 390/112/358 484/171/358 420/170/358
f 403/134/359 433/133/359 484/171/359
f 403/134/360 484/171/360 486/172/360
f 390/112/361 485/114/361 484/171/361
f 397/96/362 486/172/362 485/114/362
f 403/134/363 486/172/363 463/141/363
f 397/96/364 457/173/364 486/172/364
f 376/44/365 463/141/365 457/173/365
f 376/44/13 428/174/13 432/129/13
f 398/109/1 487/175/1 428/174/1
f 402/130/1 432/129/1 487/175/1
f 402/130/1 487/175/1 489/176/1
f 398/109/1 488/111/1 487/175/1
f 395/91/1 489/176/1 488/111/1
f 402/130/1 489/176/1 462/148/1
f 395/91/1 455/177/1 489/176/1
f 375/42/1 462/148/1 455/177/1
f 375/42/1 426/178/1 431/125/1
f 396/106/1 490/179/1 426/178/1
f 401/126/1 431/125/1 490/179/1
f 401/126/1 490/179/1 492/180/1
f 396/106/1 491/108/1 490/179/1
f 393/86/1 492/180/1 491/108/1
f 401/126/13 492/180/13 461/155/13
f 393/86/1 453/181/1 492/180/1
f 374/52/13 461/155/13 453/181/13
f 374/39/366 424/182/366 430/121/366
f 394/32/13 493/183/13 424/182/13
f 400/122/367 430/121/367 493/183/367
f 400/122/368 493/183/368 495/184/368
f 394/32/13 494/105/13 493/183/13
f 391/81/369 495/184/369 494/105/369
f 400/122/370 495/184/370 460/162/370
f 391/81/371 451/185/371 495/184/371
f 373/36/372 460/162/372 451/185/372
f 373/36/373 422/186/373 429/117/373
f 392/101/374 496/187/374 422/186/374
f 399/118/375 429/117/375 496/187/375
f 399/118/376 496/187/376 498/188/376
f 392/101/377 497/103/377 496/187/377
f 389/78/378 498/188/378 497/103/378
f 399/118/379 498/188/379 459/169/379
f 389/78/380 449/189/380 498/188/380
f 377/46/381 459/169/381 449/189/381
f 376/44/13 457/173/13 428/174/13
f 397/96/1 499/190/1 457/173/1
f 398/109/1 428/174/1 499/190/1
f 398/109/1 499/190/1 501/191/1
f 397/96/1 500/98/1 499/190/1
f 388/100/1 501/191/1 500/98/1
f 398/109/1 501/191/1 458/110/1
f 388/100/1 448/192/1 501/191/1
f 371/7/1 458/110/1 448/192/1
f 375/42/1 455/177/1 426/178/1
f 395/91/1 502/193/1 455/177/1
f 396/106/1 426/178/1 502/193/1
f 396/106/1 502/193/1 504/194/1
f 395/91/1 503/93/1 502/193/1
f 387/95/1 504/194/1 503/93/1
f 396/106/1 504/194/1 456/107/1
f 387/95/1 447/195/1 504/194/1
f 370/19/1 456/107/1 447/195/1
f 374/52/1 453/181/1 424/196/1
f 393/86/1 505/197/1 453/181/1
f 394/58/1 424/196/1 505/197/1
f 394/58/1 505/197/1 507/198/1
f 393/86/1 506/88/1 505/197/1
f 385/90/1 507/198/1 506/88/1
f 394/58/1 507/198/1 454/199/1
f 385/90/1 445/200/1 507/198/1
f 369/59/1 454/199/1 445/200/1
f 373/36/382 451/185/382 422/186/382
f 391/81/383 508/201/383 451/185/383
f 392/101/384 422/186/384 508/201/384
f 392/101/385 508/201/385 510/202/385
f 391/81/386 509/83/386 508/201/386
f 381/85/387 510/202/387 509/83/387
f 392/101/388 510/202/388 452/102/388
f 381/85/13 441/203/13 510/202/13
f 368/29/389 452/102/389 441/203/389
f 377/46/390 449/189/390 420/170/390
f 389/78/391 511/204/391 449/189/391
f 390/112/392 420/170/392 511/204/392
f 390/112/393 511/204/393 513/205/393
f 389/78/394 512/80/394 511/204/394
f 382/62/395 513/205/395 512/80/395
f 390/112/396 513/205/396 450/113/396
f 382/62/13 442/206/13 513/205/13
f 372/26/1 450/113/1 442/206/1
f 372/26/1 413/207/1 418/99/1
f 383/15/1 514/208/1 413/207/1
f 388/100/1 418/99/1 514/208/1
f 388/100/1 514/208/1 516/209/1
f 383/15/1 515/75/1 514/208/1
f 386/14/1 516/209/1 515/75/1
f 388/100/1 516/209/1 448/192/1
f 386/14/1 446/210/1 516/209/1
f 371/7/1 448/192/1 446/210/1
f 371/7/1 446/211/1 417/94/1
f 386/4/1 517/212/1 446/211/1
f 387/95/1 417/94/1 517/212/1
f 387/95/1 517/212/1 519/213/1
f 386/4/1 518/71/1 517/212/1
f 384/12/1 519/213/1 518/71/1
f 387/95/1 519/213/1 447/195/1
f 384/12/1 444/214/1 519/213/1
f 370/19/1 447/195/1 444/214/1
f 370/19/1 444/215/1 415/89/1
f 384/10/1 520/216/1 444/215/1
f 385/90/1 415/89/1 520/216/1
f 385/90/1 520/216/1 522/217/1
f 384/10/1 521/67/1 520/216/1
f 379/9/1 522/217/1 521/67/1
f 385/90/1 522/217/1 445/200/1
f 379/9/1 439/218/1 522/217/1
f 369/59/1 445/200/1 439/218/1
f 372/26/1 442/206/1 413/219/1
f 382/62/1 523/220/1 442/206/1
f 383/60/1 413/219/1 523/220/1
f 383/60/1 523/220/1 525/221/1
f 382/62/1 524/64/1 523/220/1
f 380/57/1 525/221/1 524/64/1
f 383/60/1 525/221/1 443/222/1
f 380/57/1 440/223/1 525/221/1
f 367/224/1 443/222/1 440/223/1
f 369/16/1 439/225/1 411/84/1
f 379/3/1 526/226/1 439/225/1
f 381/85/1 411/84/1 526/226/1
f 381/85/1 526/226/1 528/227/1
f 379/3/1 527/228/1 526/226/1
f 380/2/1 528/227/1 527/228/1
f 381/85/1 528/227/1 441/203/1
f 380/2/1 410/229/1 528/227/1
f 368/29/387 441/203/387 410/229/387
f 380/2/1 527/228/1 440/230/1
f 379/3/1 409/231/1 527/228/1
f 367/232/1 440/230/1 409/231/1
f 527/228/1 409/231/1 440/230/1
f 524/64/1 412/63/1 410/65/1
f 521/67/1 414/66/1 409/69/1
f 518/71/1 416/70/1 414/73/1
f 515/75/1 443/74/1 416/77/1
f 512/80/397 419/79/397 412/63/397
f 509/83/13 421/82/13 411/84/13
f 506/88/1 423/87/1 415/89/1
f 503/93/1 425/92/1 417/94/1
f 500/98/1 427/97/1 418/99/1
f 497/103/398 452/102/398 419/79/398
f 494/105/13 454/104/13 421/82/13
f 491/108/1 456/107/1 423/87/1
f 488/111/1 458/110/1 425/92/1
f 485/114/13 450/113/13 427/97/13
f 482/116/399 434/115/399 429/117/399
f 479/120/400 436/119/400 430/121/400
f 476/124/401 437/123/401 431/125/401
f 473/128/402 438/127/402 432/129/402
f 470/132/403 465/131/403 433/133/403
f 468/137/404 435/136/404 469/138/404
f 471/139/405 469/138/405 470/132/405
f 438/140/406 471/139/406 463/141/406
f 467/144/407 468/143/407 472/145/407
f 474/146/408 472/145/408 473/128/408
f 437/147/409 474/146/409 462/148/409
f 466/151/410 467/150/410 475/152/410
f 477/153/411 475/152/411 476/124/411
f 436/154/412 477/153/412 461/155/412
f 464/158/413 466/157/413 478/159/413
f 480/160/414 478/159/414 479/120/414
f 434/161/415 480/160/415 460/162/415
f 435/165/416 464/164/416 481/166/416
f 483/167/417 481/166/417 482/116/417
f 465/168/418 483/167/418 459/169/418
f 433/133/419 420/170/419 484/171/419
f 486/172/420 484/171/420 485/114/420
f 463/141/421 486/172/421 457/173/421
f 432/129/1 428/174/1 487/175/1
f 489/176/1 487/175/1 488/111/1
f 462/148/1 489/176/1 455/177/1
f 431/125/1 426/178/1 490/179/1
f 492/180/1 490/179/1 491/108/1
f 461/155/1 492/180/1 453/181/1
f 430/121/422 424/182/422 493/183/422
f 495/184/423 493/183/423 494/105/423
f 460/162/424 495/184/424 451/185/424
f 429/117/425 422/186/425 496/187/425
f 498/188/426 496/187/426 497/103/426
f 459/169/427 498/188/427 449/189/427
f 428/174/1 457/173/1 499/190/1
f 501/191/1 499/190/1 500/98/1
f 458/110/1 501/191/1 448/192/1
f 426/178/1 455/177/1 502/193/1
f 504/194/1 502/193/1 503/93/1
f 456/107/1 504/194/1 447/195/1
f 424/196/1 453/181/1 505/197/1
f 507/198/1 505/197/1 506/88/1
f 454/199/1 507/198/1 445/200/1
f 422/186/428 451/185/428 508/201/428
f 510/202/429 508/201/429 509/83/429
f 452/102/430 510/202/430 441/203/430
f 420/170/431 449/189/431 511/204/431
f 513/205/432 511/204/432 512/80/432
f 450/113/13 513/205/13 442/206/13
f 418/99/1 413/207/1 514/208/1
f 516/209/1 514/208/1 515/75/1
f 448/192/1 516/209/1 446/210/1
f 417/94/1 446/211/1 517/212/1
f 519/213/1 517/212/1 518/71/1
f 447/195/1 519/213/1 444/214/1
f 415/89/1 444/215/1 520/216/1
f 522/217/1 520/216/1 521/67/1
f 445/200/1 522/217/1 439/218/1
f 413/219/1 442/206/1 523/220/1
f 525/221/1 523/220/1 524/64/1
f 443/222/1 525/221/1 440/223/1
f 411/84/1 439/225/1 526/226/1
f 528/227/1 526/226/1 527/228/1
f 441/203/1 528/227/1 410/229/1
f 544/62/433 574/63/433 686/64/433
f 530/29/433 572/65/433 574/63/433
f 542/57/433 686/64/433 572/65/433
f 546/10/433 576/66/433 683/67/433
f 529/68/433 571/69/433 576/66/433
f 541/9/433 683/67/433 571/69/433
f 548/4/433 578/70/433 680/71/433
f 529/72/433 576/73/433 578/70/433
f 546/12/433 680/71/433 576/73/433
f 545/15/433 605/74/433 677/75/433
f 529/76/433 578/77/433 605/74/433
f 548/14/433 677/75/433 578/77/433
f 551/78/433 581/79/433 674/80/433
f 530/29/433 574/63/433 581/79/433
f 544/62/433 674/80/433 574/63/433
f 553/81/433 583/82/433 671/83/433
f 531/16/433 573/84/433 583/82/433
f 543/85/433 671/83/433 573/84/433
f 555/86/434 585/87/434 668/88/434
f 532/19/433 577/89/433 585/87/433
f 547/90/435 668/88/435 577/89/435
f 557/91/433 587/92/433 665/93/433
f 533/7/433 579/94/433 587/92/433
f 549/95/433 665/93/433 579/94/433
f 559/96/433 589/97/433 662/98/433
f 534/26/433 580/99/433 589/97/433
f 550/100/433 662/98/433 580/99/433
f 554/101/433 614/102/433 659/103/433
f 530/29/433 581/79/433 614/102/433
f 551/78/433 659/103/433 581/79/433
f 556/32/436 616/104/436 656/105/436
f 531/16/435 583/82/435 616/104/435
f 553/81/437 656/105/437 583/82/437
f 558/106/433 618/107/433 653/108/433
f 532/19/433 585/87/433 618/107/433
f 555/86/438 653/108/438 585/87/438
f 560/109/433 620/110/433 650/111/433
f 533/7/433 587/92/433 620/110/433
f 557/91/433 650/111/433 587/92/433
f 552/112/433 612/113/433 647/114/433
f 534/26/433 589/97/433 612/113/433
f 559/96/433 647/114/433 589/97/433
f 566/38/439 596/115/439 644/116/439
f 535/36/440 591/117/440 596/115/440
f 561/118/441 644/116/441 591/117/441
f 568/41/442 598/119/442 641/120/442
f 536/39/443 592/121/443 598/119/443
f 562/122/444 641/120/444 592/121/444
f 569/22/445 599/123/445 638/124/445
f 537/42/446 593/125/446 599/123/446
f 563/126/447 638/124/447 593/125/447
f 570/25/448 600/127/448 635/128/448
f 538/44/449 594/129/449 600/127/449
f 564/130/450 635/128/450 594/129/450
f 567/48/451 627/131/451 632/132/451
f 539/46/452 595/133/452 627/131/452
f 565/134/453 632/132/453 595/133/453
f 540/135/454 597/136/454 630/137/454
f 567/48/455 631/138/455 597/136/455
f 570/49/456 630/137/456 631/138/456
f 570/49/457 631/138/457 633/139/457
f 567/48/458 632/132/458 631/138/458
f 565/134/459 633/139/459 632/132/459
f 570/49/460 633/139/460 600/140/460
f 565/134/461 625/141/461 633/139/461
f 538/44/462 600/140/462 625/141/462
f 540/142/463 630/143/463 629/144/463
f 570/25/464 634/145/464 630/143/464
f 569/51/465 629/144/465 634/145/465
f 569/51/466 634/145/466 636/146/466
f 570/25/467 635/128/467 634/145/467
f 564/130/468 636/146/468 635/128/468
f 569/51/469 636/146/469 599/147/469
f 564/130/470 624/148/470 636/146/470
f 537/42/471 599/147/471 624/148/471
f 540/149/472 629/150/472 628/151/472
f 569/22/473 637/152/473 629/150/473
f 568/23/474 628/151/474 637/152/474
f 568/23/475 637/152/475 639/153/475
f 569/22/476 638/124/476 637/152/476
f 563/126/477 639/153/477 638/124/477
f 568/23/478 639/153/478 598/154/478
f 563/126/479 623/155/479 639/153/479
f 536/52/480 598/154/480 623/155/480
f 540/156/481 628/157/481 626/158/481
f 568/41/482 640/159/482 628/157/482
f 566/53/483 626/158/483 640/159/483
f 566/53/484 640/159/484 642/160/484
f 568/41/485 641/120/485 640/159/485
f 562/122/486 642/160/486 641/120/486
f 566/53/487 642/160/487 596/161/487
f 562/122/488 622/162/488 642/160/488
f 535/36/489 596/161/489 622/162/489
f 540/163/490 626/164/490 597/165/490
f 566/38/491 643/166/491 626/164/491
f 567/55/492 597/165/492 643/166/492
f 567/55/493 643/166/493 645/167/493
f 566/38/494 644/116/494 643/166/494
f 561/118/495 645/167/495 644/116/495
f 567/55/496 645/167/496 627/168/496
f 561/118/497 621/169/497 645/167/497
f 539/46/498 627/168/498 621/169/498
f 539/46/499 582/170/499 595/133/499
f 552/112/500 646/171/500 582/170/500
f 565/134/501 595/133/501 646/171/501
f 565/134/502 646/171/502 648/172/502
f 552/112/503 647/114/503 646/171/503
f 559/96/504 648/172/504 647/114/504
f 565/134/505 648/172/505 625/141/505
f 559/96/506 619/173/506 648/172/506
f 538/44/507 625/141/507 619/173/507
f 538/44/433 590/174/433 594/129/433
f 560/109/433 649/175/433 590/174/433
f 564/130/433 594/129/433 649/175/433
f 564/130/433 649/175/433 651/176/433
f 560/109/433 650/111/433 649/175/433
f 557/91/433 651/176/433 650/111/433
f 564/130/433 651/176/433 624/148/433
f 557/91/433 617/177/433 651/176/433
f 537/42/433 624/148/433 617/177/433
f 537/42/508 588/178/508 593/125/508
f 558/106/435 652/179/435 588/178/435
f 563/126/509 593/125/509 652/179/509
f 563/126/510 652/179/510 654/180/510
f 558/106/433 653/108/433 652/179/433
f 555/86/511 654/180/511 653/108/511
f 563/126/512 654/180/512 623/155/512
f 555/86/513 615/181/513 654/180/513
f 536/52/514 623/155/514 615/181/514
f 536/39/515 586/182/515 592/121/515
f 556/32/516 655/183/516 586/182/516
f 562/122/517 592/121/517 655/183/517
f 562/122/518 655/183/518 657/184/518
f 556/32/519 656/105/519 655/183/519
f 553/81/520 657/184/520 656/105/520
f 562/122/521 657/184/521 622/162/521
f 553/81/522 613/185/522 657/184/522
f 535/36/523 622/162/523 613/185/523
f 535/36/524 584/186/524 591/117/524
f 554/101/433 658/187/433 584/186/433
f 561/118/525 591/117/525 658/187/525
f 561/118/526 658/187/526 660/188/526
f 554/101/433 659/103/433 658/187/433
f 551/78/433 660/188/433 659/103/433
f 561/118/527 660/188/527 621/169/527
f 551/78/435 611/189/435 660/188/435
f 539/46/528 621/169/528 611/189/528
f 538/44/433 619/173/433 590/174/433
f 559/96/433 661/190/433 619/173/433
f 560/109/433 590/174/433 661/190/433
f 560/109/433 661/190/433 663/191/433
f 559/96/433 662/98/433 661/190/433
f 550/100/433 663/191/433 662/98/433
f 560/109/433 663/191/433 620/110/433
f 550/100/433 610/192/433 663/191/433
f 533/7/433 620/110/433 610/192/433
f 537/42/433 617/177/433 588/178/433
f 557/91/433 664/193/433 617/177/433
f 558/106/433 588/178/433 664/193/433
f 558/106/433 664/193/433 666/194/433
f 557/91/433 665/93/433 664/193/433
f 549/95/433 666/194/433 665/93/433
f 558/106/433 666/194/433 618/107/433
f 549/95/433 609/195/433 666/194/433
f 532/19/433 618/107/433 609/195/433
f 536/52/529 615/181/529 586/196/529
f 555/86/530 667/197/530 615/181/530
f 556/58/531 586/196/531 667/197/531
f 556/58/532 667/197/532 669/198/532
f 555/86/533 668/88/533 667/197/533
f 547/90/534 669/198/534 668/88/534
f 556/58/535 669/198/535 616/199/535
f 547/90/536 607/200/536 669/198/536
f 531/59/435 616/199/435 607/200/435
f 535/36/537 613/185/537 584/186/537
f 553/81/538 670/201/538 613/185/538
f 554/101/433 584/186/433 670/201/433
f 554/101/433 670/201/433 672/202/433
f 553/81/433 671/83/433 670/201/433
f 543/85/433 672/202/433 671/83/433
f 554/101/433 672/202/433 614/102/433
f 543/85/433 603/203/433 672/202/433
f 530/29/433 614/102/433 603/203/433
f 539/46/539 611/189/539 582/170/539
f 551/78/433 673/204/433 611/189/433
f 552/112/435 582/170/435 673/204/435
f 552/112/433 673/204/433 675/205/433
f 551/78/433 674/80/433 673/204/433
f 544/62/433 675/205/433 674/80/433
f 552/112/433 675/205/433 612/113/433
f 544/62/433 604/206/433 675/205/433
f 534/26/433 612/113/433 604/206/433
f 534/26/433 575/207/433 580/99/433
f 545/15/433 676/208/433 575/207/433
f 550/100/433 580/99/433 676/208/433
f 550/100/433 676/208/433 678/209/433
f 545/15/433 677/75/433 676/208/433
f 548/14/433 678/209/433 677/75/433
f 550/100/433 678/209/433 610/192/433
f 548/14/433 608/210/433 678/209/433
f 533/7/433 610/192/433 608/210/433
f 533/7/433 608/211/433 579/94/433
f 548/4/433 679/212/433 608/211/433
f 549/95/433 579/94/433 679/212/433
f 549/95/433 679/212/433 681/213/433
f 548/4/433 680/71/433 679/212/433
f 546/12/433 681/213/433 680/71/433
f 549/95/433 681/213/433 609/195/433
f 546/12/433 606/214/433 681/213/433
f 532/19/433 609/195/433 606/214/433
f 532/19/433 606/215/433 577/89/433
f 546/10/433 682/216/433 606/215/433
f 547/90/433 577/89/433 682/216/433
f 547/90/433 682/216/433 684/217/433
f 546/10/433 683/67/433 682/216/433
f 541/9/433 684/217/433 683/67/433
f 547/90/433 684/217/433 607/200/433
f 541/9/433 601/218/433 684/217/433
f 531/59/433 607/200/433 601/218/433
f 534/26/433 604/206/433 575/219/433
f 544/62/433 685/220/433 604/206/433
f 545/60/433 575/219/433 685/220/433
f 545/60/433 685/220/433 687/221/433
f 544/62/433 686/64/433 685/220/433
f 542/57/433 687/221/433 686/64/433
f 545/60/433 687/221/433 605/222/433
f 542/57/433 602/223/433 687/221/433
f 529/224/433 605/222/433 602/223/433
f 531/16/433 601/225/433 573/84/433
f 541/3/433 688/226/433 601/225/433
f 543/85/433 573/84/433 688/226/433
f 543/85/433 688/226/433 690/227/433
f 541/3/433 689/228/433 688/226/433
f 542/2/433 690/227/433 689/228/433
f 543/85/433 690/227/433 603/203/433
f 542/2/433 572/229/433 690/227/433
f 530/29/433 603/203/433 572/229/433
f 542/2/433 689/228/433 602/230/433
f 541/3/433 571/231/433 689/228/433
f 529/232/433 602/230/433 571/231/433
f 689/228/433 571/231/433 602/230/433
f 686/64/433 574/63/433 572/65/433
f 683/67/433 576/66/433 571/69/433
f 680/71/433 578/70/433 576/73/433
f 677/75/433 605/74/433 578/77/433
f 674/80/433 581/79/433 574/63/433
f 671/83/433 583/82/433 573/84/433
f 668/88/435 585/87/435 577/89/435
f 665/93/433 587/92/433 579/94/433
f 662/98/433 589/97/433 580/99/433
f 659/103/433 614/102/433 581/79/433
f 656/105/540 616/104/540 583/82/540
f 653/108/433 618/107/433 585/87/433
f 650/111/433 620/110/433 587/92/433
f 647/114/433 612/113/433 589/97/433
f 644/116/541 596/115/541 591/117/541
f 641/120/542 598/119/542 592/121/542
f 638/124/543 599/123/543 593/125/543
f 635/128/544 600/127/544 594/129/544
f 632/132/545 627/131/545 595/133/545
f 630/137/546 597/136/546 631/138/546
f 633/139/547 631/138/547 632/132/547
f 600/140/548 633/139/548 625/141/548
f 629/144/549 630/143/549 634/145/549
f 636/146/550 634/145/550 635/128/550
f 599/147/551 636/146/551 624/148/551
f 628/151/552 629/150/552 637/152/552
f 639/153/553 637/152/553 638/124/553
f 598/154/554 639/153/554 623/155/554
f 626/158/555 628/157/555 640/159/555
f 642/160/556 640/159/556 641/120/556
f 596/161/557 642/160/557 622/162/557
f 597/165/558 626/164/558 643/166/558
f 645/167/559 643/166/559 644/116/559
f 627/168/560 645/167/560 621/169/560
f 595/133/561 582/170/561 646/171/561
f 648/172/562 646/171/562 647/114/562
f 625/141/563 648/172/563 619/173/563
f 594/129/433 590/174/433 649/175/433
f 651/176/433 649/175/433 650/111/433
f 624/148/433 651/176/433 617/177/433
f 593/125/564 588/178/564 652/179/564
f 654/180/565 652/179/565 653/108/565
f 623/155/566 654/180/566 615/181/566
f 592/121/567 586/182/567 655/183/567
f 657/184/568 655/183/568 656/105/568
f 622/162/569 657/184/569 613/185/569
f 591/117/570 584/186/570 658/187/570
f 660/188/435 658/187/435 659/103/435
f 621/169/571 660/188/571 611/189/571
f 590/174/433 619/173/433 661/190/433
f 663/191/433 661/190/433 662/98/433
f 620/110/433 663/191/433 610/192/433
f 588/178/433 617/177/433 664/193/433
f 666/194/433 664/193/433 665/93/433
f 618/107/433 666/194/433 609/195/433
f 586/196/572 615/181/572 667/197/572
f 669/198/573 667/197/573 668/88/573
f 616/199/574 669/198/574 607/200/574
f 584/186/575 613/185/575 670/201/575
f 672/202/433 670/201/433 671/83/433
f 614/102/433 672/202/433 603/203/433
f 582/170/435 611/189/435 673/204/435
f 675/205/433 673/204/433 674/80/433
f 612/113/433 675/205/433 604/206/433
f 580/99/433 575/207/433 676/208/433
f 678/209/433 676/208/433 677/75/433
f 610/192/433 678/209/433 608/210/433
f 579/94/433 608/211/433 679/212/433
f 681/213/433 679/212/433 680/71/433
f 609/195/433 681/213/433 606/214/433
f 577/89/433 606/215/433 682/216/433
f 684/217/433 682/216/433 683/67/433
f 607/200/433 684/217/433 601/218/433
f 575/219/433 604/206/433 685/220/433
f 687/221/433 685/220/433 686/64/433
f 605/222/433 687/221/433 602/223/433
f 573/84/433 601/225/433 688/226/433
f 690/227/433 688/226/433 689/228/433
f 603/203/433 690/227/433 572/229/433
f 706/62/1 736/63/1 848/64/1
f 692/29/13 734/65/13 736/63/13
f 704/57/1 848/64/1 734/65/1
f 708/10/1 738/66/1 845/67/1
f 691/68/1 733/69/1 738/66/1
f 703/9/1 845/67/1 733/69/1
f 710/4/1 740/70/1 842/71/1
f 691/72/1 738/73/1 740/70/1
f 708/12/1 842/71/1 738/73/1
f 707/15/1 767/74/1 839/75/1
f 691/76/1 740/77/1 767/74/1
f 710/14/1 839/75/1 740/77/1
f 713/78/576 743/79/576 836/80/576
f 692/29/577 736/63/577 743/79/577
f 706/62/578 836/80/578 736/63/578
f 715/81/579 745/82/579 833/83/579
f 693/16/1 735/84/1 745/82/1
f 705/85/13 833/83/13 735/84/13
f 717/86/1 747/87/1 830/88/1
f 694/19/1 739/89/1 747/87/1
f 709/90/1 830/88/1 739/89/1
f 719/91/1 749/92/1 827/93/1
f 695/7/1 741/94/1 749/92/1
f 711/95/1 827/93/1 741/94/1
f 721/96/1 751/97/1 824/98/1
f 696/26/1 742/99/1 751/97/1
f 712/100/1 824/98/1 742/99/1
f 716/101/580 776/102/580 821/103/580
f 692/29/581 743/79/581 776/102/581
f 713/78/582 821/103/582 743/79/582
f 718/32/13 778/104/13 818/105/13
f 693/16/1 745/82/1 778/104/1
f 715/81/583 818/105/583 745/82/583
f 720/106/1 780/107/1 815/108/1
f 694/19/1 747/87/1 780/107/1
f 717/86/1 815/108/1 747/87/1
f 722/109/1 782/110/1 812/111/1
f 695/7/1 749/92/1 782/110/1
f 719/91/1 812/111/1 749/92/1
f 714/112/584 774/113/584 809/114/584
f 696/26/1 751/97/1 774/113/1
f 721/96/13 809/114/13 751/97/13
f 728/38/585 758/115/585 806/116/585
f 697/36/586 753/117/586 758/115/586
f 723/118/587 806/116/587 753/117/587
f 730/41/588 760/119/588 803/120/588
f 698/39/589 754/121/589 760/119/589
f 724/122/590 803/120/590 754/121/590
f 731/22/591 761/123/591 800/124/591
f 699/42/592 755/125/592 761/123/592
f 725/126/593 800/124/593 755/125/593
f 732/25/594 762/127/594 797/128/594
f 700/44/595 756/129/595 762/127/595
f 726/130/596 797/128/596 756/129/596
f 729/48/597 789/131/597 794/132/597
f 701/46/598 757/133/598 789/131/598
f 727/134/599 794/132/599 757/133/599
f 702/135/600 759/136/600 792/137/600
f 729/48/601 793/138/601 759/136/601
f 732/49/602 792/137/602 793/138/602
f 732/49/603 793/138/603 795/139/603
f 729/48/604 794/132/604 793/138/604
f 727/134/605 795/139/605 794/132/605
f 732/49/606 795/139/606 762/140/606
f 727/134/607 787/141/607 795/139/607
f 700/44/608 762/140/608 787/141/608
f 702/142/609 792/143/609 791/144/609
f 732/25/610 796/145/610 792/143/610
f 731/51/611 791/144/611 796/145/611
f 731/51/612 796/145/612 798/146/612
f 732/25/613 797/128/613 796/145/613
f 726/130/614 798/146/614 797/128/614
f 731/51/615 798/146/615 761/147/615
f 726/130/616 786/148/616 798/146/616
f 699/42/617 761/147/617 786/148/617
f 702/149/618 791/150/618 790/151/618
f 731/22/619 799/152/619 791/150/619
f 730/23/620 790/151/620 799/152/620
f 730/23/621 799/152/621 801/153/621
f 731/22/622 800/124/622 799/152/622
f 725/126/623 801/153/623 800/124/623
f 730/23/624 801/153/624 760/154/624
f 725/126/625 785/155/625 801/153/625
f 698/52/626 760/154/626 785/155/626
f 702/156/627 790/157/627 788/158/627
f 730/41/628 802/159/628 790/157/628
f 728/53/629 788/158/629 802/159/629
f 728/53/630 802/159/630 804/160/630
f 730/41/631 803/120/631 802/159/631
f 724/122/632 804/160/632 803/120/632
f 728/53/633 804/160/633 758/161/633
f 724/122/634 784/162/634 804/160/634
f 697/36/635 758/161/635 784/162/635
f 702/163/636 788/164/636 759/165/636
f 728/38/637 805/166/637 788/164/637
f 729/55/638 759/165/638 805/166/638
f 729/55/639 805/166/639 807/167/639
f 728/38/640 806/116/640 805/166/640
f 723/118/641 807/167/641 806/116/641
f 729/55/642 807/167/642 789/168/642
f 723/118/643 783/169/643 807/167/643
f 701/46/644 789/168/644 783/169/644
f 701/46/645 744/170/645 757/133/645
f 714/112/646 808/171/646 744/170/646
f 727/134/647 757/133/647 808/171/647
f 727/134/648 808/171/648 810/172/648
f 714/112/649 809/114/649 808/171/649
f 721/96/650 810/172/650 809/114/650
f 727/134/651 810/172/651 787/141/651
f 721/96/652 781/173/652 810/172/652
f 700/44/653 787/141/653 781/173/653
f 700/44/13 752/174/13 756/129/13
f 722/109/1 811/175/1 752/174/1
f 726/130/1 756/129/1 811/175/1
f 726/130/1 811/175/1 813/176/1
f 722/109/1 812/111/1 811/175/1
f 719/91/1 813/176/1 812/111/1
f 726/130/1 813/176/1 786/148/1
f 719/91/1 779/177/1 813/176/1
f 699/42/1 786/148/1 779/177/1
f 699/42/1 750/178/1 755/125/1
f 720/106/1 814/179/1 750/178/1
f 725/126/1 755/125/1 814/179/1
f 725/126/1 814/179/1 816/180/1
f 720/106/1 815/108/1 814/179/1
f 717/86/1 816/180/1 815/108/1
f 725/126/13 816/180/13 785/155/13
f 717/86/1 777/181/1 816/180/1
f 698/52/13 785/155/13 777/181/13
f 698/39/654 748/182/654 754/121/654
f 718/32/13 817/183/13 748/182/13
f 724/122/655 754/121/655 817/183/655
f 724/122/656 817/183/656 819/184/656
f 718/32/13 818/105/13 817/183/13
f 715/81/657 819/184/657 818/105/657
f 724/122/658 819/184/658 784/162/658
f 715/81/659 775/185/659 819/184/659
f 697/36/660 784/162/660 775/185/660
f 697/36/661 746/186/661 753/117/661
f 716/101/662 820/187/662 746/186/662
f 723/118/663 753/117/663 820/187/663
f 723/118/664 820/187/664 822/188/664
f 716/101/665 821/103/665 820/187/665
f 713/78/666 822/188/666 821/103/666
f 723/118/667 822/188/667 783/169/667
f 713/78/668 773/189/668 822/188/668
f 701/46/669 783/169/669 773/189/669
f 700/44/13 781/173/13 752/174/13
f 721/96/1 823/190/1 781/173/1
f 722/109/1 752/174/1 823/190/1
f 722/109/1 823/190/1 825/191/1
f 721/96/1 824/98/1 823/190/1
f 712/100/1 825/191/1 824/98/1
f 722/109/1 825/191/1 782/110/1
f 712/100/1 772/192/1 825/191/1
f 695/7/1 782/110/1 772/192/1
f 699/42/1 779/177/1 750/178/1
f 719/91/1 826/193/1 779/177/1
f 720/106/1 750/178/1 826/193/1
f 720/106/1 826/193/1 828/194/1
f 719/91/1 827/93/1 826/193/1
f 711/95/1 828/194/1 827/93/1
f 720/106/1 828/194/1 780/107/1
f 711/95/1 771/195/1 828/194/1
f 694/19/1 780/107/1 771/195/1
f 698/52/1 777/181/1 748/196/1
f 717/86/1 829/197/1 777/181/1
f 718/58/1 748/196/1 829/197/1
f 718/58/1 829/197/1 831/198/1
f 717/86/1 830/88/1 829/197/1
f 709/90/1 831/198/1 830/88/1
f 718/58/1 831/198/1 778/199/1
f 709/90/1 769/200/1 831/198/1
f 693/59/1 778/199/1 769/200/1
f 697/36/670 775/185/670 746/186/670
f 715/81/671 832/201/671 775/185/671
f 716/101/672 746/186/672 832/201/672
f 716/101/673 832/201/673 834/202/673
f 715/81/674 833/83/674 832/201/674
f 705/85/1 834/202/1 833/83/1
f 716/101/675 834/202/675 776/102/675
f 705/85/13 765/203/13 834/202/13
f 692/29/676 776/102/676 765/203/676
f 701/46/677 773/189/677 744/170/677
f 713/78/678 835/204/678 773/189/678
f 714/112/679 744/170/679 835/204/679
f 714/112/680 835/204/680 837/205/680
f 713/78/681 836/80/681 835/204/681
f 706/62/682 837/205/682 836/80/682
f 714/112/683 837/205/683 774/113/683
f 706/62/13 766/206/13 837/205/13
f 696/26/1 774/113/1 766/206/1
f 696/26/1 737/207/1 742/99/1
f 707/15/1 838/208/1 737/207/1
f 712/100/1 742/99/1 838/208/1
f 712/100/1 838/208/1 840/209/1
f 707/15/1 839/75/1 838/208/1
f 710/14/1 840/209/1 839/75/1
f 712/100/1 840/209/1 772/192/1
f 710/14/1 770/210/1 840/209/1
f 695/7/1 772/192/1 770/210/1
f 695/7/1 770/211/1 741/94/1
f 710/4/1 841/212/1 770/211/1
f 711/95/1 741/94/1 841/212/1
f 711/95/1 841/212/1 843/213/1
f 710/4/1 842/71/1 841/212/1
f 708/12/1 843/213/1 842/71/1
f 711/95/1 843/213/1 771/195/1
f 708/12/1 768/214/1 843/213/1
f 694/19/1 771/195/1 768/214/1
f 694/19/1 768/215/1 739/89/1
f 708/10/1 844/216/1 768/215/1
f 709/90/1 739/89/1 844/216/1
f 709/90/1 844/216/1 846/217/1
f 708/10/1 845/67/1 844/216/1
f 703/9/1 846/217/1 845/67/1
f 709/90/1 846/217/1 769/200/1
f 703/9/1 763/218/1 846/217/1
f 693/59/1 769/200/1 763/218/1
f 696/26/1 766/206/1 737/219/1
f 706/62/1 847/220/1 766/206/1
f 707/60/1 737/219/1 847/220/1
f 707/60/1 847/220/1 849/221/1
f 706/62/1 848/64/1 847/220/1
f 704/57/1 849/221/1 848/64/1
f 707/60/1 849/221/1 767/222/1
f 704/57/1 764/223/1 849/221/1
f 691/224/1 767/222/1 764/223/1
f 693/16/1 763/225/1 735/84/1
f 703/3/1 850/226/1 763/225/1
f 705/85/1 735/84/1 850/226/1
f 705/85/1 850/226/1 852/227/1
f 703/3/1 851/228/1 850/226/1
f 704/2/1 852/227/1 851/228/1
f 705/85/1 852/227/1 765/203/1
f 704/2/1 734/229/1 852/227/1
f 692/29/1 765/203/1 734/229/1
f 704/2/1 851/228/1 764/230/1
f 703/3/1 733/231/1 851/228/1
f 691/232/1 764/230/1 733/231/1
f 851/228/1 733/231/1 764/230/1
f 848/64/1 736/63/1 734/65/1
f 845/67/1 738/66/1 733/69/1
f 842/71/1 740/70/1 738/73/1
f 839/75/1 767/74/1 740/77/1
f 836/80/684 743/79/684 736/63/684
f 833/83/13 745/82/13 735/84/13
f 830/88/1 747/87/1 739/89/1
f 827/93/1 749/92/1 741/94/1
f 824/98/1 751/97/1 742/99/1
f 821/103/685 776/102/685 743/79/685
f 818/105/13 778/104/13 745/82/13
f 815/108/1 780/107/1 747/87/1
f 812/111/1 782/110/1 749/92/1
f 809/114/13 774/113/13 751/97/13
f 806/116/686 758/115/686 753/117/686
f 803/120/687 760/119/687 754/121/687
f 800/124/688 761/123/688 755/125/688
f 797/128/689 762/127/689 756/129/689
f 794/132/690 789/131/690 757/133/690
f 792/137/691 759/136/691 793/138/691
f 795/139/692 793/138/692 794/132/692
f 762/140/693 795/139/693 787/141/693
f 791/144/694 792/143/694 796/145/694
f 798/146/695 796/145/695 797/128/695
f 761/147/696 798/146/696 786/148/696
f 790/151/697 791/150/697 799/152/697
f 801/153/698 799/152/698 800/124/698
f 760/154/699 801/153/699 785/155/699
f 788/158/700 790/157/700 802/159/700
f 804/160/701 802/159/701 803/120/701
f 758/161/702 804/160/702 784/162/702
f 759/165/703 788/164/703 805/166/703
f 807/167/704 805/166/704 806/116/704
f 789/168/705 807/167/705 783/169/705
f 757/133/706 744/170/706 808/171/706
f 810/172/707 808/171/707 809/114/707
f 787/141/708 810/172/708 781/173/708
f 756/129/1 752/174/1 811/175/1
f 813/176/1 811/175/1 812/111/1
f 786/148/1 813/176/1 779/177/1
f 755/125/1 750/178/1 814/179/1
f 816/180/1 814/179/1 815/108/1
f 785/155/1 816/180/1 777/181/1
f 754/121/709 748/182/709 817/183/709
f 819/184/710 817/183/710 818/105/710
f 784/162/711 819/184/711 775/185/711
f 753/117/712 746/186/712 820/187/712
f 822/188/713 820/187/713 821/103/713
f 783/169/714 822/188/714 773/189/714
f 752/174/1 781/173/1 823/190/1
f 825/191/1 823/190/1 824/98/1
f 782/110/1 825/191/1 772/192/1
f 750/178/1 779/177/1 826/193/1
f 828/194/1 826/193/1 827/93/1
f 780/107/1 828/194/1 771/195/1
f 748/196/1 777/181/1 829/197/1
f 831/198/1 829/197/1 830/88/1
f 778/199/1 831/198/1 769/200/1
f 746/186/715 775/185/715 832/201/715
f 834/202/716 832/201/716 833/83/716
f 776/102/717 834/202/717 765/203/717
f 744/170/718 773/189/718 835/204/718
f 837/205/719 835/204/719 836/80/719
f 774/113/13 837/205/13 766/206/13
f 742/99/1 737/207/1 838/208/1
f 840/209/1 838/208/1 839/75/1
f 772/192/1 840/209/1 770/210/1
f 741/94/1 770/211/1 841/212/1
f 843/213/1 841/212/1 842/71/1
f 771/195/1 843/213/1 768/214/1
f 739/89/1 768/215/1 844/216/1
f 846/217/1 844/216/1 845/67/1
f 769/200/1 846/217/1 763/218/1
f 737/219/1 766/206/1 847/220/1
f 849/221/1 847/220/1 848/64/1
f 767/222/1 849/221/1 764/223/1
f 735/84/1 763/225/1 850/226/1
f 852/227/1 850/226/1 851/228/1
f 765/203/1 852/227/1 734/229/1
f 868/62/1 898/63/1 1010/64/1
f 854/29/13 896/65/13 898/63/13
f 866/57/1 1010/64/1 896/65/1
f 870/10/1 900/66/1 1007/67/1
f 853/68/1 895/69/1 900/66/1
f 865/9/1 1007/67/1 895/69/1
f 872/4/1 902/70/1 1004/71/1
f 853/72/1 900/73/1 902/70/1
f 870/12/1 1004/71/1 900/73/1
f 869/15/1 929/74/1 1001/75/1
f 853/76/1 902/77/1 929/74/1
f 872/14/1 1001/75/1 902/77/1
f 875/78/720 905/79/720 998/80/720
f 854/29/721 898/63/721 905/79/721
f 868/62/722 998/80/722 898/63/722
f 877/81/723 907/82/723 995/83/723
f 855/16/1 897/84/1 907/82/1
f 867/85/13 995/83/13 897/84/13
f 879/86/1 909/87/1 992/88/1
f 856/19/1 901/89/1 909/87/1
f 871/90/1 992/88/1 901/89/1
f 881/91/1 911/92/1 989/93/1
f 857/7/1 903/94/1 911/92/1
f 873/95/1 989/93/1 903/94/1
f 883/96/1 913/97/1 986/98/1
f 858/26/1 904/99/1 913/97/1
f 874/100/1 986/98/1 904/99/1
f 878/101/724 938/102/724 983/103/724
f 854/29/725 905/79/725 938/102/725
f 875/78/726 983/103/726 905/79/726
f 880/32/13 940/104/13 980/105/13
f 855/16/1 907/82/1 940/104/1
f 877/81/727 980/105/727 907/82/727
f 882/106/1 942/107/1 977/108/1
f 856/19/1 909/87/1 942/107/1
f 879/86/1 977/108/1 909/87/1
f 884/109/1 944/110/1 974/111/1
f 857/7/1 911/92/1 944/110/1
f 881/91/1 974/111/1 911/92/1
f 876/112/728 936/113/728 971/114/728
f 858/26/1 913/97/1 936/113/1
f 883/96/13 971/114/13 913/97/13
f 890/38/729 920/115/729 968/116/729
f 859/36/730 915/117/730 920/115/730
f 885/118/731 968/116/731 915/117/731
f 892/41/732 922/119/732 965/120/732
f 860/39/733 916/121/733 922/119/733
f 886/122/734 965/120/734 916/121/734
f 893/22/735 923/123/735 962/124/735
f 861/42/736 917/125/736 923/123/736
f 887/126/737 962/124/737 917/125/737
f 894/25/738 924/127/738 959/128/738
f 862/44/739 918/129/739 924/127/739
f 888/130/740 959/128/740 918/129/740
f 891/48/741 951/131/741 956/132/741
f 863/46/742 919/133/742 951/131/742
f 889/134/743 956/132/743 919/133/743
f 864/135/744 921/136/744 954/137/744
f 891/48/745 955/138/745 921/136/745
f 894/49/746 954/137/746 955/138/746
f 894/49/747 955/138/747 957/139/747
f 891/48/748 956/132/748 955/138/748
f 889/134/749 957/139/749 956/132/749
f 894/49/750 957/139/750 924/140/750
f 889/134/751 949/141/751 957/139/751
f 862/44/752 924/140/752 949/141/752
f 864/142/753 954/143/753 953/144/753
f 894/25/754 958/145/754 954/143/754
f 893/51/755 953/144/755 958/145/755
f 893/51/756 958/145/756 960/146/756
f 894/25/757 959/128/757 958/145/757
f 888/130/758 960/146/758 959/128/758
f 893/51/759 960/146/759 923/147/759
f 888/130/760 948/148/760 960/146/760
f 861/42/761 923/147/761 948/148/761
f 864/149/762 953/150/762 952/151/762
f 893/22/763 961/152/763 953/150/763
f 892/23/764 952/151/764 961/152/764
f 892/23/765 961/152/765 963/153/765
f 893/22/766 962/124/766 961/152/766
f 887/126/767 963/153/767 962/124/767
f 892/23/768 963/153/768 922/154/768
f 887/126/769 947/155/769 963/153/769
f 860/52/770 922/154/770 947/155/770
f 864/156/771 952/157/771 950/158/771
f 892/41/772 964/159/772 952/157/772
f 890/53/773 950/158/773 964/159/773
f 890/53/774 964/159/774 966/160/774
f 892/41/775 965/120/775 964/159/775
f 886/122/776 966/160/776 965/120/776
f 890/53/777 966/160/777 920/161/777
f 886/122/778 946/162/778 966/160/778
f 859/36/779 920/161/779 946/162/779
f 864/163/780 950/164/780 921/165/780
f 890/38/781 967/166/781 950/164/781
f 891/55/782 921/165/782 967/166/782
f 891/55/783 967/166/783 969/167/783
f 890/38/784 968/116/784 967/166/784
f 885/118/785 969/167/785 968/116/785
f 891/55/786 969/167/786 951/168/786
f 885/118/787 945/169/787 969/167/787
f 863/46/788 951/168/788 945/169/788
f 863/46/789 906/170/789 919/133/789
f 876/112/790 970/171/790 906/170/790
f 889/134/791 919/133/791 970/171/791
f 889/134/792 970/171/792 972/172/792
f 876/112/793 971/114/793 970/171/793
f 883/96/794 972/172/794 971/114/794
f 889/134/795 972/172/795 949/141/795
f 883/96/796 943/173/796 972/172/796
f 862/44/797 949/141/797 943/173/797
f 862/44/13 914/174/13 918/129/13
f 884/109/1 973/175/1 914/174/1
f 888/130/1 918/129/1 973/175/1
f 888/130/1 973/175/1 975/176/1
f 884/109/1 974/111/1 973/175/1
f 881/91/1 975/176/1 974/111/1
f 888/130/1 975/176/1 948/148/1
f 881/91/1 941/177/1 975/176/1
f 861/42/1 948/148/1 941/177/1
f 861/42/1 912/178/1 917/125/1
f 882/106/1 976/179/1 912/178/1
f 887/126/1 917/125/1 976/179/1
f 887/126/1 976/179/1 978/180/1
f 882/106/1 977/108/1 976/179/1
f 879/86/1 978/180/1 977/108/1
f 887/126/13 978/180/13 947/155/13
f 879/86/1 939/181/1 978/180/1
f 860/52/13 947/155/13 939/181/13
f 860/39/798 910/182/798 916/121/798
f 880/32/13 979/183/13 910/182/13
f 886/122/799 916/121/799 979/183/799
f 886/122/800 979/183/800 981/184/800
f 880/32/13 980/105/13 979/183/13
f 877/81/801 981/184/801 980/105/801
f 886/122/802 981/184/802 946/162/802
f 877/81/803 937/185/803 981/184/803
f 859/36/804 946/162/804 937/185/804
f 859/36/805 908/186/805 915/117/805
f 878/101/806 982/187/806 908/186/806
f 885/118/807 915/117/807 982/187/807
f 885/118/808 982/187/808 984/188/808
f 878/101/809 983/103/809 982/187/809
f 875/78/810 984/188/810 983/103/810
f 885/118/811 984/188/811 945/169/811
f 875/78/812 935/189/812 984/188/812
f 863/46/813 945/169/813 935/189/813
f 862/44/13 943/173/13 914/174/13
f 883/96/1 985/190/1 943/173/1
f 884/109/1 914/174/1 985/190/1
f 884/109/1 985/190/1 987/191/1
f 883/96/1 986/98/1 985/190/1
f 874/100/1 987/191/1 986/98/1
f 884/109/1 987/191/1 944/110/1
f 874/100/1 934/192/1 987/191/1
f 857/7/1 944/110/1 934/192/1
f 861/42/1 941/177/1 912/178/1
f 881/91/1 988/193/1 941/177/1
f 882/106/1 912/178/1 988/193/1
f 882/106/1 988/193/1 990/194/1
f 881/91/1 989/93/1 988/193/1
f 873/95/1 990/194/1 989/93/1
f 882/106/1 990/194/1 942/107/1
f 873/95/1 933/195/1 990/194/1
f 856/19/1 942/107/1 933/195/1
f 860/52/1 939/181/1 910/196/1
f 879/86/1 991/197/1 939/181/1
f 880/58/1 910/196/1 991/197/1
f 880/58/1 991/197/1 993/198/1
f 879/86/1 992/88/1 991/197/1
f 871/90/1 993/198/1 992/88/1
f 880/58/1 993/198/1 940/199/1
f 871/90/1 931/200/1 993/198/1
f 855/59/1 940/199/1 931/200/1
f 859/36/814 937/185/814 908/186/814
f 877/81/815 994/201/815 937/185/815
f 878/101/816 908/186/816 994/201/816
f 878/101/817 994/201/817 996/202/817
f 877/81/818 995/83/818 994/201/818
f 867/85/1 996/202/1 995/83/1
f 878/101/819 996/202/819 938/102/819
f 867/85/13 927/203/13 996/202/13
f 854/29/820 938/102/820 927/203/820
f 863/46/821 935/189/821 906/170/821
f 875/78/822 997/204/822 935/189/822
f 876/112/823 906/170/823 997/204/823
f 876/112/824 997/204/824 999/205/824
f 875/78/825 998/80/825 997/204/825
f 868/62/826 999/205/826 998/80/826
f 876/112/827 999/205/827 936/113/827
f 868/62/13 928/206/13 999/205/13
f 858/26/1 936/113/1 928/206/1
f 858/26/1 899/207/1 904/99/1
f 869/15/1 1000/208/1 899/207/1
f 874/100/1 904/99/1 1000/208/1
f 874/100/1 1000/208/1 1002/209/1
f 869/15/1 1001/75/1 1000/208/1
f 872/14/1 1002/209/1 1001/75/1
f 874/100/1 1002/209/1 934/192/1
f 872/14/1 932/210/1 1002/209/1
f 857/7/1 934/192/1 932/210/1
f 857/7/1 932/211/1 903/94/1
f 872/4/1 1003/212/1 932/211/1
f 873/95/1 903/94/1 1003/212/1
f 873/95/1 1003/212/1 1005/213/1
f 872/4/1 1004/71/1 1003/212/1
f 870/12/1 1005/213/1 1004/71/1
f 873/95/1 1005/213/1 933/195/1
f 870/12/1 930/214/1 1005/213/1
f 856/19/1 933/195/1 930/214/1
f 856/19/1 930/215/1 901/89/1
f 870/10/1 1006/216/1 930/215/1
f 871/90/1 901/89/1 1006/216/1
f 871/90/1 1006/216/1 1008/217/1
f 870/10/1 1007/67/1 1006/216/1
f 865/9/1 1008/217/1 1007/67/1
f 871/90/1 1008/217/1 931/200/1
f 865/9/1 925/218/1 1008/217/1
f 855/59/1 931/200/1 925/218/1
f 858/26/1 928/206/1 899/219/1
f 868/62/1 1009/220/1 928/206/1
f 869/60/1 899/219/1 1009/220/1
f 869/60/1 1009/220/1 1011/221/1
f 868/62/1 1010/64/1 1009/220/1
f 866/57/1 1011/221/1 1010/64/1
f 869/60/1 1011/221/1 929/222/1
f 866/57/1 926/223/1 1011/221/1
f 853/224/1 929/222/1 926/223/1
f 855/16/1 925/225/1 897/84/1
f 865/3/1 1012/226/1 925/225/1
f 867/85/1 897/84/1 1012/226/1
f 867/85/1 1012/226/1 1014/227/1
f 865/3/1 1013/228/1 1012/226/1
f 866/2/1 1014/227/1 1013/228/1
f 867/85/1 1014/227/1 927/203/1
f 866/2/1 896/229/1 1014/227/1
f 854/29/828 927/203/828 896/229/828
f 866/2/1 1013/228/1 926/230/1
f 865/3/1 895/231/1 1013/228/1
f 853/232/1 926/230/1 895/231/1
f 1013/228/1 895/231/1 926/230/1
f 1010/64/1 898/63/1 896/65/1
f 1007/67/1 900/66/1 895/69/1
f 1004/71/1 902/70/1 900/73/1
f 1001/75/1 929/74/1 902/77/1
f 998/80/829 905/79/829 898/63/829
f 995/83/13 907/82/13 897/84/13
f 992/88/1 909/87/1 901/89/1
f 989/93/1 911/92/1 903/94/1
f 986/98/1 913/97/1 904/99/1
f 983/103/830 938/102/830 905/79/830
f 980/105/13 940/104/13 907/82/13
f 977/108/1 942/107/1 909/87/1
f 974/111/1 944/110/1 911/92/1
f 971/114/13 936/113/13 913/97/13
f 968/116/831 920/115/831 915/117/831
f 965/120/832 922/119/832 916/121/832
f 962/124/833 923/123/833 917/125/833
f 959/128/834 924/127/834 918/129/834
f 956/132/835 951/131/835 919/133/835
f 954/137/836 921/136/836 955/138/836
f 957/139/837 955/138/837 956/132/837
f 924/140/838 957/139/838 949/141/838
f 953/144/839 954/143/839 958/145/839
f 960/146/840 958/145/840 959/128/840
f 923/147/841 960/146/841 948/148/841
f 952/151/842 953/150/842 961/152/842
f 963/153/843 961/152/843 962/124/843
f 922/154/844 963/153/844 947/155/844
f 950/158/845 952/157/845 964/159/845
f 966/160/846 964/159/846 965/120/846
f 920/161/847 966/160/847 946/162/847
f 921/165/848 950/164/848 967/166/848
f 969/167/849 967/166/849 968/116/849
f 951/168/850 969/167/850 945/169/850
f 919/133/851 906/170/851 970/171/851
f 972/172/852 970/171/852 971/114/852
f 949/141/853 972/172/853 943/173/853
f 918/129/1 914/174/1 973/175/1
f 975/176/1 973/175/1 974/111/1
f 948/148/1 975/176/1 941/177/1
f 917/125/1 912/178/1 976/179/1
f 978/180/1 976/179/1 977/108/1
f 947/155/1 978/180/1 939/181/1
f 916/121/854 910/182/854 979/183/854
f 981/184/855 979/183/855 980/105/855
f 946/162/856 981/184/856 937/185/856
f 915/117/857 908/186/857 982/187/857
f 984/188/858 982/187/858 983/103/858
f 945/169/859 984/188/859 935/189/859
f 914/174/1 943/173/1 985/190/1
f 987/191/1 985/190/1 986/98/1
f 944/110/1 987/191/1 934/192/1
f 912/178/1 941/177/1 988/193/1
f 990/194/1 988/193/1 989/93/1
f 942/107/1 990/194/1 933/195/1
f 910/196/1 939/181/1 991/197/1
f 993/198/1 991/197/1 992/88/1
f 940/199/1 993/198/1 931/200/1
f 908/186/860 937/185/860 994/201/860
f 996/202/861 994/201/861 995/83/861
f 938/102/862 996/202/862 927/203/862
f 906/170/863 935/189/863 997/204/863
f 999/205/864 997/204/864 998/80/864
f 936/113/13 999/205/13 928/206/13
f 904/99/1 899/207/1 1000/208/1
f 1002/209/1 1000/208/1 1001/75/1
f 934/192/1 1002/209/1 932/210/1
f 903/94/1 932/211/1 1003/212/1
f 1005/213/1 1003/212/1 1004/71/1
f 933/195/1 1005/213/1 930/214/1
f 901/89/1 930/215/1 1006/216/1
f 1008/217/1 1006/216/1 1007/67/1
f 931/200/1 1008/217/1 925/218/1
f 899/219/1 928/206/1 1009/220/1
f 1011/221/1 1009/220/1 1010/64/1
f 929/222/1 1011/221/1 926/223/1
f 897/84/1 925/225/1 1012/226/1
f 1014/227/1 1012/226/1 1013/228/1
f 927/203/1 1014/227/1 896/229/1
f 1030/62/1 1060/63/1 1172/64/1
f 1016/29/13 1058/65/13 1060/63/13
f 1028/57/1 1172/64/1 1058/65/1
f 1032/10/1 1062/66/1 1169/67/1
f 1015/68/1 1057/69/1 1062/66/1
f 1027/9/1 1169/67/1 1057/69/1
f 1034/4/1 1064/70/1 1166/71/1
f 1015/72/1 1062/73/1 1064/70/1
f 1032/12/1 1166/71/1 1062/73/1
f 1031/15/1 1091/74/1 1163/75/1
f 1015/76/1 1064/77/1 1091/74/1
f 1034/14/1 1163/75/1 1064/77/1
f 1037/78/865 1067/79/865 1160/80/865
f 1016/29/866 1060/63/866 1067/79/866
f 1030/62/867 1160/80/867 1060/63/867
f 1039/81/868 1069/82/868 1157/83/868
f 1017/16/1 1059/84/1 1069/82/1
f 1029/85/13 1157/83/13 1059/84/13
f 1041/86/1 1071/87/1 1154/88/1
f 1018/19/1 1063/89/1 1071/87/1
f 1033/90/1 1154/88/1 1063/89/1
f 1043/91/1 1073/92/1 1151/93/1
f 1019/7/1 1065/94/1 1073/92/1
f 1035/95/1 1151/93/1 1065/94/1
f 1045/96/1 1075/97/1 1148/98/1
f 1020/26/1 1066/99/1 1075/97/1
f 1036/100/1 1148/98/1 1066/99/1
f 1040/101/869 1100/102/869 1145/103/869
f 1016/29/870 1067/79/870 1100/102/870
f 1037/78/871 1145/103/871 1067/79/871
f 1042/32/13 1102/104/13 1142/105/13
f 1017/16/1 1069/82/1 1102/104/1
f 1039/81/872 1142/105/872 1069/82/872
f 1044/106/1 1104/107/1 1139/108/1
f 1018/19/1 1071/87/1 1104/107/1
f 1041/86/1 1139/108/1 1071/87/1
f 1046/109/1 1106/110/1 1136/111/1
f 1019/7/1 1073/92/1 1106/110/1
f 1043/91/1 1136/111/1 1073/92/1
f 1038/112/873 1098/113/873 1133/114/873
f 1020/26/1 1075/97/1 1098/113/1
f 1045/96/13 1133/114/13 1075/97/13
f 1052/38/874 1082/115/874 1130/116/874
f 1021/36/875 1077/117/875 1082/115/875
f 1047/118/876 1130/116/876 1077/117/876
f 1054/41/877 1084/119/877 1127/120/877
f 1022/39/878 1078/121/878 1084/119/878
f 1048/122/879 1127/120/879 1078/121/879
f 1055/22/880 1085/123/880 1124/124/880
f 1023/42/881 1079/125/881 1085/123/881
f 1049/126/882 1124/124/882 1079/125/882
f 1056/25/883 1086/127/883 1121/128/883
f 1024/44/884 1080/129/884 1086/127/884
f 1050/130/885 1121/128/885 1080/129/885
f 1053/48/886 1113/131/886 1118/132/886
f 1025/46/887 1081/133/887 1113/131/887
f 1051/134/888 1118/132/888 1081/133/888
f 1026/135/889 1083/136/889 1116/137/889
f 1053/48/890 1117/138/890 1083/136/890
f 1056/49/891 1116/137/891 1117/138/891
f 1056/49/892 1117/138/892 1119/139/892
f 1053/48/893 1118/132/893 1117/138/893
f 1051/134/894 1119/139/894 1118/132/894
f 1056/49/895 1119/139/895 1086/140/895
f 1051/134/896 1111/141/896 1119/139/896
f 1024/44/897 1086/140/897 1111/141/897
f 1026/142/898 1116/143/898 1115/144/898
f 1056/25/899 1120/145/899 1116/143/899
f 1055/51/900 1115/144/900 1120/145/900
f 1055/51/901 1120/145/901 1122/146/901
f 1056/25/902 1121/128/902 1120/145/902
f 1050/130/903 1122/146/903 1121/128/903
f 1055/51/904 1122/146/904 1085/147/904
f 1050/130/905 1110/148/905 1122/146/905
f 1023/42/906 1085/147/906 1110/148/906
f 1026/149/907 1115/150/907 1114/151/907
f 1055/22/908 1123/152/908 1115/150/908
f 1054/23/909 1114/151/909 1123/152/909
f 1054/23/910 1123/152/910 1125/153/910
f 1055/22/911 1124/124/911 1123/152/911
f 1049/126/912 1125/153/912 1124/124/912
f 1054/23/913 1125/153/913 1084/154/913
f 1049/126/914 1109/155/914 1125/153/914
f 1022/52/915 1084/154/915 1109/155/915
f 1026/156/916 1114/157/916 1112/158/916
f 1054/41/917 1126/159/917 1114/157/917
f 1052/53/918 1112/158/918 1126/159/918
f 1052/53/919 1126/159/919 1128/160/919
f 1054/41/920 1127/120/920 1126/159/920
f 1048/122/921 1128/160/921 1127/120/921
f 1052/53/922 1128/160/922 1082/161/922
f 1048/122/923 1108/162/923 1128/160/923
f 1021/36/924 1082/161/924 1108/162/924
f 1026/163/925 1112/164/925 1083/165/925
f 1052/38/926 1129/166/926 1112/164/926
f 1053/55/927 1083/165/927 1129/166/927
f 1053/55/928 1129/166/928 1131/167/928
f 1052/38/929 1130/116/929 1129/166/929
f 1047/118/930 1131/167/930 1130/116/930
f 1053/55/931 1131/167/931 1113/168/931
f 1047/118/932 1107/169/932 1131/167/932
f 1025/46/933 1113/168/933 1107/169/933
f 1025/46/934 1068/170/934 1081/133/934
f 1038/112/935 1132/171/935 1068/170/935
f 1051/134/936 1081/133/936 1132/171/936
f 1051/134/937 1132/171/937 1134/172/937
f 1038/112/938 1133/114/938 1132/171/938
f 1045/96/939 1134/172/939 1133/114/939
f 1051/134/940 1134/172/940 1111/141/940
f 1045/96/941 1105/173/941 1134/172/941
f 1024/44/942 1111/141/942 1105/173/942
f 1024/44/13 1076/174/13 1080/129/13
f 1046/109/1 1135/175/1 1076/174/1
f 1050/130/1 1080/129/1 1135/175/1
f 1050/130/1 1135/175/1 1137/176/1
f 1046/109/1 1136/111/1 1135/175/1
f 1043/91/1 1137/176/1 1136/111/1
f 1050/130/1 1137/176/1 1110/148/1
f 1043/91/1 1103/177/1 1137/176/1
f 1023/42/1 1110/148/1 1103/177/1
f 1023/42/1 1074/178/1 1079/125/1
f 1044/106/1 1138/179/1 1074/178/1
f 1049/126/1 1079/125/1 1138/179/1
f 1049/126/1 1138/179/1 1140/180/1
f 1044/106/1 1139/108/1 1138/179/1
f 1041/86/1 1140/180/1 1139/108/1
f 1049/126/13 1140/180/13 1109/155/13
f 1041/86/1 1101/181/1 1140/180/1
f 1022/52/13 1109/155/13 1101/181/13
f 1022/39/943 1072/182/943 1078/121/943
f 1042/32/13 1141/183/13 1072/182/13
f 1048/122/944 1078/121/944 1141/183/944
f 1048/122/945 1141/183/945 1143/184/945
f 1042/32/13 1142/105/13 1141/183/13
f 1039/81/946 1143/184/946 1142/105/946
f 1048/122/947 1143/184/947 1108/162/947
f 1039/81/948 1099/185/948 1143/184/948
f 1021/36/949 1108/162/949 1099/185/949
f 1021/36/950 1070/186/950 1077/117/950
f 1040/101/951 1144/187/951 1070/186/951
f 1047/118/952 1077/117/952 1144/187/952
f 1047/118/953 1144/187/953 1146/188/953
f 1040/101/954 1145/103/954 1144/187/954
f 1037/78/955 1146/188/955 1145/103/955
f 1047/118/956 1146/188/956 1107/169/956
f 1037/78/957 1097/189/957 1146/188/957
f 1025/46/958 1107/169/958 1097/189/958
f 1024/44/13 1105/173/13 1076/174/13
f 1045/96/1 1147/190/1 1105/173/1
f 1046/109/1 1076/174/1 1147/190/1
f 1046/109/1 1147/190/1 1149/191/1
f 1045/96/1 1148/98/1 1147/190/1
f 1036/100/1 1149/191/1 1148/98/1
f 1046/109/1 1149/191/1 1106/110/1
f 1036/100/1 1096/192/1 1149/191/1
f 1019/7/1 1106/110/1 1096/192/1
f 1023/42/1 1103/177/1 1074/178/1
f 1043/91/1 1150/193/1 1103/177/1
f 1044/106/1 1074/178/1 1150/193/1
f 1044/106/1 1150/193/1 1152/194/1
f 1043/91/1 1151/93/1 1150/193/1
f 1035/95/1 1152/194/1 1151/93/1
f 1044/106/1 1152/194/1 1104/107/1
f 1035/95/1 1095/195/1 1152/194/1
f 1018/19/1 1104/107/1 1095/195/1
f 1022/52/1 1101/181/1 1072/196/1
f 1041/86/1 1153/197/1 1101/181/1
f 1042/58/1 1072/196/1 1153/197/1
f 1042/58/1 1153/197/1 1155/198/1
f 1041/86/1 1154/88/1 1153/197/1
f 1033/90/1 1155/198/1 1154/88/1
f 1042/58/1 1155/198/1 1102/199/1
f 1033/90/1 1093/200/1 1155/198/1
f 1017/59/1 1102/199/1 1093/200/1
f 1021/36/959 1099/185/959 1070/186/959
f 1039/81/960 1156/201/960 1099/185/960
f 1040/101/961 1070/186/961 1156/201/961
f 1040/101/962 1156/201/962 1158/202/962
f 1039/81/963 1157/83/963 1156/201/963
f 1029/85/387 1158/202/387 1157/83/387
f 1040/101/964 1158/202/964 1100/102/964
f 1029/85/13 1089/203/13 1158/202/13
f 1016/29/965 1100/102/965 1089/203/965
f 1025/46/966 1097/189/966 1068/170/966
f 1037/78/967 1159/204/967 1097/189/967
f 1038/112/968 1068/170/968 1159/204/968
f 1038/112/969 1159/204/969 1161/205/969
f 1037/78/970 1160/80/970 1159/204/970
f 1030/62/971 1161/205/971 1160/80/971
f 1038/112/972 1161/205/972 1098/113/972
f 1030/62/13 1090/206/13 1161/205/13
f 1020/26/1 1098/113/1 1090/206/1
f 1020/26/1 1061/207/1 1066/99/1
f 1031/15/1 1162/208/1 1061/207/1
f 1036/100/1 1066/99/1 1162/208/1
f 1036/100/1 1162/208/1 1164/209/1
f 1031/15/1 1163/75/1 1162/208/1
f 1034/14/1 1164/209/1 1163/75/1
f 1036/100/1 1164/209/1 1096/192/1
f 1034/14/1 1094/210/1 1164/209/1
f 1019/7/1 1096/192/1 1094/210/1
f 1019/7/1 1094/211/1 1065/94/1
f 1034/4/1 1165/212/1 1094/211/1
f 1035/95/1 1065/94/1 1165/212/1
f 1035/95/1 1165/212/1 1167/213/1
f 1034/4/1 1166/71/1 1165/212/1
f 1032/12/1 1167/213/1 1166/71/1
f 1035/95/1 1167/213/1 1095/195/1
f 1032/12/1 1092/214/1 1167/213/1
f 1018/19/1 1095/195/1 1092/214/1
f 1018/19/1 1092/215/1 1063/89/1
f 1032/10/1 1168/216/1 1092/215/1
f 1033/90/1 1063/89/1 1168/216/1
f 1033/90/1 1168/216/1 1170/217/1
f 1032/10/1 1169/67/1 1168/216/1
f 1027/9/1 1170/217/1 1169/67/1
f 1033/90/1 1170/217/1 1093/200/1
f 1027/9/1 1087/218/1 1170/217/1
f 1017/59/1 1093/200/1 1087/218/1
f 1020/26/1 1090/206/1 1061/219/1
f 1030/62/1 1171/220/1 1090/206/1
f 1031/60/1 1061/219/1 1171/220/1
f 1031/60/1 1171/220/1 1173/221/1
f 1030/62/1 1172/64/1 1171/220/1
f 1028/57/1 1173/221/1 1172/64/1
f 1031/60/1 1173/221/1 1091/222/1
f 1028/57/1 1088/223/1 1173/221/1
f 1015/224/1 1091/222/1 1088/223/1
f 1017/16/1 1087/225/1 1059/84/1
f 1027/3/1 1174/226/1 1087/225/1
f 1029/85/1 1059/84/1 1174/226/1
f 1029/85/1 1174/226/1 1176/227/1
f 1027/3/1 1175/228/1 1174/226/1
f 1028/2/1 1176/227/1 1175/228/1
f 1029/85/1 1176/227/1 1089/203/1
f 1028/2/1 1058/229/1 1176/227/1
f 1016/29/387 1089/203/387 1058/229/387
f 1028/2/1 1175/228/1 1088/230/1
f 1027/3/1 1057/231/1 1175/228/1
f 1015/232/1 1088/230/1 1057/231/1
f 1175/228/1 1057/231/1 1088/230/1
f 1172/64/1 1060/63/1 1058/65/1
f 1169/67/1 1062/66/1 1057/69/1
f 1166/71/1 1064/70/1 1062/73/1
f 1163/75/1 1091/74/1 1064/77/1
f 1160/80/973 1067/79/973 1060/63/973
f 1157/83/13 1069/82/13 1059/84/13
f 1154/88/1 1071/87/1 1063/89/1
f 1151/93/1 1073/92/1 1065/94/1
f 1148/98/1 1075/97/1 1066/99/1
f 1145/103/974 1100/102/974 1067/79/974
f 1142/105/13 1102/104/13 1069/82/13
f 1139/108/1 1104/107/1 1071/87/1
f 1136/111/1 1106/110/1 1073/92/1
f 1133/114/13 1098/113/13 1075/97/13
f 1130/116/975 1082/115/975 1077/117/975
f 1127/120/976 1084/119/976 1078/121/976
f 1124/124/977 1085/123/977 1079/125/977
f 1121/128/978 1086/127/978 1080/129/978
f 1118/132/979 1113/131/979 1081/133/979
f 1116/137/980 1083/136/980 1117/138/980
f 1119/139/981 1117/138/981 1118/132/981
f 1086/140/982 1119/139/982 1111/141/982
f 1115/144/983 1116/143/983 1120/145/983
f 1122/146/984 1120/145/984 1121/128/984
f 1085/147/985 1122/146/985 1110/148/985
f 1114/151/986 1115/150/986 1123/152/986
f 1125/153/987 1123/152/987 1124/124/987
f 1084/154/988 1125/153/988 1109/155/988
f 1112/158/989 1114/157/989 1126/159/989
f 1128/160/990 1126/159/990 1127/120/990
f 1082/161/991 1128/160/991 1108/162/991
f 1083/165/992 1112/164/992 1129/166/992
f 1131/167/993 1129/166/993 1130/116/993
f 1113/168/994 1131/167/994 1107/169/994
f 1081/133/995 1068/170/995 1132/171/995
f 1134/172/996 1132/171/996 1133/114/996
f 1111/141/997 1134/172/997 1105/173/997
f 1080/129/1 1076/174/1 1135/175/1
f 1137/176/1 1135/175/1 1136/111/1
f 1110/148/1 1137/176/1 1103/177/1
f 1079/125/1 1074/178/1 1138/179/1
f 1140/180/1 1138/179/1 1139/108/1
f 1109/155/1 1140/180/1 1101/181/1
f 1078/121/998 1072/182/998 1141/183/998
f 1143/184/999 1141/183/999 1142/105/999
f 1108/162/1000 1143/184/1000 1099/185/1000
f 1077/117/1001 1070/186/1001 1144/187/1001
f 1146/188/1002 1144/187/1002 1145/103/1002
f 1107/169/1003 1146/188/1003 1097/189/1003
f 1076/174/1 1105/173/1 1147/190/1
f 1149/191/1 1147/190/1 1148/98/1
f 1106/110/1 1149/191/1 1096/192/1
f 1074/178/1 1103/177/1 1150/193/1
f 1152/194/1 1150/193/1 1151/93/1
f 1104/107/1 1152/194/1 1095/195/1
f 1072/196/1 1101/181/1 1153/197/1
f 1155/198/1 1153/197/1 1154/88/1
f 1102/199/1 1155/198/1 1093/200/1
f 1070/186/1004 1099/185/1004 1156/201/1004
f 1158/202/1005 1156/201/1005 1157/83/1005
f 1100/102/1006 1158/202/1006 1089/203/1006
f 1068/170/1007 1097/189/1007 1159/204/1007
f 1161/205/1008 1159/204/1008 1160/80/1008
f 1098/113/13 1161/205/13 1090/206/13
f 1066/99/1 1061/207/1 1162/208/1
f 1164/209/1 1162/208/1 1163/75/1
f 1096/192/1 1164/209/1 1094/210/1
f 1065/94/1 1094/211/1 1165/212/1
f 1167/213/1 1165/212/1 1166/71/1
f 1095/195/1 1167/213/1 1092/214/1
f 1063/89/1 1092/215/1 1168/216/1
f 1170/217/1 1168/216/1 1169/67/1
f 1093/200/1 1170/217/1 1087/218/1
f 1061/219/1 1090/206/1 1171/220/1
f 1173/221/1 1171/220/1 1172/64/1
f 1091/222/1 1173/221/1 1088/223/1
f 1059/84/1 1087/225/1 1174/226/1
f 1176/227/1 1174/226/1 1175/228/1
f 1089/203/1 1176/227/1 1058/229/1
f 1177/1/1 1190/2/1 1189/3/1
f 1178/29/1 1190/57/1 1192/56/1
f 1177/8/1 1189/9/1 1194/10/1
f 1177/11/1 1194/12/1 1196/4/1
f 1177/13/1 1196/14/1 1193/15/1
f 1178/29/1 1192/56/1 1199/30/1
f 1179/16/1 1191/17/1 1201/18/1
f 1180/19/1 1195/20/1 1203/21/1
f 1181/7/1009 1197/5/1009 1205/6/1009
f 1182/26/1 1198/27/1 1207/28/1
f 1178/29/1 1199/30/1 1202/31/1
f 1179/16/1 1201/18/1 1204/32/1
f 1180/19/1 1203/21/1 1206/33/1
f 1181/7/1010 1205/6/1010 1208/34/1010
f 1182/26/1 1207/28/1 1200/35/1
f 1183/36/1011 1209/37/1011 1214/38/1011
f 1184/39/1012 1210/40/1012 1216/41/1012
f 1185/42/1013 1211/43/1013 1217/22/1013
f 1186/44/1014 1212/45/1014 1218/25/1014
f 1187/46/1015 1213/47/1015 1215/48/1015
f 1215/48/1016 1218/49/1016 1188/233/1016
f 1215/48/1017 1213/47/1017 1218/49/1017
f 1213/47/1018 1186/44/1018 1218/49/1018
f 1218/25/1019 1217/51/1019 1188/24/1019
f 1218/25/1020 1212/45/1020 1217/51/1020
f 1212/45/1021 1185/42/1021 1217/51/1021
f 1217/22/1022 1216/23/1022 1188/234/1022
f 1217/22/1023 1211/43/1023 1216/23/1023
f 1211/43/1024 1184/52/1024 1216/23/1024
f 1216/41/1025 1214/53/1025 1188/54/1025
f 1216/41/1026 1210/40/1026 1214/53/1026
f 1210/40/1027 1183/36/1027 1214/53/1027
f 1214/38/1028 1215/55/1028 1188/50/1028
f 1214/38/1029 1209/37/1029 1215/55/1029
f 1209/37/1030 1187/46/1030 1215/55/1030
f 1200/35/1031 1213/47/1031 1187/46/1031
f 1200/35/1032 1207/28/1032 1213/47/1032
f 1207/28/1033 1186/44/1033 1213/47/1033
f 1208/34/1034 1212/45/1034 1186/44/1034
f 1208/34/1035 1205/6/1035 1212/45/1035
f 1205/6/1036 1185/42/1036 1212/45/1036
f 1206/33/1037 1211/43/1037 1185/42/1037
f 1206/33/1038 1203/21/1038 1211/43/1038
f 1203/21/1039 1184/52/1039 1211/43/1039
f 1204/32/1040 1210/40/1040 1184/39/1040
f 1204/32/1041 1201/18/1041 1210/40/1041
f 1201/18/1042 1183/36/1042 1210/40/1042
f 1202/31/1043 1209/37/1043 1183/36/1043
f 1202/31/1044 1199/30/1044 1209/37/1044
f 1199/30/1045 1187/46/1045 1209/37/1045
f 1207/28/1046 1208/34/1046 1186/44/1046
f 1207/28/1047 1198/27/1047 1208/34/1047
f 1198/27/1048 1181/7/1048 1208/34/1048
f 1205/6/1049 1206/33/1049 1185/42/1049
f 1205/6/1050 1197/5/1050 1206/33/1050
f 1197/5/1 1180/19/1 1206/33/1
f 1203/21/13 1204/58/13 1184/52/13
f 1203/21/1 1195/20/1 1204/58/1
f 1195/20/1 1179/59/1 1204/58/1
f 1201/18/13 1202/31/13 1183/36/13
f 1201/18/1 1191/17/1 1202/31/1
f 1191/17/1 1178/29/1 1202/31/1
f 1199/30/1051 1200/35/1051 1187/46/1051
f 1199/30/1 1192/56/1 1200/35/1
f 1192/56/1 1182/26/1 1200/35/1
f 1193/15/1 1198/27/1 1182/26/1
f 1193/15/1 1196/14/1 1198/27/1
f 1196/14/1 1181/7/1 1198/27/1
f 1196/4/1 1197/5/1 1181/7/1
f 1196/4/1 1194/12/1 1197/5/1
f 1194/12/1 1180/19/1 1197/5/1
f 1194/10/1 1195/20/1 1180/19/1
f 1194/10/1 1189/9/1 1195/20/1
f 1189/9/1 1179/59/1 1195/20/1
f 1192/56/1 1193/60/1 1182/26/1
f 1192/56/1 1190/57/1 1193/60/1
f 1190/57/1 1177/61/1 1193/60/1
f 1189/3/1 1191/17/1 1179/16/1
f 1189/3/1 1190/2/1 1191/17/1
f 1190/2/1 1178/29/1 1191/17/1
f 1219/1/1 1232/2/1 1231/3/1
f 1220/29/1 1232/57/1 1234/56/1
f 1219/8/1 1231/9/1 1236/10/1
f 1219/11/1 1236/12/1 1238/4/1
f 1219/13/1 1238/14/1 1235/15/1
f 1220/29/1 1234/56/1 1241/30/1
f 1221/16/1 1233/17/1 1243/18/1
f 1222/19/1 1237/20/1 1245/21/1
f 1223/7/1052 1239/5/1052 1247/6/1052
f 1224/26/1 1240/27/1 1249/28/1
f 1220/29/1 1241/30/1 1244/31/1
f 1221/16/1 1243/18/1 1246/32/1
f 1222/19/1 1245/21/1 1248/33/1
f 1223/7/1053 1247/6/1053 1250/34/1053
f 1224/26/1 1249/28/1 1242/35/1
f 1225/36/1054 1251/37/1054 1256/38/1054
f 1226/39/1055 1252/40/1055 1258/41/1055
f 1227/42/1056 1253/43/1056 1259/22/1056
f 1228/44/1057 1254/45/1057 1260/25/1057
f 1229/46/1058 1255/47/1058 1257/48/1058
f 1257/48/1059 1260/49/1059 1230/233/1059
f 1257/48/1060 1255/47/1060 1260/49/1060
f 1255/47/1061 1228/44/1061 1260/49/1061
f 1260/25/1062 1259/51/1062 1230/24/1062
f 1260/25/1063 1254/45/1063 1259/51/1063
f 1254/45/1064 1227/42/1064 1259/51/1064
f 1259/22/1065 1258/23/1065 1230/234/1065
f 1259/22/1066 1253/43/1066 1258/23/1066
f 1253/43/1067 1226/52/1067 1258/23/1067
f 1258/41/1068 1256/53/1068 1230/54/1068
f 1258/41/1069 1252/40/1069 1256/53/1069
f 1252/40/1070 1225/36/1070 1256/53/1070
f 1256/38/1071 1257/55/1071 1230/50/1071
f 1256/38/1072 1251/37/1072 1257/55/1072
f 1251/37/1073 1229/46/1073 1257/55/1073
f 1242/35/1074 1255/47/1074 1229/46/1074
f 1242/35/1075 1249/28/1075 1255/47/1075
f 1249/28/1076 1228/44/1076 1255/47/1076
f 1250/34/1077 1254/45/1077 1228/44/1077
f 1250/34/1078 1247/6/1078 1254/45/1078
f 1247/6/1079 1227/42/1079 1254/45/1079
f 1248/33/1080 1253/43/1080 1227/42/1080
f 1248/33/1081 1245/21/1081 1253/43/1081
f 1245/21/1082 1226/52/1082 1253/43/1082
f 1246/32/1083 1252/40/1083 1226/39/1083
f 1246/32/1084 1243/18/1084 1252/40/1084
f 1243/18/1085 1225/36/1085 1252/40/1085
f 1244/31/1086 1251/37/1086 1225/36/1086
f 1244/31/1087 1241/30/1087 1251/37/1087
f 1241/30/1088 1229/46/1088 1251/37/1088
f 1249/28/1089 1250/34/1089 1228/44/1089
f 1249/28/1090 1240/27/1090 1250/34/1090
f 1240/27/1091 1223/7/1091 1250/34/1091
f 1247/6/1092 1248/33/1092 1227/42/1092
f 1247/6/1093 1239/5/1093 1248/33/1093
f 1239/5/1 1222/19/1 1248/33/1
f 1245/21/13 1246/58/13 1226/52/13
f 1245/21/1 1237/20/1 1246/58/1
f 1237/20/1 1221/59/1 1246/58/1
f 1243/18/13 1244/31/13 1225/36/13
f 1243/18/1 1233/17/1 1244/31/1
f 1233/17/1 1220/29/1 1244/31/1
f 1241/30/1094 1242/35/1094 1229/46/1094
f 1241/30/1 1234/56/1 1242/35/1
f 1234/56/1 1224/26/1 1242/35/1
f 1235/15/1 1240/27/1 1224/26/1
f 1235/15/1 1238/14/1 1240/27/1
f 1238/14/1 1223/7/1 1240/27/1
f 1238/4/1 1239/5/1 1223/7/1
f 1238/4/1 1236/12/1 1239/5/1
f 1236/12/1 1222/19/1 1239/5/1
f 1236/10/1 1237/20/1 1222/19/1
f 1236/10/1 1231/9/1 1237/20/1
f 1231/9/1 1221/59/1 1237/20/1
f 1234/56/1 1235/60/1 1224/26/1
f 1234/56/1 1232/57/1 1235/60/1
f 1232/57/1 1219/61/1 1235/60/1
f 1231/3/1 1233/17/1 1221/16/1
f 1231/3/1 1232/2/1 1233/17/1
f 1232/2/1 1220/29/1 1233/17/1
f 1261/1/1095 1274/2/1095 1273/3/1095
f 1262/29/1096 1274/57/1096 1276/56/1096
f 1261/8/1097 1273/9/1097 1278/10/1097
f 1261/11/1098 1278/12/1098 1280/4/1098
f 1261/13/1099 1280/14/1099 1277/15/1099
f 1262/29/1100 1276/56/1100 1283/30/1100
f 1263/16/1101 1275/17/1101 1285/18/1101
f 1264/19/1102 1279/20/1102 1287/21/1102
f 1265/7/1103 1281/5/1103 1289/6/1103
f 1266/26/1104 1282/27/1104 1291/28/1104
f 1262/29/1105 1283/30/1105 1286/31/1105
f 1263/16/1106 1285/18/1106 1288/32/1106
f 1264/19/1107 1287/21/1107 1290/33/1107
f 1265/7/1108 1289/6/1108 1292/34/1108
f 1266/26/1109 1291/28/1109 1284/35/1109
f 1267/36/1110 1293/37/1110 1298/38/1110
f 1268/39/1111 1294/40/1111 1300/41/1111
f 1269/42/1112 1295/43/1112 1301/22/1112
f 1270/44/1113 1296/45/1113 1302/25/1113
f 1271/46/1114 1297/47/1114 1299/48/1114
f 1299/48/1115 1302/49/1115 1272/233/1115
f 1299/48/1116 1297/47/1116 1302/49/1116
f 1297/47/1117 1270/44/1117 1302/49/1117
f 1302/25/1118 1301/51/1118 1272/24/1118
f 1302/25/1119 1296/45/1119 1301/51/1119
f 1296/45/1120 1269/42/1120 1301/51/1120
f 1301/22/1121 1300/23/1121 1272/234/1121
f 1301/22/1122 1295/43/1122 1300/23/1122
f 1295/43/1123 1268/52/1123 1300/23/1123
f 1300/41/1124 1298/53/1124 1272/54/1124
f 1300/41/1125 1294/40/1125 1298/53/1125
f 1294/40/1126 1267/36/1126 1298/53/1126
f 1298/38/1127 1299/55/1127 1272/50/1127
f 1298/38/1128 1293/37/1128 1299/55/1128
f 1293/37/1129 1271/46/1129 1299/55/1129
f 1284/35/1130 1297/47/1130 1271/46/1130
f 1284/35/1131 1291/28/1131 1297/47/1131
f 1291/28/1132 1270/44/1132 1297/47/1132
f 1292/34/1133 1296/45/1133 1270/44/1133
f 1292/34/1134 1289/6/1134 1296/45/1134
f 1289/6/1135 1269/42/1135 1296/45/1135
f 1290/33/1136 1295/43/1136 1269/42/1136
f 1290/33/1137 1287/21/1137 1295/43/1137
f 1287/21/1138 1268/52/1138 1295/43/1138
f 1288/32/1139 1294/40/1139 1268/39/1139
f 1288/32/1140 1285/18/1140 1294/40/1140
f 1285/18/1141 1267/36/1141 1294/40/1141
f 1286/31/1142 1293/37/1142 1267/36/1142
f 1286/31/1143 1283/30/1143 1293/37/1143
f 1283/30/1144 1271/46/1144 1293/37/1144
f 1291/28/1145 1292/34/1145 1270/44/1145
f 1291/28/1146 1282/27/1146 1292/34/1146
f 1282/27/1147 1265/7/1147 1292/34/1147
f 1289/6/1148 1290/33/1148 1269/42/1148
f 1289/6/1149 1281/5/1149 1290/33/1149
f 1281/5/1150 1264/19/1150 1290/33/1150
f 1287/21/1151 1288/58/1151 1268/52/1151
f 1287/21/1152 1279/20/1152 1288/58/1152
f 1279/20/1153 1263/59/1153 1288/58/1153
f 1285/18/1154 1286/31/1154 1267/36/1154
f 1285/18/1155 1275/17/1155 1286/31/1155
f 1275/17/1156 1262/29/1156 1286/31/1156
f 1283/30/1157 1284/35/1157 1271/46/1157
f 1283/30/1158 1276/56/1158 1284/35/1158
f 1276/56/1159 1266/26/1159 1284/35/1159
f 1277/15/1160 1282/27/1160 1266/26/1160
f 1277/15/1161 1280/14/1161 1282/27/1161
f 1280/14/1162 1265/7/1162 1282/27/1162
f 1280/4/1163 1281/5/1163 1265/7/1163
f 1280/4/1164 1278/12/1164 1281/5/1164
f 1278/12/1165 1264/19/1165 1281/5/1165
f 1278/10/1166 1279/20/1166 1264/19/1166
f 1278/10/1167 1273/9/1167 1279/20/1167
f 1273/9/1168 1263/59/1168 1279/20/1168
f 1276/56/1169 1277/60/1169 1266/26/1169
f 1276/56/1170 1274/57/1170 1277/60/1170
f 1274/57/1171 1261/61/1171 1277/60/1171
f 1273/3/1172 1275/17/1172 1263/16/1172
f 1273/3/1173 1274/2/1173 1275/17/1173
f 1274/2/1174 1262/29/1174 1275/17/1174
f 1303/1/1 1316/2/1 1315/3/1
f 1322/4/1 1323/5/1 1331/6/1 1307/7/1
f 1303/8/1 1315/9/1 1320/10/1
f 1303/11/1 1320/12/1 1322/4/1
f 1303/13/1 1322/14/1 1319/15/1
f 1305/16/1 1317/17/1 1327/18/1
f 1306/19/1 1321/20/1 1329/21/1
f 1343/22/1175 1342/23/1175 1314/24/1175 1344/25/1175
f 1308/26/1176 1324/27/1176 1333/28/1176
f 1304/29/1177 1325/30/1177 1328/31/1177
f 1305/16/1 1327/18/1 1330/32/1
f 1306/19/1 1329/21/1 1332/33/1
f 1307/7/1 1331/6/1 1334/34/1
f 1308/26/1178 1333/28/1178 1326/35/1178
f 1309/36/1179 1335/37/1179 1340/38/1179
f 1310/39/1 1336/40/1 1342/41/1
f 1311/42/1 1337/43/1 1343/22/1
f 1312/44/1180 1338/45/1180 1344/25/1180
f 1313/46/1181 1339/47/1181 1341/48/1181
f 1341/48/1182 1339/47/1182 1344/49/1182
f 1339/47/1183 1312/44/1183 1344/49/1183
f 1340/38/1184 1341/48/1184 1344/49/1184 1314/50/1184
f 1344/25/1185 1338/45/1185 1343/51/1185
f 1338/45/13 1311/42/13 1343/51/13
f 1343/22/1 1337/43/1 1342/23/1
f 1337/43/1 1310/52/1 1342/23/1
f 1342/41/1186 1340/53/1186 1314/54/1186
f 1342/41/1187 1336/40/1187 1340/53/1187
f 1336/40/1188 1309/36/1188 1340/53/1188
f 1340/38/1189 1335/37/1189 1341/55/1189
f 1335/37/1190 1313/46/1190 1341/55/1190
f 1326/35/1191 1339/47/1191 1313/46/1191
f 1326/35/1192 1333/28/1192 1339/47/1192
f 1333/28/1193 1312/44/1193 1339/47/1193
f 1334/34/1 1338/45/1 1312/44/1
f 1334/34/1 1331/6/1 1338/45/1
f 1331/6/1 1311/42/1 1338/45/1
f 1332/33/1 1337/43/1 1311/42/1
f 1332/33/1 1329/21/1 1337/43/1
f 1329/21/1 1310/52/1 1337/43/1
f 1330/32/1 1336/40/1 1310/39/1
f 1330/32/1 1327/18/1 1336/40/1
f 1327/18/1194 1309/36/1194 1336/40/1194
f 1328/31/1195 1335/37/1195 1309/36/1195
f 1328/31/1196 1325/30/1196 1335/37/1196
f 1325/30/1197 1313/46/1197 1335/37/1197
f 1333/28/1198 1334/34/1198 1312/44/1198
f 1333/28/1199 1324/27/1199 1334/34/1199
f 1324/27/1 1307/7/1 1334/34/1
f 1331/6/1 1332/33/1 1311/42/1
f 1318/56/1200 1325/30/1200 1304/29/1200 1316/57/1200
f 1329/21/1 1330/58/1 1310/52/1
f 1329/21/1 1321/20/1 1330/58/1
f 1321/20/1 1305/59/1 1330/58/1
f 1327/18/1201 1328/31/1201 1309/36/1201
f 1327/18/1202 1317/17/1202 1328/31/1202
f 1317/17/1203 1304/29/1203 1328/31/1203
f 1325/30/1204 1326/35/1204 1313/46/1204
f 1325/30/1205 1318/56/1205 1326/35/1205
f 1323/5/1 1306/19/1 1332/33/1 1331/6/1
f 1319/15/1206 1324/27/1206 1308/26/1206
f 1319/15/1 1322/14/1 1324/27/1
f 1322/14/1 1307/7/1 1324/27/1
f 1322/4/1 1320/12/1 1323/5/1
f 1320/12/1 1306/19/1 1323/5/1
f 1320/10/1 1321/20/1 1306/19/1
f 1320/10/1 1315/9/1 1321/20/1
f 1315/9/1 1305/59/1 1321/20/1
f 1318/56/1207 1316/57/1207 1319/60/1207
f 1316/57/1 1303/61/1 1319/60/1
f 1315/3/1 1317/17/1 1305/16/1
f 1315/3/1 1316/2/1 1317/17/1
f 1316/2/1208 1304/29/1208 1317/17/1208
f 1318/56/1209 1319/60/1209 1308/26/1209 1326/35/1209
f 1345/1/1 1358/2/1 1357/3/1
f 1364/4/1 1365/5/1 1373/6/1 1349/7/1
f 1345/8/1 1357/9/1 1362/10/1
f 1345/11/1 1362/12/1 1364/4/1
f 1345/13/1 1364/14/1 1361/15/1
f 1347/16/1 1359/17/1 1369/18/1
f 1348/19/1 1363/20/1 1371/21/1
f 1385/22/1210 1384/23/1210 1356/24/1210 1386/25/1210
f 1350/26/1211 1366/27/1211 1375/28/1211
f 1346/29/1212 1367/30/1212 1370/31/1212
f 1347/16/1 1369/18/1 1372/32/1
f 1348/19/1 1371/21/1 1374/33/1
f 1349/7/1 1373/6/1 1376/34/1
f 1350/26/1213 1375/28/1213 1368/35/1213
f 1351/36/1214 1377/37/1214 1382/38/1214
f 1352/39/1 1378/40/1 1384/41/1
f 1353/42/1 1379/43/1 1385/22/1
f 1354/44/1215 1380/45/1215 1386/25/1215
f 1355/46/1216 1381/47/1216 1383/48/1216
f 1383/48/1217 1381/47/1217 1386/49/1217
f 1381/47/1218 1354/44/1218 1386/49/1218
f 1382/38/1219 1383/48/1219 1386/49/1219 1356/50/1219
f 1386/25/1220 1380/45/1220 1385/51/1220
f 1380/45/13 1353/42/13 1385/51/13
f 1385/22/1 1379/43/1 1384/23/1
f 1379/43/1 1352/52/1 1384/23/1
f 1384/41/1221 1382/53/1221 1356/54/1221
f 1384/41/1222 1378/40/1222 1382/53/1222
f 1378/40/1223 1351/36/1223 1382/53/1223
f 1382/38/1224 1377/37/1224 1383/55/1224
f 1377/37/1225 1355/46/1225 1383/55/1225
f 1368/35/1226 1381/47/1226 1355/46/1226
f 1368/35/1227 1375/28/1227 1381/47/1227
f 1375/28/1228 1354/44/1228 1381/47/1228
f 1376/34/1 1380/45/1 1354/44/1
f 1376/34/1 1373/6/1 1380/45/1
f 1373/6/1 1353/42/1 1380/45/1
f 1374/33/1 1379/43/1 1353/42/1
f 1374/33/1 1371/21/1 1379/43/1
f 1371/21/1 1352/52/1 1379/43/1
f 1372/32/1 1378/40/1 1352/39/1
f 1372/32/1 1369/18/1 1378/40/1
f 1369/18/1229 1351/36/1229 1378/40/1229
f 1370/31/1230 1377/37/1230 1351/36/1230
f 1370/31/1231 1367/30/1231 1377/37/1231
f 1367/30/1232 1355/46/1232 1377/37/1232
f 1375/28/1233 1376/34/1233 1354/44/1233
f 1375/28/1234 1366/27/1234 1376/34/1234
f 1366/27/1 1349/7/1 1376/34/1
f 1373/6/1 1374/33/1 1353/42/1
f 1360/56/1235 1367/30/1235 1346/29/1235 1358/57/1235
f 1371/21/1 1372/58/1 1352/52/1
f 1371/21/1 1363/20/1 1372/58/1
f 1363/20/1 1347/59/1 1372/58/1
f 1369/18/1236 1370/31/1236 1351/36/1236
f 1369/18/1237 1359/17/1237 1370/31/1237
f 1359/17/1238 1346/29/1238 1370/31/1238
f 1367/30/1239 1368/35/1239 1355/46/1239
f 1367/30/1240 1360/56/1240 1368/35/1240
f 1365/5/1 1348/19/1 1374/33/1 1373/6/1
f 1361/15/1241 1366/27/1241 1350/26/1241
f 1361/15/1 1364/14/1 1366/27/1
f 1364/14/1 1349/7/1 1366/27/1
f 1364/4/1 1362/12/1 1365/5/1
f 1362/12/1 1348/19/1 1365/5/1
f 1362/10/1 1363/20/1 1348/19/1
f 1362/10/1 1357/9/1 1363/20/1
f 1357/9/1 1347/59/1 1363/20/1
f 1360/56/1242 1358/57/1242 1361/60/1242
f 1358/57/1 1345/61/1 1361/60/1
f 1357/3/1 1359/17/1 1347/16/1
f 1357/3/1 1358/2/1 1359/17/1
f 1358/2/1243 1346/29/1243 1359/17/1243
f 1360/56/1244 1361/60/1244 1350/26/1244 1368/35/1244
f 1387/1/1 1400/2/1 1399/3/1
f 1406/4/1 1407/5/1 1415/6/1 1391/7/1
f 1387/8/1 1399/9/1 1404/10/1
f 1387/11/1 1404/12/1 1406/4/1
f 1387/13/1 1406/14/1 1403/15/1
f 1389/16/1 1401/17/1 1411/18/1
f 1390/19/1 1405/20/1 1413/21/1
f 1427/22/1210 1426/23/1210 1398/24/1210 1428/25/1210
f 1392/26/1211 1408/27/1211 1417/28/1211
f 1388/29/1212 1409/30/1212 1412/31/1212
f 1389/16/1 1411/18/1 1414/32/1
f 1390/19/1 1413/21/1 1416/33/1
f 1391/7/1 1415/6/1 1418/34/1
f 1392/26/1213 1417/28/1213 1410/35/1213
f 1393/36/1214 1419/37/1214 1424/38/1214
f 1394/39/1 1420/40/1 1426/41/1
f 1395/42/1 1421/43/1 1427/22/1
f 1396/44/1215 1422/45/1215 1428/25/1215
f 1397/46/1216 1423/47/1216 1425/48/1216
f 1425/48/1217 1423/47/1217 1428/49/1217
f 1423/47/1218 1396/44/1218 1428/49/1218
f 1424/38/1245 1425/48/1245 1428/49/1245 1398/50/1245
f 1428/25/1220 1422/45/1220 1427/51/1220
f 1422/45/13 1395/42/13 1427/51/13
f 1427/22/1 1421/43/1 1426/23/1
f 1421/43/1 1394/52/1 1426/23/1
f 1426/41/1221 1424/53/1221 1398/54/1221
f 1426/41/1222 1420/40/1222 1424/53/1222
f 1420/40/1246 1393/36/1246 1424/53/1246
f 1424/38/1224 1419/37/1224 1425/55/1224
f 1419/37/1225 1397/46/1225 1425/55/1225
f 1410/35/1226 1423/47/1226 1397/46/1226
f 1410/35/1227 1417/28/1227 1423/47/1227
f 1417/28/1228 1396/44/1228 1423/47/1228
f 1418/34/1 1422/45/1 1396/44/1
f 1418/34/1 1415/6/1 1422/45/1
f 1415/6/1 1395/42/1 1422/45/1
f 1416/33/1 1421/43/1 1395/42/1
f 1416/33/1 1413/21/1 1421/43/1
f 1413/21/1 1394/52/1 1421/43/1
f 1414/32/1 1420/40/1 1394/39/1
f 1414/32/1 1411/18/1 1420/40/1
f 1411/18/1229 1393/36/1229 1420/40/1229
f 1412/31/1230 1419/37/1230 1393/36/1230
f 1412/31/1231 1409/30/1231 1419/37/1231
f 1409/30/1232 1397/46/1232 1419/37/1232
f 1417/28/1233 1418/34/1233 1396/44/1233
f 1417/28/1247 1408/27/1247 1418/34/1247
f 1408/27/1 1391/7/1 1418/34/1
f 1415/6/1 1416/33/1 1395/42/1
f 1402/56/1248 1409/30/1248 1388/29/1248 1400/57/1248
f 1413/21/1 1414/58/1 1394/52/1
f 1413/21/1 1405/20/1 1414/58/1
f 1405/20/1 1389/59/1 1414/58/1
f 1411/18/1249 1412/31/1249 1393/36/1249
f 1411/18/1237 1401/17/1237 1412/31/1237
f 1401/17/1238 1388/29/1238 1412/31/1238
f 1409/30/1239 1410/35/1239 1397/46/1239
f 1409/30/1240 1402/56/1240 1410/35/1240
f 1407/5/1 1390/19/1 1416/33/1 1415/6/1
f 1403/15/1241 1408/27/1241 1392/26/1241
f 1403/15/1 1406/14/1 1408/27/1
f 1406/14/1 1391/7/1 1408/27/1
f 1406/4/1 1404/12/1 1407/5/1
f 1404/12/1 1390/19/1 1407/5/1
f 1404/10/1 1405/20/1 1390/19/1
f 1404/10/1 1399/9/1 1405/20/1
f 1399/9/1 1389/59/1 1405/20/1
f 1402/56/1242 1400/57/1242 1403/60/1242
f 1400/57/1 1387/61/1 1403/60/1
f 1399/3/1 1401/17/1 1389/16/1
f 1399/3/1 1400/2/1 1401/17/1
f 1400/2/1243 1388/29/1243 1401/17/1243
f 1402/56/1244 1403/60/1244 1392/26/1244 1410/35/1244
f 1429/1/1 1442/2/1 1441/3/1
f 1448/4/1 1449/5/1 1457/6/1 1433/7/1
f 1429/8/1 1441/9/1 1446/10/1
f 1429/11/1 1446/12/1 1448/4/1
f 1429/13/1 1448/14/1 1445/15/1
f 1431/16/1 1443/17/1 1453/18/1
f 1432/19/1 1447/20/1 1455/21/1
f 1469/22/1210 1468/23/1210 1440/24/1210 1470/25/1210
f 1434/26/1250 1450/27/1250 1459/28/1250
f 1430/29/1212 1451/30/1212 1454/31/1212
f 1431/16/1 1453/18/1 1456/32/1
f 1432/19/1 1455/21/1 1458/33/1
f 1433/7/1 1457/6/1 1460/34/1
f 1434/26/1251 1459/28/1251 1452/35/1251
f 1435/36/1214 1461/37/1214 1466/38/1214
f 1436/39/1 1462/40/1 1468/41/1
f 1437/42/1 1463/43/1 1469/22/1
f 1438/44/1215 1464/45/1215 1470/25/1215
f 1439/46/1216 1465/47/1216 1467/48/1216
f 1467/48/1217 1465/47/1217 1470/49/1217
f 1465/47/1252 1438/44/1252 1470/49/1252
f 1466/38/1245 1467/48/1245 1470/49/1245 1440/50/1245
f 1470/25/1220 1464/45/1220 1469/51/1220
f 1464/45/13 1437/42/13 1469/51/13
f 1469/22/1 1463/43/1 1468/23/1
f 1463/43/1 1436/52/1 1468/23/1
f 1468/41/1221 1466/53/1221 1440/54/1221
f 1468/41/1222 1462/40/1222 1466/53/1222
f 1462/40/1246 1435/36/1246 1466/53/1246
f 1466/38/1224 1461/37/1224 1467/55/1224
f 1461/37/1225 1439/46/1225 1467/55/1225
f 1452/35/1226 1465/47/1226 1439/46/1226
f 1452/35/1227 1459/28/1227 1465/47/1227
f 1459/28/1228 1438/44/1228 1465/47/1228
f 1460/34/1 1464/45/1 1438/44/1
f 1460/34/1 1457/6/1 1464/45/1
f 1457/6/1 1437/42/1 1464/45/1
f 1458/33/1 1463/43/1 1437/42/1
f 1458/33/1 1455/21/1 1463/43/1
f 1455/21/1 1436/52/1 1463/43/1
f 1456/32/1 1462/40/1 1436/39/1
f 1456/32/1 1453/18/1 1462/40/1
f 1453/18/1229 1435/36/1229 1462/40/1229
f 1454/31/1230 1461/37/1230 1435/36/1230
f 1454/31/1231 1451/30/1231 1461/37/1231
f 1451/30/1232 1439/46/1232 1461/37/1232
f 1459/28/1233 1460/34/1233 1438/44/1233
f 1459/28/1234 1450/27/1234 1460/34/1234
f 1450/27/1 1433/7/1 1460/34/1
f 1457/6/1 1458/33/1 1437/42/1
f 1444/56/1248 1451/30/1248 1430/29/1248 1442/57/1248
f 1455/21/1 1456/58/1 1436/52/1
f 1455/21/1 1447/20/1 1456/58/1
f 1447/20/1 1431/59/1 1456/58/1
f 1453/18/1253 1454/31/1253 1435/36/1253
f 1453/18/1237 1443/17/1237 1454/31/1237
f 1443/17/1238 1430/29/1238 1454/31/1238
f 1451/30/1239 1452/35/1239 1439/46/1239
f 1451/30/1240 1444/56/1240 1452/35/1240
f 1449/5/1 1432/19/1 1458/33/1 1457/6/1
f 1445/15/1241 1450/27/1241 1434/26/1241
f 1445/15/1 1448/14/1 1450/27/1
f 1448/14/1 1433/7/1 1450/27/1
f 1448/4/1 1446/12/1 1449/5/1
f 1446/12/1 1432/19/1 1449/5/1
f 1446/10/1 1447/20/1 1432/19/1
f 1446/10/1 1441/9/1 1447/20/1
f 1441/9/1 1431/59/1 1447/20/1
f 1444/56/1242 1442/57/1242 1445/60/1242
f 1442/57/1 1429/61/1 1445/60/1
f 1441/3/1 1443/17/1 1431/16/1
f 1441/3/1 1442/2/1 1443/17/1
f 1442/2/1243 1430/29/1243 1443/17/1243
f 1444/56/1244 1445/60/1244 1434/26/1244 1452/35/1244
f 1471/1/1 1484/2/1 1483/3/1
f 1490/4/1 1491/5/1 1499/6/1 1475/7/1
f 1471/8/1 1483/9/1 1488/10/1
f 1471/11/1 1488/12/1 1490/4/1
f 1471/13/1 1490/14/1 1487/15/1
f 1473/16/1 1485/17/1 1495/18/1
f 1474/19/1 1489/20/1 1497/21/1
f 1511/22/1210 1510/23/1210 1482/24/1210 1512/25/1210
f 1476/26/1211 1492/27/1211 1501/28/1211
f 1472/29/1212 1493/30/1212 1496/31/1212
f 1473/16/1 1495/18/1 1498/32/1
f 1474/19/1 1497/21/1 1500/33/1
f 1475/7/1 1499/6/1 1502/34/1
f 1476/26/1213 1501/28/1213 1494/35/1213
f 1477/36/1214 1503/37/1214 1508/38/1214
f 1478/39/1 1504/40/1 1510/41/1
f 1479/42/1 1505/43/1 1511/22/1
f 1480/44/1215 1506/45/1215 1512/25/1215
f 1481/46/1216 1507/47/1216 1509/48/1216
f 1509/48/1217 1507/47/1217 1512/49/1217
f 1507/47/1218 1480/44/1218 1512/49/1218
f 1508/38/1245 1509/48/1245 1512/49/1245 1482/50/1245
f 1512/25/1220 1506/45/1220 1511/51/1220
f 1506/45/13 1479/42/13 1511/51/13
f 1511/22/1 1505/43/1 1510/23/1
f 1505/43/1 1478/52/1 1510/23/1
f 1510/41/1221 1508/53/1221 1482/54/1221
f 1510/41/1254 1504/40/1254 1508/53/1254
f 1504/40/1246 1477/36/1246 1508/53/1246
f 1508/38/1224 1503/37/1224 1509/55/1224
f 1503/37/1225 1481/46/1225 1509/55/1225
f 1494/35/1226 1507/47/1226 1481/46/1226
f 1494/35/1227 1501/28/1227 1507/47/1227
f 1501/28/1228 1480/44/1228 1507/47/1228
f 1502/34/1 1506/45/1 1480/44/1
f 1502/34/1 1499/6/1 1506/45/1
f 1499/6/1 1479/42/1 1506/45/1
f 1500/33/1 1505/43/1 1479/42/1
f 1500/33/1 1497/21/1 1505/43/1
f 1497/21/1 1478/52/1 1505/43/1
f 1498/32/1 1504/40/1 1478/39/1
f 1498/32/1 1495/18/1 1504/40/1
f 1495/18/1229 1477/36/1229 1504/40/1229
f 1496/31/1230 1503/37/1230 1477/36/1230
f 1496/31/1231 1493/30/1231 1503/37/1231
f 1493/30/1232 1481/46/1232 1503/37/1232
f 1501/28/1233 1502/34/1233 1480/44/1233
f 1501/28/1234 1492/27/1234 1502/34/1234
f 1492/27/1 1475/7/1 1502/34/1
f 1499/6/1 1500/33/1 1479/42/1
f 1486/56/1248 1493/30/1248 1472/29/1248 1484/57/1248
f 1497/21/1 1498/58/1 1478/52/1
f 1497/21/1 1489/20/1 1498/58/1
f 1489/20/1 1473/59/1 1498/58/1
f 1495/18/1255 1496/31/1255 1477/36/1255
f 1495/18/1237 1485/17/1237 1496/31/1237
f 1485/17/1238 1472/29/1238 1496/31/1238
f 1493/30/1239 1494/35/1239 1481/46/1239
f 1493/30/1240 1486/56/1240 1494/35/1240
f 1491/5/1 1474/19/1 1500/33/1 1499/6/1
f 1487/15/1241 1492/27/1241 1476/26/1241
f 1487/15/1 1490/14/1 1492/27/1
f 1490/14/1 1475/7/1 1492/27/1
f 1490/4/1 1488/12/1 1491/5/1
f 1488/12/1 1474/19/1 1491/5/1
f 1488/10/1 1489/20/1 1474/19/1
f 1488/10/1 1483/9/1 1489/20/1
f 1483/9/1 1473/59/1 1489/20/1
f 1486/56/1242 1484/57/1242 1487/60/1242
f 1484/57/1 1471/61/1 1487/60/1
f 1483/3/1 1485/17/1 1473/16/1
f 1483/3/1 1484/2/1 1485/17/1
f 1484/2/1243 1472/29/1243 1485/17/1243
f 1486/56/1244 1487/60/1244 1476/26/1244 1494/35/1244
f 1513/1/1 1526/2/1 1525/3/1
f 1532/4/1 1533/5/1 1541/6/1 1517/7/1
f 1513/8/1 1525/9/1 1530/10/1
f 1513/11/1 1530/12/1 1532/4/1
f 1513/13/1 1532/14/1 1529/15/1
f 1515/16/1 1527/17/1 1537/18/1
f 1516/19/1 1531/20/1 1539/21/1
f 1553/22/1210 1552/23/1210 1524/24/1210 1554/25/1210
f 1518/26/1250 1534/27/1250 1543/28/1250
f 1514/29/1212 1535/30/1212 1538/31/1212
f 1515/16/1 1537/18/1 1540/32/1
f 1516/19/1 1539/21/1 1542/33/1
f 1517/7/1 1541/6/1 1544/34/1
f 1518/26/1251 1543/28/1251 1536/35/1251
f 1519/36/1214 1545/37/1214 1550/38/1214
f 1520/39/1 1546/40/1 1552/41/1
f 1521/42/1 1547/43/1 1553/22/1
f 1522/44/1215 1548/45/1215 1554/25/1215
f 1523/46/1216 1549/47/1216 1551/48/1216
f 1551/48/1217 1549/47/1217 1554/49/1217
f 1549/47/1218 1522/44/1218 1554/49/1218
f 1550/38/1245 1551/48/1245 1554/49/1245 1524/50/1245
f 1554/25/1220 1548/45/1220 1553/51/1220
f 1548/45/13 1521/42/13 1553/51/13
f 1553/22/1 1547/43/1 1552/23/1
f 1547/43/1 1520/52/1 1552/23/1
f 1552/41/1221 1550/53/1221 1524/54/1221
f 1552/41/1222 1546/40/1222 1550/53/1222
f 1546/40/1246 1519/36/1246 1550/53/1246
f 1550/38/1224 1545/37/1224 1551/55/1224
f 1545/37/1225 1523/46/1225 1551/55/1225
f 1536/35/1226 1549/47/1226 1523/46/1226
f 1536/35/1227 1543/28/1227 1549/47/1227
f 1543/28/1228 1522/44/1228 1549/47/1228
f 1544/34/1 1548/45/1 1522/44/1
f 1544/34/1 1541/6/1 1548/45/1
f 1541/6/1 1521/42/1 1548/45/1
f 1542/33/1 1547/43/1 1521/42/1
f 1542/33/1 1539/21/1 1547/43/1
f 1539/21/1 1520/52/1 1547/43/1
f 1540/32/1 1546/40/1 1520/39/1
f 1540/32/1 1537/18/1 1546/40/1
f 1537/18/1229 1519/36/1229 1546/40/1229
f 1538/31/1230 1545/37/1230 1519/36/1230
f 1538/31/1231 1535/30/1231 1545/37/1231
f 1535/30/1232 1523/46/1232 1545/37/1232
f 1543/28/1233 1544/34/1233 1522/44/1233
f 1543/28/1234 1534/27/1234 1544/34/1234
f 1534/27/1 1517/7/1 1544/34/1
f 1541/6/1 1542/33/1 1521/42/1
f 1528/56/1248 1535/30/1248 1514/29/1248 1526/57/1248
f 1539/21/1 1540/58/1 1520/52/1
f 1539/21/1 1531/20/1 1540/58/1
f 1531/20/1 1515/59/1 1540/58/1
f 1537/18/1256 1538/31/1256 1519/36/1256
f 1537/18/1237 1527/17/1237 1538/31/1237
f 1527/17/1238 1514/29/1238 1538/31/1238
f 1535/30/1239 1536/35/1239 1523/46/1239
f 1535/30/1240 1528/56/1240 1536/35/1240
f 1533/5/1 1516/19/1 1542/33/1 1541/6/1
f 1529/15/1241 1534/27/1241 1518/26/1241
f 1529/15/1 1532/14/1 1534/27/1
f 1532/14/1 1517/7/1 1534/27/1
f 1532/4/1 1530/12/1 1533/5/1
f 1530/12/1 1516/19/1 1533/5/1
f 1530/10/1 1531/20/1 1516/19/1
f 1530/10/1 1525/9/1 1531/20/1
f 1525/9/1 1515/59/1 1531/20/1
f 1528/56/1242 1526/57/1242 1529/60/1242
f 1526/57/1 1513/61/1 1529/60/1
f 1525/3/1 1527/17/1 1515/16/1
f 1525/3/1 1526/2/1 1527/17/1
f 1526/2/1243 1514/29/1243 1527/17/1243
f 1528/56/1244 1529/60/1244 1518/26/1244 1536/35/1244
f 1555/1/1 1568/2/1 1567/3/1
f 1574/4/1 1575/5/1 1583/6/1 1559/7/1
f 1555/8/1 1567/9/1 1572/10/1
f 1555/11/1 1572/12/1 1574/4/1
f 1555/13/1 1574/14/1 1571/15/1
f 1557/16/1 1569/17/1 1579/18/1
f 1558/19/1 1573/20/1 1581/21/1
f 1595/22/1257 1594/23/1257 1566/24/1257 1596/25/1257
f 1560/26/1258 1576/27/1258 1585/28/1258
f 1556/29/1259 1577/30/1259 1580/31/1259
f 1557/16/1 1579/18/1 1582/32/1
f 1558/19/1 1581/21/1 1584/33/1
f 1559/7/1 1583/6/1 1586/34/1
f 1560/26/1260 1585/28/1260 1578/35/1260
f 1561/36/1261 1587/37/1261 1592/38/1261
f 1562/39/1 1588/40/1 1594/41/1
f 1563/42/1 1589/43/1 1595/22/1
f 1564/44/1262 1590/45/1262 1596/25/1262
f 1565/46/1263 1591/47/1263 1593/48/1263
f 1593/48/1264 1591/47/1264 1596/49/1264
f 1591/47/1265 1564/44/1265 1596/49/1265
f 1592/38/1266 1593/48/1266 1596/49/1266 1566/50/1266
f 1596/25/1267 1590/45/1267 1595/51/1267
f 1590/45/13 1563/42/13 1595/51/13
f 1595/22/1 1589/43/1 1594/23/1
f 1589/43/1 1562/52/1 1594/23/1
f 1594/41/1268 1592/53/1268 1566/54/1268
f 1594/41/1269 1588/40/1269 1592/53/1269
f 1588/40/1270 1561/36/1270 1592/53/1270
f 1592/38/1271 1587/37/1271 1593/55/1271
f 1587/37/1272 1565/46/1272 1593/55/1272
f 1578/35/1273 1591/47/1273 1565/46/1273
f 1578/35/1274 1585/28/1274 1591/47/1274
f 1585/28/1275 1564/44/1275 1591/47/1275
f 1586/34/1 1590/45/1 1564/44/1
f 1586/34/1 1583/6/1 1590/45/1
f 1583/6/1 1563/42/1 1590/45/1
f 1584/33/1 1589/43/1 1563/42/1
f 1584/33/1 1581/21/1 1589/43/1
f 1581/21/1 1562/52/1 1589/43/1
f 1582/32/1 1588/40/1 1562/39/1
f 1582/32/1 1579/18/1 1588/40/1
f 1579/18/1276 1561/36/1276 1588/40/1276
f 1580/31/1277 1587/37/1277 1561/36/1277
f 1580/31/1278 1577/30/1278 1587/37/1278
f 1577/30/1279 1565/46/1279 1587/37/1279
f 1585/28/1280 1586/34/1280 1564/44/1280
f 1585/28/1281 1576/27/1281 1586/34/1281
f 1576/27/1 1559/7/1 1586/34/1
f 1583/6/1 1584/33/1 1563/42/1
f 1570/56/1282 1577/30/1282 1556/29/1282 1568/57/1282
f 1581/21/1 1582/58/1 1562/52/1
f 1581/21/1 1573/20/1 1582/58/1
f 1573/20/1 1557/59/1 1582/58/1
f 1579/18/1283 1580/31/1283 1561/36/1283
f 1579/18/1284 1569/17/1284 1580/31/1284
f 1569/17/1285 1556/29/1285 1580/31/1285
f 1577/30/1286 1578/35/1286 1565/46/1286
f 1577/30/1287 1570/56/1287 1578/35/1287
f 1575/5/1 1558/19/1 1584/33/1 1583/6/1
f 1571/15/1288 1576/27/1288 1560/26/1288
f 1571/15/1 1574/14/1 1576/27/1
f 1574/14/1 1559/7/1 1576/27/1
f 1574/4/1 1572/12/1 1575/5/1
f 1572/12/1 1558/19/1 1575/5/1
f 1572/10/1 1573/20/1 1558/19/1
f 1572/10/1 1567/9/1 1573/20/1
f 1567/9/1 1557/59/1 1573/20/1
f 1570/56/1289 1568/57/1289 1571/60/1289
f 1568/57/1 1555/61/1 1571/60/1
f 1567/3/1 1569/17/1 1557/16/1
f 1567/3/1 1568/2/1 1569/17/1
f 1568/2/1290 1556/29/1290 1569/17/1290
f 1570/56/1291 1571/60/1291 1560/26/1291 1578/35/1291
f 1597/1/1 1610/2/1 1609/3/1
f 1616/4/1 1617/5/1 1625/6/1 1601/7/1
f 1597/8/1 1609/9/1 1614/10/1
f 1597/11/1 1614/12/1 1616/4/1
f 1597/13/1 1616/14/1 1613/15/1
f 1599/16/1 1611/17/1 1621/18/1
f 1600/19/1 1615/20/1 1623/21/1
f 1637/22/1257 1636/23/1257 1608/24/1257 1638/25/1257
f 1602/26/1258 1618/27/1258 1627/28/1258
f 1598/29/1259 1619/30/1259 1622/31/1259
f 1599/16/1 1621/18/1 1624/32/1
f 1600/19/1 1623/21/1 1626/33/1
f 1601/7/1 1625/6/1 1628/34/1
f 1602/26/1260 1627/28/1260 1620/35/1260
f 1603/36/1261 1629/37/1261 1634/38/1261
f 1604/39/1 1630/40/1 1636/41/1
f 1605/42/1 1631/43/1 1637/22/1
f 1606/44/1262 1632/45/1262 1638/25/1262
f 1607/46/1263 1633/47/1263 1635/48/1263
f 1635/48/1264 1633/47/1264 1638/49/1264
f 1633/47/1292 1606/44/1292 1638/49/1292
f 1634/38/1266 1635/48/1266 1638/49/1266 1608/50/1266
f 1638/25/1267 1632/45/1267 1637/51/1267
f 1632/45/13 1605/42/13 1637/51/13
f 1637/22/1 1631/43/1 1636/23/1
f 1631/43/1 1604/52/1 1636/23/1
f 1636/41/1268 1634/53/1268 1608/54/1268
f 1636/41/1269 1630/40/1269 1634/53/1269
f 1630/40/1270 1603/36/1270 1634/53/1270
f 1634/38/1293 1629/37/1293 1635/55/1293
f 1629/37/1272 1607/46/1272 1635/55/1272
f 1620/35/1273 1633/47/1273 1607/46/1273
f 1620/35/1274 1627/28/1274 1633/47/1274
f 1627/28/1275 1606/44/1275 1633/47/1275
f 1628/34/1 1632/45/1 1606/44/1
f 1628/34/1 1625/6/1 1632/45/1
f 1625/6/1 1605/42/1 1632/45/1
f 1626/33/1 1631/43/1 1605/42/1
f 1626/33/1 1623/21/1 1631/43/1
f 1623/21/1 1604/52/1 1631/43/1
f 1624/32/1 1630/40/1 1604/39/1
f 1624/32/1 1621/18/1 1630/40/1
f 1621/18/1276 1603/36/1276 1630/40/1276
f 1622/31/1294 1629/37/1294 1603/36/1294
f 1622/31/1278 1619/30/1278 1629/37/1278
f 1619/30/1279 1607/46/1279 1629/37/1279
f 1627/28/1280 1628/34/1280 1606/44/1280
f 1627/28/1281 1618/27/1281 1628/34/1281
f 1618/27/1 1601/7/1 1628/34/1
f 1625/6/1 1626/33/1 1605/42/1
f 1612/56/1282 1619/30/1282 1598/29/1282 1610/57/1282
f 1623/21/1 1624/58/1 1604/52/1
f 1623/21/1 1615/20/1 1624/58/1
f 1615/20/1 1599/59/1 1624/58/1
f 1621/18/1295 1622/31/1295 1603/36/1295
f 1621/18/1284 1611/17/1284 1622/31/1284
f 1611/17/1285 1598/29/1285 1622/31/1285
f 1619/30/1286 1620/35/1286 1607/46/1286
f 1619/30/1287 1612/56/1287 1620/35/1287
f 1617/5/1 1600/19/1 1626/33/1 1625/6/1
f 1613/15/1288 1618/27/1288 1602/26/1288
f 1613/15/1 1616/14/1 1618/27/1
f 1616/14/1 1601/7/1 1618/27/1
f 1616/4/1 1614/12/1 1617/5/1
f 1614/12/1 1600/19/1 1617/5/1
f 1614/10/1 1615/20/1 1600/19/1
f 1614/10/1 1609/9/1 1615/20/1
f 1609/9/1 1599/59/1 1615/20/1
f 1612/56/1289 1610/57/1289 1613/60/1289
f 1610/57/1 1597/61/1 1613/60/1
f 1609/3/1 1611/17/1 1599/16/1
f 1609/3/1 1610/2/1 1611/17/1
f 1610/2/1290 1598/29/1290 1611/17/1290
f 1612/56/1291 1613/60/1291 1602/26/1291 1620/35/1291
f 1639/1/1 1652/2/1 1651/3/1
f 1658/4/1 1659/5/1 1667/6/1 1643/7/1
f 1639/8/1 1651/9/1 1656/10/1
f 1639/11/1 1656/12/1 1658/4/1
f 1639/13/1 1658/14/1 1655/15/1
f 1641/16/1 1653/17/1 1663/18/1
f 1642/19/1 1657/20/1 1665/21/1
f 1679/22/1257 1678/23/1257 1650/24/1257 1680/25/1257
f 1644/26/1296 1660/27/1296 1669/28/1296
f 1640/29/1259 1661/30/1259 1664/31/1259
f 1641/16/1 1663/18/1 1666/32/1
f 1642/19/1 1665/21/1 1668/33/1
f 1643/7/1 1667/6/1 1670/34/1
f 1644/26/1260 1669/28/1260 1662/35/1260
f 1645/36/1261 1671/37/1261 1676/38/1261
f 1646/39/1 1672/40/1 1678/41/1
f 1647/42/1 1673/43/1 1679/22/1
f 1648/44/1262 1674/45/1262 1680/25/1262
f 1649/46/1263 1675/47/1263 1677/48/1263
f 1677/48/1264 1675/47/1264 1680/49/1264
f 1675/47/1265 1648/44/1265 1680/49/1265
f 1676/38/1297 1677/48/1297 1680/49/1297 1650/50/1297
f 1680/25/1267 1674/45/1267 1679/51/1267
f 1674/45/13 1647/42/13 1679/51/13
f 1679/22/1 1673/43/1 1678/23/1
f 1673/43/1 1646/52/1 1678/23/1
f 1678/41/1268 1676/53/1268 1650/54/1268
f 1678/41/1269 1672/40/1269 1676/53/1269
f 1672/40/1270 1645/36/1270 1676/53/1270
f 1676/38/1298 1671/37/1298 1677/55/1298
f 1671/37/1272 1649/46/1272 1677/55/1272
f 1662/35/1273 1675/47/1273 1649/46/1273
f 1662/35/1274 1669/28/1274 1675/47/1274
f 1669/28/1275 1648/44/1275 1675/47/1275
f 1670/34/1 1674/45/1 1648/44/1
f 1670/34/1 1667/6/1 1674/45/1
f 1667/6/1 1647/42/1 1674/45/1
f 1668/33/1 1673/43/1 1647/42/1
f 1668/33/1 1665/21/1 1673/43/1
f 1665/21/1 1646/52/1 1673/43/1
f 1666/32/1 1672/40/1 1646/39/1
f 1666/32/1 1663/18/1 1672/40/1
f 1663/18/1276 1645/36/1276 1672/40/1276
f 1664/31/1294 1671/37/1294 1645/36/1294
f 1664/31/1278 1661/30/1278 1671/37/1278
f 1661/30/1279 1649/46/1279 1671/37/1279
f 1669/28/1280 1670/34/1280 1648/44/1280
f 1669/28/1281 1660/27/1281 1670/34/1281
f 1660/27/1 1643/7/1 1670/34/1
f 1667/6/1 1668/33/1 1647/42/1
f 1654/56/1282 1661/30/1282 1640/29/1282 1652/57/1282
f 1665/21/1 1666/58/1 1646/52/1
f 1665/21/1 1657/20/1 1666/58/1
f 1657/20/1 1641/59/1 1666/58/1
f 1663/18/1299 1664/31/1299 1645/36/1299
f 1663/18/1284 1653/17/1284 1664/31/1284
f 1653/17/1285 1640/29/1285 1664/31/1285
f 1661/30/1286 1662/35/1286 1649/46/1286
f 1661/30/1287 1654/56/1287 1662/35/1287
f 1659/5/1 1642/19/1 1668/33/1 1667/6/1
f 1655/15/1288 1660/27/1288 1644/26/1288
f 1655/15/1 1658/14/1 1660/27/1
f 1658/14/1 1643/7/1 1660/27/1
f 1658/4/1 1656/12/1 1659/5/1
f 1656/12/1 1642/19/1 1659/5/1
f 1656/10/1 1657/20/1 1642/19/1
f 1656/10/1 1651/9/1 1657/20/1
f 1651/9/1 1641/59/1 1657/20/1
f 1654/56/1289 1652/57/1289 1655/60/1289
f 1652/57/1 1639/61/1 1655/60/1
f 1651/3/1 1653/17/1 1641/16/1
f 1651/3/1 1652/2/1 1653/17/1
f 1652/2/1290 1640/29/1290 1653/17/1290
f 1654/56/1291 1655/60/1291 1644/26/1291 1662/35/1291
f 1681/1/1 1694/2/1 1693/3/1
f 1700/4/1 1701/5/1 1709/6/1 1685/7/1
f 1681/8/1 1693/9/1 1698/10/1
f 1681/11/1 1698/12/1 1700/4/1
f 1681/13/1 1700/14/1 1697/15/1
f 1683/16/1 1695/17/1 1705/18/1
f 1684/19/1 1699/20/1 1707/21/1
f 1721/22/1257 1720/23/1257 1692/24/1257 1722/25/1257
f 1686/26/1258 1702/27/1258 1711/28/1258
f 1682/29/1259 1703/30/1259 1706/31/1259
f 1683/16/1 1705/18/1 1708/32/1
f 1684/19/1 1707/21/1 1710/33/1
f 1685/7/1 1709/6/1 1712/34/1
f 1686/26/1260 1711/28/1260 1704/35/1260
f 1687/36/1261 1713/37/1261 1718/38/1261
f 1688/39/1 1714/40/1 1720/41/1
f 1689/42/1 1715/43/1 1721/22/1
f 1690/44/1262 1716/45/1262 1722/25/1262
f 1691/46/1263 1717/47/1263 1719/48/1263
f 1719/48/1264 1717/47/1264 1722/49/1264
f 1717/47/1265 1690/44/1265 1722/49/1265
f 1718/38/1266 1719/48/1266 1722/49/1266 1692/50/1266
f 1722/25/1267 1716/45/1267 1721/51/1267
f 1716/45/13 1689/42/13 1721/51/13
f 1721/22/1 1715/43/1 1720/23/1
f 1715/43/1 1688/52/1 1720/23/1
f 1720/41/1268 1718/53/1268 1692/54/1268
f 1720/41/1269 1714/40/1269 1718/53/1269
f 1714/40/1270 1687/36/1270 1718/53/1270
f 1718/38/1271 1713/37/1271 1719/55/1271
f 1713/37/1272 1691/46/1272 1719/55/1272
f 1704/35/1273 1717/47/1273 1691/46/1273
f 1704/35/1274 1711/28/1274 1717/47/1274
f 1711/28/1275 1690/44/1275 1717/47/1275
f 1712/34/1 1716/45/1 1690/44/1
f 1712/34/1 1709/6/1 1716/45/1
f 1709/6/1 1689/42/1 1716/45/1
f 1710/33/1 1715/43/1 1689/42/1
f 1710/33/1 1707/21/1 1715/43/1
f 1707/21/1 1688/52/1 1715/43/1
f 1708/32/1 1714/40/1 1688/39/1
f 1708/32/1 1705/18/1 1714/40/1
f 1705/18/1276 1687/36/1276 1714/40/1276
f 1706/31/1277 1713/37/1277 1687/36/1277
f 1706/31/1278 1703/30/1278 1713/37/1278
f 1703/30/1279 1691/46/1279 1713/37/1279
f 1711/28/1280 1712/34/1280 1690/44/1280
f 1711/28/1281 1702/27/1281 1712/34/1281
f 1702/27/1 1685/7/1 1712/34/1
f 1709/6/1 1710/33/1 1689/42/1
f 1696/56/1282 1703/30/1282 1682/29/1282 1694/57/1282
f 1707/21/1 1708/58/1 1688/52/1
f 1707/21/1 1699/20/1 1708/58/1
f 1699/20/1 1683/59/1 1708/58/1
f 1705/18/1300 1706/31/1300 1687/36/1300
f 1705/18/1284 1695/17/1284 1706/31/1284
f 1695/17/1285 1682/29/1285 1706/31/1285
f 1703/30/1286 1704/35/1286 1691/46/1286
f 1703/30/1287 1696/56/1287 1704/35/1287
f 1701/5/1 1684/19/1 1710/33/1 1709/6/1
f 1697/15/1288 1702/27/1288 1686/26/1288
f 1697/15/1 1700/14/1 1702/27/1
f 1700/14/1 1685/7/1 1702/27/1
f 1700/4/1 1698/12/1 1701/5/1
f 1698/12/1 1684/19/1 1701/5/1
f 1698/10/1 1699/20/1 1684/19/1
f 1698/10/1 1693/9/1 1699/20/1
f 1693/9/1 1683/59/1 1699/20/1
f 1696/56/1289 1694/57/1289 1697/60/1289
f 1694/57/1 1681/61/1 1697/60/1
f 1693/3/1 1695/17/1 1683/16/1
f 1693/3/1 1694/2/1 1695/17/1
f 1694/2/1290 1682/29/1290 1695/17/1290
f 1696/56/1291 1697/60/1291 1686/26/1291 1704/35/1291
f 1723/1/1 1736/2/1 1735/3/1
f 1742/4/1 1743/5/1 1751/6/1 1727/7/1
f 1723/8/1 1735/9/1 1740/10/1
f 1723/11/1 1740/12/1 1742/4/1
f 1723/13/1 1742/14/1 1739/15/1
f 1725/16/1 1737/17/1 1747/18/1
f 1726/19/1 1741/20/1 1749/21/1
f 1763/22/1257 1762/23/1257 1734/24/1257 1764/25/1257
f 1728/26/1258 1744/27/1258 1753/28/1258
f 1724/29/1259 1745/30/1259 1748/31/1259
f 1725/16/1 1747/18/1 1750/32/1
f 1726/19/1 1749/21/1 1752/33/1
f 1727/7/1 1751/6/1 1754/34/1
f 1728/26/1260 1753/28/1260 1746/35/1260
f 1729/36/1261 1755/37/1261 1760/38/1261
f 1730/39/1 1756/40/1 1762/41/1
f 1731/42/1 1757/43/1 1763/22/1
f 1732/44/1262 1758/45/1262 1764/25/1262
f 1733/46/1263 1759/47/1263 1761/48/1263
f 1761/48/1264 1759/47/1264 1764/49/1264
f 1759/47/1265 1732/44/1265 1764/49/1265
f 1760/38/1297 1761/48/1297 1764/49/1297 1734/50/1297
f 1764/25/1267 1758/45/1267 1763/51/1267
f 1758/45/13 1731/42/13 1763/51/13
f 1763/22/1 1757/43/1 1762/23/1
f 1757/43/1 1730/52/1 1762/23/1
f 1762/41/1268 1760/53/1268 1734/54/1268
f 1762/41/1269 1756/40/1269 1760/53/1269
f 1756/40/1270 1729/36/1270 1760/53/1270
f 1760/38/1293 1755/37/1293 1761/55/1293
f 1755/37/1272 1733/46/1272 1761/55/1272
f 1746/35/1273 1759/47/1273 1733/46/1273
f 1746/35/1274 1753/28/1274 1759/47/1274
f 1753/28/1301 1732/44/1301 1759/47/1301
f 1754/34/1 1758/45/1 1732/44/1
f 1754/34/1 1751/6/1 1758/45/1
f 1751/6/1 1731/42/1 1758/45/1
f 1752/33/1 1757/43/1 1731/42/1
f 1752/33/1 1749/21/1 1757/43/1
f 1749/21/1 1730/52/1 1757/43/1
f 1750/32/1 1756/40/1 1730/39/1
f 1750/32/1 1747/18/1 1756/40/1
f 1747/18/1276 1729/36/1276 1756/40/1276
f 1748/31/1277 1755/37/1277 1729/36/1277
f 1748/31/1278 1745/30/1278 1755/37/1278
f 1745/30/1279 1733/46/1279 1755/37/1279
f 1753/28/1280 1754/34/1280 1732/44/1280
f 1753/28/1281 1744/27/1281 1754/34/1281
f 1744/27/1 1727/7/1 1754/34/1
f 1751/6/1 1752/33/1 1731/42/1
f 1738/56/1282 1745/30/1282 1724/29/1282 1736/57/1282
f 1749/21/1 1750/58/1 1730/52/1
f 1749/21/1 1741/20/1 1750/58/1
f 1741/20/1 1725/59/1 1750/58/1
f 1747/18/1302 1748/31/1302 1729/36/1302
f 1747/18/1284 1737/17/1284 1748/31/1284
f 1737/17/1285 1724/29/1285 1748/31/1285
f 1745/30/1286 1746/35/1286 1733/46/1286
f 1745/30/1287 1738/56/1287 1746/35/1287
f 1743/5/1 1726/19/1 1752/33/1 1751/6/1
f 1739/15/1288 1744/27/1288 1728/26/1288
f 1739/15/1 1742/14/1 1744/27/1
f 1742/14/1 1727/7/1 1744/27/1
f 1742/4/1 1740/12/1 1743/5/1
f 1740/12/1 1726/19/1 1743/5/1
f 1740/10/1 1741/20/1 1726/19/1
f 1740/10/1 1735/9/1 1741/20/1
f 1735/9/1 1725/59/1 1741/20/1
f 1738/56/1289 1736/57/1289 1739/60/1289
f 1736/57/1 1723/61/1 1739/60/1
f 1735/3/1 1737/17/1 1725/16/1
f 1735/3/1 1736/2/1 1737/17/1
f 1736/2/1290 1724/29/1290 1737/17/1290
f 1738/56/1291 1739/60/1291 1728/26/1291 1746/35/1291
f 1765/1/1 1778/2/1 1777/3/1
f 1784/4/1 1785/5/1 1793/6/1 1769/7/1
f 1765/8/1 1777/9/1 1782/10/1
f 1765/11/1 1782/12/1 1784/4/1
f 1765/13/1 1784/14/1 1781/15/1
f 1767/16/1 1779/17/1 1789/18/1
f 1768/19/1 1783/20/1 1791/21/1
f 1805/22/1257 1804/23/1257 1776/24/1257 1806/25/1257
f 1770/26/1296 1786/27/1296 1795/28/1296
f 1766/29/1259 1787/30/1259 1790/31/1259
f 1767/16/1 1789/18/1 1792/32/1
f 1768/19/1 1791/21/1 1794/33/1
f 1769/7/1 1793/6/1 1796/34/1
f 1770/26/1260 1795/28/1260 1788/35/1260
f 1771/36/1261 1797/37/1261 1802/38/1261
f 1772/39/1 1798/40/1 1804/41/1
f 1773/42/1 1799/43/1 1805/22/1
f 1774/44/1262 1800/45/1262 1806/25/1262
f 1775/46/1263 1801/47/1263 1803/48/1263
f 1803/48/1264 1801/47/1264 1806/49/1264
f 1801/47/1265 1774/44/1265 1806/49/1265
f 1802/38/1266 1803/48/1266 1806/49/1266 1776/50/1266
f 1806/25/1267 1800/45/1267 1805/51/1267
f 1800/45/13 1773/42/13 1805/51/13
f 1805/22/1 1799/43/1 1804/23/1
f 1799/43/1 1772/52/1 1804/23/1
f 1804/41/1268 1802/53/1268 1776/54/1268
f 1804/41/1303 1798/40/1303 1802/53/1303
f 1798/40/1270 1771/36/1270 1802/53/1270
f 1802/38/1271 1797/37/1271 1803/55/1271
f 1797/37/1272 1775/46/1272 1803/55/1272
f 1788/35/1273 1801/47/1273 1775/46/1273
f 1788/35/1274 1795/28/1274 1801/47/1274
f 1795/28/1275 1774/44/1275 1801/47/1275
f 1796/34/1 1800/45/1 1774/44/1
f 1796/34/1 1793/6/1 1800/45/1
f 1793/6/1 1773/42/1 1800/45/1
f 1794/33/1 1799/43/1 1773/42/1
f 1794/33/1 1791/21/1 1799/43/1
f 1791/21/1 1772/52/1 1799/43/1
f 1792/32/1 1798/40/1 1772/39/1
f 1792/32/1 1789/18/1 1798/40/1
f 1789/18/1276 1771/36/1276 1798/40/1276
f 1790/31/1277 1797/37/1277 1771/36/1277
f 1790/31/1278 1787/30/1278 1797/37/1278
f 1787/30/1279 1775/46/1279 1797/37/1279
f 1795/28/1280 1796/34/1280 1774/44/1280
f 1795/28/1304 1786/27/1304 1796/34/1304
f 1786/27/1 1769/7/1 1796/34/1
f 1793/6/1 1794/33/1 1773/42/1
f 1780/56/1282 1787/30/1282 1766/29/1282 1778/57/1282
f 1791/21/1 1792/58/1 1772/52/1
f 1791/21/1 1783/20/1 1792/58/1
f 1783/20/1 1767/59/1 1792/58/1
f 1789/18/1305 1790/31/1305 1771/36/1305
f 1789/18/1284 1779/17/1284 1790/31/1284
f 1779/17/1285 1766/29/1285 1790/31/1285
f 1787/30/1286 1788/35/1286 1775/46/1286
f 1787/30/1287 1780/56/1287 1788/35/1287
f 1785/5/1 1768/19/1 1794/33/1 1793/6/1
f 1781/15/1288 1786/27/1288 1770/26/1288
f 1781/15/1 1784/14/1 1786/27/1
f 1784/14/1 1769/7/1 1786/27/1
f 1784/4/1 1782/12/1 1785/5/1
f 1782/12/1 1768/19/1 1785/5/1
f 1782/10/1 1783/20/1 1768/19/1
f 1782/10/1 1777/9/1 1783/20/1
f 1777/9/1 1767/59/1 1783/20/1
f 1780/56/1289 1778/57/1289 1781/60/1289
f 1778/57/1 1765/61/1 1781/60/1
f 1777/3/1 1779/17/1 1767/16/1
f 1777/3/1 1778/2/1 1779/17/1
f 1778/2/1290 1766/29/1290 1779/17/1290
f 1780/56/1291 1781/60/1291 1770/26/1291 1788/35/1291
f 1807/1/1 1820/2/1 1819/3/1
f 1826/4/1 1827/5/1 1835/6/1 1811/7/1
f 1807/8/1 1819/9/1 1824/10/1
f 1807/11/1 1824/12/1 1826/4/1
f 1807/13/1 1826/14/1 1823/15/1
f 1809/16/1 1821/17/1 1831/18/1
f 1810/19/1 1825/20/1 1833/21/1
f 1847/22/1257 1846/23/1257 1818/24/1257 1848/25/1257
f 1812/26/1258 1828/27/1258 1837/28/1258
f 1808/29/1259 1829/30/1259 1832/31/1259
f 1809/16/1 1831/18/1 1834/32/1
f 1810/19/1 1833/21/1 1836/33/1
f 1811/7/1 1835/6/1 1838/34/1
f 1812/26/1306 1837/28/1306 1830/35/1306
f 1813/36/1261 1839/37/1261 1844/38/1261
f 1814/39/1 1840/40/1 1846/41/1
f 1815/42/1 1841/43/1 1847/22/1
f 1816/44/1307 1842/45/1307 1848/25/1307
f 1817/46/1263 1843/47/1263 1845/48/1263
f 1845/48/1264 1843/47/1264 1848/49/1264
f 1843/47/1265 1816/44/1265 1848/49/1265
f 1844/38/1266 1845/48/1266 1848/49/1266 1818/50/1266
f 1848/25/1267 1842/45/1267 1847/51/1267
f 1842/45/13 1815/42/13 1847/51/13
f 1847/22/1 1841/43/1 1846/23/1
f 1841/43/1 1814/52/1 1846/23/1
f 1846/41/1268 1844/53/1268 1818/54/1268
f 1846/41/1303 1840/40/1303 1844/53/1303
f 1840/40/1270 1813/36/1270 1844/53/1270
f 1844/38/1271 1839/37/1271 1845/55/1271
f 1839/37/1272 1817/46/1272 1845/55/1272
f 1830/35/1273 1843/47/1273 1817/46/1273
f 1830/35/1274 1837/28/1274 1843/47/1274
f 1837/28/1301 1816/44/1301 1843/47/1301
f 1838/34/1 1842/45/1 1816/44/1
f 1838/34/1 1835/6/1 1842/45/1
f 1835/6/1 1815/42/1 1842/45/1
f 1836/33/1 1841/43/1 1815/42/1
f 1836/33/1 1833/21/1 1841/43/1
f 1833/21/1 1814/52/1 1841/43/1
f 1834/32/1 1840/40/1 1814/39/1
f 1834/32/1 1831/18/1 1840/40/1
f 1831/18/1276 1813/36/1276 1840/40/1276
f 1832/31/1294 1839/37/1294 1813/36/1294
f 1832/31/1278 1829/30/1278 1839/37/1278
f 1829/30/1279 1817/46/1279 1839/37/1279
f 1837/28/1280 1838/34/1280 1816/44/1280
f 1837/28/1281 1828/27/1281 1838/34/1281
f 1828/27/1 1811/7/1 1838/34/1
f 1835/6/1 1836/33/1 1815/42/1
f 1822/56/1308 1829/30/1308 1808/29/1308 1820/57/1308
f 1833/21/1 1834/58/1 1814/52/1
f 1833/21/1 1825/20/1 1834/58/1
f 1825/20/1 1809/59/1 1834/58/1
f 1831/18/1309 1832/31/1309 1813/36/1309
f 1831/18/1284 1821/17/1284 1832/31/1284
f 1821/17/1285 1808/29/1285 1832/31/1285
f 1829/30/1286 1830/35/1286 1817/46/1286
f 1829/30/1310 1822/56/1310 1830/35/1310
f 1827/5/1 1810/19/1 1836/33/1 1835/6/1
f 1823/15/1288 1828/27/1288 1812/26/1288
f 1823/15/1 1826/14/1 1828/27/1
f 1826/14/1 1811/7/1 1828/27/1
f 1826/4/1 1824/12/1 1827/5/1
f 1824/12/1 1810/19/1 1827/5/1
f 1824/10/1 1825/20/1 1810/19/1
f 1824/10/1 1819/9/1 1825/20/1
f 1819/9/1 1809/59/1 1825/20/1
f 1822/56/1289 1820/57/1289 1823/60/1289
f 1820/57/1 1807/61/1 1823/60/1
f 1819/3/1 1821/17/1 1809/16/1
f 1819/3/1 1820/2/1 1821/17/1
f 1820/2/1290 1808/29/1290 1821/17/1290
f 1822/56/1291 1823/60/1291 1812/26/1291 1830/35/1291
f 1849/1/1 1862/2/1 1861/3/1
f 1868/4/1 1869/5/1 1877/6/1 1853/7/1
f 1849/8/1 1861/9/1 1866/10/1
f 1849/11/1 1866/12/1 1868/4/1
f 1849/13/1 1868/14/1 1865/15/1
f 1851/16/1 1863/17/1 1873/18/1
f 1852/19/1 1867/20/1 1875/21/1
f 1889/22/1257 1888/23/1257 1860/24/1257 1890/25/1257
f 1854/26/1258 1870/27/1258 1879/28/1258
f 1850/29/1259 1871/30/1259 1874/31/1259
f 1851/16/1 1873/18/1 1876/32/1
f 1852/19/1 1875/21/1 1878/33/1
f 1853/7/1 1877/6/1 1880/34/1
f 1854/26/1260 1879/28/1260 1872/35/1260
f 1855/36/1261 1881/37/1261 1886/38/1261
f 1856/39/1 1882/40/1 1888/41/1
f 1857/42/1 1883/43/1 1889/22/1
f 1858/44/1262 1884/45/1262 1890/25/1262
f 1859/46/1263 1885/47/1263 1887/48/1263
f 1887/48/1311 1885/47/1311 1890/49/1311
f 1885/47/1265 1858/44/1265 1890/49/1265
f 1886/38/1266 1887/48/1266 1890/49/1266 1860/50/1266
f 1890/25/1267 1884/45/1267 1889/51/1267
f 1884/45/13 1857/42/13 1889/51/13
f 1889/22/1 1883/43/1 1888/23/1
f 1883/43/1 1856/52/1 1888/23/1
f 1888/41/1268 1886/53/1268 1860/54/1268
f 1888/41/1303 1882/40/1303 1886/53/1303
f 1882/40/1270 1855/36/1270 1886/53/1270
f 1886/38/1298 1881/37/1298 1887/55/1298
f 1881/37/1272 1859/46/1272 1887/55/1272
f 1872/35/1273 1885/47/1273 1859/46/1273
f 1872/35/1274 1879/28/1274 1885/47/1274
f 1879/28/1275 1858/44/1275 1885/47/1275
f 1880/34/1 1884/45/1 1858/44/1
f 1880/34/1 1877/6/1 1884/45/1
f 1877/6/1 1857/42/1 1884/45/1
f 1878/33/1 1883/43/1 1857/42/1
f 1878/33/1 1875/21/1 1883/43/1
f 1875/21/1 1856/52/1 1883/43/1
f 1876/32/1 1882/40/1 1856/39/1
f 1876/32/1 1873/18/1 1882/40/1
f 1873/18/1276 1855/36/1276 1882/40/1276
f 1874/31/1294 1881/37/1294 1855/36/1294
f 1874/31/1278 1871/30/1278 1881/37/1278
f 1871/30/1279 1859/46/1279 1881/37/1279
f 1879/28/1280 1880/34/1280 1858/44/1280
f 1879/28/1281 1870/27/1281 1880/34/1281
f 1870/27/1 1853/7/1 1880/34/1
f 1877/6/1 1878/33/1 1857/42/1
f 1864/56/1282 1871/30/1282 1850/29/1282 1862/57/1282
f 1875/21/1 1876/58/1 1856/52/1
f 1875/21/1 1867/20/1 1876/58/1
f 1867/20/1 1851/59/1 1876/58/1
f 1873/18/1312 1874/31/1312 1855/36/1312
f 1873/18/1284 1863/17/1284 1874/31/1284
f 1863/17/1285 1850/29/1285 1874/31/1285
f 1871/30/1286 1872/35/1286 1859/46/1286
f 1871/30/1287 1864/56/1287 1872/35/1287
f 1869/5/1 1852/19/1 1878/33/1 1877/6/1
f 1865/15/1288 1870/27/1288 1854/26/1288
f 1865/15/1 1868/14/1 1870/27/1
f 1868/14/1 1853/7/1 1870/27/1
f 1868/4/1 1866/12/1 1869/5/1
f 1866/12/1 1852/19/1 1869/5/1
f 1866/10/1 1867/20/1 1852/19/1
f 1866/10/1 1861/9/1 1867/20/1
f 1861/9/1 1851/59/1 1867/20/1
f 1864/56/1289 1862/57/1289 1865/60/1289
f 1862/57/1 1849/61/1 1865/60/1
f 1861/3/1 1863/17/1 1851/16/1
f 1861/3/1 1862/2/1 1863/17/1
f 1862/2/1290 1850/29/1290 1863/17/1290
f 1864/56/1291 1865/60/1291 1854/26/1291 1872/35/1291
f 1891/1/1 1904/2/1 1903/3/1
f 1910/4/1 1911/5/1 1919/6/1 1895/7/1
f 1891/8/1 1903/9/1 1908/10/1
f 1891/11/1 1908/12/1 1910/4/1
f 1891/13/1 1910/14/1 1907/15/1
f 1893/16/1 1905/17/1 1915/18/1
f 1894/19/1 1909/20/1 1917/21/1
f 1931/22/1257 1930/23/1257 1902/24/1257 1932/25/1257
f 1896/26/1258 1912/27/1258 1921/28/1258
f 1892/29/1259 1913/30/1259 1916/31/1259
f 1893/16/1 1915/18/1 1918/32/1
f 1894/19/1 1917/21/1 1920/33/1
f 1895/7/1 1919/6/1 1922/34/1
f 1896/26/1260 1921/28/1260 1914/35/1260
f 1897/36/1261 1923/37/1261 1928/38/1261
f 1898/39/1 1924/40/1 1930/41/1
f 1899/42/1 1925/43/1 1931/22/1
f 1900/44/1262 1926/45/1262 1932/25/1262
f 1901/46/1263 1927/47/1263 1929/48/1263
f 1929/48/1311 1927/47/1311 1932/49/1311
f 1927/47/1265 1900/44/1265 1932/49/1265
f 1928/38/1297 1929/48/1297 1932/49/1297 1902/50/1297
f 1932/25/1267 1926/45/1267 1931/51/1267
f 1926/45/13 1899/42/13 1931/51/13
f 1931/22/1 1925/43/1 1930/23/1
f 1925/43/1 1898/52/1 1930/23/1
f 1930/41/1313 1928/53/1313 1902/54/1313
f 1930/41/1269 1924/40/1269 1928/53/1269
f 1924/40/1270 1897/36/1270 1928/53/1270
f 1928/38/1298 1923/37/1298 1929/55/1298
f 1923/37/1272 1901/46/1272 1929/55/1272
f 1914/35/1273 1927/47/1273 1901/46/1273
f 1914/35/1274 1921/28/1274 1927/47/1274
f 1921/28/1275 1900/44/1275 1927/47/1275
f 1922/34/1 1926/45/1 1900/44/1
f 1922/34/1 1919/6/1 1926/45/1
f 1919/6/1 1899/42/1 1926/45/1
f 1920/33/1 1925/43/1 1899/42/1
f 1920/33/1 1917/21/1 1925/43/1
f 1917/21/1 1898/52/1 1925/43/1
f 1918/32/1 1924/40/1 1898/39/1
f 1918/32/1 1915/18/1 1924/40/1
f 1915/18/1276 1897/36/1276 1924/40/1276
f 1916/31/1277 1923/37/1277 1897/36/1277
f 1916/31/1278 1913/30/1278 1923/37/1278
f 1913/30/1279 1901/46/1279 1923/37/1279
f 1921/28/1280 1922/34/1280 1900/44/1280
f 1921/28/1281 1912/27/1281 1922/34/1281
f 1912/27/1 1895/7/1 1922/34/1
f 1919/6/1 1920/33/1 1899/42/1
f 1906/56/1282 1913/30/1282 1892/29/1282 1904/57/1282
f 1917/21/1 1918/58/1 1898/52/1
f 1917/21/1 1909/20/1 1918/58/1
f 1909/20/1 1893/59/1 1918/58/1
f 1915/18/1302 1916/31/1302 1897/36/1302
f 1915/18/1284 1905/17/1284 1916/31/1284
f 1905/17/1285 1892/29/1285 1916/31/1285
f 1913/30/1286 1914/35/1286 1901/46/1286
f 1913/30/1287 1906/56/1287 1914/35/1287
f 1911/5/1 1894/19/1 1920/33/1 1919/6/1
f 1907/15/1288 1912/27/1288 1896/26/1288
f 1907/15/1 1910/14/1 1912/27/1
f 1910/14/1 1895/7/1 1912/27/1
f 1910/4/1 1908/12/1 1911/5/1
f 1908/12/1 1894/19/1 1911/5/1
f 1908/10/1 1909/20/1 1894/19/1
f 1908/10/1 1903/9/1 1909/20/1
f 1903/9/1 1893/59/1 1909/20/1
f 1906/56/1289 1904/57/1289 1907/60/1289
f 1904/57/1 1891/61/1 1907/60/1
f 1903/3/1 1905/17/1 1893/16/1
f 1903/3/1 1904/2/1 1905/17/1
f 1904/2/1290 1892/29/1290 1905/17/1290
f 1906/56/1291 1907/60/1291 1896/26/1291 1914/35/1291
f 1933/1/1 1946/2/1 1945/3/1
f 1952/4/1 1953/5/1 1961/6/1 1937/7/1
f 1933/8/1 1945/9/1 1950/10/1
f 1933/11/1 1950/12/1 1952/4/1
f 1933/13/1 1952/14/1 1949/15/1
f 1935/16/1 1947/17/1 1957/18/1
f 1936/19/1 1951/20/1 1959/21/1
f 1973/22/1257 1972/23/1257 1944/24/1257 1974/25/1257
f 1938/26/1258 1954/27/1258 1963/28/1258
f 1934/29/1259 1955/30/1259 1958/31/1259
f 1935/16/1 1957/18/1 1960/32/1
f 1936/19/1 1959/21/1 1962/33/1
f 1937/7/1 1961/6/1 1964/34/1
f 1938/26/1306 1963/28/1306 1956/35/1306
f 1939/36/1261 1965/37/1261 1970/38/1261
f 1940/39/1 1966/40/1 1972/41/1
f 1941/42/1 1967/43/1 1973/22/1
f 1942/44/1262 1968/45/1262 1974/25/1262
f 1943/46/1263 1969/47/1263 1971/48/1263
f 1971/48/1264 1969/47/1264 1974/49/1264
f 1969/47/1265 1942/44/1265 1974/49/1265
f 1970/38/1266 1971/48/1266 1974/49/1266 1944/50/1266
f 1974/25/1267 1968/45/1267 1973/51/1267
f 1968/45/13 1941/42/13 1973/51/13
f 1973/22/1 1967/43/1 1972/23/1
f 1967/43/1 1940/52/1 1972/23/1
f 1972/41/1268 1970/53/1268 1944/54/1268
f 1972/41/1269 1966/40/1269 1970/53/1269
f 1966/40/1270 1939/36/1270 1970/53/1270
f 1970/38/1271 1965/37/1271 1971/55/1271
f 1965/37/1272 1943/46/1272 1971/55/1272
f 1956/35/1273 1969/47/1273 1943/46/1273
f 1956/35/1274 1963/28/1274 1969/47/1274
f 1963/28/1275 1942/44/1275 1969/47/1275
f 1964/34/1 1968/45/1 1942/44/1
f 1964/34/1 1961/6/1 1968/45/1
f 1961/6/1 1941/42/1 1968/45/1
f 1962/33/1 1967/43/1 1941/42/1
f 1962/33/1 1959/21/1 1967/43/1
f 1959/21/1 1940/52/1 1967/43/1
f 1960/32/1 1966/40/1 1940/39/1
f 1960/32/1 1957/18/1 1966/40/1
f 1957/18/1276 1939/36/1276 1966/40/1276
f 1958/31/1294 1965/37/1294 1939/36/1294
f 1958/31/1278 1955/30/1278 1965/37/1278
f 1955/30/1279 1943/46/1279 1965/37/1279
f 1963/28/1280 1964/34/1280 1942/44/1280
f 1963/28/1281 1954/27/1281 1964/34/1281
f 1954/27/1 1937/7/1 1964/34/1
f 1961/6/1 1962/33/1 1941/42/1
f 1948/56/1282 1955/30/1282 1934/29/1282 1946/57/1282
f 1959/21/1 1960/58/1 1940/52/1
f 1959/21/1 1951/20/1 1960/58/1
f 1951/20/1 1935/59/1 1960/58/1
f 1957/18/1300 1958/31/1300 1939/36/1300
f 1957/18/1284 1947/17/1284 1958/31/1284
f 1947/17/1314 1934/29/1314 1958/31/1314
f 1955/30/1286 1956/35/1286 1943/46/1286
f 1955/30/1287 1948/56/1287 1956/35/1287
f 1953/5/1 1936/19/1 1962/33/1 1961/6/1
f 1949/15/1288 1954/27/1288 1938/26/1288
f 1949/15/1 1952/14/1 1954/27/1
f 1952/14/1 1937/7/1 1954/27/1
f 1952/4/1 1950/12/1 1953/5/1
f 1950/12/1 1936/19/1 1953/5/1
f 1950/10/1 1951/20/1 1936/19/1
f 1950/10/1 1945/9/1 1951/20/1
f 1945/9/1 1935/59/1 1951/20/1
f 1948/56/1289 1946/57/1289 1949/60/1289
f 1946/57/1 1933/61/1 1949/60/1
f 1945/3/1 1947/17/1 1935/16/1
f 1945/3/1 1946/2/1 1947/17/1
f 1946/2/1290 1934/29/1290 1947/17/1290
f 1948/56/1291 1949/60/1291 1938/26/1291 1956/35/1291
f 1975/1/1 1988/2/1 1987/3/1
f 1994/4/1 1995/5/1 2003/6/1 1979/7/1
f 1975/8/1 1987/9/1 1992/10/1
f 1975/11/1 1992/12/1 1994/4/1
f 1975/13/1 1994/14/1 1991/15/1
f 1977/16/1 1989/17/1 1999/18/1
f 1978/19/1 1993/20/1 2001/21/1
f 2015/22/1257 2014/23/1257 1986/24/1257 2016/25/1257
f 1980/26/1258 1996/27/1258 2005/28/1258
f 1976/29/1259 1997/30/1259 2000/31/1259
f 1977/16/1 1999/18/1 2002/32/1
f 1978/19/1 2001/21/1 2004/33/1
f 1979/7/1 2003/6/1 2006/34/1
f 1980/26/1260 2005/28/1260 1998/35/1260
f 1981/36/1261 2007/37/1261 2012/38/1261
f 1982/39/1 2008/40/1 2014/41/1
f 1983/42/1 2009/43/1 2015/22/1
f 1984/44/1262 2010/45/1262 2016/25/1262
f 1985/46/1263 2011/47/1263 2013/48/1263
f 2013/48/1264 2011/47/1264 2016/49/1264
f 2011/47/1265 1984/44/1265 2016/49/1265
f 2012/38/1266 2013/48/1266 2016/49/1266 1986/50/1266
f 2016/25/1267 2010/45/1267 2015/51/1267
f 2010/45/13 1983/42/13 2015/51/13
f 2015/22/1 2009/43/1 2014/23/1
f 2009/43/1 1982/52/1 2014/23/1
f 2014/41/1268 2012/53/1268 1986/54/1268
f 2014/41/1303 2008/40/1303 2012/53/1303
f 2008/40/1270 1981/36/1270 2012/53/1270
f 2012/38/1315 2007/37/1315 2013/55/1315
f 2007/37/1272 1985/46/1272 2013/55/1272
f 1998/35/1273 2011/47/1273 1985/46/1273
f 1998/35/1274 2005/28/1274 2011/47/1274
f 2005/28/1275 1984/44/1275 2011/47/1275
f 2006/34/1 2010/45/1 1984/44/1
f 2006/34/1 2003/6/1 2010/45/1
f 2003/6/1 1983/42/1 2010/45/1
f 2004/33/1 2009/43/1 1983/42/1
f 2004/33/1 2001/21/1 2009/43/1
f 2001/21/1 1982/52/1 2009/43/1
f 2002/32/1 2008/40/1 1982/39/1
f 2002/32/1 1999/18/1 2008/40/1
f 1999/18/1276 1981/36/1276 2008/40/1276
f 2000/31/1294 2007/37/1294 1981/36/1294
f 2000/31/1278 1997/30/1278 2007/37/1278
f 1997/30/1279 1985/46/1279 2007/37/1279
f 2005/28/1280 2006/34/1280 1984/44/1280
f 2005/28/1281 1996/27/1281 2006/34/1281
f 1996/27/1 1979/7/1 2006/34/1
f 2003/6/1 2004/33/1 1983/42/1
f 1990/56/1282 1997/30/1282 1976/29/1282 1988/57/1282
f 2001/21/1 2002/58/1 1982/52/1
f 2001/21/1 1993/20/1 2002/58/1
f 1993/20/1 1977/59/1 2002/58/1
f 1999/18/1312 2000/31/1312 1981/36/1312
f 1999/18/1316 1989/17/1316 2000/31/1316
f 1989/17/1285 1976/29/1285 2000/31/1285
f 1997/30/1286 1998/35/1286 1985/46/1286
f 1997/30/1287 1990/56/1287 1998/35/1287
f 1995/5/1 1978/19/1 2004/33/1 2003/6/1
f 1991/15/1288 1996/27/1288 1980/26/1288
f 1991/15/1 1994/14/1 1996/27/1
f 1994/14/1 1979/7/1 1996/27/1
f 1994/4/1 1992/12/1 1995/5/1
f 1992/12/1 1978/19/1 1995/5/1
f 1992/10/1 1993/20/1 1978/19/1
f 1992/10/1 1987/9/1 1993/20/1
f 1987/9/1 1977/59/1 1993/20/1
f 1990/56/1289 1988/57/1289 1991/60/1289
f 1988/57/1 1975/61/1 1991/60/1
f 1987/3/1 1989/17/1 1977/16/1
f 1987/3/1 1988/2/1 1989/17/1
f 1988/2/1290 1976/29/1290 1989/17/1290
f 1990/56/1291 1991/60/1291 1980/26/1291 1998/35/1291
f 2017/1/1 2030/2/1 2029/3/1
f 2036/4/1 2037/5/1 2045/6/1 2021/7/1
f 2017/8/1 2029/9/1 2034/10/1
f 2017/11/1 2034/12/1 2036/4/1
f 2017/13/1 2036/14/1 2033/15/1
f 2019/16/1 2031/17/1 2041/18/1
f 2020/19/1 2035/20/1 2043/21/1
f 2057/22/2 2056/23/2 2028/24/2 2058/25/2
f 2022/26/3 2038/27/3 2047/28/3
f 2018/29/4 2039/30/4 2042/31/4
f 2019/16/1 2041/18/1 2044/32/1
f 2020/19/1 2043/21/1 2046/33/1
f 2021/7/1 2045/6/1 2048/34/1
f 2022/26/5 2047/28/5 2040/35/5
f 2023/36/6 2049/37/6 2054/38/6
f 2024/39/1 2050/40/1 2056/41/1
f 2025/42/1 2051/43/1 2057/22/1
f 2026/44/7 2052/45/7 2058/25/7
f 2027/46/8 2053/47/8 2055/48/8
f 2055/48/9 2053/47/9 2058/49/9
f 2053/47/1317 2026/44/1317 2058/49/1317
f 2054/38/11 2055/48/11 2058/49/11 2028/50/11
f 2058/25/12 2052/45/12 2057/51/12
f 2052/45/13 2025/42/13 2057/51/13
f 2057/22/1 2051/43/1 2056/23/1
f 2051/43/1 2024/52/1 2056/23/1
f 2056/41/14 2054/53/14 2028/54/14
f 2056/41/15 2050/40/15 2054/53/15
f 2050/40/16 2023/36/16 2054/53/16
f 2054/38/17 2049/37/17 2055/55/17
f 2049/37/18 2027/46/18 2055/55/18
f 2040/35/19 2053/47/19 2027/46/19
f 2040/35/1318 2047/28/1318 2053/47/1318
f 2047/28/21 2026/44/21 2053/47/21
f 2048/34/1 2052/45/1 2026/44/1
f 2048/34/1 2045/6/1 2052/45/1
f 2045/6/1 2025/42/1 2052/45/1
f 2046/33/1 2051/43/1 2025/42/1
f 2046/33/1 2043/21/1 2051/43/1
f 2043/21/1 2024/52/1 2051/43/1
f 2044/32/1 2050/40/1 2024/39/1
f 2044/32/1 2041/18/1 2050/40/1
f 2041/18/22 2023/36/22 2050/40/22
f 2042/31/23 2049/37/23 2023/36/23
f 2042/31/24 2039/30/24 2049/37/24
f 2039/30/25 2027/46/25 2049/37/25
f 2047/28/1319 2048/34/1319 2026/44/1319
f 2047/28/27 2038/27/27 2048/34/27
f 2038/27/1 2021/7/1 2048/34/1
f 2045/6/1 2046/33/1 2025/42/1
f 2032/56/28 2039/30/28 2018/29/28 2030/57/28
f 2043/21/1 2044/58/1 2024/52/1
f 2043/21/1 2035/20/1 2044/58/1
f 2035/20/1 2019/59/1 2044/58/1
f 2041/18/1320 2042/31/1320 2023/36/1320
f 2041/18/30 2031/17/30 2042/31/30
f 2031/17/31 2018/29/31 2042/31/31
f 2039/30/32 2040/35/32 2027/46/32
f 2039/30/33 2032/56/33 2040/35/33
f 2037/5/1 2020/19/1 2046/33/1 2045/6/1
f 2033/15/34 2038/27/34 2022/26/34
f 2033/15/1 2036/14/1 2038/27/1
f 2036/14/1 2021/7/1 2038/27/1
f 2036/4/1 2034/12/1 2037/5/1
f 2034/12/1 2020/19/1 2037/5/1
f 2034/10/1 2035/20/1 2020/19/1
f 2034/10/1 2029/9/1 2035/20/1
f 2029/9/1 2019/59/1 2035/20/1
f 2032/56/35 2030/57/35 2033/60/35
f 2030/57/1 2017/61/1 2033/60/1
f 2029/3/1 2031/17/1 2019/16/1
f 2029/3/1 2030/2/1 2031/17/1
f 2030/2/36 2018/29/36 2031/17/36
f 2032/56/37 2033/60/37 2022/26/37 2040/35/37
f 2059/1/1 2072/2/1 2071/3/1
f 2078/4/1 2079/5/1 2087/6/1 2063/7/1
f 2059/8/1 2071/9/1 2076/10/1
f 2059/11/1 2076/12/1 2078/4/1
f 2059/13/1 2078/14/1 2075/15/1
f 2061/16/1 2073/17/1 2083/18/1
f 2062/19/1 2077/20/1 2085/21/1
f 2099/22/2 2098/23/2 2070/24/2 2100/25/2
f 2064/26/3 2080/27/3 2089/28/3
f 2060/29/4 2081/30/4 2084/31/4
f 2061/16/1 2083/18/1 2086/32/1
f 2062/19/1 2085/21/1 2088/33/1
f 2063/7/1 2087/6/1 2090/34/1
f 2064/26/5 2089/28/5 2082/35/5
f 2065/36/6 2091/37/6 2096/38/6
f 2066/39/1 2092/40/1 2098/41/1
f 2067/42/1 2093/43/1 2099/22/1
f 2068/44/1321 2094/45/1321 2100/25/1321
f 2069/46/8 2095/47/8 2097/48/8
f 2097/48/9 2095/47/9 2100/49/9
f 2095/47/1317 2068/44/1317 2100/49/1317
f 2096/38/11 2097/48/11 2100/49/11 2070/50/11
f 2100/25/12 2094/45/12 2099/51/12
f 2094/45/13 2067/42/13 2099/51/13
f 2099/22/1 2093/43/1 2098/23/1
f 2093/43/1 2066/52/1 2098/23/1
f 2098/41/14 2096/53/14 2070/54/14
f 2098/41/15 2092/40/15 2096/53/15
f 2092/40/16 2065/36/16 2096/53/16
f 2096/38/17 2091/37/17 2097/55/17
f 2091/37/18 2069/46/18 2097/55/18
f 2082/35/19 2095/47/19 2069/46/19
f 2082/35/1322 2089/28/1322 2095/47/1322
f 2089/28/21 2068/44/21 2095/47/21
f 2090/34/1 2094/45/1 2068/44/1
f 2090/34/1 2087/6/1 2094/45/1
f 2087/6/1 2067/42/1 2094/45/1
f 2088/33/1 2093/43/1 2067/42/1
f 2088/33/1 2085/21/1 2093/43/1
f 2085/21/1 2066/52/1 2093/43/1
f 2086/32/1 2092/40/1 2066/39/1
f 2086/32/1 2083/18/1 2092/40/1
f 2083/18/22 2065/36/22 2092/40/22
f 2084/31/23 2091/37/23 2065/36/23
f 2084/31/24 2081/30/24 2091/37/24
f 2081/30/25 2069/46/25 2091/37/25
f 2089/28/1323 2090/34/1323 2068/44/1323
f 2089/28/27 2080/27/27 2090/34/27
f 2080/27/1 2063/7/1 2090/34/1
f 2087/6/1 2088/33/1 2067/42/1
f 2074/56/28 2081/30/28 2060/29/28 2072/57/28
f 2085/21/1 2086/58/1 2066/52/1
f 2085/21/1 2077/20/1 2086/58/1
f 2077/20/1 2061/59/1 2086/58/1
f 2083/18/1324 2084/31/1324 2065/36/1324
f 2083/18/30 2073/17/30 2084/31/30
f 2073/17/1325 2060/29/1325 2084/31/1325
f 2081/30/32 2082/35/32 2069/46/32
f 2081/30/33 2074/56/33 2082/35/33
f 2079/5/1 2062/19/1 2088/33/1 2087/6/1
f 2075/15/1326 2080/27/1326 2064/26/1326
f 2075/15/1 2078/14/1 2080/27/1
f 2078/14/1 2063/7/1 2080/27/1
f 2078/4/1 2076/12/1 2079/5/1
f 2076/12/1 2062/19/1 2079/5/1
f 2076/10/1 2077/20/1 2062/19/1
f 2076/10/1 2071/9/1 2077/20/1
f 2071/9/1 2061/59/1 2077/20/1
f 2074/56/35 2072/57/35 2075/60/35
f 2072/57/1 2059/61/1 2075/60/1
f 2071/3/1 2073/17/1 2061/16/1
f 2071/3/1 2072/2/1 2073/17/1
f 2072/2/36 2060/29/36 2073/17/36
f 2074/56/37 2075/60/37 2064/26/37 2082/35/37
f 2101/1/1 2114/2/1 2113/3/1
f 2120/4/1 2121/5/1 2129/6/1 2105/7/1
f 2101/8/1 2113/9/1 2118/10/1
f 2101/11/1 2118/12/1 2120/4/1
f 2101/13/1 2120/14/1 2117/15/1
f 2103/16/1 2115/17/1 2125/18/1
f 2104/19/1 2119/20/1 2127/21/1
f 2141/22/2 2140/23/2 2112/24/2 2142/25/2
f 2106/26/3 2122/27/3 2131/28/3
f 2102/29/4 2123/30/4 2126/31/4
f 2103/16/1 2125/18/1 2128/32/1
f 2104/19/1 2127/21/1 2130/33/1
f 2105/7/1 2129/6/1 2132/34/1
f 2106/26/1327 2131/28/1327 2124/35/1327
f 2107/36/6 2133/37/6 2138/38/6
f 2108/39/1 2134/40/1 2140/41/1
f 2109/42/1 2135/43/1 2141/22/1
f 2110/44/1321 2136/45/1321 2142/25/1321
f 2111/46/8 2137/47/8 2139/48/8
f 2139/48/9 2137/47/9 2142/49/9
f 2137/47/1317 2110/44/1317 2142/49/1317
f 2138/38/11 2139/48/11 2142/49/11 2112/50/11
f 2142/25/1328 2136/45/1328 2141/51/1328
f 2136/45/13 2109/42/13 2141/51/13
f 2141/22/1 2135/43/1 2140/23/1
f 2135/43/1 2108/52/1 2140/23/1
f 2140/41/14 2138/53/14 2112/54/14
f 2140/41/15 2134/40/15 2138/53/15
f 2134/40/16 2107/36/16 2138/53/16
f 2138/38/17 2133/37/17 2139/55/17
f 2133/37/18 2111/46/18 2139/55/18
f 2124/35/19 2137/47/19 2111/46/19
f 2124/35/1322 2131/28/1322 2137/47/1322
f 2131/28/1329 2110/44/1329 2137/47/1329
f 2132/34/1 2136/45/1 2110/44/1
f 2132/34/1 2129/6/1 2136/45/1
f 2129/6/1 2109/42/1 2136/45/1
f 2130/33/1 2135/43/1 2109/42/1
f 2130/33/1 2127/21/1 2135/43/1
f 2127/21/1 2108/52/1 2135/43/1
f 2128/32/1 2134/40/1 2108/39/1
f 2128/32/1 2125/18/1 2134/40/1
f 2125/18/22 2107/36/22 2134/40/22
f 2126/31/23 2133/37/23 2107/36/23
f 2126/31/24 2123/30/24 2133/37/24
f 2123/30/25 2111/46/25 2133/37/25
f 2131/28/1319 2132/34/1319 2110/44/1319
f 2131/28/27 2122/27/27 2132/34/27
f 2122/27/1 2105/7/1 2132/34/1
f 2129/6/1 2130/33/1 2109/42/1
f 2116/56/28 2123/30/28 2102/29/28 2114/57/28
f 2127/21/1 2128/58/1 2108/52/1
f 2127/21/1 2119/20/1 2128/58/1
f 2119/20/1 2103/59/1 2128/58/1
f 2125/18/29 2126/31/29 2107/36/29
f 2125/18/30 2115/17/30 2126/31/30
f 2115/17/31 2102/29/31 2126/31/31
f 2123/30/32 2124/35/32 2111/46/32
f 2123/30/33 2116/56/33 2124/35/33
f 2121/5/1 2104/19/1 2130/33/1 2129/6/1
f 2117/15/34 2122/27/34 2106/26/34
f 2117/15/1 2120/14/1 2122/27/1
f 2120/14/1 2105/7/1 2122/27/1
f 2120/4/1 2118/12/1 2121/5/1
f 2118/12/1 2104/19/1 2121/5/1
f 2118/10/1 2119/20/1 2104/19/1
f 2118/10/1 2113/9/1 2119/20/1
f 2113/9/1 2103/59/1 2119/20/1
f 2116/56/35 2114/57/35 2117/60/35
f 2114/57/1 2101/61/1 2117/60/1
f 2113/3/1 2115/17/1 2103/16/1
f 2113/3/1 2114/2/1 2115/17/1
f 2114/2/36 2102/29/36 2115/17/36
f 2116/56/37 2117/60/37 2106/26/37 2124/35/37
f 2143/1/1 2156/2/1 2155/3/1
f 2162/4/1 2163/5/1 2171/6/1 2147/7/1
f 2143/8/1 2155/9/1 2160/10/1
f 2143/11/1 2160/12/1 2162/4/1
f 2143/13/1 2162/14/1 2159/15/1
f 2145/16/1 2157/17/1 2167/18/1
f 2146/19/1 2161/20/1 2169/21/1
f 2183/22/2 2182/23/2 2154/24/2 2184/25/2
f 2148/26/3 2164/27/3 2173/28/3
f 2144/29/4 2165/30/4 2168/31/4
f 2145/16/1 2167/18/1 2170/32/1
f 2146/19/1 2169/21/1 2172/33/1
f 2147/7/1 2171/6/1 2174/34/1
f 2148/26/5 2173/28/5 2166/35/5
f 2149/36/6 2175/37/6 2180/38/6
f 2150/39/1 2176/40/1 2182/41/1
f 2151/42/1 2177/43/1 2183/22/1
f 2152/44/7 2178/45/7 2184/25/7
f 2153/46/8 2179/47/8 2181/48/8
f 2181/48/1330 2179/47/1330 2184/49/1330
f 2179/47/10 2152/44/10 2184/49/10
f 2180/38/11 2181/48/11 2184/49/11 2154/50/11
f 2184/25/12 2178/45/12 2183/51/12
f 2178/45/13 2151/42/13 2183/51/13
f 2183/22/1 2177/43/1 2182/23/1
f 2177/43/1 2150/52/1 2182/23/1
f 2182/41/14 2180/53/14 2154/54/14
f 2182/41/15 2176/40/15 2180/53/15
f 2176/40/16 2149/36/16 2180/53/16
f 2180/38/17 2175/37/17 2181/55/17
f 2175/37/18 2153/46/18 2181/55/18
f 2166/35/19 2179/47/19 2153/46/19
f 2166/35/1331 2173/28/1331 2179/47/1331
f 2173/28/21 2152/44/21 2179/47/21
f 2174/34/1 2178/45/1 2152/44/1
f 2174/34/1 2171/6/1 2178/45/1
f 2171/6/1 2151/42/1 2178/45/1
f 2172/33/1 2177/43/1 2151/42/1
f 2172/33/1 2169/21/1 2177/43/1
f 2169/21/1 2150/52/1 2177/43/1
f 2170/32/1 2176/40/1 2150/39/1
f 2170/32/1 2167/18/1 2176/40/1
f 2167/18/22 2149/36/22 2176/40/22
f 2168/31/23 2175/37/23 2149/36/23
f 2168/31/24 2165/30/24 2175/37/24
f 2165/30/25 2153/46/25 2175/37/25
f 2173/28/1332 2174/34/1332 2152/44/1332
f 2173/28/27 2164/27/27 2174/34/27
f 2164/27/1 2147/7/1 2174/34/1
f 2171/6/1 2172/33/1 2151/42/1
f 2158/56/28 2165/30/28 2144/29/28 2156/57/28
f 2169/21/1 2170/58/1 2150/52/1
f 2169/21/1 2161/20/1 2170/58/1
f 2161/20/1 2145/59/1 2170/58/1
f 2167/18/29 2168/31/29 2149/36/29
f 2167/18/30 2157/17/30 2168/31/30
f 2157/17/31 2144/29/31 2168/31/31
f 2165/30/32 2166/35/32 2153/46/32
f 2165/30/33 2158/56/33 2166/35/33
f 2163/5/1 2146/19/1 2172/33/1 2171/6/1
f 2159/15/34 2164/27/34 2148/26/34
f 2159/15/1 2162/14/1 2164/27/1
f 2162/14/1 2147/7/1 2164/27/1
f 2162/4/1 2160/12/1 2163/5/1
f 2160/12/1 2146/19/1 2163/5/1
f 2160/10/1 2161/20/1 2146/19/1
f 2160/10/1 2155/9/1 2161/20/1
f 2155/9/1 2145/59/1 2161/20/1
f 2158/56/35 2156/57/35 2159/60/35
f 2156/57/1 2143/61/1 2159/60/1
f 2155/3/1 2157/17/1 2145/16/1
f 2155/3/1 2156/2/1 2157/17/1
f 2156/2/36 2144/29/36 2157/17/36
f 2158/56/37 2159/60/37 2148/26/37 2166/35/37
f 2185/1/1 2198/2/1 2197/3/1
f 2204/4/1 2205/5/1 2213/6/1 2189/7/1
f 2185/8/1 2197/9/1 2202/10/1
f 2185/11/1 2202/12/1 2204/4/1
f 2185/13/1 2204/14/1 2201/15/1
f 2187/16/1 2199/17/1 2209/18/1
f 2188/19/1 2203/20/1 2211/21/1
f 2225/22/2 2224/23/2 2196/24/2 2226/25/2
f 2190/26/3 2206/27/3 2215/28/3
f 2186/29/4 2207/30/4 2210/31/4
f 2187/16/1 2209/18/1 2212/32/1
f 2188/19/1 2211/21/1 2214/33/1
f 2189/7/1 2213/6/1 2216/34/1
f 2190/26/5 2215/28/5 2208/35/5
f 2191/36/6 2217/37/6 2222/38/6
f 2192/39/1 2218/40/1 2224/41/1
f 2193/42/1 2219/43/1 2225/22/1
f 2194/44/7 2220/45/7 2226/25/7
f 2195/46/8 2221/47/8 2223/48/8
f 2223/48/1330 2221/47/1330 2226/49/1330
f 2221/47/1317 2194/44/1317 2226/49/1317
f 2222/38/11 2223/48/11 2226/49/11 2196/50/11
f 2226/25/12 2220/45/12 2225/51/12
f 2220/45/13 2193/42/13 2225/51/13
f 2225/22/1 2219/43/1 2224/23/1
f 2219/43/1 2192/52/1 2224/23/1
f 2224/41/14 2222/53/14 2196/54/14
f 2224/41/15 2218/40/15 2222/53/15
f 2218/40/16 2191/36/16 2222/53/16
f 2222/38/17 2217/37/17 2223/55/17
f 2217/37/18 2195/46/18 2223/55/18
f 2208/35/19 2221/47/19 2195/46/19
f 2208/35/20 2215/28/20 2221/47/20
f 2215/28/21 2194/44/21 2221/47/21
f 2216/34/1 2220/45/1 2194/44/1
f 2216/34/1 2213/6/1 2220/45/1
f 2213/6/1 2193/42/1 2220/45/1
f 2214/33/1 2219/43/1 2193/42/1
f 2214/33/1 2211/21/1 2219/43/1
f 2211/21/1 2192/52/1 2219/43/1
f 2212/32/1 2218/40/1 2192/39/1
f 2212/32/1 2209/18/1 2218/40/1
f 2209/18/22 2191/36/22 2218/40/22
f 2210/31/23 2217/37/23 2191/36/23
f 2210/31/24 2207/30/24 2217/37/24
f 2207/30/25 2195/46/25 2217/37/25
f 2215/28/1332 2216/34/1332 2194/44/1332
f 2215/28/27 2206/27/27 2216/34/27
f 2206/27/1 2189/7/1 2216/34/1
f 2213/6/1 2214/33/1 2193/42/1
f 2200/56/28 2207/30/28 2186/29/28 2198/57/28
f 2211/21/1 2212/58/1 2192/52/1
f 2211/21/1 2203/20/1 2212/58/1
f 2203/20/1 2187/59/1 2212/58/1
f 2209/18/1333 2210/31/1333 2191/36/1333
f 2209/18/30 2199/17/30 2210/31/30
f 2199/17/31 2186/29/31 2210/31/31
f 2207/30/32 2208/35/32 2195/46/32
f 2207/30/33 2200/56/33 2208/35/33
f 2205/5/1 2188/19/1 2214/33/1 2213/6/1
f 2201/15/34 2206/27/34 2190/26/34
f 2201/15/1 2204/14/1 2206/27/1
f 2204/14/1 2189/7/1 2206/27/1
f 2204/4/1 2202/12/1 2205/5/1
f 2202/12/1 2188/19/1 2205/5/1
f 2202/10/1 2203/20/1 2188/19/1
f 2202/10/1 2197/9/1 2203/20/1
f 2197/9/1 2187/59/1 2203/20/1
f 2200/56/35 2198/57/35 2201/60/35
f 2198/57/1 2185/61/1 2201/60/1
f 2197/3/1 2199/17/1 2187/16/1
f 2197/3/1 2198/2/1 2199/17/1
f 2198/2/36 2186/29/36 2199/17/36
f 2200/56/37 2201/60/37 2190/26/37 2208/35/37
f 56/2/38 203/228/38 116/230/38
f 55/3/38 85/231/38 203/228/38
f 43/232/38 116/230/38 85/231/38
f 203/228/38 85/231/38 116/230/38
f 200/64/38 88/63/38 86/65/38
f 197/67/38 90/66/38 85/69/38
f 194/71/38 92/70/38 90/73/38
f 191/75/38 119/74/38 92/77/38
f 188/80/38 95/79/38 88/63/38
f 185/83/38 97/82/38 87/84/38
f 182/88/40 99/87/40 91/89/40
f 179/93/38 101/92/38 93/94/38
f 176/98/38 103/97/38 94/99/38
f 173/103/38 128/102/38 95/79/38
f 170/105/1334 130/104/1334 97/82/1334
f 167/108/38 132/107/38 99/87/38
f 164/111/38 134/110/38 101/92/38
f 161/114/38 126/113/38 103/97/38
f 158/116/1335 110/115/1335 105/117/1335
f 155/120/1336 112/119/1336 106/121/1336
f 152/124/1337 113/123/1337 107/125/1337
f 149/128/1338 114/127/1338 108/129/1338
f 146/132/1339 141/131/1339 109/133/1339
f 144/137/1340 111/136/1340 145/138/1340
f 147/139/1341 145/138/1341 146/132/1341
f 114/140/1342 147/139/1342 139/141/1342
f 143/144/1343 144/143/1343 148/145/1343
f 150/146/1344 148/145/1344 149/128/1344
f 113/147/1345 150/146/1345 138/148/1345
f 142/151/1346 143/150/1346 151/152/1346
f 153/153/1347 151/152/1347 152/124/1347
f 112/154/1348 153/153/1348 137/155/1348
f 140/158/1349 142/157/1349 154/159/1349
f 156/160/1350 154/159/1350 155/120/1350
f 110/161/1351 156/160/1351 136/162/1351
f 111/165/1352 140/164/1352 157/166/1352
f 159/167/1353 157/166/1353 158/116/1353
f 141/168/1354 159/167/1354 135/169/1354
f 109/133/1355 96/170/1355 160/171/1355
f 162/172/1356 160/171/1356 161/114/1356
f 139/141/1357 162/172/1357 133/173/1357
f 108/129/38 104/174/38 163/175/38
f 165/176/38 163/175/38 164/111/38
f 138/148/38 165/176/38 131/177/38
f 107/125/1358 102/178/1358 166/179/1358
f 168/180/1359 166/179/1359 167/108/1359
f 137/155/1360 168/180/1360 129/181/1360
f 106/121/1361 100/182/1361 169/183/1361
f 171/184/1362 169/183/1362 170/105/1362
f 136/162/1363 171/184/1363 127/185/1363
f 105/117/1364 98/186/1364 172/187/1364
f 174/188/40 172/187/40 173/103/40
f 135/169/1365 174/188/1365 125/189/1365
f 104/174/38 133/173/38 175/190/38
f 177/191/38 175/190/38 176/98/38
f 134/110/38 177/191/38 124/192/38
f 102/178/38 131/177/38 178/193/38
f 180/194/38 178/193/38 179/93/38
f 132/107/38 180/194/38 123/195/38
f 100/196/1366 129/181/1366 181/197/1366
f 183/198/1367 181/197/1367 182/88/1367
f 130/199/1368 183/198/1368 121/200/1368
f 98/186/1369 127/185/1369 184/201/1369
f 186/202/38 184/201/38 185/83/38
f 128/102/38 186/202/38 117/203/38
f 96/170/40 125/189/40 187/204/40
f 189/205/38 187/204/38 188/80/38
f 126/113/38 189/205/38 118/206/38
f 94/99/38 89/207/38 190/208/38
f 192/209/38 190/208/38 191/75/38
f 124/192/38 192/209/38 122/210/38
f 93/94/38 122/211/38 193/212/38
f 195/213/38 193/212/38 194/71/38
f 123/195/38 195/213/38 120/214/38
f 91/89/38 120/215/38 196/216/38
f 198/217/38 196/216/38 197/67/38
f 121/200/38 198/217/38 115/218/38
f 89/219/38 118/206/38 199/220/38
f 201/221/38 199/220/38 200/64/38
f 119/222/38 201/221/38 116/223/38
f 87/84/38 115/225/38 202/226/38
f 204/227/38 202/226/38 203/228/38
f 117/203/38 204/227/38 86/229/38
