# Blender 4.1.1
# www.blender.org
mtllib pine3(leaves).mtl
o Tree_3
v 1.101425 28.532722 0.494938
v -1.315427 28.965418 -1.654600
v -1.249693 29.113424 0.666125
v -8.489833 26.235989 -4.239982
v -9.678457 25.110277 -4.106848
v -5.081059 31.439512 -3.039175
v -4.497504 29.775352 -4.352356
v -9.234632 23.329134 -5.646693
v -4.752279 27.043228 -5.513135
v -4.087790 31.997122 -3.661440
v -3.605814 31.530737 -4.401281
v -4.991902 25.847927 -8.393826
v -0.445122 46.238461 -4.372660
v 0.223550 44.542080 -5.621392
v -0.716371 42.041866 -7.178174
v -1.122778 46.204224 -4.580596
v 0.446604 45.436844 -4.737573
v 0.330485 50.706215 -2.323898
v -0.666547 55.025246 -0.923963
v 3.933785 41.494492 -5.938426
v -0.473205 40.895363 -7.353265
v 0.894218 43.539162 -5.204782
v -1.793769 48.766930 -3.017232
v -2.394637 43.440807 -4.415359
v -3.804459 39.761894 -3.420621
v -6.401546 35.977737 -4.306764
v -3.445723 38.223236 -4.131598
v -2.274141 39.814941 -4.627565
v -2.345660 43.194397 -3.736789
v -3.726394 41.454483 -3.255166
v 0.400162 39.224236 -5.735120
v -0.940470 38.676914 -5.315587
v 0.216462 35.395988 -7.908649
v -2.394010 38.979652 -5.999320
v -4.035665 34.913265 -8.621017
v -2.578393 36.131729 -7.201899
v 7.123937 28.869883 0.772150
v 4.724762 30.872303 1.529114
v 6.725472 27.279789 2.384235
v 9.754612 24.337070 2.855962
v 9.145624 24.127235 3.597279
v 6.819510 24.244749 4.390410
v 6.448326 27.565430 1.669304
v 6.860584 28.080639 1.759387
v 10.298637 25.356049 0.159010
v -4.547913 43.754116 -1.486440
v -3.993757 46.110073 -2.902957
v -3.942828 46.600838 -0.089436
v -7.040339 41.024620 1.362639
v -3.138265 46.079269 0.782578
v -0.755900 47.111637 1.977428
v -0.723464 42.163158 5.431413
v -1.806246 42.758675 3.668593
v -3.135026 43.714302 1.773993
v -6.365721 41.326653 1.524774
v 1.670847 46.918045 1.081241
v 1.521701 43.822449 2.653031
v 2.928954 44.330685 1.424450
v 2.559777 42.983223 2.583955
v -0.475525 41.890110 5.215560
v 4.190128 41.320984 3.087861
v 0.074383 51.827309 0.109663
v -0.809849 52.241703 0.202086
v -0.087339 53.762638 -0.893124
v 3.947270 43.611137 0.320415
v 4.909021 42.250114 -0.125925
v 3.056858 46.268227 -0.921351
v 7.397382 24.968914 3.354522
v 8.547729 24.943855 1.896664
v 9.837154 23.939266 3.195504
v 0.610745 31.508862 -9.274802
v 1.149341 32.388844 -6.627775
v 0.389077 34.462952 -5.747964
v -0.250159 36.560699 -5.767849
v -0.796067 36.742428 -5.867706
v 1.380888 31.585072 -6.821970
v 3.908682 31.428139 -7.750700
v 2.228383 36.642689 -4.945981
v 1.641873 36.915825 -4.787083
v 2.368725 29.858017 -7.039869
v 6.173418 28.353405 -9.560581
v 0.204811 36.994312 -4.954503
v 4.903089 32.336212 -6.319320
v 6.680358 29.225771 -8.452520
v 3.327133 35.060261 -5.233575
v -3.669905 30.871490 4.826730
v -5.811932 30.759516 5.081188
v -3.632344 32.725563 4.002824
v -4.732092 33.269550 3.569835
v -9.035057 28.294769 7.003044
v -6.125126 32.679852 3.566515
v -10.372724 26.556164 7.845250
v 8.001293 29.645153 3.716314
v 10.843262 25.468870 6.570220
v 9.996217 25.980946 5.499368
v 6.602374 30.669483 1.142351
v 3.734531 35.335705 3.178717
v 6.135734 30.203362 5.023540
v 4.015281 31.375772 4.591369
v 2.869098 31.406256 4.649890
v 1.899971 34.170380 3.500181
v 0.457172 38.117962 2.368901
v -0.653755 37.803146 2.697357
v 1.264491 35.972164 3.119505
v 4.984622 29.944530 4.977639
v -0.080142 35.066582 4.298112
v 0.756945 34.636246 4.225501
v -1.151918 37.629536 3.098516
v 3.506907 28.265633 5.875721
v -0.726245 33.018814 6.973945
v 0.745221 32.528103 7.117478
v -0.320648 27.974051 12.319351
v -0.797943 27.291155 13.538009
v 0.548693 29.251408 9.692215
v 3.123800 37.667793 -1.562763
v 3.468322 36.356285 -2.984160
v 6.474615 35.044144 -3.830736
v 5.492865 34.180290 -4.304503
v 7.320109 33.248001 -5.485701
v 2.656786 36.493385 -4.712955
v 4.439672 24.918097 -9.748167
v 2.983779 27.665409 -7.168592
v 3.126295 27.713533 -5.655094
v 2.757820 28.427767 -7.427239
v 2.031226 29.831726 -5.807735
v 2.988487 25.904009 -10.643794
v 1.167341 29.000620 -6.805599
v 5.611888 28.647690 -5.419647
v -5.476300 31.706360 -1.233785
v -7.309385 30.180685 -2.565675
v -6.331145 31.067045 -0.844618
v -6.364726 31.076696 0.342233
v -7.497228 30.011129 0.543029
v -6.872754 30.811022 1.232736
v -8.698144 28.742876 0.459561
v -5.958351 31.553196 -0.826274
v -10.508979 27.606012 -0.202544
v -11.325478 27.107710 -1.213168
v -13.070642 25.543409 -0.281029
v -5.676639 31.646219 -0.069049
v -5.971094 42.015839 -4.254370
v -4.731117 42.416435 -3.722543
v -2.959534 44.143269 -1.747541
v -2.969130 43.168591 -3.095857
v -5.068890 42.265881 -4.307349
v -3.308763 42.299229 -3.511166
v 8.534707 30.623833 0.214231
v 6.340499 32.017300 1.012594
v 5.168962 34.812981 0.313977
v 9.578105 29.430386 -0.765801
v 10.952409 27.447876 -1.641728
v 6.427999 33.949184 -0.968108
v 5.135408 34.455750 1.341754
v 3.033663 36.757900 2.458333
v 6.609990 32.019936 3.990651
v -0.982042 29.844757 8.441199
v -1.750125 30.402945 7.483103
v -2.083685 29.687466 8.592300
v -0.599803 29.042318 9.727921
v 0.091676 29.983418 8.112333
v 1.980132 30.193459 6.378430
v 1.272406 30.797649 5.211190
v -0.513477 31.130440 7.026328
v -0.085417 31.480122 5.727152
v -1.700316 30.824825 6.030234
v -2.711865 30.390509 5.982059
v -0.608941 29.132635 8.472065
v -1.129296 28.565657 -2.035160
v 3.924196 42.482662 1.357158
v 2.608988 42.098152 1.063920
v -6.190707 25.365658 -5.580518
v -7.312757 23.723724 -4.608906
v -9.055438 22.864101 -5.157658
v -3.987885 25.556700 8.291327
v -5.457390 23.602188 12.189269
v -1.947615 24.046873 9.512053
v -1.803600 24.291145 8.358815
v -4.639594 25.541077 6.627788
v -6.081086 25.810984 4.837192
v -1.584294 23.298645 9.636365
v -6.415664 28.358650 -6.993633
v -5.697651 31.420589 -3.089920
v -4.277262 29.465353 -6.173605
v -7.872541 27.094114 -9.309051
v -3.404784 32.033333 -4.415046
v -3.412499 30.908779 -5.361048
v -2.802593 30.294447 -6.937946
v 0.895750 43.876572 1.304127
v 3.183143 41.548058 1.995272
v -4.868822 43.175133 -1.177309
v -3.443560 43.463814 -1.112942
v 3.871548 41.420250 -5.646472
v 1.946637 42.645332 -4.060945
v 0.313590 43.913940 -3.308987
v 6.040259 29.063175 2.567373
v 7.701287 27.268465 2.660808
v 8.267321 27.131371 3.185909
v 5.217140 30.154562 2.036452
v 3.774478 31.382523 4.195158
v 9.216745 26.163877 6.248649
v 10.279482 25.519363 6.538747
v 5.412771 29.677633 3.853055
v 5.084084 29.993265 3.752442
v 1.487159 23.764160 -10.887525
v 1.194050 23.582306 -10.176529
v 4.591670 26.792011 1.967494
v 5.142458 24.568342 4.386392
v 5.833774 24.327593 4.988272
v 2.474972 26.435226 4.591351
v 2.922689 26.903717 3.791680
v 2.703066 28.205233 2.666831
v 3.784933 25.515173 5.749343
v 5.845599 24.328506 5.452217
v 0.277630 24.141655 8.967512
v 0.580544 25.020008 7.067702
v -1.113635 26.048193 7.077386
v -0.951927 27.247980 4.167840
v -0.947965 28.329176 2.850994
v 0.688683 29.478069 0.566786
v 2.167671 27.228163 3.563231
v -1.452334 29.190813 0.629712
v 2.069556 28.964254 1.431281
v -0.177212 23.662872 9.616291
v 3.513607 24.692677 8.217138
v 3.949156 22.807770 11.137838
v 5.679080 23.180412 8.619414
v -2.335183 26.557283 4.537273
v -3.342038 25.128706 6.875263
v -4.083698 26.779493 1.145631
v -5.266498 25.909504 4.930317
v -4.623363 24.590755 5.214701
v -8.875695 24.612267 4.685139
v -1.164754 41.517014 -6.603236
v -1.563127 43.163960 -3.956473
v -0.748395 40.671543 -7.829367
v 4.240015 30.946436 -0.838492
v 5.748427 30.163301 -0.491358
v 5.301942 28.833828 -1.093599
v 4.433046 29.554825 -1.391979
v -2.620229 43.412666 -4.216410
v -4.067159 41.934330 -3.813529
v 3.632666 42.996059 -0.026237
v 1.025298 43.871948 -3.037218
v -6.304841 24.422544 -8.081523
v 5.902743 30.848057 3.078002
v 5.076997 30.521996 3.751932
v 5.918018 30.605206 1.751156
v 5.120677 31.592159 0.640748
v 6.413220 31.394226 0.853426
v 7.190880 31.202715 0.479359
v 5.776985 30.270426 2.051015
v 3.438943 35.182865 -3.473115
v 3.610091 34.519089 -2.356042
v 2.630145 33.286259 -3.376558
v 2.738333 34.029446 -4.148819
v 3.119900 35.143433 -4.502320
v 3.853051 34.184952 -2.180656
v 3.502871 35.139183 -3.884576
v 3.195536 35.871330 -4.503837
v 6.793391 28.453926 -7.958490
v 7.054883 26.948076 -9.398932
v 7.608861 26.841169 -10.389267
v 5.114224 30.106606 -4.472607
v 5.206291 29.487734 3.633466
v 4.292985 28.248516 4.255226
v -2.047774 30.034266 -6.170240
v -3.556106 29.113096 -6.538835
v -2.815541 26.320206 -9.129013
v -4.282670 26.127775 -9.366918
v -5.467062 21.900455 -12.365019
v -1.363343 29.516697 -6.393506
v -0.257516 28.833075 -5.953021
v -0.150871 26.888590 -7.130382
v -3.997409 22.929424 -11.103613
v -0.265910 30.881947 -5.303000
v 0.888915 30.910671 -5.563554
v -0.540886 25.213650 -8.208283
v 1.666320 27.644112 -8.491381
v 2.909925 27.196983 -9.282578
v 4.622574 31.518156 3.244114
v 4.510445 24.880928 -8.356535
v 2.396343 43.284363 -0.281808
v -7.723268 30.584946 0.900690
v -10.921863 27.554569 0.174300
v -5.194170 33.942753 0.041767
v -4.330630 35.565445 -0.139988
v -5.339467 33.307129 0.851492
v -9.381687 30.304951 -0.380789
v 5.881604 29.478529 -1.095154
v 6.956228 34.434078 -5.401070
v 4.797071 35.043159 -5.384891
v 8.293357 29.671925 -3.229204
v 5.467179 32.880367 -3.065198
v 5.131167 30.544792 -3.587005
v 4.116313 31.765337 -3.952447
v 10.798369 28.405275 -2.332503
v -4.702174 30.654768 4.065908
v 2.889909 37.186275 -2.498025
v 3.646119 37.203876 0.170111
v 3.769781 36.028416 -1.440818
v 4.663123 35.414322 -1.195059
v -3.481402 30.883121 5.399447
v -1.870753 32.083115 7.566589
v -0.983577 29.858545 10.445008
v -1.240135 27.990650 11.883389
v -1.031555 35.784973 4.416295
v -2.074212 36.263981 3.262865
v -3.220395 36.245251 3.064622
v -3.858921 36.460712 1.631455
v -4.017515 37.264835 0.649001
v -7.811639 28.933414 4.312901
v -7.438931 29.453085 3.019148
v 2.232150 35.511528 -7.557051
v 2.334332 36.284168 -8.730878
v 1.828738 38.080776 -5.988330
v 2.353133 39.926720 -3.844780
v 1.688969 40.022396 -5.124958
v -0.578985 42.413929 -4.550526
v -3.819216 24.145422 10.757645
v -3.937829 26.783991 9.272410
v -2.152689 28.023729 7.475673
v -0.948554 27.321283 6.955870
v -1.139915 28.453661 6.435484
v -2.752139 29.032600 6.796588
v -2.387740 30.236979 6.033633
v 0.520201 25.933067 7.894611
v 1.358688 23.710678 9.625226
v -1.567417 23.102264 10.110788
v -0.724091 23.448708 9.797687
v 0.705486 29.262463 5.837667
v 0.047035 31.301281 5.099960
v -0.838590 28.775881 6.562871
v 3.861967 24.957575 9.989873
v 2.047767 27.687262 7.700923
v 1.889467 30.074095 6.125570
v -4.319974 31.869307 1.671290
v -4.895741 31.921200 1.721223
v -8.188517 27.455252 6.997837
v -5.742353 30.848017 3.396433
v -6.488757 30.458773 1.623504
v -4.106566 28.634153 5.295083
v -5.746598 29.188246 5.279806
v -5.551194 28.755623 5.951718
v 5.023399 29.848604 3.093597
v 5.798572 30.169285 3.180650
v -3.874459 29.950298 -7.106940
v -5.707632 29.038408 -7.877364
v -5.162354 32.803955 -6.451263
v -1.259234 31.751755 -8.005418
v -0.593812 33.204472 -7.584073
v -0.369963 27.755848 -12.002756
v 0.283331 33.911072 -7.415141
v 0.469652 27.293316 -13.083889
v 0.663936 28.173687 -12.259330
v -2.695993 34.535446 -5.893818
v -3.155860 36.749134 -4.627581
v -4.765913 34.827568 -5.224420
v 6.873707 29.542341 1.783682
v 7.435699 28.979042 2.232910
v 6.902232 28.254892 2.259513
v 6.589771 28.935297 1.798740
v -5.985467 36.151577 2.121816
v 6.613425 34.949734 -4.352731
v 4.374601 38.555374 -3.455297
v 2.801331 40.874454 -3.328505
v 1.589205 43.816017 -2.202673
v 1.675543 42.851761 -3.527439
v 3.111115 36.444965 -5.128199
v -2.023592 29.585548 -8.007258
v 5.969042 30.744450 -3.252061
v 5.689572 30.748430 -2.289166
v 10.433922 27.810646 -3.137178
v 9.115487 28.446972 -1.501473
v 6.895782 30.074976 -1.086215
v 5.777009 31.262663 -0.968186
v 7.844783 30.707016 0.192607
v 5.824981 29.964870 1.704944
v -4.136948 34.447090 -8.819193
v -3.735596 35.133179 -7.948173
v -2.989056 36.199070 -6.099721
v 4.453568 27.845186 3.753517
v 4.827556 29.106808 3.937823
v 5.484378 28.129347 2.304175
v -4.969334 39.667217 -0.030609
v -5.395020 38.598629 1.077272
v -7.995067 35.430458 1.642417
v -3.464046 39.539822 2.038393
v -2.664042 40.036041 3.270184
v -8.429348 34.427197 0.942713
v -8.924053 33.786015 1.720366
v -4.536914 40.462666 -2.642925
v -5.529065 38.085011 -1.306551
v 4.559216 35.401348 3.862928
v 2.906719 37.440033 2.233872
v 1.271965 38.161266 2.470627
v 2.824613 35.906616 5.314945
v 4.830395 34.338848 5.522334
v 4.846782 33.652424 6.845169
v 3.379167 37.654427 1.914687
v 3.317719 37.757088 0.988655
v 6.041322 36.181396 3.141708
v 7.438160 35.723373 1.907696
v 6.084929 36.529190 0.405407
v 3.756777 37.450222 0.244685
v 4.588000 37.228718 -1.462983
v 5.263566 37.011635 -1.219832
v 3.805133 31.052198 -1.722174
v 5.132954 31.566662 -0.487006
v 5.209685 31.928284 -0.194734
v 12.101349 26.407082 -2.568206
v 0.237815 27.214888 -4.317338
v 0.019170 27.804739 -4.002283
v -0.783671 27.262966 -3.535206
v 0.662571 27.611483 -4.027792
v -0.368595 25.699476 -5.599201
v 2.462053 25.848551 -5.937854
v -0.444811 24.585741 -7.226333
v 2.744887 24.606741 -9.375154
v 3.492215 23.014660 -11.692932
v 3.451966 22.469391 -12.811789
v -3.369392 26.090319 -6.077117
v -3.202369 23.273148 -10.124714
v -0.212457 29.268055 -2.167975
v 6.504797 25.826290 -1.973112
v 5.132397 26.495886 -1.964371
v 7.284542 24.708786 -4.567701
v 4.442057 26.538010 -0.317653
v 2.909895 27.411833 -2.416737
v 1.154395 28.443647 -0.978025
v 1.272646 28.527472 -1.938819
v 1.120844 29.023544 0.385439
v 4.353453 27.136164 1.475864
v 8.569085 24.176569 -1.405900
v 11.175770 23.587599 0.076881
v 0.703215 29.358381 -2.232663
v 2.527232 26.631067 -4.587988
v 3.963530 25.597858 -4.046280
v 4.963777 24.265598 -6.594462
v 4.125386 23.843750 -9.029173
v -4.262731 35.755943 0.155223
v -4.976644 34.452660 1.771254
v -5.406473 33.604462 1.834634
v -4.988337 33.596458 1.372999
v -4.814847 35.449657 1.656122
v -8.177479 29.113010 4.453712
v -9.464396 27.455973 6.568981
v 1.061631 39.482903 -5.336823
v -0.763011 41.658466 -5.147485
v 0.763507 39.687691 -5.574849
v -4.064851 35.961559 -6.818983
v 0.782923 35.234917 -7.438520
v -0.852677 36.845749 -6.164939
v 2.720439 34.054726 -10.447474
v 2.268002 36.676849 -5.275813
v -7.898523 26.228369 -0.457303
v -7.107993 27.696781 -0.775452
v -7.220863 28.691757 -3.040173
v -6.176064 30.825287 -2.720130
v -5.409747 31.205809 -0.798009
v -5.703323 31.229198 0.753987
v -7.370034 27.817413 -0.516152
v -6.275552 29.686399 1.589296
v -9.767385 24.597836 1.437790
v -9.141561 25.617367 3.651421
v -2.903536 30.672190 5.143754
v -4.533549 28.874611 4.047601
v -5.791655 26.602715 4.178530
v -5.095335 26.739017 7.814210
v -5.970325 24.413059 8.759504
v -5.425607 28.865232 2.650013
v -4.208582 30.578926 3.720628
v -4.257437 29.460249 4.639842
v -4.233212 31.717806 2.793787
v -5.267556 31.548969 0.707002
v -3.708958 28.700598 5.465541
v 5.686796 36.902382 -2.032240
v 4.402600 39.258709 -0.791200
v 4.615195 39.358677 -2.249429
v 2.584786 43.255562 -1.193377
v -1.182780 43.535038 1.617783
v -2.148166 43.705467 1.538730
v -1.170811 42.199566 4.704089
v 4.877739 27.720980 4.521370
v 4.722600 27.423565 2.702353
v 6.075444 28.942448 1.524209
v 4.744023 29.481731 3.447349
v 4.372896 30.264864 3.837703
v 4.222934 31.189665 2.765458
v 4.090496 27.452642 5.579153
v 5.526970 25.416763 5.869668
v 5.272808 22.143166 12.112998
v 5.290280 26.527845 3.548863
v 5.048575 27.993267 5.102695
v -8.678669 30.813738 -1.344426
v -6.164789 32.151745 -2.650929
v -6.016063 35.075073 -0.556083
v -12.687004 26.287750 -0.506076
v -5.830299 35.137554 -0.366784
v -4.176733 37.028183 -0.893040
v -4.328045 36.834686 -0.150380
v -6.085372 31.909870 -6.769036
v -7.356010 29.822788 -5.468847
v -8.440218 27.084936 -9.340610
v -3.896806 35.947868 6.059261
v -3.711728 36.620918 3.570987
v -2.769775 37.538265 3.445066
v -3.148191 37.480793 1.924028
v -2.388369 37.794472 2.241868
v -4.248923 35.603191 5.688394
v -1.622866 37.959625 2.890938
v -4.826295 37.142365 2.221060
v -3.956159 36.123360 4.041227
v -4.205036 37.144272 0.629271
v -1.422273 37.307140 3.896639
v -0.983501 36.236370 6.675024
v -4.970813 35.088795 6.879463
v -5.766660 35.736015 0.884879
v -4.182646 37.636040 -1.126315
v -5.866961 36.986580 -1.210359
v -3.942884 36.657387 -3.781723
v -3.685602 37.173092 -2.860548
v -6.602251 36.032730 -2.383742
v -6.307918 35.530407 -3.619443
v -7.922118 34.829845 -3.923867
v -3.963987 36.848011 -4.610476
v 4.327979 37.052711 2.610012
v -3.733538 42.332394 -0.281255
v -1.607177 31.183403 -5.726606
v -4.188988 43.314125 1.703440
v -4.518907 41.734642 0.436445
v -3.458136 42.552132 -0.009333
v -2.889338 43.766392 0.282334
v 2.321917 42.370953 -5.586516
v -1.415797 39.699741 3.321338
v -0.768186 42.918457 1.897863
v -4.853229 35.533260 6.570273
v -4.742864 24.308712 10.360781
v -6.453314 31.132385 -3.037703
v 4.417862 36.614643 3.227785
v 1.062720 37.838123 3.998992
v -0.877493 38.882942 4.027520
v 1.878094 41.222359 2.086927
v -0.362999 41.825001 2.861497
v 1.506416 43.395840 1.011554
v 2.971522 41.590195 0.988379
v 3.363102 39.051876 2.643998
v 4.529654 38.446079 2.554693
v 1.513829 36.888313 4.620932
v 5.916152 37.962509 1.541548
v 7.931236 35.527683 2.426545
v 4.480544 35.201466 5.979274
v 4.034970 37.050751 4.457825
v 1.148468 28.280960 -1.932296
v 4.894855 24.916430 -6.679964
v 7.945932 22.969688 -7.577146
v 11.391643 21.765621 -7.035722
v 8.211061 26.462229 -5.644636
v 6.136961 29.809996 -0.061415
v 13.278958 22.946459 1.363243
v -2.497097 36.756500 5.171783
v 5.978681 29.562113 -2.023588
v 4.814972 31.556015 1.216889
v -2.129520 28.329470 -2.246274
v -3.880368 26.325428 -2.668953
v -3.477688 28.180964 -0.450985
v -2.121290 29.174303 -0.196589
v -2.658356 26.980358 -4.645617
v -4.041270 25.546890 -5.737897
v -5.861000 24.098400 -4.886302
v -6.187758 25.506588 -3.296422
v -7.546241 24.775400 -3.105807
v -4.967470 27.321102 -1.146133
v -8.769736 24.518555 -0.981072
v -7.893787 24.958050 -0.408758
v -7.092239 24.540537 2.669812
v -5.556505 23.988232 4.929094
v -8.932588 23.159813 4.984630
v -11.870111 22.119160 4.826738
v -10.848560 22.678497 3.246903
v -10.760915 22.888401 -3.356758
v -3.627108 26.315321 -5.236394
v -3.820196 24.511093 -8.679573
v -11.560717 21.749887 -5.142193
v -5.989390 23.077286 -8.911643
v -4.504304 23.276098 -9.970135
v 0.145250 28.360952 -10.160838
v -1.313250 28.781387 -9.893875
v 1.011324 29.265520 -9.364857
v 1.493727 30.106611 -6.982151
v 0.526864 30.446974 -6.783736
v 1.212369 30.535624 -6.104117
v 1.021706 31.191139 -5.521941
v -0.387809 31.643246 -5.734499
v -2.398411 30.853354 -5.957996
v -0.909739 30.009850 -7.536016
v 3.476253 30.684122 -4.862743
v 4.891952 29.418728 -5.137802
v 5.806160 28.292164 -6.921718
v 4.379886 29.049053 -7.169329
v 3.749691 28.885836 -7.608519
v 5.891844 27.284172 -8.856659
v 4.964772 29.896427 -2.242231
v 3.985618 30.811062 -1.917835
v 5.052753 28.914083 -1.635334
v 5.988657 28.578419 -1.051500
v 8.100361 24.521137 -1.684773
v 7.894526 26.560932 -3.327345
v 6.413786 28.497438 -4.556941
v 9.936863 24.380203 -6.322645
v 9.581613 23.341412 -3.751766
v 5.413206 30.670481 -2.436643
v 3.126044 43.265266 -2.926991
v 3.533488 42.995354 -1.945433
v 2.557333 45.667400 -2.124418
v 6.294843 41.053787 -0.692428
v 1.695493 46.897095 -3.353272
v 3.630839 42.257416 -4.662186
vn 0.3054 -0.9522 0.0034
vn 0.7927 -0.6089 0.0274
vn 0.5890 -0.7990 -0.1210
vn 0.5927 0.5746 -0.5644
vn -0.5053 0.4889 -0.7111
vn -0.9463 0.3231 0.0091
vn 0.6900 -0.6179 0.3769
vn 0.7520 0.5849 -0.3038
vn 0.5668 -0.7377 -0.3668
vn -0.1165 -0.5012 0.8575
vn -0.1438 -0.9862 0.0824
vn 0.8524 -0.3817 -0.3574
vn 0.6299 0.2481 0.7360
vn 0.8028 -0.3122 0.5079
vn 0.7261 -0.5536 0.4079
vn 0.9178 -0.2242 -0.3277
vn 0.9296 0.0444 0.3659
vn 0.4191 -0.8731 0.2492
vn 0.9874 0.1223 0.1004
vn 0.5167 -0.0767 0.8527
vn 0.8318 0.1246 0.5409
vn 0.2274 -0.8974 -0.3780
vn 0.7901 0.5523 0.2658
vn 0.6036 -0.7962 0.0424
vn 0.7710 0.4495 0.4511
vn -0.5914 -0.6414 -0.4887
vn -0.1326 0.2051 0.9697
vn -0.2179 -0.5168 0.8279
vn 0.7739 0.6284 0.0789
vn 0.6705 0.6637 -0.3315
vn 0.3195 -0.7314 -0.6025
vn 0.5155 0.5970 0.6148
vn -0.8770 0.4134 0.2448
vn 0.4473 0.5021 0.7402
vn 0.5160 0.5644 -0.6443
vn 0.8533 0.5116 -0.1011
vn 0.7719 0.5500 0.3189
vn 0.7926 0.5746 0.2039
vn -0.1687 -0.7045 0.6894
vn 0.8245 0.1990 -0.5298
vn -0.1045 -0.6262 0.7726
vn -0.3840 -0.6823 0.6222
vn 0.9256 0.0498 -0.3753
vn 0.9568 0.2426 0.1601
vn 0.8095 -0.3263 0.4881
vn -0.8380 0.2788 0.4691
vn 0.0572 0.2416 -0.9687
vn 0.2971 0.5329 0.7923
vn 0.9436 0.2765 0.1820
vn 0.5682 0.7173 -0.4032
vn 0.9037 0.3197 0.2848
vn -0.5161 -0.5513 0.6555
vn 0.7394 0.5862 0.3312
vn 0.5296 0.4078 0.7438
vn 0.3886 -0.1852 0.9026
vn 0.8645 0.2540 0.4337
vn 0.6686 -0.2081 -0.7139
vn 0.9345 0.3046 -0.1840
vn 0.4562 0.6123 0.6458
vn 0.9629 0.1666 -0.2124
vn 0.7576 0.4579 -0.4652
vn -0.2530 0.0334 0.9669
vn -0.7244 0.4959 0.4789
vn 0.8205 0.5625 -0.1022
vn 0.8620 0.5067 -0.0140
vn 0.9153 0.4018 0.0274
vn 0.7375 0.5794 0.3468
vn 0.8796 0.4539 -0.1421
vn 0.4809 0.4938 0.7245
vn 0.3435 -0.6858 -0.6416
vn 0.6601 -0.7440 -0.1037
vn 0.6653 0.7448 0.0522
vn 0.3142 0.5729 0.7570
vn 0.8206 0.5623 -0.1022
vn 0.8517 0.5236 0.0209
vn 0.6550 0.5558 -0.5120
vn 0.8021 0.5397 -0.2556
vn 0.8609 0.4901 0.1367
vn -0.4454 0.8330 0.3283
vn 0.1194 0.9371 0.3281
vn 0.2533 -0.7551 -0.6047
vn 0.1581 0.7293 0.6657
vn 0.7095 0.6693 0.2205
vn 0.9637 0.2307 0.1343
vn 0.0319 0.4115 0.9108
vn -0.1058 0.2994 0.9482
vn -0.0105 0.5249 0.8511
vn 0.8684 0.4959 -0.0018
vn 0.8818 0.4573 0.1156
vn 0.4002 0.6166 0.6780
vn 0.6027 0.6378 -0.4796
vn -0.3934 0.8999 0.1883
vn -0.2041 0.9747 0.0912
vn -0.5407 -0.3143 0.7803
vn -0.5654 0.7057 0.4270
vn 0.9298 0.3090 0.1999
vn 0.5107 -0.8310 -0.2205
vn 0.8919 0.4173 0.1742
vn -0.1281 0.5123 0.8492
vn 0.6402 0.6061 -0.4720
vn 0.9839 0.1782 -0.0150
vn 0.2706 0.3205 0.9078
vn 0.8419 0.3893 0.3737
vn 0.3482 0.5911 -0.7276
vn 0.4686 0.1279 -0.8741
vn 0.8714 0.2538 0.4198
vn 0.6654 0.7193 -0.1995
vn 0.6283 0.7719 0.0970
vn 0.9755 -0.2196 0.0156
vn 0.8764 0.0996 0.4713
vn 0.1386 0.3342 0.9323
vn 0.9484 0.1657 0.2703
vn 0.1446 -0.7014 -0.6979
vn 0.9655 -0.0706 -0.2507
vn -0.6743 -0.6798 -0.2884
vn 0.7735 0.5478 0.3187
vn 0.5895 0.6536 0.4747
vn 0.9717 0.0734 -0.2244
vn 0.0244 -0.5019 0.8646
vn 0.3445 0.0361 0.9381
vn 0.8922 0.4275 -0.1460
vn 0.3228 0.9178 -0.2312
vn 0.2978 0.5305 0.7937
vn 0.1330 0.5121 0.8486
vn -0.5387 0.3302 -0.7751
vn 0.9418 -0.1570 -0.2971
vn 0.1611 -0.8979 -0.4096
vn 0.3054 -0.0949 0.9475
vn -0.7633 -0.0404 -0.6447
vn 0.5621 0.8073 -0.1799
vn 0.7104 0.6419 -0.2886
vn -0.0064 0.3356 0.9420
vn 0.8156 0.5783 0.0197
vn 0.5622 0.3718 -0.7387
vn 0.8433 0.5329 -0.0703
vn 0.8184 0.5340 0.2123
vn 0.9503 0.2240 0.2164
vn -0.7846 -0.4045 0.4699
vn -0.3707 0.3785 -0.8481
vn 0.7953 0.5741 -0.1945
vn -0.1175 -0.5928 0.7968
vn 0.8634 0.4228 0.2754
vn 0.2375 0.3223 0.9164
vn -0.5043 -0.8022 -0.3197
vn -0.3766 -0.7935 0.4781
vn 0.7677 0.2017 0.6083
vn 0.0386 0.2533 -0.9666
vn 0.8744 0.2791 -0.3969
vn -0.7402 0.6401 -0.2057
vn -0.1728 -0.4150 0.8932
vn 0.7778 0.6057 -0.1681
vn 0.7868 0.2393 0.5690
vn 0.7326 0.3037 0.6092
vn -0.1592 0.4528 0.8773
vn 0.7049 -0.6473 0.2901
vn 0.4805 0.5502 -0.6829
vn 0.7753 0.5048 0.3795
vn 0.7766 0.2646 -0.5718
vn 0.5869 0.6748 -0.4473
vn 0.7295 0.4746 0.4925
vn 0.6594 -0.4731 0.5843
vn 0.5956 -0.7708 -0.2260
vn -0.4338 -0.8122 0.3900
vn 0.8693 0.4617 0.1764
vn 0.4017 0.7303 0.5525
vn 0.6762 0.5533 -0.4865
vn 0.7073 -0.7069 0.0042
vn 0.9762 0.0277 0.2151
vn 0.9668 0.2406 0.0857
vn 0.9824 -0.0923 0.1624
vn -0.3536 -0.8754 -0.3297
vn 0.8981 0.4200 0.1307
vn -0.0266 -0.9996 -0.0008
vn 0.5899 0.5216 -0.6164
vn 0.8463 -0.0890 -0.5253
vn 0.6924 0.4690 0.5483
vn 0.9685 0.1677 0.1843
vn 0.9601 0.0630 -0.2725
vn 0.8670 0.4319 -0.2486
vn 0.8902 -0.2948 -0.3472
vn 0.3364 0.5596 0.7574
vn 0.4192 0.4027 0.8137
vn 0.7560 0.5724 -0.3177
vn 0.9277 0.3325 0.1695
vn 0.9544 -0.0986 0.2817
vn 0.9300 -0.2267 0.2893
vn 0.9050 0.3112 -0.2901
vn 0.8105 0.5848 -0.0341
vn 0.0754 -0.8231 0.5628
vn 0.3437 0.5497 0.7614
vn 0.3382 -0.9326 -0.1258
vn 0.9415 0.0720 0.3291
vn 0.9162 0.2684 0.2975
vn -0.3193 0.2982 0.8995
vn 0.5373 0.6093 0.5832
vn 0.9627 0.2519 -0.0987
vn 0.6687 0.5544 -0.4955
vn 0.5146 0.1627 -0.8418
vn 0.8788 0.4456 -0.1704
vn 0.2922 0.3545 -0.8882
vn 0.7137 0.5866 0.3828
vn 0.5572 0.3977 0.7289
vn 0.8883 0.4593 0.0004
vn -0.0837 -0.8351 0.5436
vn 0.9197 -0.1581 0.3594
vn -0.4639 0.4203 0.7798
vn 0.7910 0.5155 0.3294
vn -0.0547 0.8300 -0.5551
vn 0.6117 0.3296 0.7192
vn 0.4569 0.5049 0.7323
vn 0.5096 0.5238 0.6826
vn -0.6555 -0.2872 -0.6985
vn -0.2109 0.3607 0.9085
vn 0.8024 -0.5967 -0.0060
vn 0.9344 0.1227 -0.3343
vn 0.8470 0.4545 -0.2756
vn 0.5356 0.3617 0.7631
vn 0.6154 0.4622 0.6385
vn 0.9631 0.2332 -0.1343
vn -0.0501 0.1697 -0.9842
vn -0.4498 -0.8813 -0.1453
vn 0.4837 0.3084 -0.8191
vn -0.2813 -0.9513 0.1264
vn 0.8209 0.3427 0.4569
vn 0.4964 0.4517 0.7413
vn 0.2260 0.2770 0.9339
vn -0.0839 -0.4772 0.8748
vn 0.1718 0.7229 0.6692
vn -0.8309 0.4944 0.2553
vn 0.7813 0.5783 -0.2348
vn -0.6422 0.5037 -0.5778
vn 0.6674 0.6221 -0.4093
vn 0.8913 0.3844 -0.2405
vn 0.2532 0.2495 0.9347
vn 0.6002 0.3623 0.7131
vn 0.9679 0.0989 -0.2309
vn 0.8298 0.4112 0.3772
vn 0.3444 0.4118 0.8437
vn -0.2430 -0.9700 0.0025
vn 0.9370 0.1793 -0.2998
vn 0.2369 0.4327 0.8698
vn -0.0362 -0.9153 0.4012
vn 0.9323 -0.3574 0.0551
vn 0.9988 -0.0311 0.0378
vn 0.7465 0.3542 0.5633
vn 0.0623 0.3573 0.9319
vn 0.8825 0.3784 0.2794
vn 0.9663 0.1799 -0.1839
vn 0.5246 0.1656 0.8351
vn 0.5695 0.2460 0.7843
vn 0.3981 0.4606 0.7934
vn -0.0122 0.2092 0.9778
vn -0.0255 0.6832 0.7298
vn 0.1301 0.6623 -0.7378
vn 0.8677 -0.4281 0.2527
vn 0.2073 0.3817 -0.9008
vn 0.7942 0.3152 -0.5196
vn 0.4814 0.4682 -0.7410
vn 0.3803 0.2825 0.8806
vn 0.2451 0.4315 0.8682
vn 0.2072 0.7901 0.5768
vn 0.8924 0.4085 -0.1918
vn 0.7064 0.1890 -0.6821
vn -0.3723 -0.9201 -0.1214
vn -0.4842 0.4146 0.7705
vn -0.2445 -0.9589 -0.1437
vn 0.3518 0.2905 0.8899
vn 0.4019 0.6778 0.6157
vn -0.0502 0.3275 -0.9435
vn -0.4939 0.5920 -0.6369
vn 0.2804 0.6383 -0.7169
vn 0.7303 0.1336 0.6699
vn -0.0445 0.5269 0.8488
vn -0.1432 -0.7122 0.6872
vn 0.8189 0.3240 -0.4738
vn 0.3231 0.5457 -0.7732
vn 0.9454 0.2866 -0.1549
vn 0.7894 0.2352 -0.5670
vn 0.5898 -0.1994 0.7826
vn -0.2333 -0.7534 0.6148
vn 0.6278 -0.7772 0.0434
vn -0.1150 -0.9144 -0.3880
vn 0.2453 0.3193 0.9153
vn -0.3943 -0.7424 0.5416
vn 0.3577 0.2183 0.9080
vn 0.5732 0.2818 0.7694
vn 0.3022 0.4583 0.8358
vn -0.6580 0.3263 -0.6786
vn 0.2808 0.4055 0.8699
vn 0.7600 -0.6479 -0.0521
vn -0.6290 -0.7769 -0.0283
vn 0.4236 0.7094 0.5634
vn -0.6114 -0.7042 0.3610
vn 0.8715 -0.4167 0.2586
vn 0.6648 -0.5408 0.5154
vn -0.6375 0.0964 -0.7644
vn 0.5066 0.4957 0.7054
vn 0.1349 0.4608 0.8772
vn 0.5310 -0.5754 0.6221
vn -0.4496 0.3960 0.8007
vn 0.5312 0.6061 0.5921
vn -0.4798 -0.8312 0.2809
vn -0.5505 0.4278 0.7169
vn -0.1839 0.5707 0.8003
vn 0.5002 -0.5812 0.6419
vn -0.2604 0.7235 0.6394
vn -0.1388 -0.9340 -0.3291
vn 0.3508 -0.9282 0.1243
vn 0.7910 0.4421 0.4228
vn -0.4082 0.6538 0.6372
vn -0.1602 0.6605 0.7335
vn 0.5406 0.3046 -0.7842
vn 0.2027 -0.8661 0.4569
vn 0.0090 -0.6873 0.7263
vn -0.6365 0.3172 0.7030
vn 0.8442 0.3842 0.3737
vn -0.3547 -0.0377 0.9342
vn 0.7129 -0.5571 -0.4260
vn -0.4843 -0.7888 0.3786
vn -0.7167 0.3960 0.5740
vn -0.1114 -0.7275 0.6770
vn 0.3964 0.7683 -0.5025
vn 0.9565 0.1922 0.2196
vn -0.2063 -0.8064 0.5542
vn 0.3410 0.4273 0.8374
vn 0.3821 0.6614 0.6454
vn 0.4551 0.5264 0.7181
vn 0.1144 0.5505 0.8270
vn -0.0994 0.1219 0.9876
vn -0.4787 0.4747 0.7386
vn 0.4968 -0.7773 0.3860
vn 0.2824 0.4341 0.8555
vn 0.7043 -0.6140 -0.3564
vn 0.2239 -0.8592 0.4601
vn -0.5428 -0.8281 0.1403
vn 0.5367 -0.7734 -0.3375
vn -0.1363 0.6763 0.7239
vn 0.7115 -0.6678 0.2186
vn 0.6740 -0.7363 -0.0599
vn 0.8606 0.3834 -0.3354
vn 0.2729 0.6435 0.7151
vn -0.2041 0.3782 0.9029
vn -0.0218 -0.9096 0.4150
vn 0.0776 -0.7405 0.6675
vn 0.0285 0.6838 -0.7291
vn 0.3748 -0.6150 0.6937
vn 0.7228 -0.4620 0.5140
vn 0.3534 -0.9351 0.0255
vn -0.4189 0.3871 -0.8214
vn 0.9164 -0.0295 -0.3991
vn -0.3535 0.5346 -0.7676
vn 0.5413 -0.8389 0.0567
vn -0.0486 0.3807 -0.9234
vn 0.8684 -0.4911 -0.0682
vn -0.3472 -0.7800 0.5206
vn 0.5231 -0.5507 0.6504
vn 0.8525 -0.5157 0.0861
vn 0.0554 -0.7023 -0.7097
vn 0.8669 0.2502 -0.4311
vn 0.6144 -0.7889 0.0153
vn 0.7390 -0.6690 -0.0799
vn -0.3398 0.8108 0.4766
vn 0.1446 -0.5272 -0.8373
vn 0.1232 -0.6689 0.7331
vn 0.2533 0.2689 0.9293
vn 0.6568 -0.7505 0.0739
vn -0.9349 0.3400 0.1020
vn -0.4767 -0.7447 0.4671
vn -0.5624 0.6925 0.4518
vn -0.5525 0.5379 0.6367
vn -0.0666 0.5355 0.8419
vn 0.0434 -0.9610 0.2733
vn 0.4459 -0.7529 0.4841
vn 0.0797 -0.7380 0.6701
vn 0.6379 -0.7437 -0.2002
vn -0.9751 0.0038 0.2218
vn -0.5622 0.4357 0.7029
vn -0.2739 0.2269 0.9346
vn -0.7499 0.6613 0.0195
vn -0.8454 0.3691 -0.3860
vn 0.1922 0.0076 0.9813
vn -0.3079 0.9047 -0.2946
vn -0.3484 0.3018 0.8874
vn 0.6187 -0.7479 0.2406
vn -0.6632 -0.7479 -0.0282
vn -0.3106 0.1553 0.9378
vn -0.3204 0.0478 0.9461
vn -0.5422 -0.7465 -0.3856
vn 0.4613 -0.8703 -0.1726
vn -0.6881 -0.1217 0.7154
vn 0.4662 0.6533 0.5965
vn 0.2749 -0.7217 -0.6354
vn 0.3662 -0.7978 -0.4790
vn -0.8461 0.5323 0.0275
vn 0.3032 -0.6816 0.6660
vn -0.6955 0.6318 0.3422
vn -0.1156 0.0168 0.9932
vn -0.4328 0.3374 -0.8360
vn 0.6430 -0.5145 0.5673
vn -0.1602 -0.7503 -0.6414
vn -0.3543 0.4381 0.8261
vn -0.2176 0.2885 -0.9324
vn 0.3739 0.4374 -0.8178
vn -0.3892 0.4239 0.8178
vn 0.0038 0.0514 0.9987
vn 0.6906 -0.6990 0.1854
vn 0.2127 0.4125 0.8858
vn 0.5095 -0.6627 -0.5488
vn 0.2159 -0.9045 -0.3679
vn -0.0048 0.6188 0.7855
vn 0.4528 -0.6960 0.5573
vn -0.1641 -0.5675 0.8068
vn 0.5575 -0.7522 0.3513
vn -0.3842 -0.9191 -0.0873
vn -0.9420 0.1351 -0.3072
vn 0.3534 -0.3906 0.8500
vn 0.2047 -0.7868 0.5823
vn -0.5571 0.0296 0.8299
vn -0.0004 -0.2327 0.9726
vn -0.4034 -0.8114 -0.4229
vn -0.4503 0.5795 0.6793
vn 0.4106 -0.8485 0.3340
vn -0.9309 0.3625 -0.0437
vn -0.8215 0.5297 -0.2112
vn 0.5361 -0.6846 0.4939
vn 0.0224 0.3783 0.9254
vn 0.6148 0.4751 -0.6295
vn -0.3358 -0.9384 0.0813
vn -0.6518 -0.7572 0.0423
vn -0.4800 -0.8761 -0.0461
vn -0.4542 -0.8909 0.0080
vn -0.0604 -0.9183 -0.3913
vn -0.5487 0.2932 0.7829
vn 0.5939 0.1718 -0.7859
vn -0.3284 -0.9205 0.2117
vn 0.3080 -0.5799 -0.7542
vn -0.4486 -0.8557 -0.2578
vn -0.3577 -0.8405 0.4071
vn -0.3775 -0.9102 -0.1705
vn 0.2697 0.4334 -0.8599
vn -0.5648 0.4523 -0.6902
vn 0.0430 -0.6113 0.7902
vn -0.8149 0.5773 -0.0515
vn -0.0276 -0.0810 -0.9963
vn 0.6916 0.2185 -0.6885
vn -0.6320 -0.7749 -0.0106
vn 0.7294 0.6766 -0.1006
vn -0.6421 -0.7517 0.1504
vn 0.4863 0.4163 -0.7683
vn -0.5725 -0.8111 0.1199
vn -0.4114 -0.8884 0.2037
vn 0.3710 0.6439 0.6691
vn -0.4801 -0.7874 -0.3866
vn 0.2279 -0.2028 -0.9523
vn -0.6330 -0.5579 0.5367
vn -0.2274 -0.8640 0.4493
vn -0.3708 -0.1595 -0.9149
vn 0.9361 -0.3384 -0.0964
vn 0.6410 0.4326 -0.6341
vn -0.4670 -0.8750 0.1278
vn 0.2610 -0.4292 -0.8647
vn 0.3815 -0.3130 -0.8698
vn -0.3065 -0.9494 -0.0690
vn 0.0559 0.1001 -0.9934
vn 0.5528 -0.2781 -0.7855
vn -0.7081 -0.6674 -0.2305
vn -0.2565 -0.7191 -0.6458
vn 0.0138 0.0754 -0.9971
vn -0.5328 -0.7798 -0.3287
vn -0.5894 -0.7463 0.3091
vn -0.0417 -0.8869 0.4602
vn 0.1773 -0.6204 0.7639
vn -0.4337 -0.8869 -0.1591
vn -0.5445 -0.5100 -0.6659
vn -0.4865 -0.4602 -0.7426
vn 0.3382 0.7282 -0.5961
vn 0.0546 -0.0503 -0.9972
vn -0.5667 -0.7820 -0.2595
vn -0.2989 -0.9443 -0.1379
vn -0.7452 -0.6648 0.0518
vn -0.2542 -0.7251 0.6400
vn -0.1862 -0.9672 -0.1730
vn -0.1461 0.3752 -0.9153
vn -0.6778 -0.6688 0.3052
vn -0.9405 0.3321 -0.0716
vn -0.9871 0.1565 0.0329
vn 0.5039 0.6155 0.6060
vn 0.0945 0.3597 -0.9283
vn -0.1931 -0.7645 0.6150
vn -0.7435 0.6685 -0.0176
vn -0.5478 0.4909 -0.6775
vn -0.8832 -0.4563 0.1085
vn 0.1006 -0.3457 -0.9329
vn -0.3447 -0.8108 -0.4731
vn 0.2253 -0.8317 0.5074
vn -0.6270 -0.0215 -0.7787
vn 0.4869 0.4168 -0.7676
vn 0.3369 -0.7085 0.6201
vn 0.3334 0.1596 -0.9292
vn 0.2422 -0.6404 0.7288
vn -0.0788 -0.9219 -0.3793
vn -0.5918 0.4563 0.6645
vn -0.6817 -0.7211 0.1241
vn -0.2087 0.6921 -0.6909
vn -0.3370 -0.9415 0.0104
vn 0.8925 0.1510 -0.4250
vn -0.1582 -0.9166 0.3673
vn 0.6594 -0.7347 0.1595
vn -0.5216 -0.7884 -0.3262
vn -0.4691 -0.8810 -0.0610
vn -0.9954 -0.0132 0.0946
vn 0.8630 0.5010 -0.0652
vn 0.2557 -0.4865 0.8354
vn 0.8931 0.4197 0.1621
vn 0.2850 0.1280 -0.9499
vn -0.2505 -0.9553 -0.1570
vn -0.2954 -0.0030 0.9554
vn -0.8897 -0.3835 -0.2477
vn -0.2408 -0.9224 -0.3019
vn -0.6436 -0.7515 0.1448
vn -0.6157 -0.7712 0.1615
vn -0.5226 -0.8162 0.2464
vn -0.2440 -0.8075 -0.5371
vn -0.3851 -0.5525 -0.7392
vn -0.5013 0.4235 -0.7545
vn 0.0716 -0.3849 -0.9202
vn -0.4819 -0.8676 0.1227
vn 0.8659 0.4106 0.2856
vn 0.3531 0.2851 -0.8911
vn -0.5964 -0.7079 -0.3784
vn -0.5147 0.1205 -0.8488
vn -0.6069 -0.5013 -0.6168
vn 0.9930 0.0637 -0.0993
vn -0.5745 -0.5643 -0.5928
vn -0.4655 -0.8131 -0.3496
vn 0.4094 -0.8121 0.4159
vn 0.4634 0.3480 -0.8150
vn -0.3561 -0.9260 -0.1256
vn 0.6239 -0.6782 -0.3882
vn -0.5841 -0.8111 0.0305
vn -0.3685 -0.7107 0.5992
vn -0.4462 -0.8202 -0.3580
vn -0.5187 -0.6850 -0.5116
vn -0.4612 -0.7753 -0.4315
vn 0.5688 0.3199 -0.7577
vn -0.5724 -0.8200 0.0004
vn -0.5015 -0.8629 -0.0624
vn -0.0538 -0.7902 -0.6104
vn -0.5735 -0.8192 -0.0021
vn 0.6711 0.4584 -0.5827
vn 0.3062 0.5839 -0.7519
vn -0.5575 -0.6731 0.4860
vn 0.9071 -0.2946 -0.3005
vn 0.4323 -0.7165 -0.5474
vn -0.6942 -0.5341 -0.4825
vn 0.0481 -0.5995 -0.7990
vn -0.6937 -0.3806 -0.6114
vn 0.9491 0.3042 0.0813
vn -0.8758 0.4007 -0.2692
vn -0.5188 -0.7735 0.3641
vn 0.7105 0.5102 -0.4846
vn 0.6616 0.0903 -0.7444
vn -0.5025 -0.8645 0.0069
vn -0.1532 -0.9365 -0.3153
vn 0.1576 -0.8684 -0.4702
vn -0.4768 0.4223 -0.7710
vn -0.3482 -0.0813 -0.9339
vn -0.3034 -0.8294 0.4691
vn 0.8795 0.4142 0.2342
vn -0.6824 -0.5109 0.5228
vn 0.0654 -0.8979 0.4353
vn -0.1799 0.7080 -0.6829
vn -0.5055 -0.8043 -0.3123
vn 0.2170 -0.9744 0.0595
vn -0.7843 0.4504 0.4267
vn -0.2034 -0.9193 0.3368
vn -0.5555 -0.7700 0.3138
vn -0.6150 -0.7723 -0.1591
vn 0.2031 -0.7753 0.5980
vn -0.1754 -0.8876 0.4260
vn 0.2943 0.2138 -0.9315
vn 0.1344 -0.7827 0.6077
vn -0.0557 -0.6582 -0.7507
vn 0.0744 0.5495 0.8322
vn 0.0173 -0.9491 -0.3144
vn 0.0167 -0.8390 -0.5439
vn -0.7525 -0.4933 -0.4364
vn -0.3179 -0.6796 0.6611
vn -0.5221 -0.8525 0.0249
vn 0.5148 0.2094 -0.8314
vn -0.8482 -0.4692 0.2458
vn 0.0596 -0.9097 -0.4111
vn 0.6620 -0.6566 0.3613
vn -0.0357 0.1049 -0.9938
vn -0.3349 0.1290 -0.9334
vn -0.2195 0.4063 -0.8870
vn 0.7127 0.4095 0.5696
vn -0.1184 0.1747 -0.9775
vn -0.5853 -0.7983 -0.1417
vn -0.5588 -0.7244 0.4037
vn 0.3126 -0.7295 -0.6084
vn 0.3452 0.6585 -0.6688
vn 0.2399 -0.9066 0.3473
vn 0.0984 0.4624 -0.8812
vn -0.2853 -0.8231 0.4910
vn -0.5698 -0.5920 -0.5699
vn -0.7542 -0.6338 0.1718
vn -0.1665 -0.3807 0.9096
vn 0.3484 -0.4115 -0.8422
vn 0.3135 -0.8323 0.4572
vn 0.3529 0.5457 -0.7600
vn -0.0385 0.4037 -0.9141
vn 0.8908 0.3449 -0.2959
vn 0.1150 0.4888 -0.8648
vn -0.2897 0.5176 0.8051
vn 0.4106 -0.8793 -0.2413
vn 0.1101 -0.8226 0.5579
vn 0.8171 -0.0390 0.5752
vn -0.0988 0.4612 -0.8818
vn -0.5376 -0.8149 0.2168
vn 0.1089 -0.7683 -0.6307
vn -0.3664 -0.9219 0.1257
vn 0.1266 0.3051 -0.9439
vn 0.5130 0.3174 -0.7976
vn -0.5787 0.4215 0.6982
vn 0.8916 -0.4473 0.0707
vn 0.3631 -0.8861 0.2881
vn -0.2252 -0.9072 -0.3552
vn -0.8274 -0.3580 -0.4327
vn -0.3555 0.5420 -0.7615
vn -0.1063 -0.8515 0.5134
vn 0.1979 0.5799 -0.7903
vn -0.4826 0.4618 -0.7442
vn 0.6024 -0.7680 0.2174
vn -0.0781 -0.8039 0.5896
vn 0.6672 -0.6646 -0.3363
vn -0.4796 -0.8162 -0.3222
vn -0.4978 -0.7202 -0.4833
vn -0.4878 -0.6547 0.5774
vn 0.1628 0.3725 0.9137
vn -0.0160 0.3782 -0.9256
vn 0.2620 -0.1572 -0.9522
vn 0.3322 0.5258 0.7830
vn 0.0030 -0.8604 -0.5097
vn -0.5265 -0.7614 -0.3784
vn -0.0882 -0.9388 0.3331
vn -0.4354 0.5132 -0.7396
vn 0.4214 -0.7921 0.4416
vn -0.4803 0.3548 -0.8021
vn -0.3275 -0.7521 0.5720
vn -0.0284 -0.4963 -0.8677
vn 0.8054 0.3286 -0.4932
vn -0.3878 -0.9048 0.1761
vn 0.0287 -0.8138 -0.5804
vn -0.3915 0.6058 -0.6927
vn -0.8025 -0.5352 -0.2637
vn -0.0619 0.3041 -0.9506
vn 0.6054 0.2441 -0.7576
vn 0.1202 -0.7686 0.6283
vn -0.0397 -0.2835 -0.9581
vn 0.0181 -0.2085 -0.9779
vn 0.7291 -0.6823 0.0537
vn -0.5320 -0.7871 0.3122
vn 0.9856 0.0186 -0.1682
vn -0.0173 -0.8498 0.5269
vn -0.5686 0.4266 -0.7033
vn -0.1687 0.4224 -0.8906
vn 0.0794 0.2696 -0.9597
vn -0.3256 -0.7303 -0.6006
vn 0.2134 -0.6026 -0.7690
vn 0.7814 0.2529 -0.5705
vn -0.1210 0.5571 -0.8216
vn -0.2586 -0.9267 -0.2729
vn 0.4268 -0.6775 0.5990
vn -0.0231 0.3754 0.9266
vn -0.1187 -0.7150 -0.6890
vn 0.2238 0.5316 -0.8169
vn -0.4110 0.3673 -0.8343
vn 0.3463 0.2850 -0.8938
vn 0.5354 0.3801 -0.7542
vn 0.1698 -0.4652 -0.8688
vn -0.1857 -0.9105 0.3694
vn 0.1119 -0.9176 -0.3814
vn 0.2367 -0.9637 -0.1232
vn -0.2666 -0.1807 -0.9467
vn 0.5570 0.4523 -0.6965
vn -0.2002 -0.8370 0.5092
vn -0.5083 -0.8323 0.2212
vn -0.8146 -0.5229 -0.2508
vn -0.4101 -0.9120 0.0056
vn -0.5681 -0.7619 0.3112
vn 0.4074 -0.8519 0.3290
vn 0.3510 -0.9268 -0.1338
vn -0.8850 -0.4648 -0.0270
vn 0.2136 -0.8516 -0.4787
vn -0.1958 -0.8572 -0.4764
vn -0.5384 -0.8332 -0.1258
vn -0.0326 -0.7491 -0.6616
vn -0.6437 -0.6301 -0.4342
vn -0.3370 -0.8993 -0.2787
vn -0.5925 0.2516 0.7653
vn 0.2179 -0.7571 -0.6158
vn 0.1264 -0.7727 -0.6220
vn 0.9885 0.0715 0.1331
vn -0.7838 0.3433 -0.5175
vn 0.2273 -0.7533 0.6171
vn -0.1162 -0.8190 -0.5619
vn -0.3737 0.0451 -0.9264
vn -0.3501 0.1488 -0.9248
vn -0.7483 -0.6078 0.2656
vn 0.2118 -0.7557 -0.6198
vn -0.3692 -0.8115 -0.4529
vn -0.8517 0.0024 0.5240
vn 0.1776 -0.6245 -0.7606
vn -0.0664 -0.9299 0.3617
vn -0.4834 -0.7740 0.4089
vn -0.2088 0.5361 -0.8179
vn 0.0378 -0.7502 0.6602
vn -0.2106 -0.6218 -0.7544
vn -0.2345 0.3785 -0.8954
vn 0.8855 -0.3883 -0.2553
vn -0.3668 -0.9277 0.0696
vn 0.4870 -0.7713 -0.4098
vn -0.0185 -0.9305 -0.3659
vn -0.2579 0.6050 0.7533
vn 0.3263 -0.6373 -0.6981
vn -0.8444 0.2983 -0.4451
vn 0.4572 0.3922 -0.7982
vn 0.5351 -0.7611 -0.3665
vn 0.5120 -0.8316 0.2155
vn -0.3190 0.5781 0.7510
vn -0.0897 -0.9917 0.0925
vn 0.4065 -0.8874 -0.2176
vn -0.5664 -0.3345 0.7532
vn 0.0230 -0.8725 0.4881
vn -0.6207 -0.7280 0.2912
vn -0.6567 0.2599 -0.7079
vn -0.9325 0.3582 -0.0456
vn -0.7383 0.3037 -0.6022
vn -0.8107 0.3784 -0.4468
vn 0.2078 0.5321 0.8208
vn -0.6381 0.4077 0.6532
vn 0.0410 -0.8344 -0.5496
vn -0.7099 0.5428 0.4488
vn 0.0580 -0.8725 -0.4851
vn 0.3773 0.3394 -0.8616
vn 0.2238 -0.9642 0.1423
vn -0.4650 0.2894 -0.8367
vn 0.7277 -0.5490 -0.4111
vn 0.2964 -0.9489 -0.1081
vn -0.3089 0.6543 0.6903
vn 0.1878 -0.9129 0.3624
vn 0.6585 0.4592 0.5963
vn -0.3777 0.2747 -0.8842
vn 0.5247 -0.6974 0.4882
vn -0.0180 -0.9991 -0.0378
vn -0.0738 0.6676 -0.7409
vn -0.5016 0.1721 -0.8478
vn -0.8015 0.3436 0.4895
vn -0.3994 -0.8672 -0.2973
vn 0.4043 -0.9123 -0.0661
vn 0.6058 0.5663 0.5588
vn 0.5357 -0.8069 0.2489
vn -0.2415 0.4287 -0.8706
vn -0.6631 0.0266 -0.7481
vn 0.7085 0.6004 -0.3708
vn 0.2305 -0.8723 -0.4313
vn -0.7042 0.3850 0.5965
vn -0.7587 0.4966 0.4215
vn -0.4670 -0.8756 -0.1234
vn -0.5018 -0.8644 0.0324
vn -0.4813 -0.8434 -0.2388
vn 0.5229 0.3026 -0.7968
vn -0.1336 0.4710 -0.8720
vn -0.6098 0.2108 -0.7640
vn -0.8515 0.2957 0.4330
vn -0.1845 -0.8173 0.5458
vn 0.3679 -0.8616 -0.3496
vn -0.1352 0.5510 -0.8235
vn -0.2002 0.2742 0.9406
vn 0.3785 -0.8586 0.3458
vn -0.6813 0.2072 -0.7021
vn -0.2881 -0.9575 -0.0145
vn -0.8096 0.4852 0.3304
vn -0.8183 0.5407 0.1950
vn -0.2397 -0.8995 0.3653
vn -0.2948 -0.9485 0.1163
vn -0.3060 0.2738 0.9118
vn 0.0342 -0.9513 0.3063
vn 0.6858 -0.6688 0.2870
vn 0.5628 -0.7963 0.2220
vn -0.0373 0.3464 0.9374
vn -0.8586 0.4881 -0.1567
vn -0.7864 0.4454 -0.4281
vn -0.8591 0.3330 -0.3888
vn 0.1042 -0.8958 -0.4321
vn -0.9393 0.1550 0.3060
vn -0.3422 -0.8254 -0.4489
vn 0.3349 -0.8875 -0.3166
vn 0.0146 0.2854 -0.9583
vn 0.2555 -0.4789 -0.8398
vn 0.1367 -0.8033 0.5797
vn -0.9039 0.4105 -0.1201
vn -0.9759 0.2174 -0.0203
vn 0.2024 -0.9789 0.0278
vn -0.9103 0.4140 0.0011
vn -0.8205 0.4670 -0.3297
vn -0.9631 -0.1046 -0.2481
vn -0.5924 0.5739 0.5654
vn -0.8702 -0.4543 -0.1909
vn 0.3635 -0.7280 -0.5813
vn -0.6165 0.7441 0.2576
vn -0.3235 -0.9365 0.1355
vn 0.0615 -0.8645 -0.4989
vn -0.9430 0.2808 -0.1786
vn 0.0573 -0.7969 0.6013
vn 0.4719 -0.6300 0.6168
vn -0.8520 0.2700 -0.4486
vn -0.0611 -0.7236 0.6875
vn -0.9997 -0.0164 -0.0173
vn 0.1588 -0.6109 -0.7757
vn -0.8751 0.4811 -0.0530
vn -0.9385 0.0403 0.3429
vn -0.9250 0.2453 -0.2902
vn 0.6472 -0.5547 0.5229
vn -0.9955 0.0462 0.0832
vn 0.4981 -0.8055 0.3211
vn -0.8837 0.4538 -0.1148
vn -0.7302 0.5334 -0.4269
vn -0.4695 0.4497 0.7598
vn -0.4063 -0.8902 -0.2062
vn 0.4313 -0.8332 0.3460
vn 0.2798 -0.8713 0.4033
vn 0.6002 0.4769 0.6422
vn -0.8610 0.4254 0.2786
vn -0.5367 -0.5395 -0.6487
vn -0.9492 0.2235 0.2215
vn -0.0884 0.2207 0.9713
vn -0.9356 0.0981 0.3391
vn -0.8129 -0.5822 0.0155
vn 0.0590 0.5664 -0.8220
vn 0.0448 0.5980 -0.8002
vn 0.4221 -0.8394 0.3423
vn -0.8901 0.4135 -0.1917
vn -0.0998 -0.9871 -0.1255
vn -0.8559 0.4154 0.3081
vn -0.8158 0.2551 0.5190
vn -0.5813 -0.2317 -0.7800
vn -0.8046 -0.1807 -0.5657
vn -0.8910 -0.3814 0.2463
vn 0.2774 -0.8770 0.3923
vn 0.5125 0.4245 0.7464
vn 0.6806 -0.7185 -0.1431
vn 0.4081 -0.8874 -0.2145
vn 0.2709 -0.9584 0.0903
vn 0.0737 -0.7983 -0.5977
vn -0.0526 -0.9311 0.3610
vn -0.7092 0.4404 0.5506
vn -0.2802 -0.8421 -0.4607
vn 0.4003 -0.8420 -0.3617
vn 0.2301 0.3154 -0.9207
vn -0.2423 0.5373 -0.8079
vn 0.1841 -0.7895 0.5854
vn -0.9028 0.3567 0.2402
vn 0.3212 -0.8788 0.3529
vn -0.1387 0.3854 -0.9123
vn -0.7098 0.4764 -0.5188
vn -0.7025 0.3080 -0.6416
vn -0.7557 0.4461 0.4794
vn 0.2239 -0.7869 -0.5750
vn 0.2856 -0.9092 -0.3028
vn -0.0086 -0.9316 -0.3633
vn -0.8092 0.1444 -0.5695
vn 0.4996 -0.6031 0.6218
vn 0.6596 -0.6695 0.3416
vn 0.1165 -0.1326 -0.9843
vn 0.3453 -0.8598 -0.3763
vn -0.8052 0.4669 0.3656
vn -0.8229 0.5596 0.0980
vn 0.2584 -0.9308 -0.2587
vn -0.7419 0.3846 0.5492
vn 0.3645 -0.8632 0.3493
vn 0.0846 -0.5740 -0.8145
vn 0.5483 0.4685 -0.6927
vn -0.9266 0.1692 0.3359
vn -0.1030 0.5085 0.8549
vn 0.5952 -0.8000 0.0754
vn -0.9311 0.2754 -0.2393
vn -0.8088 0.5216 0.2716
vn 0.1508 -0.9298 -0.3357
vn -0.4307 0.4612 -0.7758
vn -0.4006 0.4604 -0.7922
vn -0.9534 0.2976 0.0492
vn 0.9659 0.2584 0.0168
vn 0.6740 -0.4720 0.5682
vn -0.9805 -0.1753 -0.0886
vn -0.0245 0.3572 -0.9337
vn 0.1115 -0.9281 -0.3553
vn 0.4333 -0.8095 -0.3961
vn -0.8476 0.4892 -0.2057
vn 0.4972 -0.8331 -0.2424
vn -0.9524 -0.2870 0.1032
vn -0.9749 -0.1900 0.1161
vn 0.2182 -0.8041 -0.5530
vn 0.3557 -0.8716 0.3374
vn -0.8360 0.4857 0.2556
vn -0.8186 0.4378 -0.3719
vn -0.9434 -0.2815 -0.1753
vn 0.3737 -0.8099 -0.4520
vn 0.3730 -0.6965 -0.6130
vn 0.2139 0.3761 -0.9015
vn -0.0406 -0.4882 -0.8718
vn 0.4781 -0.7860 0.3920
vn 0.5042 -0.8260 0.2523
vn -0.6036 0.2874 -0.7437
vn -0.8591 0.4829 -0.1698
vn 0.2916 -0.9494 -0.1169
vn 0.3458 -0.9051 0.2474
vn -0.0061 -0.7457 -0.6662
vn -0.7265 0.5659 -0.3899
vn -0.8987 0.3041 0.3159
vn 0.6428 -0.7542 0.1339
vn -0.9088 0.4004 0.1170
vn -0.0848 -0.7801 -0.6199
vn 0.2938 -0.8591 0.4192
vn -0.7456 0.4103 -0.5251
vn -0.5928 0.4888 -0.6400
vn -0.5373 0.4805 -0.6931
vn 0.4193 -0.7337 -0.5346
vn -0.7922 0.0982 0.6023
vn 0.6767 -0.7359 -0.0239
vn -0.8749 0.4757 -0.0914
vn 0.4565 -0.6630 -0.5933
vn -0.8592 0.4709 0.1999
vn -0.7873 0.5436 -0.2908
vn 0.1715 -0.8049 -0.5681
vn 0.3047 -0.8518 -0.4262
vn 0.0366 0.5658 -0.8238
vn -0.3010 0.4768 -0.8259
vn -0.0129 -0.8741 0.4855
vn -0.6093 0.5794 -0.5414
vn -0.8875 0.4151 0.2000
vn -0.6460 0.1874 -0.7400
vn -0.2983 0.2126 0.9305
vn -0.8003 0.4309 0.4169
vn -0.8142 -0.3080 -0.4922
vn -0.5267 -0.7254 -0.4431
vn -0.8710 0.4768 -0.1185
vn 0.0870 0.4048 0.9103
vn 0.3863 -0.9156 0.1118
vn -0.8029 0.5225 -0.2871
vn -0.7877 0.5452 -0.2868
vn 0.4832 -0.5392 -0.6898
vn -0.5557 -0.6891 0.4651
vn -0.7866 0.2405 -0.5687
vn -0.8635 0.4806 -0.1531
vn -0.5131 -0.4959 -0.7006
vn 0.0479 0.6134 0.7883
vn -0.6987 -0.0299 -0.7148
vn 0.5361 -0.8440 -0.0170
vn 0.4878 -0.8547 0.1776
vn 0.5779 -0.8074 -0.1184
vn 0.8493 0.2937 0.4386
vn -0.8206 0.2626 0.5076
vn 0.0305 0.7727 -0.6340
vn 0.3587 -0.7998 0.4812
vn -0.7503 0.6241 -0.2179
vn -0.6375 -0.3070 -0.7067
vn 0.4606 -0.8274 0.3213
vn 0.3372 -0.9346 -0.1129
vn 0.2811 -0.6419 -0.7134
vn -0.8809 0.4627 0.0995
vn 0.6246 -0.7710 -0.1245
vn -0.8290 -0.0575 -0.5564
vn -0.6016 0.4053 -0.6884
vn -0.4389 -0.0451 -0.8974
vt 0.901190 0.038715
vt 0.886680 0.044594
vt 0.897408 0.045823
vt 0.899966 0.052745
vt 0.884918 0.057472
vt 0.807658 0.889505
vt 0.762819 0.898840
vt 0.712430 0.875807
vt 0.770583 0.866845
vt 0.491816 0.687766
vt 0.520200 0.661210
vt 0.466615 0.667722
vt 0.444837 0.681332
vt 0.229198 0.840577
vt 0.197334 0.849525
vt 0.199166 0.842427
vt 0.074852 0.535127
vt 0.074733 0.547706
vt 0.068557 0.535601
vt 0.397914 0.016969
vt 0.410401 0.785753
vt 0.380882 0.780791
vt 0.421761 0.012859
vt 0.120556 0.331668
vt 0.133083 0.326264
vt 0.142907 0.312821
vt 0.142536 0.294022
vt 0.080689 0.282808
vt 0.039573 0.321603
vt 0.176925 0.495931
vt 0.171536 0.547160
vt 0.288726 0.159990
vt 0.281248 0.162884
vt 0.281361 0.155006
vt 0.356903 0.050753
vt 0.348883 0.046272
vt 0.345589 0.039805
vt 0.342079 0.026059
vt 0.363871 0.024539
vt 0.637087 0.888644
vt 0.624997 0.878653
vt 0.641362 0.877172
vt 0.597451 0.886592
vt 0.594463 0.872316
vt 0.602740 0.867693
vt 0.618467 0.866102
vt 0.608844 0.888749
vt 0.176711 0.869209
vt 0.176980 0.886117
vt 0.171892 0.889908
vt 0.840347 0.259866
vt 0.850248 0.260340
vt 0.849314 0.272775
vt 0.860148 0.645258
vt 0.856082 0.630087
vt 0.193482 0.847607
vt 0.179163 0.843034
vt 0.816248 0.822257
vt 0.861269 0.816234
vt 0.847980 0.813758
vt 0.014608 0.214667
vt 0.003856 0.222427
vt 0.009761 0.225699
vt 0.021713 0.209747
vt 0.841959 0.845724
vt 0.168788 0.861244
vt 0.732349 0.220950
vt 0.720489 0.231117
vt 0.729272 0.254279
vt 0.491437 0.145310
vt 0.510746 0.160616
vt 0.500768 0.168242
vt 0.496415 0.179232
vt 0.491114 0.174317
vt 0.605946 0.429652
vt 0.626461 0.479616
vt 0.624985 0.428914
vt 0.601119 0.387404
vt 0.498614 0.551629
vt 0.501621 0.570822
vt 0.470547 0.572037
vt 0.346258 0.777781
vt 0.354239 0.808287
vt 0.301726 0.779005
vt 0.092044 0.847891
vt 0.009894 0.931926
vt 0.040505 0.882645
vt 0.736631 0.011552
vt 0.682602 0.035351
vt 0.704253 0.025632
vt 0.102229 0.865858
vt 0.420723 0.295931
vt 0.454696 0.298065
vt 0.465946 0.267827
vt 0.412351 0.269012
vt 0.107622 0.880709
vt 0.680591 0.901099
vt 0.676072 0.886972
vt 0.763362 0.036410
vt 0.732776 0.046600
vt 0.696914 0.053232
vt 0.682197 0.072737
vt 0.701743 0.099766
vt 0.728009 0.059658
vt 0.727630 0.121350
vt 0.705119 0.170945
vt 0.283509 0.194656
vt 0.253015 0.150674
vt 0.537339 0.535459
vt 0.531862 0.539219
vt 0.697688 0.135360
vt 0.535187 0.562706
vt 0.768826 0.015082
vt 0.745941 0.006948
vt 0.467712 0.053639
vt 0.473619 0.040628
vt 0.512630 0.057948
vt 0.503862 0.042543
vt 0.123505 0.753914
vt 0.166222 0.780616
vt 0.180960 0.808470
vt 0.134080 0.793757
vt 0.095293 0.756208
vt 0.729884 0.457993
vt 0.737753 0.442565
vt 0.699345 0.426462
vt 0.668987 0.453754
vt 0.079413 0.930986
vt 0.109483 0.931311
vt 0.442600 0.904517
vt 0.454581 0.921887
vt 0.427382 0.906160
vt 0.580200 0.762804
vt 0.554999 0.788714
vt 0.560991 0.773863
vt 0.407742 0.046587
vt 0.556659 0.557876
vt 0.717174 0.098118
vt 0.691745 0.142723
vt 0.695206 0.149241
vt 0.108261 0.856020
vt 0.887261 0.377061
vt 0.922544 0.399399
vt 0.912846 0.395250
vt 0.725250 0.530078
vt 0.713284 0.529387
vt 0.715279 0.536104
vt 0.862459 0.195670
vt 0.869060 0.150841
vt 0.845572 0.172225
vt 0.817079 0.029526
vt 0.799533 0.017767
vt 0.810249 0.020598
vt 0.904411 0.357130
vt 0.811284 0.711213
vt 0.816147 0.724305
vt 0.816419 0.706590
vt 0.110766 0.869259
vt 0.658308 0.128019
vt 0.659591 0.157673
vt 0.847475 0.335623
vt 0.854265 0.372914
vt 0.829822 0.399250
vt 0.119868 0.843245
vt 0.837871 0.046600
vt 0.125446 0.931356
vt 0.957771 0.370913
vt 0.942660 0.360931
vt 0.958365 0.351361
vt 0.981482 0.351197
vt 0.822656 0.908798
vt 0.854174 0.930644
vt 0.834623 0.935830
vt 0.807837 0.933925
vt 0.788457 0.930002
vt 0.791546 0.909045
vt 0.104872 0.823147
vt 0.127377 0.896420
vt 0.550265 0.899664
vt 0.513322 0.911322
vt 0.456552 0.915562
vt 0.384684 0.766940
vt 0.405021 0.773182
vt 0.415373 0.788371
vt 0.418566 0.802672
vt 0.404630 0.812412
vt 0.410418 0.826066
vt 0.404011 0.821265
vt 0.130855 0.876127
vt 0.985719 0.212287
vt 0.976964 0.207614
vt 0.937375 0.410707
vt 0.929803 0.413864
vt 0.837842 0.744516
vt 0.844886 0.695905
vt 0.824312 0.732323
vt 0.309818 0.595313
vt 0.300893 0.537550
vt 0.283513 0.540403
vt 0.291248 0.589234
vt 0.296711 0.596500
vt 0.422350 0.814782
vt 0.535259 0.681189
vt 0.534420 0.663718
vt 0.516196 0.670775
vt 0.127598 0.815373
vt 0.134117 0.829626
vt 0.126125 0.843358
vt 0.501238 0.751863
vt 0.497260 0.736776
vt 0.487066 0.742800
vt 0.493839 0.755046
vt 0.711242 0.007996
vt 0.704278 0.011335
vt 0.702558 0.008784
vt 0.406174 0.148443
vt 0.448708 0.133115
vt 0.476078 0.067368
vt 0.434218 0.112807
vt 0.872061 0.653122
vt 0.903278 0.632536
vt 0.916004 0.638553
vt 0.939598 0.612910
vt 0.923210 0.607874
vt 0.130972 0.842452
vt 0.839974 0.783132
vt 0.846945 0.780487
vt 0.819381 0.775460
vt 0.857062 0.770517
vt 0.539912 0.801000
vt 0.533296 0.792868
vt 0.747603 0.845059
vt 0.769189 0.841529
vt 0.873414 0.332722
vt 0.864860 0.368505
vt 0.505488 0.705651
vt 0.518520 0.706427
vt 0.505901 0.698103
vt 0.010450 0.667514
vt 0.029706 0.694115
vt 0.014166 0.695826
vt 0.539191 0.674028
vt 0.134476 0.819147
vt 0.852338 0.134850
vt 0.832358 0.153644
vt 0.694960 0.192188
vt 0.691052 0.221040
vt 0.688191 0.197443
vt 0.848613 0.802545
vt 0.846136 0.793643
vt 0.920995 0.429720
vt 0.934022 0.418627
vt 0.915875 0.409614
vt 0.869630 0.776297
vt 0.878300 0.684685
vt 0.389229 0.460068
vt 0.414253 0.469475
vt 0.413762 0.473778
vt 0.529144 0.167615
vt 0.505524 0.130460
vt 0.521950 0.121074
vt 0.428718 0.807455
vt 0.440238 0.822513
vt 0.817973 0.791572
vt 0.496599 0.724181
vt 0.488762 0.730288
vt 0.704131 0.190317
vt 0.704167 0.221859
vt 0.618793 0.597852
vt 0.569484 0.646494
vt 0.593098 0.589946
vt 0.625791 0.565493
vt 0.375940 0.472557
vt 0.453982 0.342382
vt 0.423338 0.320963
vt 0.406011 0.307294
vt 0.428047 0.308579
vt 0.457673 0.326690
vt 0.483740 0.344153
vt 0.553080 0.235805
vt 0.596249 0.257846
vt 0.577142 0.244699
vt 0.501238 0.729828
vt 0.832424 0.790858
vt 0.839648 0.791699
vt 0.461135 0.611620
vt 0.379686 0.619594
vt 0.431061 0.592855
vt 0.535431 0.694434
vt 0.024753 0.727971
vt 0.492575 0.631082
vt 0.502791 0.632283
vt 0.500854 0.651414
vt 0.959158 0.395122
vt 0.955367 0.392207
vt 0.956662 0.418438
vt 0.386470 0.719450
vt 0.423761 0.729882
vt 0.452658 0.719297
vt 0.619433 0.821088
vt 0.566934 0.823988
vt 0.609059 0.801555
vt 0.442898 0.829657
vt 0.419435 0.828375
vt 0.844857 0.117883
vt 0.060248 0.134351
vt 0.065023 0.175113
vt 0.097031 0.187166
vt 0.107801 0.156137
vt 0.308002 0.199173
vt 0.308374 0.243553
vt 0.369812 0.056773
vt 0.365136 0.039395
vt 0.525554 0.815809
vt 0.538999 0.703974
vt 0.475339 0.747518
vt 0.452167 0.758923
vt 0.452547 0.815018
vt 0.459478 0.820727
vt 0.448553 0.836108
vt 0.889462 0.295203
vt 0.875653 0.826783
vt 0.798079 0.172902
vt 0.793842 0.143842
vt 0.782650 0.195319
vt 0.373025 0.454972
vt 0.348939 0.472189
vt 0.321153 0.475114
vt 0.889606 0.536307
vt 0.906841 0.591640
vt 0.913252 0.536451
vt 0.051278 0.690150
vt 0.042406 0.704152
vt 0.041588 0.685520
vt 0.606354 0.297575
vt 0.608498 0.005058
vt 0.601153 0.007137
vt 0.601645 0.004855
vt 0.230929 0.489969
vt 0.075311 0.276308
vt 0.038632 0.270063
vt 0.227941 0.476117
vt 0.654820 0.014359
vt 0.675330 0.008816
vt 0.619736 0.258813
vt 0.607666 0.211349
vt 0.601284 0.232445
vt 0.467320 0.529799
vt 0.518504 0.510342
vt 0.466835 0.561056
vt 0.626148 0.862403
vt 0.600540 0.858091
vt 0.632921 0.838415
vt 0.888132 0.080291
vt 0.896771 0.101103
vt 0.928502 0.065667
vt 0.776958 0.507173
vt 0.790704 0.493319
vt 0.780944 0.507035
vt 0.809290 0.439227
vt 0.063431 0.702969
vt 0.061268 0.686690
vt 0.069719 0.683910
vt 0.153769 0.665763
vt 0.180471 0.680098
vt 0.193228 0.695898
vt 0.186600 0.697609
vt 0.535872 0.646114
vt 0.422119 0.578091
vt 0.430256 0.587234
vt 0.901663 0.620360
vt 0.350673 0.058290
vt 0.808281 0.476152
vt 0.048150 0.729219
vt 0.060653 0.718109
vt 0.579046 0.006648
vt 0.626850 0.235806
vt 0.571638 0.846143
vt 0.578565 0.836826
vt 0.811937 0.437050
vt 0.823317 0.476351
vt 0.813598 0.472632
vt 0.896111 0.230976
vt 0.917656 0.213280
vt 0.712459 0.571369
vt 0.687706 0.571369
vt 0.870837 0.089603
vt 0.400382 0.904707
vt 0.402831 0.912554
vt 0.406709 0.894923
vt 0.721519 0.049483
vt 0.703446 0.044486
vt 0.356607 0.622473
vt 0.815740 0.152803
vt 0.851677 0.082036
vt 0.887451 0.897746
vt 0.904501 0.893826
vt 0.904703 0.879513
vt 0.892854 0.898652
vt 0.791811 0.424971
vt 0.588148 0.090512
vt 0.578297 0.093428
vt 0.626333 0.219216
vt 0.620720 0.152267
vt 0.623490 0.094349
vt 0.436585 0.552186
vt 0.539433 0.840077
vt 0.995462 0.751739
vt 0.981462 0.749438
vt 0.969225 0.784820
vt 0.982482 0.774573
vt 0.289337 0.912819
vt 0.242165 0.887062
vt 0.251547 0.879529
vt 0.291546 0.883315
vt 0.870345 0.274858
vt 0.889390 0.286686
vt 0.819459 0.626927
vt 0.800814 0.615653
vt 0.816715 0.605841
vt 0.872322 0.079348
vt 0.641179 0.244569
vt 0.865201 0.509408
vt 0.900517 0.481517
vt 0.903668 0.448953
vt 0.880527 0.469906
vt 0.794816 0.122179
vt 0.427812 0.559662
vt 0.931530 0.175041
vt 0.922252 0.228092
vt 0.942931 0.215694
vt 0.578917 0.888248
vt 0.596448 0.908264
vt 0.638831 0.291502
vt 0.943126 0.271412
vt 0.521162 0.852060
vt 0.520503 0.837272
vt 0.039034 0.987013
vt 0.037224 0.977493
vt 0.044647 0.989092
vt 0.711623 0.686779
vt 0.687767 0.707952
vt 0.729471 0.632291
vt 0.764517 0.639534
vt 0.501159 0.817628
vt 0.513026 0.819278
vt 0.494270 0.840893
vt 0.670870 0.389411
vt 0.871969 0.052416
vt 0.354250 0.594618
vt 0.378662 0.590888
vt 0.330730 0.615205
vt 0.323317 0.602387
vt 0.346475 0.627717
vt 0.382003 0.538263
vt 0.425182 0.483578
vt 0.457612 0.462628
vt 0.400292 0.535846
vt 0.511365 0.319761
vt 0.542046 0.311008
vt 0.491780 0.263489
vt 0.955798 0.261754
vt 0.956683 0.211759
vt 0.771357 0.612923
vt 0.792322 0.585898
vt 0.596792 0.894653
vt 0.795093 0.365628
vt 0.577634 0.959588
vt 0.546252 0.960634
vt 0.563454 0.948616
vt 0.609027 0.919497
vt 0.368396 0.571372
vt 0.879656 0.785064
vt 0.873949 0.797632
vt 0.894339 0.825267
vt 0.714676 0.195686
vt 0.674849 0.290716
vt 0.471348 0.813228
vt 0.481798 0.819814
vt 0.481296 0.837979
vt 0.910933 0.799685
vt 0.439889 0.630668
vt 0.512542 0.612000
vt 0.051329 0.953810
vt 0.549612 0.984030
vt 0.558349 0.965058
vt 0.553438 0.998916
vt 0.545792 0.971458
vt 0.666507 0.361480
vt 0.728048 0.677716
vt 0.745163 0.673479
vt 0.731159 0.701809
vt 0.436838 0.537152
vt 0.915631 0.855713
vt 0.043419 0.440119
vt 0.040032 0.432277
vt 0.052000 0.439381
vt 0.868795 0.046551
vt 0.831228 0.052027
vt 0.754972 0.793629
vt 0.730291 0.795429
vt 0.709494 0.792212
vt 0.231168 0.976910
vt 0.223185 0.980269
vt 0.252063 0.980269
vt 0.788593 0.541858
vt 0.723737 0.518570
vt 0.762062 0.534977
vt 0.899208 0.294965
vt 0.896642 0.271254
vt 0.916247 0.309266
vt 0.540944 0.887376
vt 0.467066 0.881529
vt 0.491601 0.869852
vt 0.499575 0.862937
vt 0.584395 0.062972
vt 0.595739 0.075466
vt 0.596740 0.049260
vt 0.057337 0.471624
vt 0.027999 0.499048
vt 0.035099 0.518082
vt 0.794630 0.077697
vt 0.803099 0.107973
vt 0.896460 0.735610
vt 0.887327 0.767847
vt 0.911410 0.756916
vt 0.576889 0.030363
vt 0.025559 0.779376
vt 0.050946 0.788097
vt 0.036966 0.810580
vt 0.025779 0.791012
vt 0.036716 0.992088
vt 0.039077 0.998741
vt 0.357201 0.566740
vt 0.323658 0.955327
vt 0.240773 0.932485
vt 0.780149 0.528832
vt 0.681098 0.207899
vt 0.675236 0.209058
vt 0.749993 0.733910
vt 0.724090 0.753876
vt 0.695892 0.533364
vt 0.709396 0.530143
vt 0.700782 0.555703
vt 0.577145 0.694794
vt 0.416706 0.837357
vt 0.396629 0.829422
vt 0.570750 0.683879
vt 0.922028 0.713966
vt 0.914546 0.712891
vt 0.908867 0.706549
vt 0.291016 0.140882
vt 0.802288 0.284244
vt 0.817245 0.251763
vt 0.843820 0.239843
vt 0.826055 0.255025
vt 0.368816 0.658988
vt 0.336981 0.656299
vt 0.341778 0.644252
vt 0.350901 0.634646
vt 0.679592 0.364886
vt 0.241434 0.222920
vt 0.251986 0.190841
vt 0.277833 0.216727
vt 0.239679 0.252312
vt 0.751642 0.714857
vt 0.679634 0.406541
vt 0.353751 0.715157
vt 0.354293 0.729315
vt 0.361377 0.727371
vt 0.364586 0.700096
vt 0.411336 0.317947
vt 0.985906 0.717103
vt 0.963701 0.732530
vt 0.963309 0.760770
vt 0.463984 0.442110
vt 0.012563 0.276734
vt 0.010764 0.293018
vt 0.024399 0.316433
vt 0.256776 0.140020
vt 0.658177 0.702013
vt 0.674703 0.701633
vt 0.674296 0.719619
vt 0.677787 0.732651
vt 0.636048 0.720859
vt 0.775252 0.698091
vt 0.265635 0.128550
vt 0.276400 0.568098
vt 0.271262 0.528654
vt 0.342054 0.559959
vt 0.351033 0.221401
vt 0.345301 0.242018
vt 0.286474 0.485352
vt 0.768577 0.687868
vt 0.101614 0.808887
vt 0.990412 0.534357
vt 0.995462 0.541688
vt 0.993321 0.548390
vt 0.979807 0.548098
vt 0.876425 0.201150
vt 0.894461 0.198547
vt 0.908475 0.199627
vt 0.254627 0.479197
vt 0.066570 0.807170
vt 0.417086 0.953671
vt 0.451245 0.929533
vt 0.442145 0.966693
vt 0.386953 0.975323
vt 0.082225 0.989253
vt 0.080381 0.968485
vt 0.121223 0.998469
vt 0.089811 0.466787
vt 0.089867 0.482336
vt 0.083479 0.470586
vt 0.599962 0.313278
vt 0.539451 0.426101
vt 0.596361 0.355184
vt 0.664604 0.828984
vt 0.683638 0.846320
vt 0.756371 0.719636
vt 0.161893 0.879390
vt 0.162128 0.837429
vt 0.146443 0.872147
vt 0.791087 0.256971
vt 0.820906 0.212280
vt 0.590402 0.429964
vt 0.576115 0.492362
vt 0.601062 0.511665
vt 0.551594 0.141150
vt 0.557251 0.177946
vt 0.610172 0.727489
vt 0.617938 0.709197
vt 0.343070 0.170168
vt 0.312036 0.159917
vt 0.076331 0.490570
vt 0.311118 0.123417
vt 0.334616 0.123180
vt 0.375808 0.131486
vt 0.396019 0.148854
vt 0.779402 0.718225
vt 0.772370 0.732366
vt 0.318224 0.577622
vt 0.318556 0.586325
vt 0.306644 0.482809
vt 0.779767 0.696548
vt 0.704777 0.728124
vt 0.714043 0.699031
vt 0.110837 0.460352
vt 0.121781 0.479322
vt 0.157317 0.811598
vt 0.915477 0.190717
vt 0.256073 0.301409
vt 0.272689 0.265658
vt 0.297505 0.338048
vt 0.385019 0.326829
vt 0.400426 0.337943
vt 0.359213 0.333192
vt 0.047079 0.776818
vt 0.073453 0.517692
vt 0.104924 0.517227
vt 0.206114 0.585897
vt 0.193291 0.589001
vt 0.185034 0.586735
vt 0.791652 0.764787
vt 0.553013 0.443149
vt 0.539663 0.476807
vt 0.559065 0.477278
vt 0.674845 0.042094
vt 0.658765 0.022906
vt 0.648365 0.043054
vt 0.673321 0.044419
vt 0.398286 0.139984
vt 0.707932 0.634577
vt 0.722416 0.577506
vt 0.892896 0.658293
vt 0.905975 0.663933
vt 0.971496 0.503210
vt 0.993439 0.487428
vt 0.966958 0.487288
vt 0.984800 0.500123
vt 0.636617 0.441520
vt 0.638722 0.479291
vt 0.687826 0.488120
vt 0.713396 0.487315
vt 0.846327 0.419720
vt 0.850573 0.421143
vt 0.836311 0.426188
vt 0.666534 0.426115
vt 0.866373 0.604630
vt 0.895861 0.627763
vt 0.861461 0.570071
vt 0.178120 0.669903
vt 0.199818 0.693737
vt 0.625482 0.343829
vt 0.617331 0.351624
vt 0.622858 0.371836
vt 0.909792 0.682183
vt 0.944197 0.683536
vt 0.332451 0.480973
vt 0.331800 0.493169
vt 0.348644 0.493079
vt 0.946788 0.187846
vt 0.950028 0.147948
vt 0.974072 0.468449
vt 0.964171 0.482011
vt 0.422330 0.172521
vt 0.414783 0.167241
vt 0.347366 0.502854
vt 0.651559 0.914144
vt 0.630019 0.899280
vt 0.198534 0.713977
vt 0.678619 0.510408
vt 0.677580 0.534272
vt 0.668651 0.507582
vt 0.642477 0.087387
vt 0.644004 0.078360
vt 0.633354 0.085593
vt 0.293544 0.734097
vt 0.282294 0.704222
vt 0.306714 0.709265
vt 0.031779 0.763644
vt 0.038732 0.747524
vt 0.074866 0.751740
vt 0.676339 0.925598
vt 0.683969 0.951442
vt 0.634805 0.940839
vt 0.621662 0.901376
vt 0.047839 0.579052
vt 0.060936 0.608320
vt 0.038237 0.601072
vt 0.123339 0.548158
vt 0.104749 0.571868
vt 0.141303 0.644838
vt 0.122348 0.668687
vt 0.127725 0.623064
vt 0.331972 0.905237
vt 0.335134 0.913533
vt 0.325419 0.899760
vt 0.337568 0.706441
vt 0.326989 0.720415
vt 0.633338 0.490728
vt 0.612976 0.514572
vt 0.620678 0.489812
vt 0.499877 0.505271
vt 0.496346 0.439762
vt 0.302462 0.890946
vt 0.281608 0.876154
vt 0.291667 0.875741
vt 0.287004 0.869784
vt 0.508102 0.502925
vt 0.135663 0.681465
vt 0.922738 0.471879
vt 0.948349 0.482526
vt 0.940298 0.422290
vt 0.302952 0.908426
vt 0.604937 0.376218
vt 0.626650 0.386247
vt 0.379155 0.954294
vt 0.364737 0.928360
vt 0.345997 0.948710
vt 0.334046 0.966031
vt 0.153012 0.953924
vt 0.157895 0.983725
vt 0.131484 0.957734
vt 0.822289 0.892293
vt 0.850144 0.899397
vt 0.107192 0.637397
vt 0.093069 0.713225
vt 0.093923 0.697410
vt 0.681901 0.587652
vt 0.655038 0.615899
vt 0.632189 0.583016
vt 0.117854 0.581652
vt 0.353801 0.682831
vt 0.407344 0.677776
vt 0.374009 0.685483
vt 0.130604 0.149498
vt 0.122310 0.168174
vt 0.150989 0.196191
vt 0.149119 0.148602
vt 0.788452 0.555922
vt 0.770283 0.582132
vt 0.771086 0.553967
vt 0.787189 0.550356
vt 0.042637 0.536962
vt 0.054934 0.539970
vt 0.670907 0.809029
vt 0.648605 0.824380
vt 0.674310 0.776050
vt 0.875758 0.069554
vt 0.612464 0.642859
vt 0.586322 0.652547
vt 0.583306 0.644941
vt 0.601170 0.639379
vt 0.206831 0.521666
vt 0.247208 0.530465
vt 0.662223 0.959995
vt 0.140985 0.566963
vt 0.234840 0.880993
vt 0.355922 0.900337
vt 0.380108 0.909285
vt 0.406061 0.881925
vt 0.406712 0.856596
vt 0.375023 0.867697
vt 0.346792 0.876758
vt 0.335633 0.879615
vt 0.214279 0.858615
vt 0.225392 0.850738
vt 0.211070 0.885197
vt 0.129376 0.606548
vt 0.384076 0.841363
vt 0.401791 0.835898
vt 0.410413 0.846767
vt 0.182937 0.901022
vt 0.417060 0.932358
vt 0.402877 0.952456
vt 0.492041 0.202381
vt 0.562836 0.186093
vt 0.509089 0.183923
vt 0.906223 0.132727
vt 0.912165 0.129371
vt 0.249728 0.680463
vt 0.287623 0.674470
vt 0.226816 0.723549
vt 0.357946 0.850830
vt 0.381143 0.858555
vt 0.350024 0.862643
vt 0.925878 0.172974
vt 0.648927 0.900300
vt 0.195534 0.308764
vt 0.174903 0.340755
vt 0.167079 0.302360
vt 0.479609 0.592497
vt 0.447088 0.585330
vt 0.182243 0.268720
vt 0.966612 0.700336
vt 0.988930 0.702291
vt 0.981172 0.696441
vt 0.456583 0.928406
vt 0.226897 0.277847
vt 0.141640 0.730118
vt 0.176483 0.729382
vt 0.165901 0.716060
vt 0.934930 0.493442
vt 0.955776 0.517693
vt 0.311943 0.287013
vt 0.283881 0.974441
vt 0.236639 0.972662
vt 0.200073 0.964950
vt 0.796479 0.678394
vt 0.821993 0.657074
vt 0.521128 0.537889
vt 0.465326 0.260069
vt 0.518205 0.232035
vt 0.434902 0.234049
vt 0.739117 0.858471
vt 0.231593 0.272721
vt 0.098254 0.829375
vt 0.520411 0.975473
vt 0.553318 0.577485
vt 0.182952 0.228493
vt 0.752066 0.106169
vt 0.094804 0.258399
vt 0.062448 0.216431
vt 0.038744 0.210476
vt 0.057735 0.243600
vt 0.990598 0.951916
vt 0.979519 0.945931
vt 0.984653 0.969230
vt 0.915781 0.463601
vt 0.286959 0.918555
vt 0.281649 0.914954
vt 0.515961 0.959369
vt 0.226627 0.218036
vt 0.982266 0.933335
vt 0.979165 0.917160
vt 0.786864 0.309275
vt 0.790590 0.295572
vt 0.989999 0.939311
vt 0.912434 0.444946
vt 0.149713 0.128798
vt 0.651572 0.065679
vt 0.668880 0.053957
vt 0.680793 0.062218
vt 0.906239 0.442934
vt 0.796351 0.269759
vt 0.490784 0.112730
vt 0.193705 0.764429
vt 0.205631 0.766724
vt 0.195757 0.775399
vt 0.189926 0.767771
vt 0.736460 0.831967
vt 0.738036 0.819899
vt 0.733578 0.826238
vt 0.992987 0.922166
vt 0.216598 0.737171
vt 0.219476 0.765338
vt 0.213398 0.760497
vt 0.906942 0.425505
vt 0.516089 0.830901
vt 0.993894 0.726233
vt 0.117441 0.156738
vt 0.499101 0.072530
vt 0.490552 0.076428
vt 0.534284 0.117536
vt 0.537657 0.073150
vt 0.175970 0.762795
vt 0.482261 0.749533
vt 0.064064 0.929602
vt 0.063625 0.922026
vt 0.958698 0.571740
vt 0.958906 0.638853
vt 0.185521 0.022743
vt 0.175520 0.028967
vt 0.179816 0.017564
vt 0.198741 0.024499
vt 0.194717 0.201096
vt 0.204875 0.743021
vt 0.162208 0.759022
vt 0.170655 0.767181
vt 0.754421 0.574405
vt 0.463229 0.022897
vt 0.432506 0.011199
vt 0.668573 0.022209
vt 0.227971 0.907942
vt 0.172376 0.913461
vt 0.142990 0.912293
vt 0.195695 0.740650
vt 0.482976 0.734256
vt 0.169221 0.744317
vt 0.652353 0.047803
vt 0.857108 0.274155
vt 0.515794 0.682487
vt 0.396331 0.852634
vt 0.942923 0.405515
vt 0.939950 0.415295
vt 0.018102 0.122211
vt 0.027489 0.145087
vt 0.802237 0.228038
vt 0.232883 0.160443
vt 0.375439 0.912589
vt 0.958333 0.215365
vt 0.965354 0.203913
vt 0.300909 0.814136
vt 0.259185 0.778849
vt 0.855744 0.533584
vt 0.446738 0.792590
vt 0.446782 0.783795
vt 0.442973 0.797975
vt 0.155449 0.738352
vt 0.075112 0.614665
vt 0.103679 0.592978
vt 0.083060 0.632042
vt 0.819719 0.883581
vt 0.802390 0.866383
vt 0.518976 0.938049
vt 0.536150 0.938766
vt 0.528670 0.933289
vt 0.436552 0.862084
vt 0.126300 0.212427
vt 0.159208 0.206226
vt 0.109638 0.210106
vt 0.834229 0.432463
vt 0.862245 0.506570
vt 0.681106 0.865948
vt 0.799919 0.843118
vt 0.540904 0.178652
vt 0.975978 0.369024
vt 0.976304 0.374055
vt 0.936685 0.371287
vt 0.142342 0.226237
vt 0.455555 0.644711
vt 0.461766 0.653997
vt 0.440182 0.654492
vt 0.212391 0.700521
vt 0.234399 0.687164
vt 0.213811 0.722582
vt 0.375900 0.238250
vt 0.587027 0.925836
vt 0.525753 0.927031
vt 0.805249 0.857714
vt 0.894018 0.926090
vt 0.917532 0.940291
vt 0.896903 0.938397
vt 0.825495 0.708228
vt 0.860464 0.555207
vt 0.858004 0.837129
vt 0.568990 0.311266
vt 0.583590 0.324177
vt 0.581543 0.292937
vt 0.373141 0.207131
vt 0.399399 0.249811
vt 0.964956 0.785879
vt 0.562294 0.594039
vt 0.552077 0.591864
vt 0.558127 0.579857
vt 0.015732 0.761077
vt 0.909394 0.235489
vt 0.909773 0.255130
vt 0.916852 0.297021
vt 0.216087 0.152368
vt 0.183324 0.174909
vt 0.201266 0.160646
vt 0.856330 0.219343
vt 0.135824 0.510836
vt 0.125523 0.226252
vt 0.747274 0.807547
vt 0.737189 0.800250
vt 0.313814 0.989480
vt 0.354798 0.998057
vt 0.304688 0.996278
vt 0.858078 0.206008
vt 0.557212 0.299420
vt 0.034332 0.267497
vt 0.011502 0.252146
vt 0.849905 0.541352
vt 0.626153 0.011183
vt 0.612945 0.026356
vt 0.246665 0.161712
vt 0.583581 0.275334
vt 0.155609 0.246192
vt 0.911676 0.491271
vt 0.561941 0.273874
vt 0.625208 0.095761
vt 0.626043 0.109891
vt 0.031745 0.190433
vt 0.549623 0.859913
vt 0.065246 0.479612
vt 0.065594 0.462883
vt 0.064782 0.521614
vt 0.365183 0.318517
vt 0.384970 0.308698
vt 0.566567 0.265636
vt 0.157826 0.267389
vt 0.084477 0.961148
vt 0.878318 0.635854
vt 0.549628 0.998823
vt 0.392274 0.272365
vt 0.396279 0.273515
vt 0.264369 0.982831
vt 0.608523 0.749581
vt 0.606357 0.755136
vt 0.542270 0.759587
vt 0.039515 0.959155
vt 0.504634 0.755575
vt 0.548197 0.727439
vt 0.876527 0.265332
vt 0.836509 0.494730
vt 0.832650 0.513340
vt 0.802036 0.490057
vt 0.378564 0.275276
vt 0.870095 0.225651
vt 0.752913 0.550249
vt 0.745061 0.568382
vt 0.003069 0.089115
vt 0.010612 0.082522
vt 0.015024 0.083671
vt 0.220512 0.605531
vt 0.241392 0.627266
vt 0.203572 0.646224
vt 0.371579 0.297599
vt 0.680715 0.501502
vt 0.580299 0.138038
vt 0.771476 0.544500
vt 0.803632 0.300550
vt 0.809952 0.317407
vt 0.365076 0.290331
vt 0.256410 0.998422
vt 0.562175 0.028082
vt 0.002403 0.103631
vt 0.012140 0.116165
vt 0.785041 0.508427
vt 0.055880 0.942031
vt 0.583636 0.719562
vt 0.048354 0.470790
vt 0.044006 0.469908
vt 0.119258 0.271441
vt 0.925534 0.046673
vt 0.930281 0.045864
vt 0.928103 0.036524
vt 0.555086 0.009669
vt 0.052641 0.944519
vt 0.144289 0.287144
vt 0.406386 0.321322
vt 0.199657 0.625544
vt 0.207814 0.610808
vt 0.198862 0.634769
vt 0.928989 0.546723
vt 0.939283 0.538843
vt 0.948103 0.545025
vt 0.962293 0.529506
vt 0.389422 0.659969
vt 0.368125 0.631903
vt 0.381253 0.635256
vt 0.400112 0.659091
vt 0.399975 0.665407
vt 0.350245 0.549520
vt 0.324878 0.510173
vt 0.331288 0.531399
vt 0.027458 0.239732
vt 0.956404 0.299962
vt 0.760023 0.498962
vt 0.642279 0.757146
vt 0.189100 0.637638
vt 0.591819 0.508085
vt 0.880555 0.413672
vt 0.901900 0.417087
vt 0.900717 0.428611
vt 0.867041 0.427017
vt 0.677909 0.751551
vt 0.670557 0.760061
vt 0.837014 0.881143
vt 0.849571 0.874000
vt 0.824106 0.887233
vt 0.639040 0.690834
vt 0.629126 0.670914
vt 0.643605 0.639575
vt 0.013667 0.349208
vt 0.016472 0.378962
vt 0.021972 0.349211
vt 0.185672 0.653721
vt 0.235684 0.674682
vt 0.203852 0.669956
vt 0.740513 0.474638
vt 0.865920 0.404519
vt 0.884660 0.382082
vt 0.889459 0.381977
vt 0.184455 0.861294
vt 0.181606 0.853809
vt 0.144492 0.643148
vt 0.413217 0.247390
vt 0.459286 0.184751
vt 0.431881 0.216321
vt 0.405400 0.246016
vt 0.114383 0.447692
vt 0.239495 0.569298
vt 0.028133 0.803047
vt 0.546302 0.070552
vt 0.502069 0.406331
vt 0.370167 0.742035
vt 0.397936 0.750992
vt 0.309682 0.448924
vt 0.300118 0.466360
vt 0.582266 0.689496
vt 0.176059 0.641240
vt 0.469730 0.171328
vt 0.329453 0.644791
vt 0.239089 0.760202
vt 0.232957 0.743328
vt 0.293551 0.761613
vt 0.105125 0.726322
vt 0.160479 0.121327
vt 0.130088 0.710460
vt 0.166471 0.646046
vt 0.727600 0.550298
vt 0.951012 0.199716
vt 0.390658 0.165445
vt 0.391175 0.179851
vt 0.345608 0.343166
vt 0.138165 0.939998
vt 0.164180 0.921226
vt 0.179300 0.928017
vt 0.576545 0.664507
vt 0.248655 0.729653
vt 0.327137 0.115059
vt 0.561201 0.148319
vt 0.368662 0.751681
vt 0.856550 0.235482
vt 0.327970 0.342438
vt 0.341944 0.331732
vt 0.652791 0.906355
vt 0.022890 0.607141
vt 0.026259 0.590070
vt 0.060093 0.549966
vt 0.890381 0.641195
vt 0.534661 0.616807
vt 0.558497 0.630927
vt 0.999587 0.193535
vt 0.963448 0.185855
vt 0.981237 0.171775
vt 0.117082 0.747148
vt 0.190905 0.958430
vt 0.638147 0.431586
vt 0.623074 0.653438
vt 0.635088 0.130538
vt 0.218928 0.688379
vt 0.657493 0.496812
vt 0.639156 0.486091
vt 0.178032 0.918976
vt 0.190288 0.920194
vt 0.181635 0.969404
vt 0.596941 0.666220
vt 0.568689 0.655745
vt 0.655169 0.073376
vt 0.168402 0.847229
vt 0.173813 0.844248
vt 0.187081 0.860377
vt 0.395177 0.212755
vt 0.396566 0.230986
vt 0.403603 0.203844
vt 0.449634 0.777889
vt 0.519296 0.803222
vt 0.115235 0.602425
vt 0.656098 0.120869
vt 0.245816 0.722823
vt 0.928359 0.584462
vt 0.928503 0.568831
vt 0.923680 0.569608
vt 0.413200 0.183803
vt 0.426336 0.191477
vt 0.448431 0.594112
vt 0.911611 0.399678
vt 0.922284 0.688879
vt 0.788266 0.904391
vt 0.802479 0.896170
vt 0.021870 0.636016
vt 0.806195 0.824792
vt 0.783037 0.806784
vt 0.097741 0.582884
vt 0.938957 0.687425
vt 0.784189 0.922967
vt 0.863596 0.891487
vt 0.754860 0.419943
vt 0.709576 0.411427
vt 0.450876 0.437106
vt 0.236111 0.845472
vt 0.104808 0.961537
vt 0.206007 0.984096
vt 0.494545 0.450261
vt 0.994346 0.446682
vt 0.365387 0.691092
vt 0.603504 0.536596
vt 0.406559 0.270824
vt 0.263062 0.858924
vt 0.101975 0.973146
vt 0.303398 0.665137
vt 0.816805 0.740524
vt 0.875841 0.003347
vt 0.941842 0.022365
vt 0.892539 0.019432
vt 0.778109 0.935022
vt 0.790947 0.935534
vt 0.232652 0.831682
vt 0.270145 0.815311
vt 0.834864 0.022726
vt 0.841347 0.000647
vt 0.067916 0.609781
vt 0.955843 0.679704
vt 0.267970 0.872009
vt 0.407268 0.259500
vt 0.100263 0.311172
vt 0.054561 0.342989
vt 0.789139 0.382302
vt 0.452585 0.369705
vt 0.460481 0.347187
vt 0.475708 0.351350
vt 0.801709 0.942212
vt 0.995113 0.437741
vt 0.305154 0.640641
vt 0.814320 0.938080
vt 0.054809 0.624449
vt 0.650240 0.614455
vt 0.308460 0.611645
vt 0.951564 0.573651
vt 0.691649 0.671269
vt 0.502045 0.367810
vt 0.964934 0.395562
vt 0.978994 0.430999
vt 0.980143 0.374747
vt 0.786834 0.391242
vt 0.477549 0.115191
vt 0.374264 0.667817
vt 0.216603 0.798457
vt 0.239832 0.809072
vt 0.471379 0.982918
vt 0.418364 0.983977
vt 0.450419 0.977458
vt 0.471630 0.977844
vt 0.316513 0.839154
vt 0.171732 0.565803
vt 0.579737 0.587931
vt 0.502938 0.357125
vt 0.212686 0.144033
vt 0.361410 0.664022
vt 0.492911 0.983898
vt 0.505858 0.268155
vt 0.929082 0.138331
vt 0.162382 0.605162
vt 0.445102 0.495702
vt 0.517404 0.275182
vt 0.150616 0.636226
vt 0.554508 0.660986
vt 0.550292 0.210122
vt 0.266090 0.575487
vt 0.540842 0.362764
vt 0.563218 0.337315
vt 0.484122 0.706549
vt 0.474507 0.708997
vt 0.503702 0.709356
s 0
f 129/1/1 140/2/1 136/3/1
f 131/4/2 136/3/2 132/5/2
f 136/3/3 140/2/3 132/5/3
f 301/6/4 152/7/4 292/8/4 293/9/4
f 8/10/5 583/11/5 5/12/5 4/13/5
f 443/14/6 440/15/6 286/16/6
f 581/17/7 568/18/7 421/19/7
f 295/20/8 294/21/8 608/22/8 263/23/8
f 572/24/9 565/25/9 566/26/9 221/27/9 227/28/9 576/29/9 229/30/9 574/31/9
f 411/32/10 414/33/10 412/34/10
f 256/35/11 258/36/11 252/37/11
f 253/38/12 254/39/12 252/37/12
f 485/40/13 383/41/13 43/42/13
f 382/43/14 265/44/14 381/45/14
f 381/45/15 484/46/15 383/41/15
f 486/47/16 382/43/16 381/45/16
f 488/48/17 38/49/17 562/50/17
f 488/51/18 280/52/18 199/53/18
f 289/54/19 237/55/19 605/56/19 561/57/19
f 43/42/20 383/41/20 484/46/20
f 485/58/21 487/59/21 486/60/21
f 329/61/22 328/62/22 180/63/22 223/64/22
f 485/58/23 38/65/23 487/59/23
f 488/48/24 562/50/24 280/66/24
f 296/67/25 151/68/25 410/69/25
f 291/70/26 258/71/26 259/72/26 120/73/26 368/74/26
f 232/75/27 578/76/27 577/77/27 179/78/27
f 150/79/28 373/80/28 151/81/28
f 557/82/29 608/22/29 607/83/29 609/84/29
f 37/85/30 559/86/30 45/87/30
f 197/88/31 94/89/31 95/90/31
f 37/85/32 44/91/32 559/86/32
f 458/92/33 457/93/33 456/94/33 459/95/33
f 44/91/34 39/96/34 559/86/34
f 152/7/35 296/97/35 372/98/35 292/8/35
f 93/99/36 155/100/36 94/89/36
f 154/101/37 97/102/37 153/103/37 299/104/37
f 152/105/38 147/106/38 296/67/38
f 414/33/39 436/107/39 435/108/39 412/34/39
f 93/99/40 94/89/40 197/88/40
f 250/109/41 376/110/41 373/80/41 147/106/41 148/111/41
f 376/110/42 374/112/42 373/80/42
f 359/113/43 93/99/43 196/114/43
f 84/115/44 260/116/44 262/117/44
f 260/116/45 261/118/45 262/117/45
f 302/119/46 158/120/46 304/121/46 303/122/46 88/123/46
f 187/124/47 346/125/47 348/126/47 355/127/47
f 41/128/48 39/96/48 42/129/48
f 290/130/49 117/131/49 119/132/49
f 557/133/50 128/134/50 608/135/50
f 83/136/51 263/23/51 260/116/51 84/115/51
f 375/137/52 374/112/52 376/110/52
f 152/105/53 149/138/53 147/106/53
f 149/138/54 148/111/54 147/106/54
f 148/111/55 249/139/55 250/140/55
f 361/141/56 44/91/56 37/85/56
f 403/142/57 550/143/57 402/144/57
f 361/145/58 360/146/58 44/147/58
f 550/148/59 549/149/59 401/150/59
f 148/151/60 96/152/60 249/153/60
f 403/142/61 549/154/61 550/143/61
f 44/155/62 485/156/62 43/157/62
f 44/91/63 43/158/63 39/96/63
f 608/22/64 294/21/64 607/83/64
f 153/103/65 155/159/65 93/160/65
f 478/161/66 476/162/66 363/163/66
f 377/164/67 361/141/67 37/85/67
f 153/165/68 93/99/68 148/151/68
f 39/96/69 208/166/69 42/129/69
f 169/167/70 189/168/70 170/169/70 282/170/70
f 339/171/71 311/172/71 312/173/71 340/174/71 460/175/71 337/176/71
f 377/164/72 37/85/72 558/177/72
f 492/178/73 208/166/73 39/96/73
f 365/179/74 364/180/74 290/130/74
f 290/130/75 364/180/75 363/181/75
f 128/182/76 263/183/76 608/22/76
f 294/184/77 611/185/77 607/83/77
f 607/83/78 611/185/78 561/186/78
f 561/186/79 604/187/79 238/188/79
f 43/158/80 484/189/80 39/96/80
f 264/190/81 382/191/81 486/192/81 344/193/81
f 39/96/82 484/189/82 492/178/82
f 153/103/83 97/102/83 155/159/83
f 490/194/84 226/195/84 213/196/84
f 481/197/85 388/198/85 534/199/85 535/200/85 480/201/85
f 611/185/86 602/202/86 561/186/86
f 561/186/87 602/202/87 604/187/87
f 408/203/88 248/204/88 558/205/88
f 248/206/89 377/164/89 558/177/89
f 248/206/90 38/207/90 377/164/90
f 377/164/91 38/207/91 251/208/91
f 198/209/92 344/210/92 345/211/92
f 251/212/93 198/209/93 345/211/93
f 203/213/94 264/214/94 202/215/94
f 324/216/95 468/217/95 175/218/95 320/219/95
f 490/194/96 491/220/96 226/195/96
f 346/221/97 183/222/97 181/223/97 347/224/97
f 149/138/98 153/103/98 148/111/98
f 251/208/99 38/207/99 198/225/99
f 483/226/100 493/227/100 492/228/100
f 492/228/101 493/227/101 490/194/101
f 493/227/102 489/229/102 490/194/102
f 83/136/103 295/20/103 263/23/103
f 597/230/104 263/231/104 128/134/104
f 293/9/105 294/232/105 295/233/105
f 477/234/106 406/235/106 476/162/106
f 604/236/107 239/237/107 238/238/107
f 152/239/108 301/240/108 149/241/108
f 409/242/109 248/204/109 408/203/109
f 248/206/110 562/243/110 38/207/110
f 547/244/111 539/245/111 401/150/111
f 203/246/112 493/247/112 264/248/112
f 264/249/113 493/227/113 382/250/113
f 382/250/114 493/227/114 483/226/114
f 195/251/115 264/252/115 344/193/115 198/253/115
f 109/254/116 491/220/116 490/194/116
f 109/254/117 333/255/117 491/220/117
f 281/256/118 554/257/118 438/258/118
f 116/259/119 118/260/119 117/261/119
f 611/262/120 603/263/120 602/202/120
f 484/264/121 483/226/121 492/228/121
f 344/210/122 487/265/122 203/266/122
f 203/246/123 487/267/123 493/247/123
f 493/247/124 487/267/124 489/268/124
f 130/269/125 138/270/125 494/271/125 495/272/125
f 281/256/126 438/258/126 439/273/126
f 305/274/127 159/275/127 160/276/127 114/277/127 112/278/127 113/279/127
f 615/280/128 65/281/128 66/282/128
f 344/210/129 486/283/129 487/265/129
f 483/226/130 484/264/130 381/284/130
f 381/284/131 265/285/131 483/226/131
f 98/286/132 97/287/132 99/288/132
f 109/254/133 490/194/133 489/229/133
f 236/289/134 238/238/134 239/237/134
f 301/240/135 299/290/135 149/241/135
f 149/138/136 299/104/136 153/103/136
f 393/291/137 539/292/137 552/293/137
f 99/294/138 199/295/138 105/296/138
f 4/13/139 7/297/139 9/298/139 171/299/139
f 281/300/140 123/301/140 554/302/140
f 116/259/141 258/71/141 118/260/141
f 603/263/142 407/303/142 239/304/142
f 547/244/143 546/305/143 539/245/143
f 226/306/144 224/307/144 212/308/144 213/309/144
f 436/107/145 416/310/145 438/311/145
f 85/312/146 255/313/146 83/136/146
f 597/230/147 123/301/147 596/314/147
f 236/289/148 239/237/148 407/315/148
f 244/316/149 171/299/149 9/298/149 12/317/149
f 65/318/150 242/319/150 66/320/150
f 477/234/151 545/321/151 549/154/151
f 199/322/152 109/254/152 487/59/152
f 487/59/153 109/254/153 489/229/153
f 551/323/154 396/324/154 398/325/154
f 121/326/155 419/327/155 420/328/155
f 77/329/156 85/330/156 83/331/156
f 255/313/157 295/20/157 83/136/157
f 253/332/158 300/333/158 257/334/158
f 300/333/159 299/290/159 301/240/159
f 67/335/160 65/281/160 615/280/160
f 400/336/161 299/337/161 404/338/161
f 576/339/162 227/340/162 228/341/162 231/342/162
f 409/343/163 375/137/163 376/110/163 250/344/163
f 58/345/164 61/346/164 169/347/164
f 334/348/165 333/349/165 109/350/165
f 126/351/166 279/352/166 121/353/166
f 133/354/167 135/355/167 130/356/167 132/5/167
f 20/357/168 617/358/168 192/359/168
f 614/360/169 617/358/169 20/357/169
f 116/361/170 252/362/170 258/363/170
f 511/364/171 512/365/171 509/366/171 536/367/171
f 546/368/172 552/293/172 539/292/172
f 99/288/173 100/369/173 199/370/173
f 78/371/174 85/330/174 77/329/174
f 259/372/175 258/36/175 256/35/175
f 255/313/176 254/39/176 295/20/176
f 614/360/177 612/373/177 617/358/177
f 115/374/178 299/290/178 298/375/178
f 298/375/179 299/290/179 300/333/179
f 115/376/180 404/338/180 299/337/180
f 58/345/181 59/377/181 61/346/181
f 100/369/182 109/350/182 199/370/182
f 279/352/183 124/378/183 121/353/183
f 124/378/184 122/379/184 121/353/184
f 259/372/185 256/35/185 85/312/185
f 85/312/186 256/35/186 255/313/186
f 614/380/187 613/381/187 612/382/187
f 298/375/188 300/333/188 116/361/188
f 595/383/189 187/384/189 369/385/189 586/386/189
f 545/387/190 546/305/190 547/244/190
f 399/388/191 394/389/191 400/390/191
f 400/391/192 394/392/192 299/104/192
f 299/104/193 394/392/193 154/101/193
f 154/393/194 99/288/194 97/287/194
f 552/394/195 542/395/195 551/323/195
f 124/378/196 123/301/196 122/379/196
f 78/396/197 259/397/197 85/398/197
f 78/396/198 120/399/198 259/397/198
f 20/357/199 616/400/199 614/360/199
f 13/401/200 16/402/200 19/403/200 18/404/200 616/405/200
f 546/305/201 542/395/201 552/394/201
f 100/369/202 335/406/202 109/350/202
f 125/407/203 123/301/203 124/378/203
f 612/408/204 193/409/204 192/410/204
f 612/408/205 192/410/205 617/411/205
f 496/412/206 283/413/206 134/414/206 287/415/206
f 545/321/207 282/416/207 170/417/207
f 279/418/208 278/419/208 124/420/208
f 170/421/209 542/395/209 545/387/209
f 57/422/210 59/377/210 58/345/210
f 545/387/211 542/395/211 546/305/211
f 600/423/212 81/424/212 262/425/212 601/426/212
f 551/323/213 548/427/213 396/324/213
f 100/369/214 161/428/214 335/406/214
f 316/429/215 454/430/215 315/431/215
f 367/432/216 366/433/216 365/179/216
f 56/434/217 57/422/217 58/345/217
f 335/406/218 334/348/218 109/350/218
f 315/431/219 454/430/219 313/435/219
f 125/407/220 276/436/220 592/437/220
f 78/438/221 79/439/221 454/440/221
f 274/441/222 270/442/222 268/443/222 277/444/222
f 366/445/223 243/446/223 612/447/223
f 64/448/224 56/434/224 67/335/224
f 170/421/225 544/449/225 542/395/225
f 154/393/226 104/450/226 101/451/226
f 395/452/227 102/453/227 394/454/227
f 110/455/228 304/456/228 112/457/228 111/458/228
f 5/459/229 580/460/229 455/461/229 456/94/229 457/93/229
f 314/462/230 449/463/230 315/431/230
f 278/419/231 277/444/231 273/464/231 127/465/231
f 243/466/232 366/433/232 367/432/232
f 18/467/233 614/360/233 616/400/233
f 90/468/234 92/469/234 338/470/234 343/471/234
f 104/450/235 107/472/235 101/451/235
f 76/473/236 589/474/236 588/475/236
f 147/106/237 150/476/237 151/68/237 296/67/237
f 51/477/238 57/422/238 56/434/238
f 242/319/239 282/478/239 479/479/239 613/480/239
f 71/481/240 76/473/240 588/475/240
f 155/482/241 97/287/241 98/286/241 200/483/241
f 79/439/242 74/484/242 454/440/242
f 429/485/243 1/486/243 553/487/243
f 429/485/244 431/488/244 1/486/244
f 64/448/245 62/489/245 56/434/245
f 162/490/246 331/491/246 330/492/246
f 107/472/247 111/458/247 161/493/247
f 71/481/248 588/475/248 354/494/248
f 431/495/249 219/496/249 1/497/249
f 188/498/250 543/499/250 544/449/250
f 544/449/251 543/499/251 542/395/251
f 176/500/252 223/501/252 327/502/252
f 223/503/253 329/504/253 327/505/253
f 353/506/254 71/507/254 354/508/254
f 354/509/255 586/510/255 353/511/255
f 316/512/256 365/179/256 291/513/256 368/514/256 454/515/256
f 14/516/257 17/517/257 22/518/257
f 447/519/258 448/520/258 318/521/258
f 542/395/259 543/499/259 541/522/259
f 542/395/260 541/522/260 540/523/260
f 107/472/261 110/455/261 111/458/261
f 73/524/262 72/525/262 352/526/262
f 14/516/263 22/518/263 21/527/263
f 366/445/264 612/447/264 613/480/264 479/479/264
f 507/528/265 307/529/265 108/530/265 508/531/265
f 120/532/266 78/438/266 454/440/266 368/533/266
f 56/434/267 62/489/267 51/477/267
f 106/534/268 110/455/268 107/472/268
f 123/301/269 597/230/269 128/535/269 555/536/269 554/302/269
f 353/506/270 351/537/270 71/507/270
f 14/516/271 13/401/271 17/517/271
f 57/422/272 52/538/272 60/539/272
f 330/492/273 322/540/273 326/541/273
f 590/542/274 593/543/274 595/544/274
f 408/545/275 558/546/275 605/547/275 237/548/275
f 352/526/276 75/549/276 74/550/276
f 74/550/277 73/524/277 352/526/277
f 74/550/278 82/551/278 73/524/278
f 411/32/279 412/34/279 413/552/279
f 601/553/280 599/554/280 80/555/280 600/556/280
f 132/5/281 130/356/281 129/1/281 131/4/281
f 53/557/282 54/558/282 481/559/282 480/560/282
f 63/561/283 51/477/283 62/489/283
f 425/562/284 428/563/284 437/564/284 424/565/284
f 330/492/285 332/566/285 322/540/285
f 19/567/286 63/561/286 64/448/286
f 64/448/287 63/561/287 62/489/287
f 10/568/288 185/569/288 11/570/288 7/297/288 6/571/288
f 330/492/289 331/491/289 332/566/289
f 160/276/290 159/275/290 167/572/290
f 193/409/291 194/573/291 22/574/291 533/575/291
f 112/457/292 304/456/292 113/576/292
f 428/563/293 435/108/293 436/107/293 437/564/293
f 318/577/294 448/578/294 21/579/294
f 412/34/295 423/580/295 413/552/295
f 25/581/296 391/582/296 30/583/296 146/584/296 28/585/296
f 51/477/297 52/538/297 57/422/297
f 331/491/298 325/586/298 332/566/298
f 423/580/299 168/587/299 413/552/299
f 543/588/300 534/199/300 541/589/300
f 106/534/301 306/590/301 110/455/301
f 416/310/302 418/591/302 439/592/302 438/311/302
f 543/588/303 535/200/303 534/199/303
f 534/199/304 560/593/304 541/589/304
f 331/491/305 165/594/305 325/586/305
f 110/595/306 303/122/306 304/121/306
f 234/596/307 29/597/307 240/598/307 24/599/307
f 593/600/308 528/601/308 594/602/308
f 56/434/309 58/345/309 169/347/309 65/281/309 67/335/309
f 541/589/310 560/593/310 515/603/310
f 306/604/311 303/122/311 110/595/311
f 434/605/312 433/606/312 45/607/312 559/608/312
f 313/609/313 454/440/313 451/610/313 453/611/313
f 2/612/314 563/613/314 168/614/314
f 19/615/315 48/616/315 63/617/315
f 561/186/316 605/547/316 606/618/316 610/619/316 607/83/316
f 325/586/317 323/620/317 332/566/317
f 417/621/318 422/622/318 277/623/318
f 598/624/319 596/625/319 599/554/319 601/553/319
f 51/626/320 53/627/320 52/628/320
f 476/629/321 115/630/321 116/259/321 117/261/321
f 32/631/322 34/632/322 28/585/322
f 363/163/323 476/162/323 117/131/323 290/130/323
f 417/633/324 415/634/324 413/635/324 563/613/324 567/636/324 421/637/324 582/638/324 422/639/324
f 323/620/325 325/586/325 324/640/325
f 323/620/326 324/640/326 321/641/326
f 108/642/327 306/590/327 106/534/327 103/643/327
f 534/199/328 388/198/328 536/644/328
f 165/594/329 166/645/329 325/586/329
f 162/490/330 330/492/330 326/541/330 334/646/330 335/647/330
f 566/648/331 565/649/331 2/612/331
f 534/199/332 536/644/332 560/593/332
f 277/623/333 422/622/333 274/650/333
f 528/601/334 186/651/334 594/602/334
f 610/652/335 424/565/335 426/653/335 556/654/335
f 157/655/336 158/656/336 166/657/336
f 507/528/337 308/658/337 307/529/337
f 567/659/338 563/613/338 564/660/338
f 36/661/339 379/662/339 35/663/339
f 477/234/340 549/154/340 403/142/340 406/235/340
f 324/640/341 320/664/341 321/641/341
f 50/665/342 529/666/342 54/667/342
f 371/668/343 408/669/343 407/670/343 611/671/343
f 422/639/344 582/638/344 585/672/344
f 268/443/345 269/673/345 267/674/345
f 594/675/346 186/676/346 183/222/346
f 532/677/347 529/678/347 531/679/347
f 532/677/348 54/680/348 529/678/348
f 356/681/349 75/682/349 350/683/349 349/684/349 355/127/349
f 35/685/350 379/686/350 378/687/350
f 348/126/351 357/688/351 356/681/351
f 567/659/352 564/660/352 581/17/352
f 73/689/353 79/690/353 78/371/353 72/691/353
f 505/692/354 504/693/354 512/365/354
f 228/694/355 178/695/355 231/696/355
f 185/697/356 182/698/356 186/676/356
f 581/17/357 564/660/357 568/18/357
f 143/699/358 191/700/358 46/701/358
f 317/702/359 367/703/359 316/429/359 315/431/359
f 531/679/360 530/704/360 527/705/360
f 512/365/361 504/693/361 509/366/361
f 341/706/362 468/217/362 475/707/362
f 46/701/363 191/700/363 190/708/363
f 411/32/364 415/634/364 416/310/364 414/33/364
f 86/709/365 343/471/365 475/710/365
f 504/693/366 516/711/366 509/366/366
f 525/712/367 357/713/367 520/714/367
f 142/715/368 145/716/368 241/717/368
f 387/718/369 384/719/369 385/720/369
f 309/721/370 444/722/370 89/723/370
f 88/724/371 89/725/371 87/726/371
f 475/710/372 343/471/372 341/727/372
f 582/728/373 584/729/373 585/730/373
f 564/660/374 570/731/374 569/732/374
f 513/733/375 517/734/375 518/735/375
f 440/736/376 500/737/376 286/738/376
f 385/720/377 362/739/377 387/718/377
f 387/718/378 362/739/378 511/740/378
f 499/741/379 498/742/379 500/743/379
f 49/744/380 48/616/380 46/745/380
f 500/737/381 285/746/381 286/738/381
f 287/747/382 442/748/382 443/749/382
f 529/666/383 49/744/383 55/750/383
f 511/364/384 362/751/384 513/733/384
f 197/752/385 200/753/385 105/296/385 202/754/385 195/251/385
f 500/737/386 498/755/386 285/746/386
f 230/756/387 576/757/387 231/696/387
f 396/758/388 394/389/388 393/759/388 397/760/388 398/761/388
f 174/762/389 469/763/389 178/764/389
f 498/755/390 496/412/390 285/746/390
f 285/746/391 496/412/391 287/415/391
f 297/765/392 342/766/392 339/171/392
f 519/767/393 518/735/393 517/734/393 390/768/393 389/769/393
f 501/770/394 502/771/394 538/772/394
f 570/731/395 172/773/395 569/732/395
f 384/719/396 386/774/396 385/720/396
f 230/756/397 179/78/397 576/757/397
f 6/571/398 457/775/398 458/776/398
f 129/1/399 136/3/399 131/4/399
f 42/777/400 207/778/400 206/779/400 68/780/400
f 362/739/401 385/720/401 386/774/401
f 276/781/402 272/782/402 275/783/402 592/784/402
f 194/785/403 243/786/403 447/519/403 318/521/403
f 225/787/404 491/788/404 333/789/404 334/646/404 326/541/404
f 179/78/405 577/77/405 576/757/405
f 132/5/406 134/790/406 133/354/406
f 87/726/407 90/468/407 343/471/407
f 241/791/408 240/792/408 29/793/408 146/794/408
f 575/795/409 576/339/409 577/796/409
f 91/797/410 90/468/410 87/726/410
f 570/731/411 571/798/411 172/773/411
f 134/414/412 283/413/412 133/799/412
f 362/751/413 390/768/413 517/734/413
f 401/800/414 526/801/414 404/802/414 405/803/414 403/804/414 402/805/414 550/806/414
f 444/807/415 440/15/415 443/14/415 441/808/415
f 283/413/416 135/809/416 133/799/416
f 571/798/417 173/810/417 172/773/417
f 573/811/418 574/812/418 455/813/418
f 283/413/419 284/814/419 135/809/419
f 395/815/420 394/389/420 396/758/420 548/816/420
f 464/817/421 578/818/421 232/819/421
f 284/820/422 137/821/422 135/355/422
f 391/822/423 392/823/423 384/719/423 191/824/423
f 446/825/424 92/826/424 90/827/424
f 137/821/425 284/820/425 139/828/425
f 101/451/426 100/369/426 99/288/426 154/393/426
f 372/98/427 296/97/427 410/829/427
f 434/830/428 559/831/428 40/832/428
f 372/833/429 410/834/429 151/81/429
f 373/80/430 372/833/430 151/81/430
f 69/835/431 434/830/431 40/832/431
f 95/836/432 94/837/432 201/838/432
f 48/616/433 50/665/433 54/667/433 51/626/433 63/617/433
f 606/839/434 45/607/434 433/606/434
f 433/840/435 434/830/435 69/835/435
f 69/841/436 40/842/436 70/843/436
f 200/753/437 95/844/437 201/845/437
f 555/846/438 556/654/438 426/653/438
f 197/752/439 95/844/439 200/753/439
f 128/535/440 557/847/440 609/848/440 556/849/440 555/536/440
f 204/850/441 277/444/441 278/419/441 126/851/441
f 373/80/442 150/79/442 147/852/442
f 461/853/443 463/854/443 578/818/443 464/817/443 462/855/443
f 292/8/444 372/98/444 370/856/444
f 93/99/445 197/88/445 196/114/445
f 424/565/446 610/652/446 606/857/446
f 37/85/447 45/87/447 558/858/447
f 424/565/448 606/857/448 433/840/448
f 558/859/449 45/607/449 606/839/449
f 371/860/450 373/80/450 374/112/450
f 433/840/451 69/835/451 206/861/451
f 541/522/452 515/862/452 548/427/452 540/523/452
f 217/863/453 215/864/453 214/865/453 216/866/453
f 360/867/454 359/868/454 196/869/454
f 195/251/455 196/870/455 197/752/455
f 555/846/456 426/653/456 438/311/456
f 554/871/457 555/536/457 438/872/457
f 439/273/458 419/327/458 121/326/458 281/256/458
f 605/873/459 558/859/459 606/839/459
f 433/840/460 206/861/460 427/874/460
f 358/875/461 96/876/461 359/868/461
f 358/875/462 359/868/462 360/867/462
f 262/877/463 261/878/463 601/553/463
f 293/9/464 292/8/464 370/856/464
f 358/875/465 360/867/465 361/879/465
f 360/880/466 196/870/466 195/251/466
f 68/780/467 41/881/467 42/777/467
f 291/882/468 290/883/468 119/884/468
f 427/874/469 424/565/469 433/840/469
f 44/885/470 360/880/470 195/251/470
f 601/553/471 261/878/471 598/886/471
f 118/260/472 119/887/472 117/261/472
f 425/562/473 424/565/473 427/874/473
f 247/888/474 96/889/474 358/890/474
f 251/891/475 247/888/475 358/890/475
f 251/892/476 358/893/476 377/894/476
f 377/895/477 358/875/477 361/879/477
f 291/70/478 119/887/478 118/260/478
f 409/896/479 250/897/479 249/898/479
f 485/899/480 44/885/480 195/251/480
f 194/573/481 193/900/481 612/447/481 243/901/481
f 207/778/482 42/777/482 208/902/482
f 145/903/483 141/904/483 47/905/483 240/906/483
f 375/137/484 371/860/484 374/112/484
f 245/907/485 247/888/485 251/891/485
f 245/908/486 251/212/486 345/211/486
f 41/128/487 70/909/487 40/910/487 559/86/487 39/96/487
f 365/179/488 290/130/488 291/513/488
f 503/911/489 181/223/489 182/698/489 502/912/489
f 289/913/490 561/914/490 238/915/490
f 237/916/491 289/913/491 238/915/491
f 427/874/492 206/861/492 432/917/492
f 248/918/493 249/898/493 96/889/493
f 248/918/494 96/889/494 247/888/494
f 195/251/495 202/754/495 264/252/495
f 246/919/496 245/907/496 345/920/496
f 271/921/497 273/464/497 277/444/497 268/443/497
f 598/922/498 263/23/498 597/923/498
f 293/9/499 370/856/499 294/232/499
f 408/669/500 375/924/500 409/343/500
f 409/896/501 249/898/501 248/918/501
f 288/925/502 497/926/502 139/927/502 284/814/502 283/413/502 496/412/502
f 562/928/503 247/888/503 245/907/503
f 246/929/504 345/211/504 344/210/504
f 207/778/505 208/902/505 213/309/505
f 148/151/506 93/99/506 359/113/506 96/152/506
f 408/669/507 371/668/507 375/924/507
f 584/729/508 568/18/508 564/660/508 569/732/508
f 562/928/509 248/918/509 247/888/509
f 562/928/510 245/907/510 280/930/510
f 246/929/511 344/210/511 203/266/511
f 122/379/512 123/301/512 281/300/512 121/353/512
f 603/931/513 611/671/513 407/670/513
f 545/321/514 477/234/514 476/162/514 478/161/514 479/932/514 282/416/514
f 236/289/515 408/203/515 237/933/515
f 406/934/516 403/804/516 405/803/516
f 246/935/517 203/936/517 202/754/517
f 105/296/518 246/935/518 202/754/518
f 226/306/519 491/937/519 225/938/519
f 598/624/520 597/939/520 596/625/520
f 436/107/521 438/311/521 437/564/521
f 429/940/522 427/874/522 432/917/522
f 526/801/523 401/800/523 539/941/523
f 246/919/524 280/930/524 245/907/524
f 273/464/525 272/782/525 276/781/525 127/465/525
f 382/191/526 483/942/526 265/943/526
f 207/778/527 213/309/527 212/308/527
f 607/83/528 610/944/528 556/945/528 609/84/528
f 236/289/529 237/933/529 238/238/529
f 246/935/530 105/296/530 199/295/530
f 77/329/531 81/424/531 80/946/531
f 80/946/532 81/424/532 600/423/532
f 539/947/533 393/948/533 526/949/533
f 280/930/534 246/919/534 199/950/534
f 291/70/535 118/260/535 258/71/535
f 523/951/536 520/952/536 519/767/536 522/953/536
f 300/954/537 301/6/537 257/955/537
f 428/563/538 425/562/538 427/874/538
f 407/956/539 408/957/539 236/958/539
f 613/480/540 615/959/540 242/319/540
f 242/319/541 615/959/541 66/320/541
f 210/960/542 432/961/542 206/779/542
f 209/962/543 206/779/543 207/778/543
f 224/307/544 226/306/544 225/938/544
f 67/963/545 615/964/545 613/381/545
f 400/390/546 404/802/546 526/801/546
f 400/390/547 526/801/547 399/388/547
f 399/388/548 526/801/548 394/389/548
f 209/962/549 207/778/549 212/308/549
f 126/351/550 121/353/550 420/965/550
f 254/966/551 257/955/551 295/233/551
f 298/967/552 116/259/552 115/630/552
f 242/968/553 65/969/553 169/167/553
f 169/167/554 61/970/554 189/168/554
f 211/971/555 432/961/555 210/960/555
f 394/389/556 526/801/556 393/759/556
f 210/960/557 206/779/557 209/962/557
f 397/972/558 393/291/558 552/293/558 551/973/558 398/974/558
f 144/975/559 30/976/559 191/824/559 143/977/559
f 419/978/560 439/592/560 418/591/560
f 364/180/561 365/179/561 366/433/561 479/979/561 478/980/561 363/181/561
f 253/981/562 257/955/562 254/966/562
f 428/563/563 427/874/563 429/940/563
f 282/170/564 242/968/564 169/167/564
f 338/982/565 92/983/565 446/984/565 311/172/565
f 204/850/566 126/851/566 420/985/566
f 76/986/567 77/329/567 80/946/567
f 599/554/568 596/625/568 80/555/568
f 38/65/569 488/987/569 199/322/569 487/59/569
f 189/988/570 61/989/570 59/990/570
f 205/991/571 420/992/571 419/978/571
f 279/418/572 126/851/572 278/419/572
f 192/410/573 533/575/573 20/993/573
f 294/994/574 370/995/574 371/860/574 611/996/574
f 308/658/575 507/528/575 310/997/575 309/721/575 89/723/575
f 586/510/576 369/998/576 587/999/576 351/1000/576
f 429/940/577 432/917/577 431/1001/577
f 211/1002/578 222/1003/578 432/917/578
f 205/991/579 419/978/579 418/591/579
f 80/555/580 596/625/580 591/1004/580
f 592/437/581 596/314/581 123/301/581
f 570/731/582 564/660/582 565/649/582 572/1005/582
f 220/1006/583 211/971/583 210/960/583
f 176/500/584 328/1007/584 329/1008/584 223/501/584
f 215/864/585 212/308/585 224/307/585
f 214/865/586 224/307/586 225/938/586
f 204/1009/587 420/1010/587 205/1011/587
f 591/1004/588 596/625/588 592/1012/588
f 533/575/589 192/410/589 193/409/589
f 365/179/590 316/512/590 367/432/590
f 59/990/591 170/1013/591 189/988/591
f 215/864/592 224/307/592 214/865/592
f 318/577/593 21/579/593 22/1014/593 194/1015/593
f 76/986/594 80/946/594 589/1016/594
f 72/691/595 77/329/595 76/986/595
f 78/371/596 77/329/596 72/691/596
f 592/437/597 123/301/597 125/407/597
f 20/1017/598 533/1018/598 22/518/598
f 430/1019/599 428/563/599 429/940/599
f 170/1013/600 59/990/600 57/1020/600
f 222/1021/601 211/971/601 220/1006/601
f 77/329/602 83/331/602 84/1022/602 262/425/602 81/424/602
f 417/633/603 418/591/603 416/310/603
f 616/405/604 20/1017/604 22/518/604
f 416/310/605 436/107/605 414/33/605
f 435/108/606 428/563/606 430/1019/606
f 57/1020/607 544/1023/607 170/1013/607
f 142/715/608 241/717/608 146/1024/608 144/1025/608
f 214/865/609 225/938/609 327/1026/609
f 205/991/610 418/591/610 417/633/610
f 276/436/611 125/407/611 127/1027/611
f 447/519/612 317/1028/612 315/1029/612
f 352/526/613 72/525/613 76/473/613 71/481/613
f 367/1030/614 317/1028/614 243/786/614
f 225/787/615 326/541/615 327/502/615
f 166/657/616 165/1031/616 163/1032/616 157/655/616
f 417/633/617 416/310/617 415/634/617
f 486/47/618 381/45/618 383/41/618 485/40/618
f 243/786/619 317/1028/619 447/519/619
f 57/1020/620 188/1033/620 544/1023/620
f 222/1021/621 220/1006/621 219/1034/621
f 453/611/622 451/610/622 33/1035/622
f 82/1036/623 79/690/623 73/689/623
f 17/517/624 616/405/624 22/518/624
f 307/529/625 88/123/625 306/604/625 108/530/625
f 553/487/626 430/1037/626 429/485/626
f 160/276/627 335/1038/627 161/1039/627
f 160/276/628 161/1039/628 114/277/628
f 277/1040/629 204/1009/629 205/1011/629
f 31/1041/630 449/1042/630 314/1043/630
f 74/484/631 79/439/631 82/1044/631
f 13/401/632 616/405/632 17/517/632
f 31/1041/633 314/1043/633 453/1045/633 33/1046/633
f 586/510/634 354/509/634 588/1047/634
f 451/610/635 454/440/635 74/484/635
f 188/1048/636 57/1049/636 543/1050/636
f 162/1051/637 335/1038/637 163/1032/637
f 335/1038/638 160/276/638 163/1032/638
f 590/1052/639 591/1004/639 592/1012/639
f 103/643/640 104/450/640 154/393/640 394/454/640 102/453/640
f 528/1053/641 271/921/641 267/674/641 266/1054/641
f 435/1055/642 430/1056/642 553/1057/642
f 103/643/643 106/534/643 107/472/643 104/450/643
f 395/1058/644 548/1059/644 514/1060/644
f 164/1061/645 162/1051/645 163/1032/645
f 351/1000/646 353/511/646 586/510/646
f 349/684/647 352/1062/647 71/507/647
f 586/510/648 588/1047/648 590/1052/648
f 47/905/649 19/403/649 16/402/649 23/1063/649
f 593/600/650 590/1052/650 592/1012/650
f 593/1064/651 592/784/651 275/783/651
f 614/360/652 18/467/652 19/1065/652 64/1066/652 67/963/652 613/381/652
f 164/1061/653 331/1067/653 162/1051/653
f 214/865/654 327/1026/654 223/64/654
f 349/684/655 71/507/655 351/537/655
f 417/1068/656 277/1040/656 205/1011/656
f 350/683/657 352/1062/657 349/684/657
f 14/516/658 21/527/658 15/1069/658
f 412/34/659 435/108/659 423/580/659
f 435/1055/660 553/1057/660 423/1070/660
f 423/1070/661 553/1057/661 168/1071/661
f 543/1050/662 57/1049/662 60/1072/662
f 452/1073/663 33/1035/663 451/610/663 74/484/663
f 116/361/664 300/333/664 253/332/664 252/362/664
f 586/386/665 590/542/665 595/544/665
f 452/1074/666 31/1041/666 33/1046/666
f 75/682/667 352/1062/667 350/683/667
f 448/520/668 449/1075/668 31/1076/668
f 218/1077/669 219/1034/669 217/863/669
f 458/1078/670 130/356/670 538/1079/670 182/1080/670
f 21/527/671 235/1081/671 15/1069/671
f 13/401/672 14/516/672 15/1069/672
f 452/1073/673 74/484/673 75/1082/673
f 413/552/674 415/634/674 411/32/674
f 3/1083/675 219/1034/675 221/27/675
f 163/1032/676 160/276/676 156/1084/676
f 13/401/677 15/1069/677 16/402/677
f 32/631/678 31/1041/678 452/1074/678
f 275/783/679 272/782/679 528/1053/679
f 528/1053/680 272/782/680 271/921/680
f 528/1053/681 593/1064/681 275/783/681
f 426/653/682 424/565/682 437/564/682 438/311/682
f 221/27/683 219/1034/683 218/1077/683
f 103/1085/684 102/1086/684 108/1087/684
f 156/1084/685 160/276/685 167/572/685
f 271/921/686 272/782/686 273/464/686
f 235/1088/687 21/1089/687 233/1090/687
f 21/1089/688 448/1091/688 233/1090/688
f 482/1092/689 535/1093/689 543/1094/689
f 482/1092/690 543/1094/690 60/1095/690
f 482/1092/691 60/1095/691 52/1096/691
f 331/1067/692 164/1061/692 165/1031/692
f 165/1031/693 164/1061/693 163/1032/693
f 156/1084/694 167/572/694 159/275/694
f 214/865/695 223/64/695 180/63/695
f 156/1084/696 159/275/696 305/274/696
f 370/995/697 372/833/697 373/80/697 371/860/697
f 49/1097/698 190/708/698 527/1098/698 530/1099/698
f 480/560/699 535/1093/699 53/557/699
f 53/557/700 535/1093/700 482/1092/700
f 332/566/701 323/620/701 322/540/701
f 163/1032/702 156/1084/702 157/655/702
f 177/1100/703 214/865/703 180/63/703
f 315/431/704 313/435/704 453/1101/704 314/462/704
f 349/684/705 351/537/705 587/1102/705
f 594/602/706 595/383/706 593/600/706
f 215/864/707 217/863/707 219/1034/707 220/1006/707 210/960/707 209/962/707 212/308/707
f 448/1103/708 31/1041/708 28/585/708
f 28/585/709 31/1041/709 32/631/709
f 234/596/710 233/1090/710 448/1091/710
f 218/1077/711 217/863/711 227/340/711
f 510/1104/712 108/1087/712 514/1060/712
f 482/1105/713 52/628/713 53/627/713
f 177/1100/714 216/866/714 214/865/714
f 380/1106/715 356/1107/715 525/1108/715 450/1109/715
f 24/599/716 233/1090/716 234/596/716
f 29/1110/717 234/1111/717 448/1103/717
f 413/635/718 168/614/718 563/613/718
f 472/1112/719 341/1113/719 342/766/719 471/1114/719
f 25/581/720 27/1115/720 525/1116/720 26/1117/720
f 255/313/721 256/35/721 252/37/721 254/39/721
f 221/1118/722 2/1119/722 3/1120/722
f 221/27/723 218/1077/723 227/340/723
f 506/1121/724 514/1060/724 548/1059/724 515/1122/724 560/1123/724
f 91/797/725 87/726/725 89/723/725 444/722/725
f 228/341/726 216/866/726 177/1100/726
f 349/684/727 587/1102/727 369/1124/727
f 34/632/728 32/631/728 452/1074/728
f 36/1125/729 452/1126/729 75/1127/729
f 513/1128/730 500/1129/730 310/1130/730 511/364/730
f 460/1131/731 462/855/731 464/817/731 467/1132/731 470/1133/731 474/1134/731
f 566/648/732 2/612/732 221/1135/732
f 579/1136/733 574/31/733 575/795/733 577/796/733
f 108/530/734 510/1137/734 508/531/734
f 187/384/735 595/383/735 594/602/735
f 24/599/736 235/1088/736 233/1090/736
f 24/1138/737 23/1063/737 16/402/737
f 48/616/738 19/615/738 47/1139/738
f 24/1138/739 16/402/739 15/1069/739 235/1081/739
f 11/570/740 186/1140/740 267/1141/740 7/297/740
f 536/644/741 516/1142/741 504/1143/741 560/593/741
f 53/627/742 51/626/742 54/667/742
f 506/1121/743 510/1104/743 514/1060/743
f 303/122/744 306/604/744 88/123/744
f 156/1084/745 305/274/745 158/656/745 157/655/745
f 34/632/746 452/1074/746 36/1144/746
f 36/1125/747 75/1127/747 380/1106/747
f 146/584/748 29/1110/748 448/1103/748
f 564/660/749 563/613/749 2/612/749
f 508/1145/750 510/1104/750 506/1121/750
f 467/1132/751 464/817/751 232/819/751 179/1146/751
f 380/1106/752 75/1127/752 356/1107/752
f 239/304/753 604/187/753 602/202/753 603/263/753
f 47/905/754 23/1063/754 24/1138/754
f 564/660/755 2/612/755 565/649/755
f 532/1147/756 481/559/756 54/558/756
f 271/921/757 268/443/757 267/674/757
f 146/584/758 448/1103/758 28/585/758
f 481/1148/759 532/1149/759 388/1150/759
f 206/1151/760 69/841/760 70/1152/760 41/881/760 68/1153/760
f 507/1154/761 508/1145/761 506/1121/761
f 549/149/762 545/387/762 547/244/762 401/150/762
f 379/686/763 36/1125/763 380/1106/763
f 528/1053/764 266/1054/764 186/1155/764
f 47/905/765 24/1138/765 240/906/765
f 449/1075/766 448/520/766 447/1156/766 315/431/766
f 506/1121/767 560/1123/767 504/693/767
f 325/1157/768 465/1158/768 475/707/768
f 325/1157/769 475/707/769 324/216/769
f 302/1159/770 166/657/770 158/656/770
f 228/1160/771 177/1161/771 174/762/771
f 174/762/772 177/1161/772 176/1162/772
f 34/632/773 36/1144/773 35/1163/773
f 356/681/774 355/127/774 348/126/774
f 25/581/775 28/585/775 27/1115/775
f 531/1164/776 387/718/776 388/1150/776 532/1149/776
f 379/686/777 380/1106/777 450/1109/777
f 217/863/778 216/866/778 228/341/778 227/340/778
f 186/1155/779 266/1054/779 267/674/779
f 89/723/780 88/123/780 307/529/780 308/658/780
f 581/1165/781 421/637/781 567/636/781
f 355/127/782 349/684/782 369/1124/782 187/124/782
f 405/803/783 404/802/783 115/630/783 476/629/783 406/1166/783
f 388/1150/784 387/718/784 511/740/784
f 388/1150/785 511/740/785 536/1167/785
f 588/1047/786 589/1168/786 80/555/786 591/1004/786 590/1052/786
f 86/1169/787 465/1170/787 302/1159/787
f 465/1171/788 86/709/788 475/710/788
f 274/1172/789 422/1173/789 585/730/789
f 582/728/790 421/1174/790 568/18/790
f 187/1175/791 594/675/791 183/222/791
f 155/482/792 200/483/792 201/1176/792 94/1177/792
f 28/1178/793 450/1179/793 525/1180/793
f 28/585/794 525/1116/794 27/1115/794
f 185/569/795 186/1140/795 11/570/795
f 511/364/796 507/1154/796 505/692/796
f 88/123/797 86/1181/797 302/119/797
f 174/762/798 176/1162/798 319/1182/798
f 346/221/799 187/1175/799 183/222/799
f 525/1183/800 356/681/800 357/688/800
f 145/1184/801 240/792/801 241/791/801
f 142/715/802 144/1025/802 143/1185/802
f 144/975/803 146/1186/803 30/976/803
f 47/1139/804 46/745/804 48/616/804
f 310/1130/805 507/1154/805 511/364/805
f 357/713/806 501/770/806 538/772/806 521/1187/806 520/714/806
f 191/824/807 30/976/807 391/822/807
f 518/1188/808 521/1187/808 499/741/808
f 310/997/809 444/722/809 309/721/809
f 176/1162/810 177/1161/810 180/1189/810 328/1190/810
f 511/364/811 505/692/811 512/365/811
f 324/216/812 475/707/812 468/217/812
f 178/764/813 228/1160/813 174/762/813
f 174/762/814 319/1182/814 537/1191/814
f 450/1192/815 35/1163/815 378/1193/815
f 450/1109/816 378/687/816 379/686/816
f 183/222/817 186/676/817 182/698/817
f 7/297/818 267/1141/818 9/298/818
f 141/1194/819 142/715/819 143/1185/819
f 513/1128/820 518/1195/820 499/1196/820
f 190/708/821 191/700/821 527/1098/821
f 513/1128/822 499/1196/822 500/1129/822
f 310/1197/823 500/1129/823 440/15/823
f 310/1197/824 440/15/824 444/807/824
f 530/704/825 531/679/825 529/678/825
f 473/1198/826 336/1199/826 471/1200/826
f 582/728/827 568/18/827 584/729/827
f 267/1141/828 12/317/828 9/298/828
f 267/1141/829 269/1201/829 270/1202/829 244/316/829 12/317/829
f 49/744/830 529/666/830 50/665/830 48/616/830
f 166/657/831 302/1159/831 465/1158/831 325/1157/831
f 520/952/832 521/1203/832 518/735/832
f 141/1194/833 143/1185/833 46/1204/833
f 107/472/834 161/493/834 100/369/834 101/451/834
f 527/1205/835 191/824/835 384/719/835
f 473/1206/836 471/1207/836 297/1208/836
f 472/1209/837 471/1200/837 466/1210/837
f 98/286/838 99/288/838 105/1211/838 200/483/838
f 472/1209/839 466/1210/839 341/706/839
f 38/1212/840 485/899/840 195/251/840 198/253/840
f 268/443/841 270/442/841 269/673/841
f 293/9/842 295/233/842 257/955/842 301/6/842
f 185/697/843 10/1213/843 182/698/843
f 521/1187/844 538/772/844 499/741/844
f 337/176/845 336/1214/845 473/1215/845
f 471/1200/846 336/1199/846 470/1133/846
f 471/1200/847 470/1133/847 466/1210/847
f 297/765/848 471/1114/848 342/766/848
f 536/367/849 509/366/849 516/711/849
f 178/695/850 230/756/850 231/696/850
f 270/1216/851 274/1172/851 585/730/851
f 320/664/852 175/1217/852 319/1218/852 176/500/852 322/540/852 323/620/852 321/641/852
f 506/1121/853 504/693/853 505/692/853 507/1154/853
f 525/1219/854 520/952/854 523/951/854
f 141/1194/855 145/716/855 142/715/855
f 10/1213/856 6/1220/856 182/698/856
f 474/1221/857 336/1214/857 337/176/857
f 336/1199/858 474/1134/858 470/1133/858
f 342/766/859 341/1113/859 343/1222/859
f 469/763/860 174/762/860 537/1191/860
f 348/126/861 346/125/861 347/1223/861
f 501/1224/862 357/688/862 348/126/862
f 181/223/863 183/222/863 182/698/863
f 47/1139/864 141/1225/864 46/745/864
f 520/952/865 518/735/865 519/767/865
f 499/741/866 538/772/866 495/272/866
f 499/741/867 495/272/867 498/742/867
f 441/808/868 443/14/868 442/1226/868
f 466/1210/869 470/1133/869 467/1132/869
f 473/1215/870 297/765/870 339/171/870
f 469/763/871 230/1227/871 178/764/871
f 537/1191/872 319/1182/872 175/1228/872
f 46/745/873 190/1229/873 49/744/873
f 530/704/874 529/678/874 55/1230/874
f 517/734/875 513/733/875 362/751/875
f 444/807/876 441/808/876 442/1226/876
f 337/176/877 473/1215/877 339/171/877
f 341/706/878 466/1210/878 467/1132/878
f 468/217/879 341/706/879 179/1146/879
f 469/763/880 537/1191/880 175/1228/880
f 531/1164/881 527/1205/881 384/719/881 387/718/881
f 270/1216/882 585/730/882 584/729/882
f 182/1231/883 6/571/883 458/776/883
f 496/1232/884 498/742/884 495/272/884
f 129/1233/885 458/92/885 459/95/885
f 540/523/886 548/427/886 551/323/886 542/395/886
f 474/1221/887 337/176/887 460/175/887
f 444/807/888 442/1226/888 91/1234/888
f 179/1146/889 341/706/889 467/1132/889
f 179/1235/890 230/1227/890 469/763/890
f 6/571/891 7/297/891 4/13/891
f 391/582/892 25/581/892 26/1117/892
f 392/823/893 519/1236/893 384/719/893
f 213/196/894 208/1237/894 492/228/894 490/194/894
f 260/116/895 263/23/895 598/922/895 261/118/895
f 244/1238/896 270/1239/896 584/1240/896
f 348/126/897 347/1223/897 501/1224/897
f 514/1060/898 108/1087/898 102/1086/898 395/1058/898
f 140/1241/899 460/175/899 132/1242/899
f 287/1243/900 134/1244/900 442/1226/900
f 574/31/901 229/30/901 575/795/901
f 244/1238/902 584/1240/902 569/1245/902
f 171/1246/903 244/1238/903 569/1245/903
f 525/1219/904 523/951/904 26/1247/904
f 502/912/905 182/698/905 538/1248/905
f 443/14/906 286/16/906 285/1249/906 287/747/906
f 384/719/907 519/1236/907 386/774/907
f 459/95/908 460/1131/908 140/1250/908 129/1233/908
f 229/1251/909 576/29/909 575/1252/909
f 311/172/910 339/171/910 342/766/910
f 501/1224/911 347/1223/911 503/1253/911
f 171/1254/912 569/1255/912 172/1256/912
f 570/731/913 572/1005/913 571/798/913
f 130/356/914 458/1078/914 129/1/914
f 459/95/915 456/94/915 461/853/915
f 460/1131/916 459/95/916 461/853/916
f 132/1242/917 460/175/917 134/1257/917
f 530/704/918 55/1230/918 49/1258/918
f 134/1257/919 460/175/919 340/174/919
f 457/775/920 6/571/920 4/13/920
f 519/1236/921 392/823/921 522/1259/921
f 571/798/922 572/1005/922 574/31/922
f 460/1131/923 461/853/923 462/855/923
f 134/1260/924 340/174/924 312/173/924
f 524/1261/925 523/951/925 522/953/925
f 495/272/926 538/772/926 130/269/926
f 496/1232/927 495/272/927 494/271/927
f 391/582/928 26/1117/928 524/1262/928
f 26/1247/929 523/951/929 524/1261/929
f 392/823/930 524/1263/930 522/1259/930
f 184/1264/931 347/224/931 181/223/931
f 501/770/932 503/1265/932 502/771/932
f 8/1266/933 171/1254/933 172/1256/933
f 391/822/934 524/1263/934 392/823/934
f 386/1267/935 519/1268/935 389/1269/935
f 342/766/936 343/1222/936 338/982/936
f 311/172/937 342/766/937 338/982/937
f 347/1223/938 184/1270/938 503/1253/938
f 4/13/939 171/299/939 8/10/939
f 184/1264/940 181/223/940 503/911/940
f 457/775/941 4/13/941 5/12/941
f 468/217/942 179/1146/942 469/1271/942 175/218/942
f 461/853/943 456/94/943 455/461/943
f 386/774/944 390/1272/944 362/739/944
f 304/121/945 158/120/945 305/1273/945 113/1274/945
f 445/1275/946 134/1276/946 312/1277/946
f 445/1275/947 312/1277/947 311/1278/947
f 134/1244/948 445/1279/948 446/825/948 90/827/948 91/1234/948 442/1226/948
f 87/726/949 343/471/949 86/709/949 88/724/949
f 573/1280/950 571/798/950 574/31/950
f 34/632/951 35/1163/951 450/1192/951 28/585/951
f 496/1232/952 494/271/952 288/1281/952
f 8/1266/953 172/1256/953 173/1282/953
f 222/1003/954 219/1283/954 431/1001/954 432/917/954
f 463/854/955 461/853/955 455/461/955
f 386/774/956 389/1284/956 390/1272/956
f 445/1275/957 311/1278/957 446/1285/957
f 326/541/958 322/540/958 176/500/958 327/502/958
f 455/461/959 574/1286/959 463/854/959
f 138/1287/960 135/355/960 137/821/960
f 580/1288/961 571/798/961 573/1280/961
f 138/1287/962 130/356/962 135/355/962
f 111/458/963 112/457/963 114/1289/963 161/493/963
f 573/1290/964 455/461/964 580/460/964
f 127/1027/965 125/407/965 124/420/965 278/419/965
f 173/810/966 571/798/966 583/1291/966
f 288/1281/967 494/271/967 497/1292/967
f 463/854/968 574/1286/968 579/1293/968
f 583/1291/969 571/798/969 580/1288/969
f 579/1136/970 577/796/970 578/1294/970
f 8/1266/971 173/1282/971 583/1295/971
f 5/459/972 583/1296/972 580/460/972
f 138/1287/973 137/821/973 139/828/973
f 463/854/974 579/1293/974 578/818/974
f 494/271/975 138/270/975 497/1292/975
f 497/1297/976 138/1298/976 139/1299/976
