# Blender 4.1.1
# www.blender.org
mtllib Rock.mtl
o Rock_
v 0.423234 0.008228 -1.403632
v 0.428136 0.032379 -1.417652
v 0.430064 0.008228 -1.432940
v 0.441497 0.008228 -1.411822
v 0.440664 0.008228 -1.382306
v 0.437500 0.027718 -1.388137
v 0.432629 0.026203 -1.430803
v 0.447214 0.008228 -1.428797
v 0.461593 0.008228 -1.400157
v 0.452768 0.008228 -1.383668
v 0.443217 0.037814 -1.405112
v 0.454039 0.021047 -1.411124
v 0.421879 0.008228 -1.418904
v 0.419882 0.008228 -1.410387
v 0.420629 0.008228 -1.426525
v 0.430830 0.032011 -1.402183
v 0.425526 0.008228 -1.392576
v 0.428592 0.008228 -1.406578
v 0.434765 0.008228 -1.424716
v 0.430743 0.008228 -1.390444
v 0.443629 0.008228 -1.396256
v 0.434780 0.008228 -1.380558
v 0.434398 0.038294 -1.412156
v 0.439470 0.035773 -1.395307
v 0.432384 0.008228 -1.436710
v 0.432221 0.032800 -1.428355
v 0.444953 0.008228 -1.423618
v 0.437958 0.008228 -1.434732
v 0.446417 0.008228 -1.387582
v 0.455396 0.008228 -1.405955
v 0.439660 0.023174 -1.380481
v 0.444644 0.008228 -1.378094
v 0.441085 0.036118 -1.420679
v 0.442815 0.008228 -1.434700
v 0.458736 0.008228 -1.416041
v 0.456790 0.008228 -1.387935
v 0.455008 0.033480 -1.393504
v 0.452103 0.027498 -1.426017
v 0.455755 0.033847 -1.409642
v 0.457485 0.008228 -1.423662
v 0.462963 0.008228 -1.406073
v 0.455539 0.021498 -1.395556
v 0.720016 0.008687 -0.375267
v 0.550968 0.010533 -0.378466
v 0.673296 0.008793 -0.540425
v 0.847451 0.007100 -0.452232
v 0.768178 0.008438 -0.261469
v 0.591816 0.010480 -0.217589
v 0.549961 0.178814 -0.433564
v 0.742765 0.160419 -0.466977
v 0.926466 0.006511 -0.339291
v 0.712684 0.009160 -0.215318
v 0.517259 0.054382 -0.257390
v 0.662805 0.177409 -0.311938
v 0.729751 0.008270 -0.501278
v 0.633863 0.009622 -0.378921
v 0.616751 0.009520 -0.496815
v 0.544959 0.010900 -0.255639
v 0.645978 0.009750 -0.272956
v 0.799935 0.007668 -0.433013
v 0.776279 0.007676 -0.535588
v 0.740685 0.008669 -0.290409
v 0.834174 0.007520 -0.340430
v 0.677663 0.009520 -0.225032
v 0.500380 0.011328 -0.280729
v 0.537906 0.011088 -0.210707
v 0.584350 0.009835 -0.513244
v 0.542710 0.010489 -0.432871
v 0.812831 0.083567 -0.481634
v 0.689868 0.117501 -0.519169
v 0.868170 0.007249 -0.299003
v 0.921372 0.006435 -0.393153
v 0.626406 0.010160 -0.193314
v 0.759117 0.008576 -0.245784
v 0.524462 0.104437 -0.358250
v 0.628090 0.191858 -0.449072
v 0.864893 0.124843 -0.409917
v 0.856400 0.007454 -0.268066
v 0.579067 0.060597 -0.223539
v 0.589259 0.196746 -0.372789
v 0.557940 0.111465 -0.292857
v 0.719109 0.193976 -0.393560
v 0.833714 0.150233 -0.321319
v 0.701488 0.110656 -0.245229
v 0.731034 0.008408 -0.439421
v 0.586115 0.010142 -0.380404
v 0.645441 0.009127 -0.528948
v 0.541565 0.010794 -0.313910
v 0.613097 0.010194 -0.239164
v 0.762158 0.008150 -0.405551
v 0.816874 0.007320 -0.499060
v 0.731027 0.008673 -0.331508
v 0.800098 0.008014 -0.291511
v 0.630443 0.010056 -0.217736
v 0.518456 0.011015 -0.327397
v 0.522279 0.011215 -0.228774
v 0.625022 0.009338 -0.534243
v 0.542583 0.010471 -0.440932
v 0.839343 0.007137 -0.473496
v 0.714392 0.144382 -0.493694
v 0.813863 0.007897 -0.277659
v 0.936261 0.006339 -0.365412
v 0.602990 0.010401 -0.199914
v 0.741512 0.008814 -0.227569
v 0.536338 0.149947 -0.402456
v 0.686274 0.180491 -0.460479
v 0.912230 0.097475 -0.373114
v 0.786100 0.008302 -0.236710
v 0.537764 0.057184 -0.238493
v 0.563996 0.194599 -0.404061
v 0.605406 0.150492 -0.299854
v 0.734133 0.181503 -0.434849
v 0.897553 0.111735 -0.331548
v 0.711650 0.079833 -0.223790
v 0.704908 0.008463 -0.533745
v 0.681756 0.009097 -0.378959
v 0.582302 0.010033 -0.442041
v 0.564715 0.010749 -0.229204
v 0.684711 0.009205 -0.322072
v 0.827419 0.007329 -0.448413
v 0.724283 0.008219 -0.546304
v 0.751812 0.008604 -0.266851
v 0.851368 0.007185 -0.400163
v 0.724418 0.008969 -0.240678
v 0.503567 0.011340 -0.261316
v 0.562408 0.010824 -0.208880
v 0.558111 0.163286 -0.474016
v 0.544470 0.010528 -0.409121
v 0.777627 0.125913 -0.479043
v 0.677489 0.008754 -0.537783
v 0.912956 0.006706 -0.320069
v 0.886367 0.006743 -0.423674
v 0.667133 0.009694 -0.201306
v 0.764161 0.008502 -0.253340
v 0.514705 0.071870 -0.302372
v 0.579568 0.194720 -0.441798
v 0.801537 0.147345 -0.444307
v 0.905907 0.006824 -0.303518
v 0.644569 0.059012 -0.212089
v 0.620166 0.191935 -0.339897
v 0.529149 0.078401 -0.276573
v 0.691299 0.194450 -0.349622
v 0.744159 0.172247 -0.312430
v 0.680543 0.147460 -0.276110
v 0.618114 0.112486 -0.263112
v 0.563423 0.083330 -0.254625
v 0.632236 0.085753 -0.231648
v 0.775737 0.135923 -0.277357
v 0.790388 0.093645 -0.250944
v 0.859646 0.109950 -0.290603
v 0.781534 0.178083 -0.358137
v 0.860531 0.143325 -0.366992
v 0.798437 0.165549 -0.403892
v 0.647860 0.206001 -0.382190
v 0.668533 0.200239 -0.421399
v 0.608261 0.206684 -0.409843
v 0.567213 0.156598 -0.333793
v 0.549834 0.155222 -0.369043
v 0.533812 0.107805 -0.326836
v 0.551922 0.036890 -0.212358
v 0.575739 0.010709 -0.196099
v 0.598750 0.036002 -0.200965
v 0.816506 0.007920 -0.256853
v 0.818509 0.007864 -0.270669
v 0.873648 0.007228 -0.283292
v 0.909943 0.006526 -0.406920
v 0.879090 0.006781 -0.440657
v 0.845614 0.104461 -0.447663
v 0.653687 0.159412 -0.488752
v 0.629141 0.127141 -0.520784
v 0.597301 0.166535 -0.485338
v 0.527820 0.010749 -0.393698
v 0.516665 0.010961 -0.357076
v 0.507500 0.011151 -0.320820
v 0.691256 0.009397 -0.214497
v 0.651662 0.009855 -0.204998
v 0.711936 0.009131 -0.230567
v 0.908850 0.006694 -0.343570
v 0.854798 0.007354 -0.315930
v 0.887361 0.006872 -0.367073
v 0.750759 0.101774 -0.508578
v 0.792203 0.007548 -0.516397
v 0.735093 0.073654 -0.536639
v 0.559546 0.010180 -0.483702
v 0.594938 0.009712 -0.516113
v 0.574443 0.010040 -0.474109
v 0.510264 0.011335 -0.233681
v 0.513073 0.011242 -0.258932
v 0.531894 0.011122 -0.223810
v 0.659929 0.009671 -0.242835
v 0.693752 0.009216 -0.276986
v 0.706075 0.009149 -0.249290
v 0.787244 0.008102 -0.313215
v 0.776217 0.008114 -0.357514
v 0.817712 0.007597 -0.382787
v 0.797934 0.007532 -0.497199
v 0.772583 0.007859 -0.477412
v 0.758977 0.007879 -0.529873
v 0.592287 0.010366 -0.261888
v 0.584538 0.010329 -0.311476
v 0.636951 0.009737 -0.318611
v 0.674298 0.008868 -0.505529
v 0.684921 0.008895 -0.447159
v 0.629210 0.009507 -0.446596
v -0.112159 0.009501 1.034180
v 0.091692 0.013587 1.083954
v -0.100405 0.009737 1.246948
v -0.287372 0.005989 1.092821
v -0.139598 0.008951 0.883242
v 0.085887 0.013471 0.877967
v 0.080951 0.119690 1.150976
v -0.161892 0.104596 1.139107
v -0.352407 0.004686 0.934544
v -0.059868 0.010549 0.842399
v 0.166141 0.042341 0.946427
v -0.022702 0.117318 0.972993
v -0.158148 0.008579 1.184195
v -0.008819 0.011572 1.061998
v -0.020093 0.011346 1.209469
v 0.132305 0.014401 0.936785
v 0.005270 0.011855 0.930336
v -0.224613 0.007247 1.082439
v -0.223806 0.007263 1.213127
v -0.114157 0.009461 0.925766
v -0.240949 0.006920 0.960982
v -0.020094 0.011346 0.863675
v 0.179480 0.015347 0.979284
v 0.153041 0.014817 0.884267
v 0.014686 0.012044 1.238169
v 0.086927 0.013491 1.152106
v -0.252072 0.054778 1.137841
v -0.112770 0.078200 1.216698
v -0.270876 0.006320 0.901565
v -0.360856 0.004516 1.001179
v 0.050587 0.012763 0.839167
v -0.124367 0.009256 0.866701
v 0.130940 0.073443 1.066659
v -0.017626 0.126514 1.148551
v -0.294915 0.080227 1.036822
v -0.248225 0.006774 0.867281
v 0.100600 0.045326 0.888637
v 0.050179 0.130571 1.066680
v 0.108275 0.077555 0.978349
v -0.112730 0.126489 1.056588
v -0.232669 0.097150 0.937954
v -0.052625 0.074739 0.881675
v -0.142913 0.008885 1.108909
v 0.048603 0.012723 1.076758
v -0.063558 0.010475 1.240606
v 0.120600 0.014166 1.008300
v 0.054260 0.012837 0.898327
v -0.171412 0.008314 1.059426
v -0.263052 0.006477 1.157854
v -0.113617 0.009472 0.978179
v -0.186406 0.008013 0.910970
v 0.039070 0.012532 0.867658
v 0.144925 0.014654 1.030913
v 0.167061 0.015098 0.910397
v -0.040267 0.010942 1.252565
v 0.084892 0.013451 1.161905
v -0.283324 0.006070 1.120783
v -0.135073 0.094854 1.179177
v -0.199316 0.007754 0.890452
v -0.371358 0.004306 0.963529
v 0.077152 0.013296 0.853521
v -0.098103 0.009783 0.849414
v 0.105374 0.101812 1.116988
v -0.091372 0.118280 1.146573
v -0.342730 0.062261 0.979385
v -0.154581 0.008651 0.848382
v 0.146491 0.043829 0.917967
v 0.072243 0.129532 1.111424
v 0.049598 0.101358 0.973938
v -0.142348 0.118188 1.102528
v -0.313426 0.071685 0.933014
v -0.059659 0.055177 0.852943
v -0.136874 0.009006 1.230272
v -0.066827 0.010410 1.049041
v 0.036491 0.012481 1.152464
v 0.115554 0.014065 0.899396
v -0.054967 0.010647 0.979322
v -0.262076 0.006496 1.093633
v -0.163746 0.008467 1.240226
v -0.121239 0.009319 0.894206
v -0.277983 0.006177 1.028679
v -0.080961 0.010126 0.869936
v 0.180890 0.015375 0.954901
v 0.123864 0.014232 0.875401
v 0.059829 0.109582 1.197769
v 0.091240 0.013578 1.122855
v -0.207991 0.082147 1.144260
v -0.104766 0.009649 1.242608
v -0.330828 0.005118 0.914926
v -0.326748 0.005200 1.047658
v -0.000903 0.011731 0.837791
v -0.132526 0.009093 0.874485
v 0.157339 0.053257 1.001614
v 0.043151 0.129192 1.152912
v -0.227134 0.095406 1.095686
v -0.317800 0.005379 0.896789
v 0.024369 0.043234 0.856981
v 0.021596 0.127124 1.018441
v 0.146966 0.057233 0.966439
v -0.067127 0.127441 1.010909
v -0.121432 0.112644 0.951501
v -0.034990 0.098231 0.924773
v 0.043506 0.077272 0.925977
v 0.111511 0.059837 0.930543
v 0.034469 0.060263 0.884024
v -0.150795 0.089287 0.900437
v -0.162119 0.062430 0.864461
v -0.256449 0.071374 0.893703
v -0.178986 0.115505 0.996726
v -0.277656 0.092144 0.986005
v -0.212091 0.107116 1.047567
v -0.023162 0.135364 1.062158
v -0.058936 0.131214 1.104045
v 0.017293 0.136375 1.106411
v 0.086741 0.105745 1.025423
v 0.098194 0.105040 1.072846
v 0.128204 0.075530 1.026063
v 0.136080 0.030866 0.882461
v 0.111189 0.013978 0.856297
v 0.082457 0.029537 0.855946
v -0.196870 0.007803 0.864529
v -0.203045 0.007679 0.880723
v -0.273246 0.006272 0.881044
v -0.350752 0.004719 1.020960
v -0.322544 0.005284 1.070208
v -0.282177 0.067540 1.087785
v -0.059962 0.105420 1.189671
v -0.039508 0.085337 1.235142
v 0.009363 0.110911 1.200845
v 0.115589 0.014066 1.108691
v 0.139038 0.014536 1.067354
v 0.159977 0.014956 1.025919
v -0.033696 0.011074 0.847222
v 0.016830 0.012086 0.846465
v -0.063101 0.010484 0.861076
v -0.332234 0.005090 0.944512
v -0.259276 0.006552 0.925702
v -0.312590 0.005484 0.978819
v -0.183903 0.067251 1.187334
v -0.237880 0.006981 1.185555
v -0.173048 0.049651 1.225582
v 0.052742 0.012806 1.209114
v 0.001086 0.011771 1.238769
v 0.037306 0.012497 1.193447
v 0.180280 0.015363 0.919603
v 0.170024 0.015157 0.949432
v 0.156764 0.014891 0.901773
v -0.003450 0.011680 0.890059
v -0.053678 0.010673 0.922247
v -0.061084 0.010525 0.885349
v -0.176731 0.008207 0.940754
v -0.175400 0.008234 0.997415
v -0.232510 0.007089 1.016766
v -0.239610 0.006947 1.160740
v -0.203539 0.007670 1.143652
v -0.201301 0.007714 1.210902
v 0.073294 0.013218 0.931506
v 0.069219 0.013137 0.993684
v 0.003810 0.011826 0.988097
v -0.092147 0.009902 1.204400
v -0.089170 0.009962 1.130803
v -0.021551 0.011317 1.145247
v 0.707414 0.010392 0.803411
v 0.840125 0.010392 0.849345
v 0.638734 0.010392 0.937181
v 0.555361 0.010392 0.859866
v 0.604306 0.010392 0.717519
v 0.764662 0.010392 0.664920
v 0.637665 0.211559 0.912870
v 0.518813 0.010392 0.947004
v 0.464393 0.010392 0.796036
v 0.589773 0.010392 0.630288
v 0.768187 0.334557 0.726185
v 0.593257 0.231590 0.781820
v 0.678250 0.010392 0.884741
v 0.821434 0.010392 0.829700
v 0.730525 0.010392 0.921116
v 0.856251 0.010392 0.750656
v 0.766311 0.010392 0.730637
v 0.625619 0.010392 0.828852
v 0.587707 0.010392 0.907797
v 0.649061 0.010392 0.739206
v 0.579382 0.010392 0.775369
v 0.667751 0.010392 0.662902
v 0.816959 0.261990 0.784092
v 0.774677 0.233151 0.681835
v 0.636642 0.074361 0.931722
v 0.715658 0.180806 0.907468
v 0.512562 0.010392 0.924206
v 0.573468 0.010392 0.940983
v 0.520238 0.010392 0.748497
v 0.495796 0.010392 0.834392
v 0.657889 0.010392 0.599284
v 0.584093 0.010392 0.657264
v 0.715632 0.315180 0.821830
v 0.584795 0.139712 0.922925
v 0.478884 0.010392 0.882564
v 0.507618 0.010392 0.707789
v 0.675818 0.262858 0.663458
v 0.620274 0.270401 0.843247
v 0.674252 0.315577 0.740114
v 0.539771 0.154015 0.876974
v 0.510720 0.117743 0.801076
v 0.590684 0.204293 0.704679
v 0.697709 0.010392 0.843514
v 0.847982 0.010392 0.841970
v 0.678701 0.010392 0.934871
v 0.867052 0.010392 0.801416
v 0.774048 0.010392 0.694407
v 0.663523 0.010392 0.815754
v 0.568379 0.010392 0.886041
v 0.678250 0.010392 0.770446
v 0.592559 0.010392 0.744097
v 0.718096 0.010392 0.655036
v 0.837627 0.188323 0.820385
v 0.777739 0.300078 0.703657
v 0.639260 0.010392 0.938385
v 0.667915 0.201789 0.916991
v 0.530223 0.010392 0.894205
v 0.541686 0.010392 0.950709
v 0.565824 0.010392 0.730965
v 0.471449 0.010392 0.815948
v 0.713059 0.010392 0.624364
v 0.581266 0.010392 0.632726
v 0.671001 0.268379 0.877099
v 0.549167 0.103947 0.940234
v 0.465104 0.010392 0.837878
v 0.548121 0.010392 0.660985
v 0.730987 0.313794 0.694062
v 0.628996 0.249600 0.883307
v 0.631914 0.278214 0.757051
v 0.523519 0.110369 0.921427
v 0.476189 0.072425 0.800243
v 0.587223 0.171552 0.661384
v 0.655818 0.010392 0.919299
v 0.765624 0.010392 0.816025
v 0.794842 0.010392 0.890799
v 0.817188 0.010392 0.703452
v 0.739930 0.010392 0.768709
v 0.589553 0.010392 0.844555
v 0.613536 0.010392 0.926600
v 0.625470 0.010392 0.724109
v 0.566746 0.010392 0.818356
v 0.632349 0.010392 0.689531
v 0.798156 0.315231 0.750146
v 0.774084 0.010392 0.666289
v 0.633326 0.146125 0.928390
v 0.784577 0.148814 0.882857
v 0.509214 0.010392 0.945103
v 0.606439 0.010392 0.939970
v 0.481252 0.010392 0.771940
v 0.525461 0.010392 0.849269
v 0.618461 0.010392 0.604215
v 0.595078 0.010392 0.690156
v 0.754633 0.339307 0.767955
v 0.610971 0.178182 0.919090
v 0.495124 0.010392 0.924664
v 0.476401 0.010392 0.754661
v 0.627378 0.196299 0.636613
v 0.607895 0.260119 0.808094
v 0.726755 0.337917 0.729776
v 0.565882 0.198230 0.827396
v 0.554193 0.176946 0.790940
v 0.594610 0.223597 0.743520
v 0.635746 0.268425 0.716376
v 0.679728 0.301653 0.699722
v 0.632875 0.241755 0.678602
v 0.547697 0.160218 0.750134
v 0.542149 0.138940 0.702103
v 0.501816 0.100568 0.752983
v 0.522939 0.135708 0.842003
v 0.487424 0.082252 0.846199
v 0.503063 0.098985 0.886126
v 0.579890 0.216251 0.859673
v 0.561357 0.154940 0.904654
v 0.598032 0.209079 0.888905
v 0.650525 0.306068 0.789549
v 0.665611 0.304804 0.831981
v 0.700485 0.332080 0.777860
v 0.724736 0.259557 0.664487
v 0.715090 0.010392 0.630666
v 0.664494 0.195881 0.620993
v 0.539746 0.010392 0.677330
v 0.548883 0.010392 0.703288
v 0.504283 0.010392 0.725463
v 0.477118 0.010392 0.862622
v 0.498511 0.010392 0.883819
v 0.488374 0.010392 0.910787
v 0.577668 0.010392 0.937565
v 0.604897 0.010392 0.936150
v 0.607806 0.107488 0.929450
v 0.715274 0.259463 0.870190
v 0.773130 0.233612 0.849851
v 0.769940 0.302207 0.805265
v 0.617298 0.010392 0.614696
v 0.660947 0.010392 0.620614
v 0.625302 0.010392 0.651801
v 0.502950 0.010392 0.790247
v 0.548467 0.010392 0.762908
v 0.535188 0.010392 0.802298
v 0.539475 0.010392 0.940104
v 0.547572 0.010392 0.919702
v 0.576780 0.010392 0.930189
v 0.670450 0.122387 0.928858
v 0.679907 0.010392 0.933412
v 0.724466 0.010392 0.922650
v 0.811541 0.259155 0.730049
v 0.849585 0.189497 0.764478
v 0.824386 0.010392 0.714412
v 0.717232 0.010392 0.691793
v 0.703010 0.010392 0.729640
v 0.661289 0.010392 0.700213
v 0.614178 0.010392 0.755219
v 0.636624 0.010392 0.781993
v 0.604078 0.010392 0.798319
v 0.606930 0.010392 0.871394
v 0.648177 0.010392 0.858910
v 0.628793 0.010392 0.897851
v 0.824365 0.010392 0.738980
v 0.856510 0.010392 0.789932
v 0.807801 0.010392 0.778490
v 0.710454 0.010392 0.907736
v 0.751995 0.010392 0.862291
v 0.786779 0.010392 0.880893
v -1.072490 0.006757 -0.548380
v -1.148781 0.008896 -0.352813
v -1.284945 0.006880 -0.564847
v -1.107449 0.004918 -0.729878
v -0.919248 0.006469 -0.555639
v -0.943834 0.008835 -0.331344
v -1.213366 0.226557 -0.375543
v -1.169532 0.203060 -0.614477
v -0.941961 0.004236 -0.773449
v -0.889306 0.007306 -0.471179
v -1.022195 0.065519 -0.261636
v -1.023240 0.224865 -0.454796
v -1.215108 0.006274 -0.613812
v -1.113728 0.007842 -0.449581
v -1.258414 0.007723 -0.480253
v -1.008274 0.009323 -0.293088
v -0.985084 0.007989 -0.418209
v -1.105456 0.005577 -0.666272
v -1.235105 0.005585 -0.682745
v -0.964763 0.006736 -0.536032
v -0.982905 0.005405 -0.666418
v -0.915655 0.007723 -0.434550
v -1.056638 0.009818 -0.251925
v -0.958959 0.009540 -0.265585
v -1.291461 0.008088 -0.449558
v -1.215705 0.008846 -0.366547
v -1.156547 0.103774 -0.702280
v -1.253048 0.147493 -0.575191
v -0.920052 0.005091 -0.688241
v -1.006894 0.004147 -0.790635
v -0.900707 0.008465 -0.361220
v -0.904865 0.006629 -0.538351
v -1.136589 0.130300 -0.313397
v -1.197893 0.243547 -0.473242
v -1.050643 0.157210 -0.732210
v -0.889064 0.005329 -0.661249
v -0.956228 0.073636 -0.319121
v -1.125695 0.249786 -0.395264
v -1.046039 0.139417 -0.324339
v -1.094153 0.246402 -0.555452
v -0.960810 0.189972 -0.657892
v -0.928936 0.138566 -0.471127
v -1.142497 0.006434 -0.588754
v -1.135952 0.008444 -0.394591
v -1.283531 0.007267 -0.527469
v -1.077614 0.009200 -0.314148
v -0.959833 0.008503 -0.365398
v -1.089680 0.006135 -0.610474
v -1.175127 0.005173 -0.714357
v -1.016787 0.006742 -0.542424
v -0.940544 0.005978 -0.605721
v -0.927425 0.008344 -0.376406
v -1.103245 0.009455 -0.293016
v -0.986713 0.009687 -0.255135
v -1.298465 0.007511 -0.505954
v -1.225149 0.008825 -0.369859
v -1.135701 0.004961 -0.729560
v -1.212838 0.182286 -0.592866
v -0.918498 0.005842 -0.615811
v -0.968186 0.004037 -0.796072
v -0.918448 0.008744 -0.336774
v -0.891203 0.006905 -0.510021
v -1.182980 0.189191 -0.346276
v -1.186208 0.228935 -0.545905
v -0.987456 0.121872 -0.771518
v -0.882713 0.006312 -0.565891
v -0.991379 0.069167 -0.277416
v -1.172969 0.246982 -0.379254
v -1.033807 0.189965 -0.382699
v -1.135805 0.230305 -0.590661
v -0.945331 0.140280 -0.736598
v -0.899605 0.098710 -0.473717
v -1.263593 0.006498 -0.598806
v -1.093215 0.007233 -0.505392
v -1.209392 0.008317 -0.416607
v -0.968998 0.009147 -0.304758
v -1.025675 0.007357 -0.484416
v -1.111598 0.005184 -0.704901
v -1.269907 0.006216 -0.626769
v -0.932543 0.006662 -0.538884
v -1.045110 0.005017 -0.712090
v -0.913811 0.007084 -0.495735
v -1.032655 0.009832 -0.247305
v -0.946313 0.009234 -0.293345
v -1.256995 0.206498 -0.402380
v -1.187282 0.008892 -0.358403
v -1.168631 0.158488 -0.660219
v -1.280067 0.006835 -0.568597
v -0.925368 0.004462 -0.749458
v -1.057476 0.004505 -0.762955
v -0.892535 0.007925 -0.412098
v -0.911503 0.006543 -0.547470
v -1.075689 0.088147 -0.277994
v -1.210246 0.247174 -0.413594
v -1.117897 0.186230 -0.673195
v -0.909113 0.004599 -0.734142
v -0.914773 0.071680 -0.390513
v -1.074111 0.243598 -0.417145
v -1.039434 0.096607 -0.283758
v -1.054905 0.246960 -0.504194
v -0.988892 0.218309 -0.549778
v -0.973894 0.186145 -0.460037
v -0.985558 0.140817 -0.381675
v -0.999152 0.103025 -0.314273
v -0.942846 0.106252 -0.384581
v -0.934486 0.171365 -0.571457
v -0.897436 0.116698 -0.577124
v -0.913905 0.137901 -0.674858
v -1.026094 0.225927 -0.612949
v -1.002507 0.181093 -0.708730
v -1.072144 0.209757 -0.652263
v -1.111489 0.261845 -0.467584
v -1.148292 0.254436 -0.508491
v -1.160702 0.262679 -0.433322
v -1.089737 0.197816 -0.352781
v -1.138263 0.196023 -0.347664
v -1.095979 0.134659 -0.310810
v -0.954859 0.042932 -0.282662
v -0.925700 0.009101 -0.303390
v -0.921487 0.041849 -0.332324
v -0.893126 0.005868 -0.609959
v -0.908362 0.005803 -0.618223
v -0.899398 0.005066 -0.687879
v -1.027838 0.004253 -0.783230
v -1.080383 0.004549 -0.761767
v -1.102895 0.130834 -0.725922
v -1.233136 0.201633 -0.520045
v -1.280995 0.159872 -0.505152
v -1.253361 0.210762 -0.452901
v -1.176462 0.009147 -0.332385
v -1.138588 0.009393 -0.303669
v -1.100285 0.009613 -0.277429
v -0.897547 0.007580 -0.445863
v -0.903478 0.008111 -0.395659
v -0.907391 0.007272 -0.476853
v -0.954508 0.004447 -0.754763
v -0.945511 0.005213 -0.679929
v -0.991112 0.004654 -0.739817
v -1.214575 0.127239 -0.641560
v -1.205913 0.005438 -0.693057
v -1.253995 0.090856 -0.635311
v -1.267694 0.008488 -0.407980
v -1.290258 0.007945 -0.463123
v -1.250123 0.008326 -0.421217
v -0.997587 0.009826 -0.243244
v -1.025797 0.009718 -0.257356
v -0.976803 0.009579 -0.264206
v -0.944007 0.007898 -0.421532
v -0.969272 0.007371 -0.475594
v -0.931718 0.007293 -0.478062
v -0.971345 0.006079 -0.600064
v -1.027685 0.006093 -0.606233
v -1.039315 0.005494 -0.665423
v -1.181088 0.005419 -0.691493
v -1.168919 0.005798 -0.653465
v -1.235875 0.005821 -0.660134
v -0.995238 0.008703 -0.350908
v -1.056331 0.008660 -0.363167
v -1.042145 0.007974 -0.427290
v -1.243862 0.006967 -0.551034
v -1.171305 0.006998 -0.538354
v -1.194563 0.007708 -0.473210
v -0.945457 0.011851 0.285327
v -1.001418 0.011851 0.396659
v -1.055051 0.011851 0.209236
v -0.977276 0.011851 0.144977
v -0.857823 0.011851 0.204717
v -0.830368 0.011851 0.351917
v -1.033545 0.190341 0.211146
v -1.049627 0.011851 0.102615
v -0.910471 0.011851 0.072457
v -0.779400 0.011851 0.202165
v -0.884664 0.299475 0.347832
v -0.913080 0.208115 0.187459
v -1.013565 0.011851 0.250140
v -0.981948 0.011851 0.382524
v -1.051687 0.011851 0.291849
v -0.916513 0.011851 0.422415
v -0.888359 0.011851 0.345661
v -0.958239 0.011851 0.210405
v -1.023224 0.011851 0.167804
v -0.882145 0.011851 0.241536
v -0.905779 0.011851 0.176012
v -0.817228 0.011851 0.266922
v -0.941312 0.235088 0.383937
v -0.846419 0.209500 0.358742
v -1.050005 0.068610 0.208037
v -1.037940 0.163055 0.280374
v -1.028844 0.011851 0.099790
v -1.050741 0.011851 0.151389
v -0.875210 0.011851 0.127147
v -0.947887 0.011851 0.095578
v -0.760121 0.011851 0.265709
v -0.802459 0.011851 0.194007
v -0.962619 0.282282 0.290395
v -1.036188 0.126593 0.163469
v -0.988270 0.011851 0.075054
v -0.837927 0.011851 0.120822
v -0.818664 0.235858 0.273951
v -0.970273 0.242550 0.204017
v -0.885898 0.282635 0.263584
v -0.990494 0.139284 0.129260
v -0.920336 0.107101 0.112610
v -0.844933 0.183895 0.194243
v -0.979588 0.011851 0.272089
v -0.995853 0.011851 0.404433
v -1.057707 0.011851 0.244658
v -0.962423 0.011851 0.425962
v -0.857403 0.011851 0.356714
v -0.951165 0.011851 0.245278
v -1.001823 0.011851 0.153357
v -0.913044 0.011851 0.263544
v -0.879820 0.011851 0.191269
v -0.816214 0.011851 0.312122
v -0.975655 0.169725 0.397858
v -0.865971 0.268883 0.358876
v -1.056172 0.011851 0.209558
v -1.040716 0.181673 0.237268
v -1.004529 0.011851 0.118841
v -1.055568 0.011851 0.122297
v -0.865136 0.011851 0.169296
v -0.928810 0.011851 0.076328
v -0.788648 0.011851 0.311289
v -0.780546 0.011851 0.194398
v -1.005994 0.240757 0.244661
v -1.047233 0.094860 0.130105
v -0.947354 0.011851 0.068175
v -0.801514 0.011851 0.161933
v -0.852049 0.281053 0.318883
v -1.006527 0.224095 0.206990
v -0.895829 0.249483 0.224362
v -1.027684 0.100559 0.109753
v -0.915554 0.066891 0.082338
v -0.806449 0.154845 0.196277
v -1.041328 0.011851 0.226358
v -0.963377 0.011851 0.335043
v -1.032567 0.011851 0.351971
v -0.870417 0.011851 0.393595
v -0.918750 0.011851 0.317994
v -0.967820 0.011851 0.176844
v -1.042791 0.011851 0.188316
v -0.866101 0.011851 0.222558
v -0.942104 0.011851 0.159858
v -0.836497 0.011851 0.232663
v -0.909252 0.282328 0.371381
v -0.832677 0.011851 0.360043
v -1.046686 0.132284 0.205510
v -1.024377 0.134670 0.343875
v -1.046830 0.011851 0.094395
v -1.053717 0.011851 0.180506
v -0.891255 0.011851 0.090110
v -0.964450 0.011851 0.119923
v -0.759833 0.011851 0.230454
v -0.832675 0.011851 0.199811
v -0.919810 0.303689 0.331014
v -1.035885 0.160727 0.186940
v -1.027201 0.011851 0.084400
v -0.875489 0.011851 0.087870
v -0.789373 0.176802 0.234497
v -0.937904 0.233427 0.197252
v -0.882963 0.302456 0.310973
v -0.949953 0.178516 0.158038
v -0.916520 0.159630 0.152033
v -0.879554 0.201023 0.193141
v -0.860505 0.240797 0.232503
v -0.851016 0.270279 0.273138
v -0.826946 0.217133 0.234407
v -0.879869 0.144788 0.151106
v -0.836976 0.125908 0.151859
v -0.876994 0.091862 0.110420
v -0.957763 0.123041 0.118557
v -0.957289 0.075611 0.086830
v -0.994238 0.090458 0.095902
v -0.979983 0.194505 0.166573
v -1.017370 0.140105 0.144998
v -1.007820 0.188142 0.179101
v -0.926594 0.274197 0.236920
v -0.965681 0.273075 0.245211
v -0.922172 0.297277 0.282230
v -0.825306 0.232929 0.316854
v -0.794429 0.011851 0.312336
v -0.779988 0.176431 0.268971
v -0.814906 0.011851 0.152650
v -0.838807 0.011851 0.157642
v -0.853080 0.011851 0.115816
v -0.970525 0.011851 0.075840
v -0.991677 0.011851 0.092169
v -1.014205 0.011851 0.080091
v -1.048228 0.011851 0.155484
v -1.050176 0.011851 0.179598
v -1.044626 0.098002 0.182942
v -1.005110 0.232846 0.284409
v -0.994006 0.209908 0.337678
v -0.954419 0.270772 0.340101
v -0.768915 0.011851 0.228202
v -0.779239 0.011851 0.265897
v -0.802487 0.011851 0.230890
v -0.909900 0.011851 0.107047
v -0.891194 0.011851 0.150285
v -0.924280 0.011851 0.133987
v -1.045981 0.011851 0.121596
v -1.028988 0.011851 0.131109
v -1.041637 0.011851 0.155568
v -1.051450 0.111221 0.238106
v -1.056565 0.011851 0.245889
v -1.052326 0.011851 0.286341
v -0.893146 0.232573 0.385509
v -0.927888 0.170767 0.414931
v -0.880900 0.011851 0.398641
v -0.848440 0.011851 0.307052
v -0.880059 0.011851 0.290105
v -0.849286 0.011851 0.256863
v -0.892137 0.011851 0.208979
v -0.918317 0.011851 0.225579
v -0.928859 0.011851 0.195041
v -0.993462 0.011851 0.188980
v -0.987320 0.011851 0.226720
v -1.019296 0.011851 0.205105
v -0.902504 0.011851 0.395740
v -0.951086 0.011851 0.418037
v -0.935311 0.011851 0.376539
v -1.037566 0.011851 0.275767
v -1.002469 0.011851 0.317631
v -1.022908 0.011851 0.346041
v 0.086080 0.013239 -0.059875
v -0.069256 0.013239 -0.077462
v 0.128117 0.013239 -0.221898
v 0.237499 0.013239 -0.158213
v 0.218987 0.013239 0.008323
v 0.057610 0.013239 0.104493
v 0.135196 0.147343 -0.195751
v 0.255987 0.013239 -0.261761
v 0.351849 0.013239 -0.111025
v 0.256009 0.013239 0.099537
v 0.038867 0.229339 0.038804
v 0.215336 0.160697 -0.064212
v 0.097960 0.013239 -0.155316
v -0.044171 0.013239 -0.060673
v 0.032322 0.013239 -0.182102
v -0.062747 0.013239 0.033662
v 0.039821 0.013239 0.033512
v 0.168734 0.013239 -0.107422
v 0.190697 0.013239 -0.202402
v 0.165094 0.013239 -0.004339
v 0.231978 0.013239 -0.060583
v 0.163368 0.013239 0.083094
v -0.028207 0.180963 -0.012222
v 0.042614 0.161738 0.088558
v 0.131717 0.055883 -0.216478
v 0.051794 0.126843 -0.170896
v 0.268326 0.013239 -0.238519
v 0.198084 0.013239 -0.241916
v 0.302762 0.013239 -0.045792
v 0.308401 0.013239 -0.145043
v 0.189568 0.013239 0.149796
v 0.255611 0.013239 0.068852
v 0.072669 0.216421 -0.077881
v 0.190177 0.099448 -0.219543
v 0.315045 0.013239 -0.201485
v 0.326380 0.013239 -0.004647
v 0.154470 0.181541 0.084453
v 0.171035 0.186570 -0.124359
v 0.137510 0.216686 0.000807
v 0.250269 0.108983 -0.180591
v 0.300301 0.084802 -0.105221
v 0.236909 0.142500 0.018953
v 0.086859 0.013239 -0.105798
v -0.075995 0.013239 -0.067539
v 0.085266 0.013239 -0.209659
v -0.086837 0.013239 -0.018846
v 0.040236 0.013239 0.074749
v 0.130750 0.013239 -0.083967
v 0.216987 0.013239 -0.183475
v 0.125783 0.013239 -0.031167
v 0.225277 0.013239 -0.023406
v 0.110597 0.013239 0.103894
v -0.059493 0.131854 -0.046613
v 0.033975 0.206354 0.065600
v 0.127252 0.013239 -0.223077
v 0.101335 0.140831 -0.192863
v 0.256446 0.013239 -0.201632
v 0.230239 0.013239 -0.260218
v 0.257514 0.013239 -0.015651
v 0.339338 0.013239 -0.130935
v 0.123535 0.013239 0.135984
v 0.264656 0.013239 0.094818
v 0.107694 0.185222 -0.148781
v 0.224662 0.075605 -0.247019
v 0.340892 0.013239 -0.156302
v 0.293779 0.013239 0.056053
v 0.087094 0.215498 0.064641
v 0.151809 0.172703 -0.165749
v 0.179376 0.191779 -0.027897
v 0.257101 0.079887 -0.232833
v 0.338012 0.054592 -0.112723
v 0.251208 0.120674 0.065139
v 0.113913 0.013239 -0.198315
v 0.019780 0.013239 -0.059406
v -0.030160 0.013239 -0.133515
v -0.008825 0.013239 0.075426
v 0.059208 0.013239 -0.014265
v 0.204087 0.013239 -0.133258
v 0.158063 0.013239 -0.216539
v 0.194394 0.013239 0.006317
v 0.235238 0.013239 -0.110353
v 0.195340 0.013239 0.045550
v 0.000480 0.216456 0.020073
v 0.047043 0.013239 0.105301
v 0.136131 0.103723 -0.213665
v -0.017077 0.105516 -0.127386
v 0.266876 0.013239 -0.262034
v 0.162517 0.013239 -0.232789
v 0.339403 0.013239 -0.080747
v 0.272558 0.013239 -0.153981
v 0.231194 0.013239 0.134842
v 0.235672 0.013239 0.035799
v 0.043421 0.232505 -0.009866
v 0.162678 0.125094 -0.209006
v 0.287156 0.013239 -0.243261
v 0.348879 0.013239 -0.063159
v 0.213622 0.137171 0.101821
v 0.193039 0.179715 -0.089188
v 0.082996 0.231579 0.024817
v 0.233976 0.138458 -0.120382
v 0.255548 0.124269 -0.083629
v 0.223189 0.155369 -0.022281
v 0.185115 0.185252 0.017218
v 0.141395 0.207403 0.046015
v 0.197429 0.167473 0.057550
v 0.272537 0.113118 -0.040885
v 0.290256 0.098933 0.009936
v 0.321681 0.073353 -0.055149
v 0.277066 0.096779 -0.146702
v 0.314621 0.061143 -0.159906
v 0.287914 0.072298 -0.199468
v 0.210902 0.150472 -0.152032
v 0.220084 0.109600 -0.205403
v 0.184080 0.145691 -0.179368
v 0.151248 0.210347 -0.058667
v 0.124532 0.209504 -0.101085
v 0.099826 0.227687 -0.033808
v 0.101083 0.179341 0.095244
v 0.119795 0.013239 0.129633
v 0.177108 0.136892 0.127823
v 0.298897 0.013239 0.036260
v 0.282653 0.013239 0.010289
v 0.325701 0.013239 -0.024656
v 0.321818 0.013239 -0.180254
v 0.293420 0.013239 -0.198071
v 0.297866 0.013239 -0.229831
v 0.194354 0.013239 -0.237181
v 0.165122 0.013239 -0.229015
v 0.163593 0.077966 -0.221030
v 0.061285 0.179278 -0.130498
v 0.003392 0.162045 -0.094321
v 0.017711 0.207773 -0.046667
v 0.229906 0.013239 0.123174
v 0.181053 0.013239 0.127371
v 0.212179 0.013239 0.084818
v 0.311377 0.013239 -0.095350
v 0.268591 0.013239 -0.054573
v 0.273426 0.013239 -0.100592
v 0.235222 0.013239 -0.249236
v 0.231394 0.013239 -0.225104
v 0.197114 0.013239 -0.229385
v 0.095692 0.087898 -0.205136
v 0.084312 0.013239 -0.207781
v 0.038530 0.013239 -0.185243
v -0.009166 0.179073 0.045162
v -0.058872 0.132636 0.017025
v -0.019312 0.013239 0.065273
v 0.102587 0.013239 0.063758
v 0.108822 0.013239 0.019185
v 0.161304 0.013239 0.040992
v 0.199087 0.013239 -0.030224
v 0.168188 0.013239 -0.053843
v 0.199566 0.013239 -0.079499
v 0.178678 0.013239 -0.158180
v 0.136914 0.013239 -0.134580
v 0.148490 0.013239 -0.181597
v -0.025269 0.013239 0.038582
v -0.072590 0.013239 -0.008937
v -0.016896 0.013239 -0.008367
v 0.057380 0.013239 -0.172455
v 0.023321 0.013239 -0.112978
v -0.018990 0.013239 -0.124716
v 0.128827 0.007086 -1.148743
v 0.064153 0.007086 -1.006420
v -0.012310 0.007086 -1.238737
v 0.082027 0.007086 -1.323122
v 0.234717 0.007086 -1.254111
v 0.276383 0.007086 -1.070930
v 0.014745 0.236810 -1.237400
v -0.010759 0.007086 -1.372667
v 0.162205 0.007086 -1.417323
v 0.332905 0.007086 -1.261172
v 0.208116 0.377270 -1.073378
v 0.164597 0.259685 -1.273026
v 0.041713 0.007086 -1.189501
v 0.087865 0.007086 -1.025098
v -0.004025 0.007086 -1.135336
v 0.171861 0.007086 -0.978312
v 0.203376 0.007086 -1.075918
v 0.109113 0.007086 -1.242037
v 0.025550 0.007086 -1.292244
v 0.206040 0.007086 -1.206757
v 0.173186 0.007086 -1.287736
v 0.288671 0.007086 -1.178129
v 0.138878 0.294400 -1.025328
v 0.256597 0.261468 -1.061584
v -0.006043 0.080136 -1.240489
v 0.012644 0.201692 -1.150398
v 0.015156 0.007086 -1.377231
v -0.009755 0.007086 -1.311467
v 0.209102 0.007086 -1.350499
v 0.116438 0.007086 -1.386497
v 0.360202 0.007086 -1.182462
v 0.303596 0.007086 -1.270265
v 0.107561 0.355142 -1.141545
v 0.009085 0.154764 -1.297040
v 0.064803 0.007086 -1.410238
v 0.255529 0.007086 -1.360264
v 0.287217 0.295391 -1.169247
v 0.093713 0.304005 -1.249454
v 0.202420 0.355595 -1.178932
v 0.064683 0.171097 -1.342175
v 0.151815 0.129676 -1.366501
v 0.250361 0.228513 -1.267877
v 0.085387 0.007086 -1.163658
v 0.071512 0.007086 -0.996947
v -0.013895 0.007086 -1.194201
v 0.114481 0.007086 -0.971605
v 0.242728 0.007086 -1.063586
v 0.119699 0.007086 -1.198669
v 0.051667 0.007086 -1.311408
v 0.168388 0.007086 -1.177647
v 0.206479 0.007086 -1.269888
v 0.292167 0.007086 -1.121515
v 0.096510 0.210275 -1.006185
v 0.232093 0.337896 -1.060454
v -0.013698 0.007086 -1.238278
v 0.007041 0.225653 -1.204301
v 0.046576 0.007086 -1.354545
v -0.017238 0.007086 -1.347700
v 0.223806 0.007086 -1.298156
v 0.139406 0.007086 -1.411569
v 0.326684 0.007086 -1.123916
v 0.331085 0.007086 -1.270853
v 0.050934 0.301697 -1.196743
v -0.006405 0.113922 -1.338322
v 0.115757 0.007086 -1.420876
v 0.303202 0.007086 -1.310520
v 0.247577 0.353559 -1.111276
v 0.048410 0.280252 -1.243941
v 0.188040 0.312928 -1.227613
v 0.017100 0.121256 -1.364798
v 0.156320 0.077925 -1.404686
v 0.298705 0.191124 -1.267222
v 0.005737 0.007086 -1.217947
v 0.108810 0.007086 -1.085535
v 0.022905 0.007086 -1.060908
v 0.228229 0.007086 -1.016711
v 0.163916 0.007086 -1.109105
v 0.095450 0.007086 -1.283638
v 0.002030 0.007086 -1.265566
v 0.225218 0.007086 -1.231338
v 0.126853 0.007086 -1.306199
v 0.262829 0.007086 -1.220128
v 0.178451 0.355200 -1.042646
v 0.273889 0.007086 -1.060629
v -0.002006 0.162088 -1.243819
v 0.032773 0.165159 -1.071461
v -0.007657 0.007086 -1.383109
v -0.012052 0.007086 -1.274819
v 0.187164 0.007086 -1.396140
v 0.096873 0.007086 -1.355162
v 0.358827 0.007086 -1.226671
v 0.266002 0.007086 -1.261501
v 0.163227 0.382693 -1.092731
v 0.010620 0.198696 -1.267631
v 0.016458 0.007086 -1.396605
v 0.206818 0.007086 -1.399724
v 0.321994 0.219384 -1.220149
v 0.133959 0.292264 -1.259528
v 0.208433 0.381106 -1.119669
v 0.116923 0.221590 -1.308094
v 0.158540 0.197283 -1.317268
v 0.206905 0.250557 -1.267554
v 0.232724 0.301749 -1.219147
v 0.246620 0.339694 -1.168674
v 0.274887 0.271292 -1.218412
v 0.204441 0.178181 -1.320235
v 0.258250 0.153882 -1.321403
v 0.206042 0.110063 -1.371382
v 0.105188 0.150192 -1.357203
v 0.104221 0.089148 -1.397001
v 0.058347 0.108256 -1.383808
v 0.079697 0.242169 -1.295915
v 0.031766 0.172154 -1.321122
v 0.045416 0.233979 -1.278840
v 0.150091 0.344735 -1.210356
v 0.101498 0.343292 -1.198037
v 0.157864 0.374440 -1.153772
v 0.281003 0.291622 -1.115136
v 0.319488 0.007086 -1.122319
v 0.335457 0.218906 -1.177393
v 0.285956 0.007086 -1.321497
v 0.256239 0.007086 -1.314062
v 0.236287 0.007086 -1.365793
v 0.087087 0.007086 -1.410126
v 0.061375 0.007086 -1.388615
v 0.032538 0.007086 -1.402646
v -0.006402 0.007086 -1.306457
v -0.007657 0.007086 -1.276131
v -0.000534 0.117965 -1.272213
v 0.053999 0.291515 -1.146957
v 0.070542 0.261993 -1.080724
v 0.120288 0.340327 -1.079635
v 0.347332 0.007086 -1.229048
v 0.336245 0.007086 -1.181285
v 0.305377 0.007086 -1.224025
v 0.164624 0.007086 -1.373989
v 0.190203 0.007086 -1.320706
v 0.147923 0.007086 -1.339509
v -0.005254 0.007086 -1.349050
v 0.016518 0.007086 -1.337961
v 0.001865 0.007086 -1.306676
v -0.006374 0.134980 -1.202722
v -0.012403 0.007086 -1.192713
v -0.005097 0.007086 -1.142210
v 0.199337 0.291163 -1.025727
v 0.157233 0.211616 -0.987133
v 0.215335 0.007086 -1.009869
v 0.251518 0.007086 -1.126284
v 0.211046 0.007086 -1.145973
v 0.247988 0.007086 -1.189161
v 0.191910 0.007086 -1.247080
v 0.159908 0.007086 -1.224980
v 0.145189 0.007086 -1.262745
v 0.063902 0.007086 -1.267162
v 0.073460 0.007086 -1.220153
v 0.032311 0.007086 -1.245676
v 0.188109 0.007086 -1.012441
v 0.128303 0.007086 -0.982098
v 0.146036 0.007086 -1.034896
v 0.012886 0.007086 -1.156193
v 0.058946 0.007086 -1.105439
v 0.034722 0.007086 -1.068817
v -0.500486 -0.000544 -0.559722
v -0.408728 -0.000544 -0.493057
v -0.535533 -0.000544 -0.451854
v -0.613904 -0.000544 -0.559722
v -0.535533 -0.000544 -0.667589
v -0.408728 -0.000544 -0.626387
v -0.465438 -0.000544 -0.451854
v -0.592243 -0.000544 -0.493057
v -0.592244 0.082509 -0.626387
v -0.465438 0.082509 -0.667589
v -0.387067 0.091372 -0.559722
v -0.500486 0.161468 -0.559722
v -0.521086 -0.000544 -0.496319
v -0.446552 -0.000544 -0.520537
v -0.467153 -0.000544 -0.457134
v -0.392619 -0.000544 -0.559722
v -0.446552 -0.000544 -0.598906
v -0.567151 -0.000544 -0.559722
v -0.587752 -0.000544 -0.496319
v -0.521086 -0.000544 -0.623124
v -0.587752 -0.000544 -0.623124
v -0.467153 -0.000544 -0.662309
v -0.379886 -0.000544 -0.520537
v -0.379886 -0.000544 -0.598906
v -0.500486 -0.000544 -0.432916
v -0.425951 -0.000544 -0.457134
v -0.621086 -0.000544 -0.520537
v -0.575020 -0.000544 -0.457134
v -0.575021 0.082509 -0.662310
v -0.621085 -0.000544 -0.598906
v -0.425951 -0.000544 -0.662310
v -0.500486 0.082509 -0.686527
v -0.413219 0.101328 -0.496319
v -0.533819 0.101329 -0.457134
v -0.608353 0.101328 -0.559722
v -0.533819 0.184382 -0.662309
v -0.413220 0.184382 -0.623124
v -0.479886 0.142530 -0.496319
v -0.433820 0.142530 -0.559722
v -0.554419 0.142530 -0.520537
v -0.554419 0.225583 -0.598906
v -0.479885 0.225583 -0.623124
v 0.333998 -0.000544 1.744365
v 0.221683 -0.000544 1.760151
v 0.284278 -0.000544 1.642426
v 0.415584 -0.000544 1.665577
v 0.434140 -0.000544 1.797611
v 0.314303 -0.000544 1.856060
v 0.233855 -0.000544 1.691118
v 0.353693 -0.000544 1.632669
v 0.446312 0.082509 1.728579
v 0.383718 0.082509 1.846304
v 0.252412 0.091372 1.823152
v 0.333998 0.161468 1.744365
v 0.304773 -0.000544 1.684447
v 0.267982 -0.000544 1.753643
v 0.238756 -0.000544 1.693725
v 0.256405 -0.000544 1.819296
v 0.322421 -0.000544 1.810017
v 0.381953 -0.000544 1.698055
v 0.352728 -0.000544 1.638136
v 0.392860 -0.000544 1.775662
v 0.440815 -0.000544 1.729352
v 0.381283 -0.000544 1.841315
v 0.220026 -0.000544 1.799954
v 0.274466 -0.000544 1.856328
v 0.245911 -0.000544 1.653149
v 0.209118 -0.000544 1.722346
v 0.393530 -0.000544 1.632402
v 0.316349 -0.000544 1.618793
v 0.458877 0.082509 1.766384
v 0.447970 -0.000544 1.688776
v 0.351646 -0.000544 1.869936
v 0.422085 0.082509 1.835581
v 0.227180 0.101328 1.759377
v 0.286712 0.101329 1.647414
v 0.411591 0.101328 1.669434
v 0.429239 0.184382 1.795004
v 0.315267 0.184382 1.850593
v 0.275136 0.142530 1.713067
v 0.286043 0.142530 1.790675
v 0.345574 0.142530 1.678713
v 0.400014 0.225583 1.735086
v 0.363222 0.225583 1.804282
v -0.728041 0.063054 0.605907
v -0.676312 0.201605 0.682429
v -0.607220 0.078107 0.748826
v -0.755019 -0.029002 0.727421
v -0.899158 0.016251 0.613637
v -0.858316 0.172618 0.619513
v -0.627406 0.163199 0.753685
v -0.691579 0.033787 0.818985
v -0.887845 0.015947 0.784335
v -0.937320 0.127242 0.679070
v -0.794876 0.235407 0.711077
v -0.805088 0.131131 0.787389
v -0.646831 0.058794 0.655869
v -0.681895 0.129755 0.614273
v -0.604171 0.132042 0.677940
v -0.763480 0.199317 0.638412
v -0.791698 0.110844 0.576271
v -0.733244 -0.002293 0.643570
v -0.665700 0.009425 0.741735
v -0.821714 0.030915 0.594372
v -0.840585 -0.018454 0.680237
v -0.886021 0.088363 0.577797
v -0.726985 0.238391 0.693250
v -0.829872 0.222716 0.655972
v -0.597030 0.131110 0.774402
v -0.638098 0.204223 0.742561
v -0.709018 -0.010852 0.788474
v -0.627598 0.046943 0.794861
v -0.894208 -0.011388 0.661931
v -0.835912 -0.020454 0.774958
v -0.904528 0.144362 0.601850
v -0.934948 0.065139 0.617847
v -0.709310 0.224859 0.758261
v -0.645801 0.103762 0.818968
v -0.798003 0.016395 0.829079
v -0.930971 0.060693 0.714980
v -0.896576 0.208454 0.726776
v -0.723608 0.171253 0.833043
v -0.818853 0.210739 0.790444
v -0.755344 0.089643 0.851150
v -0.863427 0.072413 0.813143
v -0.888311 0.133941 0.737051
v 0.782341 0.063054 -1.573617
v 0.872669 0.201605 -1.592914
v 0.960114 0.078107 -1.632102
v 0.884901 -0.029002 -1.503084
v 0.725407 0.016251 -1.412064
v 0.746155 0.172618 -1.447732
v 0.957057 0.163199 -1.611566
v 0.993563 0.033787 -1.527604
v 0.887913 0.015947 -1.358610
v 0.771780 0.127242 -1.352170
v 0.854817 0.235407 -1.472251
v 0.921747 0.131131 -1.434196
v 0.859088 0.058794 -1.630198
v 0.807384 0.129755 -1.613269
v 0.895532 0.132042 -1.661483
v 0.799203 0.199317 -1.528582
v 0.731017 0.110844 -1.525697
v 0.815313 -0.002293 -1.554684
v 0.931632 0.009425 -1.580537
v 0.736556 0.030915 -1.491086
v 0.809099 -0.018454 -1.441424
v 0.697098 0.088363 -1.437670
v 0.863720 0.238391 -1.541876
v 0.790614 0.222716 -1.460447
v 0.987645 0.131110 -1.631969
v 0.942738 0.204223 -1.605820
v 0.958741 -0.010852 -1.522864
v 0.995163 0.046943 -1.595963
v 0.772039 -0.011388 -1.398563
v 0.898674 -0.020454 -1.410273
v 0.712466 0.144362 -1.411501
v 0.715904 0.065139 -1.377303
v 0.930619 0.224859 -1.533911
v 1.010696 0.103762 -1.570055
v 0.963055 0.016395 -1.425148
v 0.807453 0.060693 -1.344604
v 0.831275 0.208454 -1.372075
v 0.994600 0.171253 -1.492641
v 0.919423 0.210739 -1.420289
v 0.999499 0.089643 -1.456433
v 0.923771 0.072413 -1.370458
v 0.843898 0.133941 -1.375890
v 1.093024 0.009870 0.860893
v 1.091393 0.029068 0.872586
v 1.092278 0.009870 0.884803
v 1.080069 0.009870 0.870128
v 1.076109 0.009870 0.846991
v 1.079486 0.025363 0.851043
v 1.089944 0.024159 0.883538
v 1.078263 0.009870 0.884252
v 1.062583 0.009870 0.864174
v 1.066887 0.009870 0.849943
v 1.077680 0.033389 0.865167
v 1.070184 0.020060 0.871542
v 1.096465 0.009870 0.872585
v 1.096692 0.009870 0.865634
v 1.098630 0.009870 0.878330
v 1.086878 0.028776 0.860949
v 1.089512 0.009870 0.852633
v 1.089309 0.009870 0.864025
v 1.087329 0.009870 0.879127
v 1.085113 0.009870 0.851785
v 1.075976 0.009870 0.858327
v 1.080422 0.009870 0.844711
v 1.085654 0.033770 0.869280
v 1.079069 0.031766 0.856939
v 1.091058 0.009870 0.888104
v 1.089880 0.029403 0.881567
v 1.079216 0.009870 0.879862
v 1.086404 0.009870 0.887433
v 1.072448 0.009870 0.852002
v 1.068319 0.009870 0.867725
v 1.076607 0.021751 0.845412
v 1.072349 0.009870 0.844330
v 1.081773 0.032040 0.876967
v 1.082613 0.009870 0.888166
v 1.067291 0.009870 0.876108
v 1.064419 0.009870 0.853897
v 1.066677 0.029943 0.857960
v 1.074018 0.025188 0.882848
v 1.068615 0.030236 0.870655
v 1.069455 0.009870 0.881854
v 1.062439 0.009870 0.868999
v 1.066583 0.020419 0.859642
v 0.439996 0.009870 -0.990715
v 0.440850 0.029068 -0.978940
v 0.444272 0.009870 -0.967179
v 0.429262 0.009870 -0.978972
v 0.420545 0.009870 -1.000767
v 0.424695 0.025363 -0.997512
v 0.441726 0.024159 -0.967927
v 0.430454 0.009870 -0.964783
v 0.410917 0.009870 -0.981133
v 0.412145 0.009870 -0.995949
v 0.425887 0.033389 -0.983323
v 0.419891 0.020060 -0.975519
v 0.445809 0.009870 -0.980003
v 0.444576 0.009870 -0.986847
v 0.449129 0.009870 -0.974838
v 0.433998 0.028776 -0.989373
v 0.434832 0.009870 -0.998057
v 0.437019 0.009870 -0.986874
v 0.438245 0.009870 -0.971693
v 0.430353 0.009870 -0.997965
v 0.422789 0.009870 -0.989654
v 0.424285 0.009870 -1.003900
v 0.434546 0.033770 -0.980971
v 0.425523 0.031766 -0.991659
v 0.443771 0.009870 -0.963696
v 0.441251 0.029403 -0.969841
v 0.430466 0.009870 -0.969275
v 0.439080 0.009870 -0.963378
v 0.418014 0.009870 -0.995100
v 0.417269 0.009870 -0.978861
v 0.420701 0.021751 -1.002415
v 0.416311 0.009870 -1.002581
v 0.432360 0.032040 -0.972641
v 0.435527 0.009870 -0.961867
v 0.418019 0.009870 -0.970449
v 0.410560 0.009870 -0.991566
v 0.413619 0.029943 -0.988067
v 0.426009 0.025188 -0.965267
v 0.418172 0.030236 -0.976058
v 0.421339 0.009870 -0.965284
v 0.411786 0.009870 -0.976385
v 0.413879 0.020419 -0.986401
v -0.858040 0.009870 -1.193726
v -0.857186 0.029068 -1.181950
v -0.853764 0.009870 -1.170189
v -0.868775 0.009870 -1.181982
v -0.877492 0.009870 -1.203777
v -0.873341 0.025363 -1.200522
v -0.856310 0.024159 -1.170938
v -0.867583 0.009870 -1.167794
v -0.887119 0.009870 -1.184143
v -0.885891 0.009870 -1.198960
v -0.872149 0.033389 -1.186334
v -0.878145 0.020060 -1.178530
v -0.852227 0.009870 -1.183013
v -0.853461 0.009870 -1.189857
v -0.848907 0.009870 -1.177849
v -0.864038 0.028776 -1.192383
v -0.863204 0.009870 -1.201067
v -0.861017 0.009870 -1.189884
v -0.859791 0.009870 -1.174703
v -0.867683 0.009870 -1.200975
v -0.875247 0.009870 -1.192664
v -0.873752 0.009870 -1.206910
v -0.863491 0.033770 -1.183981
v -0.872514 0.031766 -1.194670
v -0.854265 0.009870 -1.166706
v -0.856785 0.029403 -1.172852
v -0.867570 0.009870 -1.172285
v -0.858956 0.009870 -1.166388
v -0.880022 0.009870 -1.198111
v -0.880767 0.009870 -1.181872
v -0.877335 0.021751 -1.205425
v -0.881725 0.009870 -1.205592
v -0.865676 0.032040 -1.175652
v -0.862509 0.009870 -1.164877
v -0.880017 0.009870 -1.173459
v -0.887476 0.009870 -1.194577
v -0.884418 0.029943 -1.191077
v -0.872027 0.025188 -1.168277
v -0.879865 0.030236 -1.179069
v -0.876698 0.009870 -1.168294
v -0.886250 0.009870 -1.179395
v -0.884157 0.020419 -1.189412
v -1.547045 0.009870 0.721544
v -1.546191 0.029068 0.733320
v -1.542769 0.009870 0.745080
v -1.557780 0.009870 0.733288
v -1.566497 0.009870 0.711493
v -1.562346 0.025363 0.714747
v -1.545315 0.024159 0.744332
v -1.556587 0.009870 0.747476
v -1.576124 0.009870 0.731127
v -1.574896 0.009870 0.716310
v -1.561154 0.033389 0.728936
v -1.567150 0.020060 0.736740
v -1.541232 0.009870 0.732256
v -1.542465 0.009870 0.725413
v -1.537913 0.009870 0.737421
v -1.553043 0.028776 0.722886
v -1.552209 0.009870 0.714203
v -1.550022 0.009870 0.725385
v -1.548796 0.009870 0.740567
v -1.556688 0.009870 0.714295
v -1.564252 0.009870 0.722606
v -1.562757 0.009870 0.708359
v -1.552496 0.033770 0.731289
v -1.561519 0.031766 0.720600
v -1.543270 0.009870 0.748564
v -1.545790 0.029403 0.742418
v -1.556575 0.009870 0.742984
v -1.547961 0.009870 0.748882
v -1.569027 0.009870 0.717159
v -1.569773 0.009870 0.733398
v -1.566340 0.021751 0.709845
v -1.570731 0.009870 0.709678
v -1.554681 0.032040 0.739618
v -1.551514 0.009870 0.750393
v -1.569022 0.009870 0.741811
v -1.576482 0.009870 0.720693
v -1.573423 0.029943 0.724192
v -1.561033 0.025188 0.746992
v -1.568870 0.030236 0.736201
v -1.565703 0.009870 0.746976
v -1.575255 0.009870 0.735875
v -1.573162 0.020419 0.725858
v 1.588338 0.009870 -1.094613
v 1.589192 0.029068 -1.082837
v 1.592614 0.009870 -1.071076
v 1.577603 0.009870 -1.082869
v 1.568886 0.009870 -1.104664
v 1.573037 0.025363 -1.101409
v 1.590068 0.024159 -1.071825
v 1.578795 0.009870 -1.068681
v 1.559259 0.009870 -1.085030
v 1.560487 0.009870 -1.099847
v 1.574229 0.033389 -1.087221
v 1.568233 0.020060 -1.079417
v 1.594151 0.009870 -1.083901
v 1.592917 0.009870 -1.090744
v 1.597471 0.009870 -1.078736
v 1.582340 0.028776 -1.093271
v 1.583174 0.009870 -1.101954
v 1.585361 0.009870 -1.090772
v 1.586587 0.009870 -1.075590
v 1.578695 0.009870 -1.101862
v 1.571131 0.009870 -1.093551
v 1.572626 0.009870 -1.107798
v 1.582887 0.033770 -1.084868
v 1.573864 0.031766 -1.095557
v 1.592113 0.009870 -1.067593
v 1.589592 0.029403 -1.073739
v 1.578808 0.009870 -1.073173
v 1.587422 0.009870 -1.067275
v 1.566356 0.009870 -1.098998
v 1.565611 0.009870 -1.082759
v 1.569043 0.021751 -1.106312
v 1.564652 0.009870 -1.106479
v 1.580702 0.032040 -1.076539
v 1.583869 0.009870 -1.065764
v 1.566361 0.009870 -1.074346
v 1.558902 0.009870 -1.095464
v 1.561960 0.029943 -1.091964
v 1.574351 0.025188 -1.069165
v 1.566513 0.030236 -1.079956
v 1.569680 0.009870 -1.069181
v 1.560128 0.009870 -1.080282
v 1.562221 0.020419 -1.090299
v -0.225085 0.009870 1.674394
v -0.224231 0.029068 1.686170
v -0.220809 0.009870 1.697931
v -0.235820 0.009870 1.686138
v -0.244537 0.009870 1.664343
v -0.240386 0.025363 1.667598
v -0.223355 0.024159 1.697183
v -0.234628 0.009870 1.700327
v -0.254164 0.009870 1.683977
v -0.252936 0.009870 1.669160
v -0.239194 0.033389 1.681787
v -0.245190 0.020060 1.689591
v -0.219272 0.009870 1.685107
v -0.220506 0.009870 1.678263
v -0.215952 0.009870 1.690271
v -0.231083 0.028776 1.675737
v -0.230249 0.009870 1.667053
v -0.228062 0.009870 1.678236
v -0.226836 0.009870 1.693417
v -0.234728 0.009870 1.667145
v -0.242292 0.009870 1.675456
v -0.240797 0.009870 1.661210
v -0.230536 0.033770 1.684139
v -0.239559 0.031766 1.673450
v -0.221310 0.009870 1.701414
v -0.223830 0.029403 1.695268
v -0.234615 0.009870 1.695835
v -0.226001 0.009870 1.701732
v -0.247067 0.009870 1.670010
v -0.247813 0.009870 1.686249
v -0.244380 0.021751 1.662695
v -0.248770 0.009870 1.662529
v -0.232721 0.032040 1.692468
v -0.229554 0.009870 1.703243
v -0.247062 0.009870 1.694661
v -0.254521 0.009870 1.673543
v -0.251463 0.029943 1.677043
v -0.239072 0.025188 1.699843
v -0.246910 0.030236 1.689051
v -0.243743 0.009870 1.699826
v -0.253295 0.009870 1.688725
v -0.251202 0.020419 1.678708
v -0.234411 0.009870 0.184268
v -0.233781 0.029068 0.172478
v -0.235702 0.009870 0.160381
v -0.222288 0.009870 0.173963
v -0.216373 0.009870 0.196679
v -0.220082 0.025363 0.192930
v -0.233269 0.024159 0.161443
v -0.221691 0.009870 0.159737
v -0.204359 0.009870 0.178407
v -0.207436 0.009870 0.192953
v -0.219486 0.033389 0.178703
v -0.212559 0.020060 0.171713
v -0.238834 0.009870 0.172911
v -0.238469 0.009870 0.179856
v -0.241480 0.009870 0.167371
v -0.228291 0.028776 0.183688
v -0.230208 0.009870 0.192199
v -0.230975 0.009870 0.180830
v -0.230288 0.009870 0.165615
v -0.225752 0.009870 0.192669
v -0.217206 0.009870 0.185373
v -0.220476 0.009870 0.199319
v -0.227781 0.033770 0.175284
v -0.220169 0.031766 0.187019
v -0.234767 0.009870 0.156988
v -0.233038 0.029403 0.163401
v -0.222267 0.009870 0.164192
v -0.230074 0.009870 0.157261
v -0.213152 0.009870 0.191375
v -0.210376 0.009870 0.175357
v -0.216735 0.021751 0.198295
v -0.212400 0.009870 0.199010
v -0.224568 0.032040 0.167294
v -0.226359 0.009870 0.156208
v -0.210065 0.009870 0.166917
v -0.205313 0.009870 0.188803
v -0.207909 0.029943 0.184948
v -0.217342 0.025188 0.160774
v -0.210920 0.030236 0.172463
v -0.212711 0.009870 0.161377
v -0.204626 0.009870 0.173588
v -0.207959 0.020419 0.183263
v -1.384119 0.009870 0.729047
v -1.383490 0.029068 0.717257
v -1.385410 0.009870 0.705160
v -1.371997 0.009870 0.718742
v -1.366081 0.009870 0.741458
v -1.369791 0.025363 0.737708
v -1.382978 0.024159 0.706221
v -1.371400 0.009870 0.704515
v -1.354068 0.009870 0.723186
v -1.357145 0.009870 0.737732
v -1.369195 0.033389 0.723482
v -1.362268 0.020060 0.716491
v -1.388543 0.009870 0.717690
v -1.388178 0.009870 0.724634
v -1.391189 0.009870 0.712150
v -1.378000 0.028776 0.728467
v -1.379917 0.009870 0.736977
v -1.380684 0.009870 0.725609
v -1.379997 0.009870 0.710393
v -1.375461 0.009870 0.737447
v -1.366915 0.009870 0.730151
v -1.370185 0.009870 0.744097
v -1.377490 0.033770 0.720062
v -1.369878 0.031766 0.731798
v -1.384476 0.009870 0.701767
v -1.382746 0.029403 0.708180
v -1.371976 0.009870 0.708970
v -1.379782 0.009870 0.702039
v -1.362861 0.009870 0.736153
v -1.360085 0.009870 0.720136
v -1.366443 0.021751 0.743073
v -1.362109 0.009870 0.743789
v -1.374277 0.032040 0.712072
v -1.376068 0.009870 0.700986
v -1.359774 0.009870 0.711695
v -1.355022 0.009870 0.733582
v -1.357618 0.029943 0.729726
v -1.367051 0.025188 0.705553
v -1.360629 0.030236 0.717242
v -1.362420 0.009870 0.706155
v -1.354335 0.009870 0.718366
v -1.357668 0.020419 0.728042
v -0.663672 0.009870 -1.079592
v -0.663042 0.029068 -1.091381
v -0.664963 0.009870 -1.103478
v -0.651549 0.009870 -1.089896
v -0.645634 0.009870 -1.067181
v -0.649343 0.025363 -1.070930
v -0.662530 0.024159 -1.102417
v -0.650952 0.009870 -1.104123
v -0.633620 0.009870 -1.085452
v -0.636697 0.009870 -1.070906
v -0.648747 0.033389 -1.085156
v -0.641820 0.020060 -1.092147
v -0.668095 0.009870 -1.090948
v -0.667730 0.009870 -1.084004
v -0.670741 0.009870 -1.096488
v -0.657552 0.028776 -1.080171
v -0.659469 0.009870 -1.071661
v -0.660236 0.009870 -1.083029
v -0.659549 0.009870 -1.098245
v -0.655013 0.009870 -1.071190
v -0.646467 0.009870 -1.078487
v -0.649737 0.009870 -1.064541
v -0.657042 0.033770 -1.088576
v -0.649430 0.031766 -1.076840
v -0.664028 0.009870 -1.106871
v -0.662299 0.029403 -1.100458
v -0.651528 0.009870 -1.099668
v -0.659335 0.009870 -1.106599
v -0.642413 0.009870 -1.072485
v -0.639637 0.009870 -1.088502
v -0.645996 0.021751 -1.065565
v -0.641661 0.009870 -1.064849
v -0.653829 0.032040 -1.096565
v -0.655620 0.009870 -1.107652
v -0.639327 0.009870 -1.096942
v -0.634574 0.009870 -1.075056
v -0.637170 0.029943 -1.078912
v -0.646604 0.025188 -1.103085
v -0.640181 0.030236 -1.091396
v -0.641972 0.009870 -1.102483
v -0.633887 0.009870 -1.090272
v -0.637220 0.020419 -1.080596
v -0.270638 0.009870 -0.216285
v -0.270008 0.029068 -0.228074
v -0.271929 0.009870 -0.240171
v -0.258515 0.009870 -0.226589
v -0.252600 0.009870 -0.203874
v -0.256310 0.025363 -0.207623
v -0.269497 0.024159 -0.239110
v -0.257919 0.009870 -0.240816
v -0.240587 0.009870 -0.222145
v -0.243663 0.009870 -0.207600
v -0.255713 0.033389 -0.221849
v -0.248786 0.020060 -0.228840
v -0.275062 0.009870 -0.227641
v -0.274696 0.009870 -0.220697
v -0.277708 0.009870 -0.233181
v -0.264519 0.028776 -0.216864
v -0.266435 0.009870 -0.208354
v -0.267202 0.009870 -0.219722
v -0.266515 0.009870 -0.234938
v -0.261980 0.009870 -0.207883
v -0.253433 0.009870 -0.215180
v -0.256704 0.009870 -0.201234
v -0.264008 0.033770 -0.225269
v -0.256397 0.031766 -0.213533
v -0.270995 0.009870 -0.243564
v -0.269265 0.029403 -0.237151
v -0.258495 0.009870 -0.236361
v -0.266301 0.009870 -0.243292
v -0.249380 0.009870 -0.209178
v -0.246603 0.009870 -0.225195
v -0.252962 0.021751 -0.202258
v -0.248627 0.009870 -0.201542
v -0.260796 0.032040 -0.233258
v -0.262586 0.009870 -0.244345
v -0.246293 0.009870 -0.233636
v -0.241541 0.009870 -0.211749
v -0.244136 0.029943 -0.215605
v -0.253570 0.025188 -0.239778
v -0.247148 0.030236 -0.228089
v -0.248939 0.009870 -0.239176
v -0.240853 0.009870 -0.226965
v -0.244186 0.020419 -0.217289
v 1.529114 0.009870 -1.402904
v 1.529744 0.029068 -1.414694
v 1.527823 0.009870 -1.426791
v 1.541237 0.009870 -1.413209
v 1.547152 0.009870 -1.390493
v 1.543442 0.025363 -1.394243
v 1.530256 0.024159 -1.425729
v 1.541833 0.009870 -1.427435
v 1.559165 0.009870 -1.408765
v 1.556089 0.009870 -1.394219
v 1.544039 0.033389 -1.408469
v 1.550966 0.020060 -1.415460
v 1.524690 0.009870 -1.414261
v 1.525056 0.009870 -1.407316
v 1.522045 0.009870 -1.419801
v 1.535234 0.028776 -1.403484
v 1.533317 0.009870 -1.394974
v 1.532550 0.009870 -1.406342
v 1.533237 0.009870 -1.421558
v 1.537772 0.009870 -1.394503
v 1.546319 0.009870 -1.401800
v 1.543049 0.009870 -1.387854
v 1.535744 0.033770 -1.411888
v 1.543355 0.031766 -1.400153
v 1.528757 0.009870 -1.430184
v 1.530487 0.029403 -1.423771
v 1.541257 0.009870 -1.422980
v 1.533451 0.009870 -1.429911
v 1.550373 0.009870 -1.395798
v 1.553149 0.009870 -1.411815
v 1.546790 0.021751 -1.388878
v 1.551125 0.009870 -1.388162
v 1.538957 0.032040 -1.419878
v 1.537166 0.009870 -1.430965
v 1.553459 0.009870 -1.420255
v 1.558212 0.009870 -1.398369
v 1.555616 0.029943 -1.402224
v 1.546182 0.025188 -1.426398
v 1.552605 0.030236 -1.414709
v 1.550814 0.009870 -1.425795
v 1.558899 0.009870 -1.413585
v 1.555566 0.020419 -1.403909
v 0.553024 0.009870 -1.763812
v 0.553654 0.029068 -1.775601
v 0.551733 0.009870 -1.787699
v 0.565146 0.009870 -1.774116
v 0.571062 0.009870 -1.751401
v 0.567352 0.025363 -1.755150
v 0.554165 0.024159 -1.786637
v 0.565743 0.009870 -1.788343
v 0.583075 0.009870 -1.769672
v 0.579998 0.009870 -1.755127
v 0.567948 0.033389 -1.769376
v 0.574875 0.020060 -1.776367
v 0.548600 0.009870 -1.775168
v 0.548966 0.009870 -1.768224
v 0.545954 0.009870 -1.780709
v 0.559143 0.028776 -1.764391
v 0.557226 0.009870 -1.755881
v 0.556459 0.009870 -1.767249
v 0.557146 0.009870 -1.782465
v 0.561682 0.009870 -1.755411
v 0.570228 0.009870 -1.762707
v 0.566958 0.009870 -1.748761
v 0.559653 0.033770 -1.772796
v 0.567265 0.031766 -1.761060
v 0.552667 0.009870 -1.791091
v 0.554397 0.029403 -1.784678
v 0.565167 0.009870 -1.783888
v 0.557361 0.009870 -1.790819
v 0.574282 0.009870 -1.756705
v 0.577058 0.009870 -1.772722
v 0.570700 0.021751 -1.749785
v 0.575034 0.009870 -1.749069
v 0.562866 0.032040 -1.780786
v 0.561075 0.009870 -1.791872
v 0.577369 0.009870 -1.781163
v 0.582121 0.009870 -1.759276
v 0.579525 0.029943 -1.763132
v 0.570092 0.025188 -1.787305
v 0.576514 0.030236 -1.775616
v 0.574723 0.009870 -1.786703
v 0.582808 0.009870 -1.774492
v 0.579475 0.020419 -1.764817
v 1.291243 0.009870 0.988107
v 1.291873 0.029068 0.976317
v 1.289952 0.009870 0.964220
v 1.303366 0.009870 0.977802
v 1.309281 0.009870 1.000518
v 1.305572 0.025363 0.996768
v 1.292385 0.024159 0.965281
v 1.303962 0.009870 0.963576
v 1.321295 0.009870 0.982246
v 1.318218 0.009870 0.996792
v 1.306168 0.033389 0.982542
v 1.313095 0.020060 0.975551
v 1.286820 0.009870 0.976750
v 1.287185 0.009870 0.983694
v 1.284174 0.009870 0.971210
v 1.297363 0.028776 0.987527
v 1.295446 0.009870 0.996038
v 1.294679 0.009870 0.984669
v 1.295366 0.009870 0.969453
v 1.299902 0.009870 0.996508
v 1.308448 0.009870 0.989211
v 1.305178 0.009870 1.003157
v 1.297873 0.033770 0.979123
v 1.305485 0.031766 0.990858
v 1.290887 0.009870 0.960827
v 1.292616 0.029403 0.967240
v 1.303387 0.009870 0.968031
v 1.295580 0.009870 0.961099
v 1.312502 0.009870 0.995213
v 1.315278 0.009870 0.979196
v 1.308919 0.021751 1.002133
v 1.313254 0.009870 1.002849
v 1.301086 0.032040 0.971133
v 1.299295 0.009870 0.960047
v 1.315589 0.009870 0.970756
v 1.320341 0.009870 0.992642
v 1.317745 0.029943 0.988787
v 1.308311 0.025188 0.964613
v 1.314734 0.030236 0.976302
v 1.312943 0.009870 0.965216
v 1.321028 0.009870 0.977426
v 1.317695 0.020419 0.987102
v -0.459978 0.009870 1.405748
v -0.459348 0.029068 1.393958
v -0.461269 0.009870 1.381861
v -0.447855 0.009870 1.395443
v -0.441940 0.009870 1.418159
v -0.445650 0.025363 1.414409
v -0.458837 0.024159 1.382922
v -0.447259 0.009870 1.381216
v -0.429927 0.009870 1.399887
v -0.433003 0.009870 1.414433
v -0.445053 0.033389 1.400183
v -0.438126 0.020060 1.393192
v -0.464402 0.009870 1.394391
v -0.464036 0.009870 1.401335
v -0.467047 0.009870 1.388851
v -0.453858 0.028776 1.405168
v -0.455775 0.009870 1.413678
v -0.456542 0.009870 1.402310
v -0.455855 0.009870 1.387094
v -0.451320 0.009870 1.414149
v -0.442773 0.009870 1.406852
v -0.446043 0.009870 1.420798
v -0.453348 0.033770 1.396764
v -0.445737 0.031766 1.408499
v -0.460335 0.009870 1.378468
v -0.458605 0.029403 1.384881
v -0.447835 0.009870 1.385672
v -0.455641 0.009870 1.378740
v -0.438719 0.009870 1.412854
v -0.435943 0.009870 1.396837
v -0.442302 0.021751 1.419774
v -0.437967 0.009870 1.420490
v -0.450135 0.032040 1.388773
v -0.451926 0.009870 1.377687
v -0.435633 0.009870 1.388397
v -0.430880 0.009870 1.410283
v -0.433476 0.029943 1.406427
v -0.442910 0.025188 1.382254
v -0.436487 0.030236 1.393943
v -0.438278 0.009870 1.382857
v -0.430193 0.009870 1.395067
v -0.433526 0.020419 1.404743
v -1.004073 0.009870 -0.953138
v -1.003443 0.029068 -0.964927
v -1.005364 0.009870 -0.977024
v -0.991950 0.009870 -0.963442
v -0.986035 0.009870 -0.940726
v -0.989745 0.025363 -0.944476
v -1.002932 0.024159 -0.975963
v -0.991354 0.009870 -0.977668
v -0.974022 0.009870 -0.958998
v -0.977099 0.009870 -0.944452
v -0.989149 0.033389 -0.958702
v -0.982221 0.020060 -0.965693
v -1.008497 0.009870 -0.964494
v -1.008132 0.009870 -0.957550
v -1.011143 0.009870 -0.970034
v -0.997954 0.028776 -0.953717
v -0.999871 0.009870 -0.945207
v -1.000638 0.009870 -0.956575
v -0.999951 0.009870 -0.971791
v -0.995415 0.009870 -0.944736
v -0.986869 0.009870 -0.952033
v -0.990139 0.009870 -0.938087
v -0.997444 0.033770 -0.962122
v -0.989832 0.031766 -0.950386
v -1.004430 0.009870 -0.980417
v -1.002700 0.029403 -0.974004
v -0.991930 0.009870 -0.973213
v -0.999736 0.009870 -0.980145
v -0.982815 0.009870 -0.946031
v -0.980039 0.009870 -0.962048
v -0.986397 0.021751 -0.939111
v -0.982063 0.009870 -0.938395
v -0.994231 0.032040 -0.970111
v -0.996021 0.009870 -0.981198
v -0.979728 0.009870 -0.970488
v -0.974976 0.009870 -0.948602
v -0.977572 0.029943 -0.952458
v -0.987005 0.025188 -0.976631
v -0.980583 0.030236 -0.964942
v -0.982374 0.009870 -0.976029
v -0.974289 0.009870 -0.963818
v -0.977621 0.020419 -0.954142
v 0.183914 0.009870 -1.558751
v 0.184544 0.029068 -1.570541
v 0.182623 0.009870 -1.582638
v 0.196036 0.009870 -1.569056
v 0.201952 0.009870 -1.546340
v 0.198242 0.025363 -1.550089
v 0.185055 0.024159 -1.581576
v 0.196633 0.009870 -1.583282
v 0.213965 0.009870 -1.564611
v 0.210889 0.009870 -1.550066
v 0.198838 0.033389 -1.564315
v 0.205765 0.020060 -1.571306
v 0.179490 0.009870 -1.570107
v 0.179856 0.009870 -1.563163
v 0.176844 0.009870 -1.575648
v 0.190033 0.028776 -1.559330
v 0.188116 0.009870 -1.550820
v 0.187349 0.009870 -1.562188
v 0.188037 0.009870 -1.577404
v 0.192572 0.009870 -1.550350
v 0.201118 0.009870 -1.557646
v 0.197848 0.009870 -1.543700
v 0.190543 0.033770 -1.567735
v 0.198155 0.031766 -1.555999
v 0.183557 0.009870 -1.586030
v 0.185287 0.029403 -1.579617
v 0.196057 0.009870 -1.578827
v 0.188251 0.009870 -1.585758
v 0.205172 0.009870 -1.551644
v 0.207948 0.009870 -1.567661
v 0.201590 0.021751 -1.544724
v 0.205924 0.009870 -1.544008
v 0.193756 0.032040 -1.575725
v 0.191965 0.009870 -1.586811
v 0.208259 0.009870 -1.576102
v 0.213011 0.009870 -1.554216
v 0.210415 0.029943 -1.558071
v 0.200982 0.025188 -1.582244
v 0.207404 0.030236 -1.570556
v 0.205613 0.009870 -1.581642
v 0.213698 0.009870 -1.569431
v 0.210365 0.020419 -1.559756
v -0.001325 0.009870 0.393430
v -0.000695 0.029068 0.381640
v -0.002616 0.009870 0.369543
v 0.010798 0.009870 0.383125
v 0.016713 0.009870 0.405841
v 0.013003 0.025363 0.402092
v -0.000183 0.024159 0.370605
v 0.011394 0.009870 0.368899
v 0.028727 0.009870 0.387569
v 0.025650 0.009870 0.402115
v 0.013600 0.033389 0.387865
v 0.020527 0.020060 0.380875
v -0.005748 0.009870 0.382073
v -0.005383 0.009870 0.389018
v -0.008394 0.009870 0.376533
v 0.004795 0.028776 0.392850
v 0.002878 0.009870 0.401361
v 0.002111 0.009870 0.389992
v 0.002798 0.009870 0.374777
v 0.007334 0.009870 0.401831
v 0.015880 0.009870 0.394535
v 0.012610 0.009870 0.408481
v 0.005305 0.033770 0.384446
v 0.012916 0.031766 0.396181
v -0.001682 0.009870 0.366150
v 0.000048 0.029403 0.372563
v 0.010819 0.009870 0.373354
v 0.003012 0.009870 0.366423
v 0.019934 0.009870 0.400537
v 0.022710 0.009870 0.384519
v 0.016351 0.021751 0.407457
v 0.020686 0.009870 0.408172
v 0.008518 0.032040 0.376456
v 0.006727 0.009870 0.365370
v 0.023021 0.009870 0.376079
v 0.027773 0.009870 0.397965
v 0.025177 0.029943 0.394110
v 0.015743 0.025188 0.369936
v 0.022166 0.030236 0.381625
v 0.020375 0.009870 0.370539
v 0.028460 0.009870 0.382750
v 0.025127 0.020419 0.392425
v -0.500770 0.008228 0.098645
v -0.495869 0.032379 0.084625
v -0.493941 0.008228 0.069337
v -0.482508 0.008228 0.090455
v -0.483341 0.008228 0.119971
v -0.486505 0.027718 0.114140
v -0.491376 0.026203 0.071474
v -0.476791 0.008228 0.073480
v -0.462412 0.008228 0.102120
v -0.471237 0.008228 0.118609
v -0.480788 0.037814 0.097165
v -0.469966 0.021047 0.091153
v -0.502126 0.008228 0.083373
v -0.504123 0.008228 0.091890
v -0.503376 0.008228 0.075752
v -0.493175 0.032011 0.100094
v -0.498479 0.008228 0.109701
v -0.495413 0.008228 0.095699
v -0.489239 0.008228 0.077561
v -0.493262 0.008228 0.111834
v -0.480376 0.008228 0.106021
v -0.489224 0.008228 0.121719
v -0.489607 0.038294 0.090121
v -0.484535 0.035773 0.106970
v -0.491621 0.008228 0.065567
v -0.491784 0.032800 0.073922
v -0.479052 0.008228 0.078659
v -0.486047 0.008228 0.067545
v -0.477588 0.008228 0.114695
v -0.468609 0.008228 0.096322
v -0.484345 0.023174 0.121796
v -0.479361 0.008228 0.124183
v -0.482920 0.036118 0.081598
v -0.481190 0.008228 0.067577
v -0.465269 0.008228 0.086236
v -0.467215 0.008228 0.114342
v -0.468997 0.033480 0.108773
v -0.471902 0.027498 0.076260
v -0.468250 0.033847 0.092635
v -0.466520 0.008228 0.078615
v -0.461042 0.008228 0.096204
v -0.468466 0.021498 0.106720
v 0.788927 0.008228 0.992164
v 0.793828 0.032379 0.978144
v 0.795756 0.008228 0.962857
v 0.807189 0.008228 0.983974
v 0.806356 0.008228 1.013491
v 0.803192 0.027718 1.007659
v 0.798321 0.026203 0.964993
v 0.812906 0.008228 0.966999
v 0.827285 0.008228 0.995639
v 0.818460 0.008228 1.012129
v 0.808909 0.037814 0.990684
v 0.819731 0.021047 0.984672
v 0.787571 0.008228 0.976892
v 0.785574 0.008228 0.985409
v 0.786321 0.008228 0.969271
v 0.796522 0.032011 0.993613
v 0.791218 0.008228 1.003220
v 0.794284 0.008228 0.989218
v 0.800458 0.008228 0.971080
v 0.796435 0.008228 1.005352
v 0.809321 0.008228 0.999541
v 0.800473 0.008228 1.015238
v 0.800090 0.038294 0.983640
v 0.805163 0.035773 1.000489
v 0.798076 0.008228 0.959086
v 0.797913 0.032800 0.967441
v 0.810646 0.008228 0.972178
v 0.803650 0.008228 0.961064
v 0.812110 0.008228 1.008214
v 0.821088 0.008228 0.989841
v 0.805352 0.023174 1.015315
v 0.810336 0.008228 1.017702
v 0.806777 0.036118 0.975117
v 0.808507 0.008228 0.961096
v 0.824428 0.008228 0.979755
v 0.822482 0.008228 1.007861
v 0.820700 0.033480 1.002293
v 0.817795 0.027498 0.969779
v 0.821447 0.033847 0.986154
v 0.823178 0.008228 0.972134
v 0.828655 0.008228 0.989723
v 0.821231 0.021498 1.000240
v -1.545352 0.008228 0.573839
v -1.540450 0.032379 0.559819
v -1.538522 0.008228 0.544532
v -1.527089 0.008228 0.565650
v -1.527922 0.008228 0.595166
v -1.531086 0.027718 0.589334
v -1.535957 0.026203 0.546669
v -1.521372 0.008228 0.548675
v -1.506994 0.008228 0.577314
v -1.515818 0.008228 0.593804
v -1.525369 0.037814 0.572359
v -1.514547 0.021047 0.566348
v -1.546707 0.008228 0.558568
v -1.548704 0.008228 0.567085
v -1.547957 0.008228 0.550946
v -1.537756 0.032011 0.575289
v -1.543061 0.008228 0.584895
v -1.539994 0.008228 0.570894
v -1.533821 0.008228 0.552755
v -1.537844 0.008228 0.587028
v -1.524957 0.008228 0.581216
v -1.533806 0.008228 0.596914
v -1.534188 0.038294 0.565315
v -1.529116 0.035773 0.582165
v -1.536202 0.008228 0.540762
v -1.536365 0.032800 0.549116
v -1.523633 0.008228 0.553854
v -1.530628 0.008228 0.542739
v -1.522169 0.008228 0.589890
v -1.513190 0.008228 0.571517
v -1.528926 0.023174 0.596991
v -1.523942 0.008228 0.599378
v -1.527501 0.036118 0.556793
v -1.525771 0.008228 0.542772
v -1.509851 0.008228 0.561431
v -1.511797 0.008228 0.589537
v -1.513578 0.033480 0.583968
v -1.516484 0.027498 0.551455
v -1.512831 0.033847 0.567830
v -1.511101 0.008228 0.553809
v -1.505623 0.008228 0.571399
v -1.513047 0.021498 0.581915
v 1.561323 0.008228 -1.258039
v 1.566224 0.032379 -1.272059
v 1.568152 0.008228 -1.287346
v 1.579585 0.008228 -1.266229
v 1.578753 0.008228 -1.236712
v 1.575588 0.027718 -1.242544
v 1.570718 0.026203 -1.285209
v 1.585302 0.008228 -1.283204
v 1.599681 0.008228 -1.254564
v 1.590856 0.008228 -1.238074
v 1.581305 0.037814 -1.259519
v 1.592128 0.021047 -1.265530
v 1.559968 0.008228 -1.273311
v 1.557970 0.008228 -1.264794
v 1.558717 0.008228 -1.280932
v 1.568918 0.032011 -1.256590
v 1.563614 0.008228 -1.246983
v 1.566680 0.008228 -1.260985
v 1.572854 0.008228 -1.279123
v 1.568831 0.008228 -1.244850
v 1.581717 0.008228 -1.250662
v 1.572869 0.008228 -1.234965
v 1.572486 0.038294 -1.266563
v 1.577559 0.035773 -1.249714
v 1.570472 0.008228 -1.291116
v 1.570310 0.032800 -1.282762
v 1.583042 0.008228 -1.278025
v 1.576046 0.008228 -1.289139
v 1.584506 0.008228 -1.241988
v 1.593485 0.008228 -1.260361
v 1.577748 0.023174 -1.234888
v 1.582733 0.008228 -1.232501
v 1.579173 0.036118 -1.275086
v 1.580904 0.008228 -1.289106
v 1.596824 0.008228 -1.270448
v 1.594878 0.008228 -1.242342
v 1.593096 0.033480 -1.247910
v 1.590191 0.027498 -1.280423
v 1.593843 0.033847 -1.264048
v 1.595574 0.008228 -1.278069
v 1.601052 0.008228 -1.260480
v 1.593628 0.021498 -1.249963
v 0.231160 0.008228 -1.583402
v 0.236062 0.032379 -1.597422
v 0.237990 0.008228 -1.612709
v 0.249423 0.008228 -1.591592
v 0.248590 0.008228 -1.562075
v 0.245426 0.027718 -1.567907
v 0.240555 0.026203 -1.610573
v 0.255140 0.008228 -1.608567
v 0.269519 0.008228 -1.579927
v 0.260694 0.008228 -1.563437
v 0.251143 0.037814 -1.584882
v 0.261965 0.021047 -1.590894
v 0.229805 0.008228 -1.598674
v 0.227808 0.008228 -1.590157
v 0.228555 0.008228 -1.606295
v 0.238756 0.032011 -1.581953
v 0.233451 0.008228 -1.572346
v 0.236518 0.008228 -1.586348
v 0.242691 0.008228 -1.604486
v 0.238668 0.008228 -1.570213
v 0.251555 0.008228 -1.576025
v 0.242706 0.008228 -1.560328
v 0.242324 0.038294 -1.591926
v 0.247396 0.035773 -1.575077
v 0.240310 0.008228 -1.616480
v 0.240147 0.032800 -1.608125
v 0.252879 0.008228 -1.603388
v 0.245884 0.008228 -1.614502
v 0.254343 0.008228 -1.567352
v 0.263322 0.008228 -1.585724
v 0.247586 0.023174 -1.560251
v 0.252570 0.008228 -1.557864
v 0.249011 0.036118 -1.600449
v 0.250741 0.008228 -1.614470
v 0.266662 0.008228 -1.595811
v 0.264715 0.008228 -1.567705
v 0.262934 0.033480 -1.573273
v 0.260029 0.027498 -1.605786
v 0.263681 0.033847 -1.589412
v 0.265411 0.008228 -1.603432
v 0.270889 0.008228 -1.585843
v 0.263465 0.021498 -1.575326
vn -0.0000 -1.0000 -0.0000
vn 0.8392 0.5119 -0.1836
vn -0.8671 0.2810 0.4113
vn -0.5806 0.7916 -0.1905
vn -0.5849 0.6144 0.5296
vn 0.1415 0.6456 -0.7505
vn 0.6605 0.4198 0.6225
vn 0.3133 0.9490 0.0361
vn 0.9982 0.0362 0.0470
vn 0.9730 0.0036 0.2308
vn 0.9841 -0.1164 -0.1340
vn 0.9130 0.2645 0.3107
vn -0.0000 1.0000 -0.0000
vn 0.9634 0.2680 -0.0092
vn 0.5997 0.0701 -0.7971
vn 0.2063 0.3176 -0.9255
vn 0.4316 0.8044 -0.4082
vn 0.2527 0.9575 -0.1389
vn 0.1138 0.9631 0.2439
vn 0.0374 0.7617 0.6468
vn 0.5094 0.2727 0.8162
vn 0.1802 0.3049 -0.9352
vn 0.5488 0.3204 -0.7721
vn -0.0864 0.9469 -0.3096
vn 0.1555 0.9795 -0.1280
vn 0.5388 0.3051 0.7853
vn -0.2417 0.0739 0.9675
vn -0.8845 0.4367 0.1644
vn -0.4696 0.2814 -0.8368
vn -0.6349 0.2449 -0.7328
vn -0.8670 0.3855 -0.3158
vn -0.0841 0.9815 0.1721
vn -0.5646 0.7743 0.2858
vn -0.7483 0.3285 0.5763
vn -0.9040 0.3173 0.2865
vn -0.9493 0.3112 -0.0440
vn -0.7565 0.4317 0.4912
vn -0.0110 -0.9999 0.0025
vn 0.6659 0.1532 -0.7302
vn 0.0110 0.9999 -0.0025
vn 0.0520 0.1627 -0.9853
vn -0.4545 0.1168 -0.8831
vn 0.6316 0.1379 -0.7629
vn -0.6229 0.6329 0.4598
vn -0.8421 0.5259 0.1193
vn -0.8393 0.4754 0.2639
vn 0.2300 0.9516 -0.2038
vn 0.2425 0.8397 -0.4859
vn 0.0957 0.9052 -0.4140
vn 0.5291 0.8281 0.1854
vn 0.9384 0.2395 0.2492
vn 0.6247 0.7383 -0.2544
vn 0.1650 0.5993 0.7833
vn 0.2791 0.1183 0.9530
vn 0.4052 0.1306 0.9049
vn -0.4616 0.6816 0.5678
vn -0.5504 0.6701 0.4979
vn -0.2950 0.6944 0.6563
vn -0.1873 0.7060 0.6829
vn -0.3691 0.5792 0.7268
vn -0.1586 0.5801 0.7989
vn -0.1288 0.7264 0.6750
vn -0.3055 0.7455 0.5924
vn -0.2422 0.7211 0.6492
vn -0.0399 0.5617 0.8264
vn -0.1316 0.5450 0.8281
vn 0.1344 0.1199 0.9837
vn 0.0532 0.7790 0.6248
vn 0.0908 0.6700 0.7368
vn 0.2483 0.7759 0.5800
vn 0.3171 0.6956 0.6446
vn 0.1598 0.5623 0.8114
vn 0.4573 0.1771 0.8715
vn 0.5049 0.7049 0.4982
vn 0.5762 0.1581 0.8019
vn 0.8506 0.1979 0.4871
vn 0.0593 0.8920 0.4482
vn 0.2561 0.9102 0.3256
vn 0.1873 0.9764 0.1080
vn 0.3179 0.9378 -0.1395
vn 0.4103 0.9060 0.1039
vn 0.4769 0.8239 -0.3063
vn 0.3130 0.9347 -0.1685
vn 0.4706 0.8175 -0.3321
vn 0.3545 0.8226 -0.4446
vn 0.0266 0.9031 0.4286
vn 0.1817 0.9778 0.1044
vn -0.1125 0.9626 0.2465
vn -0.1218 0.9725 0.1984
vn 0.1564 0.9857 -0.0624
vn 0.0359 0.9407 -0.3374
vn -0.2450 0.9605 0.1320
vn 0.0024 0.9358 -0.3525
vn -0.5070 0.8368 -0.2065
vn -0.1950 0.7166 0.6697
vn -0.4337 0.7390 0.5156
vn -0.4438 0.6503 0.6165
vn -0.7086 0.5484 0.4441
vn -0.6761 0.6697 0.3072
vn -0.8576 0.4719 0.2046
vn -0.6102 0.7072 0.3571
vn -0.8115 0.5554 0.1820
vn -0.7570 0.5933 0.2737
vn -0.6581 0.3613 0.6605
vn -0.6878 0.4119 0.5978
vn -0.3018 0.6669 0.6813
vn -0.1818 0.5820 0.7926
vn -0.3470 0.2464 0.9049
vn -0.0509 0.2331 0.9711
vn -0.1210 0.6169 0.7777
vn 0.1770 0.4488 0.8759
vn 0.2814 0.3261 0.9025
vn 0.9030 0.2666 0.3369
vn 0.6787 0.2408 -0.6938
vn 0.7830 0.2841 -0.5533
vn 0.6542 0.1713 -0.7367
vn 0.5360 0.5976 -0.5964
vn 0.4874 0.4510 -0.7477
vn 0.3971 0.6334 -0.6641
vn 0.1889 0.7404 -0.6451
vn 0.0956 0.6374 -0.7646
vn 0.0314 0.7836 -0.6205
vn 0.0633 0.7922 -0.6070
vn 0.1232 0.6504 -0.7496
vn -0.6184 0.1870 -0.7633
vn -0.0338 0.8327 -0.5528
vn -0.2870 0.1909 -0.9387
vn -0.5176 0.7587 -0.3955
vn -0.9328 0.0565 -0.3561
vn -0.9756 0.0462 -0.2145
vn -0.9610 0.0671 -0.2683
vn -0.9857 0.1438 -0.0883
vn -0.9442 0.2854 0.1646
vn 0.3426 0.5992 -0.7236
vn 0.4627 0.4321 -0.7741
vn 0.2746 0.5175 -0.8104
vn 0.2842 0.5932 -0.7532
vn 0.4487 0.2681 -0.8525
vn 0.6976 0.4263 -0.5759
vn -0.1912 0.1867 -0.9636
vn 0.2017 0.1104 -0.9732
vn -0.9749 0.0522 -0.2165
vn -0.7652 0.0335 -0.6429
vn -0.8444 0.2243 0.4864
vn 0.0200 -0.9998 -0.0000
vn -0.7802 0.3104 0.5430
vn -0.0200 0.9998 -0.0000
vn -0.2604 0.3146 0.9128
vn 0.2432 0.2188 0.9450
vn -0.7601 0.2828 0.5851
vn 0.4799 0.8501 -0.2169
vn 0.6357 0.7702 0.0517
vn 0.6874 0.7239 -0.0589
vn -0.1552 0.9848 0.0779
vn -0.2094 0.9478 0.2403
vn -0.1140 0.9714 0.2084
vn -0.2868 0.9427 -0.1703
vn -0.7927 0.4519 -0.4091
vn -0.4221 0.9039 0.0686
vn -0.0046 0.8271 -0.5620
vn -0.0659 0.2297 -0.9710
vn -0.1962 0.2555 -0.9467
vn 0.3692 0.8793 -0.3009
vn 0.4217 0.8729 -0.2455
vn 0.2699 0.8860 -0.3771
vn 0.2022 0.8919 -0.4045
vn 0.3640 0.8130 -0.4545
vn 0.2255 0.8137 -0.5358
vn 0.1608 0.9021 -0.4004
vn 0.2554 0.9121 -0.3208
vn 0.2291 0.8998 -0.3712
vn 0.1487 0.8001 -0.5812
vn 0.2180 0.7871 -0.5770
vn 0.0792 0.2289 -0.9702
vn 0.0381 0.9258 -0.3761
vn 0.0356 0.8713 -0.4895
vn -0.0830 0.9234 -0.3747
vn -0.1213 0.8847 -0.4501
vn 0.0042 0.8007 -0.5991
vn -0.2490 0.3393 -0.9071
vn -0.2570 0.8887 -0.3796
vn -0.3766 0.3092 -0.8733
vn -0.6842 0.3839 -0.6201
vn 0.0083 0.9685 -0.2488
vn -0.1108 0.9730 -0.2026
vn -0.0963 0.9925 -0.0755
vn -0.1943 0.9803 0.0352
vn -0.2185 0.9703 -0.1035
vn -0.3200 0.9408 0.1120
vn -0.1956 0.9794 0.0509
vn -0.3212 0.9383 0.1279
vn -0.2694 0.9408 0.2057
vn 0.0232 0.9723 -0.2324
vn -0.0939 0.9929 -0.0730
vn 0.0717 0.9910 -0.1133
vn 0.0703 0.9937 -0.0870
vn -0.0994 0.9949 0.0137
vn -0.0718 0.9827 0.1705
vn 0.1270 0.9911 -0.0396
vn -0.0564 0.9815 0.1830
vn 0.2485 0.9514 0.1820
vn 0.2032 0.8974 -0.3917
vn 0.3261 0.9094 -0.2582
vn 0.3750 0.8608 -0.3439
vn 0.5782 0.7890 -0.2080
vn 0.4772 0.8728 -0.1023
vn 0.6934 0.7205 -0.0097
vn 0.4263 0.8937 -0.1401
vn 0.6073 0.7945 -0.0001
vn 0.5631 0.8232 -0.0730
vn 0.6743 0.5972 -0.4343
vn 0.6608 0.6577 -0.3617
vn 0.2849 0.8705 -0.4014
vn 0.2404 0.8151 -0.5271
vn 0.4937 0.4371 -0.7518
vn 0.2389 0.4214 -0.8749
vn 0.1888 0.8392 -0.5101
vn 0.0049 0.7025 -0.7117
vn -0.0756 0.5623 -0.8235
vn -0.7321 0.4909 -0.4723
vn -0.7497 0.4531 0.4824
vn -0.7915 0.5167 0.3265
vn -0.7645 0.3413 0.5468
vn -0.4640 0.8254 0.3215
vn -0.5107 0.7081 0.4877
vn -0.3709 0.8484 0.3777
vn -0.2144 0.9064 0.3639
vn -0.1882 0.8513 0.4897
vn -0.1131 0.9265 0.3589
vn -0.1291 0.9300 0.3441
vn -0.2021 0.8590 0.4703
vn 0.4139 0.3409 0.8441
vn -0.0644 0.9467 0.3157
vn 0.0662 0.3555 0.9323
vn 0.2467 0.9183 0.3097
vn 0.8302 0.0874 0.5506
vn 0.9040 0.0653 0.4224
vn 0.8758 0.1069 0.4708
vn 0.9215 0.2513 0.2960
vn 0.8710 0.4896 0.0421
vn -0.3536 0.8267 0.4377
vn -0.5039 0.6895 0.5202
vn -0.3424 0.7663 0.5436
vn -0.3205 0.8227 0.4695
vn -0.5691 0.4902 0.6603
vn -0.6518 0.6848 0.3257
vn -0.0281 0.3506 0.9361
vn -0.4046 0.2239 0.8867
vn 0.9024 0.0771 0.4240
vn 0.6055 0.0488 0.7944
vn 0.8773 0.3934 -0.2750
vn -0.1530 0.2268 0.9618
vn 0.6458 0.7619 -0.0493
vn -0.1550 0.9719 0.1774
vn -0.4099 0.9091 -0.0743
vn -0.0883 0.2740 -0.9577
vn 0.3251 0.9107 -0.2550
vn 0.2356 0.8561 -0.4599
vn 0.2523 0.8766 -0.4098
vn 0.1427 0.8127 -0.5650
vn 0.0194 0.9049 -0.4251
vn -0.1011 0.8122 -0.5745
vn -0.5088 0.4384 -0.7409
vn -0.0835 0.9822 -0.1683
vn -0.2314 0.9728 0.0098
vn -0.2678 0.9521 0.1480
vn 0.0178 0.9857 -0.1676
vn -0.0687 0.9968 0.0401
vn 0.1151 0.9894 0.0888
vn 0.3263 0.8925 -0.3114
vn 0.5853 0.8004 -0.1295
vn 0.5657 0.8213 -0.0740
vn 0.6825 0.5990 -0.4188
vn 0.3391 0.6099 -0.7163
vn 0.0933 0.4623 -0.8818
vn -0.8825 0.3500 0.3141
vn -0.8006 0.3909 0.4541
vn -0.4592 0.7943 0.3978
vn -0.1823 0.8979 0.4008
vn -0.1427 0.8801 0.4529
vn 0.0477 0.9216 0.3851
vn 0.8647 0.0534 0.4994
vn 0.9311 0.2390 0.2756
vn -0.3690 0.7951 0.4813
vn -0.6685 0.5852 0.4590
vn -0.0447 0.3257 0.9444
vn 0.8265 0.0055 0.5629
vn 0.9123 0.3558 0.2026
vn 0.8682 0.0916 0.4878
vn 0.9768 0.0524 -0.2078
vn 0.1207 0.1077 0.9868
vn 0.4613 0.3752 0.8040
vn 0.7173 0.1217 0.6861
vn 0.6203 0.4797 0.6205
vn -0.0646 0.1008 0.9928
vn 0.5160 0.0583 -0.8546
vn -0.4480 0.7498 0.4869
vn -0.1444 0.5865 0.7970
vn -0.0330 0.7757 0.6302
vn -0.5951 0.6714 0.4416
vn -0.5365 0.2328 0.8112
vn -0.2188 0.5930 0.7749
vn -0.7943 0.6040 0.0650
vn -0.9825 0.1857 0.0167
vn -0.9242 0.2541 0.2850
vn -0.7397 0.5638 -0.3673
vn -0.5871 0.1444 -0.7966
vn -0.7450 0.1716 -0.6447
vn -0.4242 0.8369 -0.3460
vn 0.0189 0.8296 -0.5581
vn -0.2372 0.6760 -0.6977
vn -0.7988 0.5827 -0.1498
vn -0.6940 0.6824 -0.2296
vn -0.7807 0.5874 -0.2130
vn -0.7337 0.5801 -0.3538
vn -0.6454 0.6910 -0.3257
vn -0.5131 0.6131 -0.6006
vn -0.7342 0.5685 -0.3712
vn -0.5133 0.6150 -0.5986
vn -0.5827 0.1451 -0.7996
vn -0.8162 0.5592 -0.1455
vn -0.7971 0.5689 -0.2022
vn -0.8101 0.5764 -0.1074
vn -0.7923 0.6061 -0.0698
vn -0.7877 0.5918 -0.1712
vn -0.8359 0.2020 -0.5103
vn -0.7929 0.6054 -0.0694
vn -0.8121 0.2188 -0.5409
vn -0.9415 0.1975 -0.2732
vn -0.8170 0.5721 -0.0720
vn -0.8074 0.5898 -0.0179
vn -0.8114 0.5779 0.0880
vn -0.8200 0.5636 0.0997
vn -0.8327 0.5537 0.0056
vn -0.9333 0.2441 0.2633
vn -0.7798 0.5650 0.2696
vn -0.9072 0.2335 0.3500
vn -0.6703 0.2134 0.7108
vn -0.8381 0.5338 -0.1127
vn -0.8325 0.5515 0.0534
vn -0.7836 0.6137 0.0965
vn -0.6006 0.6061 0.5214
vn -0.6604 0.5636 0.4962
vn -0.3358 0.4656 0.8188
vn -0.6788 0.5808 0.4494
vn -0.5574 0.4489 0.6984
vn -0.4348 0.4887 0.7564
vn -0.8016 0.5719 -0.1744
vn -0.7215 0.6904 0.0521
vn -0.6920 0.6941 -0.1986
vn -0.4715 0.8800 -0.0570
vn -0.5541 0.8026 0.2209
vn -0.1106 0.9143 0.3895
vn -0.4078 0.9061 -0.1128
vn -0.0550 0.9255 0.3747
vn 0.0728 0.9933 -0.0893
vn 0.3234 0.5787 -0.7486
vn 0.4369 0.2607 -0.8609
vn 0.0505 0.4736 -0.8793
vn 0.0535 0.5282 -0.8474
vn 0.3776 0.1102 -0.9194
vn 0.4792 0.0852 -0.8735
vn -0.3199 0.5453 -0.7748
vn -0.1232 0.1197 -0.9851
vn -0.6640 0.1592 -0.7306
vn -0.1587 0.1224 0.9797
vn 0.3653 0.0848 0.9270
vn -0.1145 0.1180 0.9864
vn 0.0005 0.0688 0.9976
vn -0.0727 0.1478 0.9863
vn -0.0268 0.0451 0.9986
vn -0.0672 0.2345 0.9698
vn 0.0484 0.5116 0.8578
vn 0.3462 0.4032 0.8471
vn 0.2424 0.6351 0.7335
vn 0.3609 0.6100 0.7055
vn 0.4541 0.3834 0.8043
vn 0.6516 0.4345 0.6218
vn 0.3527 0.7319 0.5831
vn 0.6850 0.5480 0.4801
vn 0.5034 0.8616 0.0654
vn -0.0001 -1.0000 -0.0000
vn -0.0566 0.2340 0.9706
vn 0.0176 0.0472 0.9987
vn 0.2567 0.1509 0.9546
vn 0.3166 0.1004 0.9432
vn 0.0241 0.0426 0.9988
vn 0.3760 0.1015 0.9210
vn 0.6724 0.0920 0.7345
vn 0.7132 0.5111 -0.4798
vn 0.9571 0.2679 -0.1100
vn 0.7318 0.1808 -0.6571
vn 0.7707 0.0795 -0.6322
vn 0.8944 0.4329 -0.1124
vn 0.7487 0.0787 -0.6582
vn 0.6905 0.0485 -0.7217
vn 0.0001 -1.0000 -0.0000
vn 0.9680 0.1377 0.2099
vn 0.5854 0.3615 0.7257
vn -0.2388 0.7414 0.6271
vn -0.3768 0.5889 0.7150
vn -0.9461 0.2739 0.1727
vn -0.7275 0.1781 -0.6626
vn -0.2489 0.7887 -0.5622
vn -0.7809 0.5866 -0.2147
vn -0.6436 0.6474 -0.4082
vn -0.6569 0.5529 -0.5126
vn -0.8043 0.5837 -0.1113
vn -0.7847 0.5953 -0.1731
vn -0.9058 0.2489 -0.3429
vn -0.8292 0.5558 -0.0587
vn -0.8262 0.5560 0.0906
vn -0.8694 0.2605 0.4198
vn -0.8211 0.5694 0.0385
vn -0.6236 0.5761 0.5284
vn -0.5058 0.4851 0.7133
vn -0.7519 0.6474 -0.1243
vn -0.4218 0.8894 0.1764
vn -0.1225 0.9910 0.0534
vn 0.3008 0.4296 -0.8514
vn 0.5141 0.0958 -0.8523
vn -0.3801 0.1765 -0.9079
vn 0.3421 0.0775 0.9365
vn 0.0518 0.0672 0.9964
vn -0.1878 0.1506 0.9706
vn 0.2301 0.4922 0.8395
vn 0.4765 0.4946 0.7268
vn 0.5662 0.6888 0.4526
vn 0.0834 0.1499 0.9852
vn 0.2344 0.0593 0.9703
vn 0.4109 0.0826 0.9079
vn 0.8048 0.3610 -0.4711
vn 0.7455 0.0801 -0.6617
vn -0.0014 -0.9999 0.0104
vn -0.4555 0.1463 -0.8781
vn 0.0014 0.9999 -0.0104
vn -0.9076 0.1561 -0.3897
vn -0.9862 0.1124 0.1213
vn -0.4981 0.1315 -0.8571
vn 0.2192 0.6175 0.7554
vn -0.1811 0.5109 0.8403
vn -0.0429 0.4610 0.8863
vn -0.1161 0.9481 -0.2961
vn -0.3833 0.8295 -0.4062
vn -0.3677 0.8985 -0.2398
vn 0.3671 0.8174 -0.4439
vn 0.5597 0.2295 -0.7962
vn -0.0234 0.7245 -0.6889
vn 0.8034 0.5836 0.1184
vn 0.9912 0.1136 0.0678
vn 0.9899 0.1252 -0.0672
vn 0.3797 0.6666 0.6414
vn 0.2815 0.6551 0.7012
vn 0.5234 0.6796 0.5140
vn 0.5872 0.6914 0.4208
vn 0.5613 0.5637 0.6059
vn 0.7038 0.5645 0.4313
vn 0.6011 0.7122 0.3625
vn 0.4599 0.7317 0.5030
vn 0.5360 0.7067 0.4617
vn 0.7710 0.5461 0.3278
vn 0.7398 0.5295 0.4151
vn 0.9700 0.1152 0.2143
vn 0.6194 0.7662 0.1711
vn 0.7357 0.6548 0.1733
vn 0.6455 0.7631 -0.0323
vn 0.7286 0.6808 -0.0753
vn 0.8268 0.5466 0.1329
vn 0.9771 0.1700 -0.1278
vn 0.6552 0.6902 -0.3069
vn 0.9527 0.1515 -0.2635
vn 0.7526 0.1895 -0.6307
vn 0.4553 0.8843 0.1036
vn 0.4075 0.9037 -0.1310
vn 0.1726 0.9746 -0.1428
vn -0.0219 0.9334 -0.3583
vn 0.2475 0.8995 -0.3601
vn -0.1262 0.8131 -0.5683
vn -0.0519 0.9300 -0.3638
vn -0.1533 0.8064 -0.5712
vn -0.3032 0.8117 -0.4992
vn 0.4250 0.8961 0.1284
vn 0.1671 0.9761 -0.1386
vn 0.1996 0.9594 0.1992
vn 0.1495 0.9701 0.1911
vn -0.0048 0.9847 -0.1740
vn -0.3155 0.9362 -0.1548
vn 0.0404 0.9571 0.2870
vn -0.3421 0.9310 -0.1275
vn -0.3795 0.8261 0.4165
vn 0.5722 0.7022 0.4238
vn 0.3408 0.7250 0.5985
vn 0.4318 0.6350 0.6405
vn 0.1735 0.5331 0.8280
vn 0.0553 0.6546 0.7540
vn -0.1054 0.4576 0.8829
vn 0.1264 0.6926 0.7101
vn -0.1111 0.5401 0.8342
vn -0.0051 0.5779 0.8161
vn 0.3940 0.3494 0.8501
vn 0.3250 0.3987 0.8576
vn 0.5441 0.6517 0.5284
vn 0.6897 0.5664 0.4511
vn 0.7307 0.2376 0.6400
vn 0.8954 0.2245 0.3845
vn 0.6980 0.6013 0.3888
vn 0.8901 0.4343 0.1384
vn 0.9481 0.3143 0.0485
vn 0.6304 0.2558 -0.7329
vn -0.4176 0.2309 -0.8788
vn -0.2495 0.2727 -0.9292
vn -0.4658 0.1638 -0.8696
vn -0.3801 0.5816 -0.7192
vn -0.5378 0.4359 -0.7216
vn -0.4942 0.6177 -0.6117
vn -0.5524 0.7266 -0.4085
vn -0.6959 0.6218 -0.3592
vn -0.5859 0.7711 -0.2493
vn -0.5620 0.7800 -0.2753
vn -0.6724 0.6349 -0.3805
vn -0.9312 0.1803 0.3169
vn -0.5456 0.8220 -0.1630
vn -0.9815 0.1836 -0.0551
vn -0.5627 0.7453 0.3577
vn -0.6566 0.0552 0.7522
vn -0.5386 0.0454 0.8413
vn -0.5841 0.0654 0.8091
vn -0.4239 0.1392 0.8949
vn -0.1725 0.2758 0.9456
vn -0.5690 0.5833 -0.5796
vn -0.5710 0.4174 -0.7070
vn -0.6730 0.5018 -0.5433
vn -0.6175 0.5773 -0.5342
vn -0.6470 0.2575 -0.7178
vn -0.3017 0.4115 -0.8600
vn -0.9717 0.1794 -0.1537
vn -0.8440 0.1056 -0.5259
vn -0.5402 0.0512 0.8400
vn -0.8678 0.0329 0.4958
vn 0.1647 0.2167 0.9622
vn -0.9532 0.1108 -0.2812
vn -0.0498 0.5015 0.8637
vn -0.3002 0.9019 -0.3105
vn 0.2117 0.7358 -0.6433
vn 0.9896 0.1365 0.0445
vn 0.3367 0.7277 0.5975
vn 0.6299 0.6279 0.4570
vn 0.5694 0.6627 0.4864
vn 0.7613 0.5630 0.3217
vn 0.6788 0.7199 0.1446
vn 0.8268 0.5622 -0.0174
vn 0.8718 0.2249 -0.4351
vn 0.3438 0.9348 -0.0897
vn 0.0364 0.9085 -0.4163
vn -0.2071 0.8436 -0.4954
vn 0.3167 0.9426 0.1063
vn -0.0665 0.9906 -0.1196
vn -0.2064 0.9512 0.2293
vn 0.4138 0.6914 0.5922
vn 0.0677 0.5476 0.8340
vn -0.0042 0.5753 0.8180
vn 0.3753 0.3508 0.8580
vn 0.7793 0.3556 0.5159
vn 0.9397 0.2480 0.2356
vn -0.2069 0.1670 -0.9640
vn -0.3702 0.1920 -0.9089
vn -0.4724 0.5371 -0.6988
vn -0.6090 0.7079 -0.3578
vn -0.6787 0.6722 -0.2958
vn -0.6540 0.7563 0.0168
vn -0.6096 0.0390 0.7917
vn -0.4036 0.1329 0.9052
vn -0.6046 0.5384 -0.5871
vn -0.4330 0.3247 -0.8409
vn -0.9712 0.1653 -0.1714
vn -0.6673 0.0150 0.7446
vn -0.3214 0.3558 0.8776
vn -0.5982 0.0916 0.7961
vn 0.0769 0.0524 0.9957
vn -0.9941 0.1077 -0.0108
vn -0.8579 0.3752 0.3510
vn -0.7749 0.1217 0.6203
vn -0.6970 0.4797 0.5329
vn -0.9756 0.1008 -0.1952
vn 0.7789 0.0583 0.6245
vn -0.4234 0.7498 -0.5084
vn -0.7709 0.5865 -0.2485
vn -0.6203 0.7757 -0.1160
vn -0.3591 0.6714 -0.6483
vn -0.7331 0.2328 -0.6390
vn -0.7392 0.5930 -0.3193
vn 0.0405 0.6040 -0.7959
vn 0.1133 0.1857 -0.9761
vn -0.1604 0.2541 -0.9538
vn 0.4618 0.5638 -0.6847
vn 0.8672 0.1444 -0.4766
vn 0.7375 0.1716 -0.6532
vn 0.3990 0.8369 -0.3748
vn 0.5507 0.8296 0.0925
vn 0.7229 0.6760 -0.1429
vn 0.2541 0.5827 -0.7720
vn 0.3193 0.6824 -0.6576
vn 0.3144 0.5874 -0.7457
vn 0.4477 0.5801 -0.6805
vn 0.4081 0.6910 -0.5966
vn 0.6632 0.6131 -0.4292
vn 0.4650 0.5685 -0.6787
vn 0.6612 0.6150 -0.4297
vn 0.8696 0.1451 -0.4719
vn 0.2521 0.5592 -0.7898
vn 0.3058 0.5689 -0.7634
vn 0.2135 0.5764 -0.7888
vn 0.1739 0.6061 -0.7762
vn 0.2738 0.5918 -0.7582
vn 0.6163 0.2020 -0.7611
vn 0.1736 0.6054 -0.7767
vn 0.6435 0.2188 -0.7335
vn 0.3953 0.1975 -0.8971
vn 0.1794 0.5721 -0.8004
vn 0.1244 0.5898 -0.7979
vn 0.0200 0.5779 -0.8159
vn 0.0096 0.5636 -0.8260
vn 0.1045 0.5537 -0.8261
vn -0.1376 0.2441 -0.9599
vn -0.1642 0.5650 -0.8086
vn -0.2270 0.2335 -0.9455
vn -0.6159 0.2134 -0.7584
vn 0.2225 0.5338 -0.8158
vn 0.0571 0.5515 -0.8322
vn 0.0080 0.6137 -0.7895
vn -0.4375 0.6061 -0.6643
vn -0.4045 0.5636 -0.7202
vn -0.7672 0.4656 -0.4410
vn -0.3557 0.5808 -0.7322
vn -0.6186 0.4489 -0.6448
vn -0.6923 0.4887 -0.5310
vn 0.2788 0.5719 -0.7715
vn 0.0437 0.6904 -0.7221
vn 0.2883 0.6941 -0.6596
vn 0.1189 0.8800 -0.4598
vn -0.1457 0.8026 -0.5785
vn -0.3715 0.9143 -0.1611
vn 0.1657 0.9061 -0.3893
vn -0.3641 0.9255 -0.1040
vn 0.0789 0.9933 0.0840
vn 0.6993 0.5787 0.4195
vn 0.7956 0.2607 0.5468
vn 0.8649 0.4736 0.1662
vn 0.8329 0.5282 0.1650
vn 0.8614 0.1102 0.4958
vn 0.8025 0.0852 0.5905
vn 0.8103 0.5453 -0.2147
vn 0.9928 0.1197 0.0081
vn 0.8120 0.1592 -0.5616
vn -0.9501 0.1224 -0.2868
vn -0.9672 0.0848 0.2395
vn -0.9626 0.1180 -0.2439
vn -0.9889 0.0688 -0.1314
vn -0.9681 0.1478 -0.2025
vn -0.9863 0.0451 -0.1586
vn -0.9524 0.2345 -0.1948
vn -0.8567 0.5116 -0.0654
vn -0.8855 0.4032 0.2312
vn -0.7591 0.6351 0.1433
vn -0.7470 0.6100 0.2645
vn -0.8572 0.3834 0.3438
vn -0.7025 0.4345 0.5637
vn -0.6246 0.7319 0.2725
vn -0.5664 0.5480 0.6155
vn -0.1313 0.8616 0.4903
vn -0.9546 0.2340 -0.1844
vn -0.9923 0.0472 -0.1146
vn -0.9802 0.1509 0.1283
vn -0.9768 0.1004 0.1891
vn -0.9932 0.0427 -0.1082
vn -0.0002 -1.0000 -0.0000
vn -0.9627 0.1015 0.2510
vn -0.8169 0.0920 0.5694
vn 0.3813 0.5111 0.7703
vn -0.0175 0.2679 0.9633
vn 0.5546 0.1808 0.8123
vn 0.5248 0.0795 0.8475
vn -0.0068 0.4329 0.9014
vn 0.5535 0.0787 0.8291
vn 0.6241 0.0485 0.7798
vn -0.3360 0.1377 0.9317
vn -0.7967 0.3615 0.4843
vn -0.5900 0.7414 -0.3196
vn -0.6589 0.5889 -0.4680
vn -0.0462 0.2739 -0.9607
vn 0.7529 0.1781 -0.6335
vn 0.5901 0.7887 -0.1724
vn 0.3161 0.5866 -0.7457
vn 0.4897 0.6474 -0.5841
vn 0.5949 0.5529 -0.5834
vn 0.2166 0.5837 -0.7825
vn 0.2753 0.5953 -0.7549
vn 0.4597 0.2489 -0.8525
vn 0.1677 0.5558 -0.8142
vn 0.0194 0.5560 -0.8309
vn -0.3012 0.2605 -0.9173
vn 0.0704 0.5694 -0.8190
vn -0.4413 0.5762 -0.6880
vn -0.6402 0.4851 -0.5957
vn 0.2226 0.6474 -0.7289
vn -0.1192 0.8894 -0.4414
vn -0.0367 0.9910 -0.1285
vn 0.8042 0.4296 0.4107
vn 0.7769 0.0958 0.6223
vn 0.9502 0.1765 -0.2568
vn -0.9735 0.0775 0.2153
vn -0.9945 0.0672 -0.0804
vn -0.9373 0.1506 -0.3144
vn -0.8625 0.4922 0.1172
vn -0.7835 0.4946 0.3763
vn -0.5235 0.6888 0.5014
vn -0.9876 0.1499 -0.0475
vn -0.9928 0.0593 0.1041
vn -0.9543 0.0826 0.2873
vn 0.3606 0.3610 0.8600
vn 0.5574 0.0801 0.8264
vn -0.8439 0.5365 0.0016
vn -0.9467 0.1518 -0.2840
vn -0.9054 0.0873 0.4154
vn -0.3302 0.1780 -0.9270
vn -0.5595 0.5600 -0.6111
vn -0.8389 0.2006 -0.5060
vn -0.6237 0.6743 -0.3954
vn -0.1527 0.1667 -0.9741
vn -0.3157 0.0970 0.9439
vn 0.2335 0.8841 -0.4047
vn -0.0263 0.7706 -0.6368
vn -0.0733 0.8990 -0.4318
vn 0.3602 0.8342 -0.4175
vn 0.3305 0.3711 -0.8678
vn 0.0345 0.7759 -0.6300
vn 0.5919 0.7846 -0.1845
vn 0.9269 0.3009 -0.2243
vn 0.7949 0.4017 -0.4547
vn 0.6405 0.7518 0.1570
vn 0.7335 0.2368 0.6371
vn 0.8459 0.2793 0.4543
vn 0.3262 0.9311 0.1632
vn 0.0694 0.9275 0.3674
vn 0.2849 0.8374 0.4665
vn 0.6407 0.7675 -0.0225
vn 0.5373 0.8417 0.0534
vn 0.6357 0.7714 0.0292
vn 0.6268 0.7653 0.1460
vn 0.5148 0.8474 0.1298
vn 0.4888 0.7917 0.3664
vn 0.6350 0.7557 0.1605
vn 0.4880 0.7932 0.3644
vn 0.7298 0.2378 0.6409
vn 0.6633 0.7478 -0.0292
vn 0.6542 0.7561 0.0183
vn 0.6446 0.7623 -0.0573
vn 0.6125 0.7862 -0.0817
vn 0.6321 0.7749 -0.0041
vn 0.8952 0.3256 0.3043
vn 0.6131 0.7857 -0.0821
vn 0.8741 0.3507 0.3361
vn 0.9460 0.3189 0.0587
vn 0.6457 0.7587 -0.0861
vn 0.6216 0.7733 -0.1249
vn 0.6112 0.7635 -0.2084
vn 0.6216 0.7515 -0.2209
vn 0.6521 0.7430 -0.1507
vn 0.8110 0.3875 -0.4382
vn 0.5600 0.7528 -0.3460
vn 0.7719 0.3722 -0.5153
vn 0.4795 0.3426 -0.8079
vn 0.6857 0.7255 -0.0597
vn 0.6444 0.7411 -0.1885
vn 0.5748 0.7921 -0.2052
vn 0.3667 0.7863 -0.4973
vn 0.4280 0.7516 -0.5020
vn 0.1261 0.6600 -0.7406
vn 0.4455 0.7659 -0.4635
vn 0.3354 0.6427 -0.6888
vn 0.2167 0.6831 -0.6974
vn 0.6516 0.7586 -0.0040
vn 0.5089 0.8471 -0.1533
vn 0.5267 0.8495 0.0311
vn 0.3060 0.9515 -0.0307
vn 0.3357 0.9136 -0.2296
vn 0.0144 0.9666 -0.2560
vn 0.2690 0.9631 0.0133
vn -0.0178 0.9713 -0.2373
vn -0.0310 0.9976 0.0620
vn -0.1201 0.7643 0.6336
vn -0.2248 0.4111 0.8834
vn 0.1209 0.6681 0.7342
vn 0.1088 0.7204 0.6849
vn -0.1656 0.1820 0.9692
vn -0.2748 0.1413 0.9511
vn 0.3891 0.7357 0.5543
vn 0.3314 0.1973 0.9226
vn 0.7900 0.2600 0.5553
vn -0.0586 0.2017 -0.9777
vn -0.5556 0.1407 -0.8195
vn -0.1027 0.1946 -0.9755
vn -0.2177 0.1144 -0.9693
vn -0.1420 0.2421 -0.9598
vn -0.1919 0.0752 -0.9785
vn -0.1398 0.3736 -0.9170
vn -0.1938 0.7051 -0.6821
vn -0.4604 0.5926 -0.6610
vn -0.3025 0.8083 -0.5051
vn -0.3924 0.7893 -0.4723
vn -0.5508 0.5697 -0.6100
vn -0.6674 0.6273 -0.4014
vn -0.3371 0.8734 -0.3515
vn -0.6238 0.7381 -0.2571
vn -0.3313 0.9430 0.0303
vn -0.1498 0.3729 -0.9157
vn -0.2351 0.0786 -0.9688
vn -0.4502 0.2470 -0.8581
vn -0.5106 0.1662 -0.8436
vn -0.2415 0.0711 -0.9678
vn -0.5632 0.1679 -0.8091
vn -0.8106 0.1525 -0.5654
vn -0.4879 0.7046 0.5153
vn -0.8566 0.4211 0.2981
vn -0.5545 0.2934 0.7788
vn -0.6104 0.1321 0.7810
vn -0.7340 0.6256 0.2642
vn -0.5834 0.1306 0.8016
vn -0.5148 0.0809 0.8535
vn -0.9741 0.2261 0.0067
vn -0.6572 0.5435 -0.5223
vn 0.0681 0.8792 -0.4716
vn 0.1660 0.7726 -0.6128
vn 0.8314 0.4294 -0.3526
vn 0.8315 0.2894 0.4742
vn 0.2517 0.9061 0.3400
vn 0.6365 0.7707 0.0305
vn 0.5423 0.8173 0.1947
vn 0.6056 0.7424 0.2866
vn 0.6378 0.7683 -0.0531
vn 0.6287 0.7777 -0.0021
vn 0.9098 0.3944 0.1296
vn 0.6597 0.7449 -0.0996
vn 0.6311 0.7451 -0.2159
vn 0.7145 0.4108 -0.5664
vn 0.6308 0.7565 -0.1727
vn 0.3905 0.7621 -0.5164
vn 0.2832 0.6795 -0.6768
vn 0.5752 0.8173 -0.0326
vn 0.2400 0.9557 -0.1702
vn 0.0650 0.9968 -0.0475
vn -0.0930 0.6220 0.7774
vn -0.3127 0.1587 0.9365
vn 0.5543 0.2868 0.7814
vn -0.5357 0.1287 -0.8345
vn -0.2674 0.1117 -0.9571
vn -0.0285 0.2466 -0.9687
vn -0.3409 0.6866 -0.6422
vn -0.5204 0.6888 -0.5046
vn -0.4792 0.8460 -0.2338
vn -0.2911 0.2454 -0.9247
vn -0.4395 0.0986 -0.8928
vn -0.5959 0.1370 -0.7913
vn -0.6145 0.5428 0.5725
vn -0.5794 0.1330 0.8041
vn -0.2876 0.3479 0.8923
vn -0.5666 0.0893 0.8191
vn 0.1159 0.0511 0.9919
vn -0.9941 0.1050 0.0283
vn -0.8465 0.3670 0.3857
vn -0.7502 0.1187 0.6505
vn -0.6795 0.4703 0.5631
vn -0.9827 0.0982 -0.1568
vn 0.8029 0.0568 0.5935
vn -0.4494 0.7414 -0.4984
vn -0.7868 0.5766 -0.2199
vn -0.6340 0.7678 -0.0930
vn -0.3886 0.6620 -0.6409
vn -0.7587 0.2272 -0.6106
vn -0.7578 0.5832 -0.2926
vn 0.0094 0.5942 -0.8042
vn 0.0750 0.1812 -0.9806
vn -0.1980 0.2481 -0.9483
vn 0.4381 0.5540 -0.7079
vn 0.8482 0.1408 -0.5106
vn 0.7118 0.1674 -0.6822
vn 0.3909 0.8304 -0.3971
vn 0.5636 0.8229 0.0721
vn 0.7250 0.6666 -0.1731
vn 0.2255 0.5728 -0.7880
vn 0.2967 0.6730 -0.6775
vn 0.2873 0.5776 -0.7641
vn 0.4242 0.5702 -0.7035
vn 0.3891 0.6817 -0.6196
vn 0.6520 0.6034 -0.4593
vn 0.4416 0.5587 -0.7021
vn 0.6499 0.6052 -0.4597
vn 0.8509 0.1415 -0.5059
vn 0.2227 0.5494 -0.8054
vn 0.2778 0.5591 -0.7812
vn 0.1839 0.5666 -0.8032
vn 0.1446 0.5963 -0.7896
vn 0.2460 0.5819 -0.7751
vn 0.5866 0.1971 -0.7855
vn 0.1443 0.5956 -0.7902
vn 0.6149 0.2136 -0.7591
vn 0.3601 0.1928 -0.9128
vn 0.1491 0.5622 -0.8134
vn 0.0938 0.5800 -0.8092
vn -0.0122 0.5680 -0.8229
vn -0.0230 0.5538 -0.8324
vn 0.0726 0.5439 -0.8360
vn -0.1754 0.2383 -0.9552
vn -0.1974 0.5552 -0.8080
vn -0.2643 0.2279 -0.9371
vn -0.6459 0.2082 -0.7344
vn 0.1916 0.5241 -0.8298
vn 0.0246 0.5417 -0.8402
vn -0.0232 0.6039 -0.7967
vn -0.4675 0.5963 -0.6526
vn -0.4359 0.5538 -0.7094
vn -0.7882 0.4564 -0.4128
vn -0.3874 0.5710 -0.7238
vn -0.6467 0.4398 -0.6232
vn -0.7168 0.4793 -0.5064
vn 0.2504 0.5621 -0.7883
vn 0.0155 0.6812 -0.7320
vn 0.2654 0.6848 -0.6786
vn 0.1027 0.8749 -0.4734
vn -0.1711 0.7952 -0.5817
vn -0.3856 0.9104 -0.1496
vn 0.1534 0.9019 -0.4038
vn -0.3760 0.9221 -0.0916
vn 0.0842 0.9930 0.0829
vn 0.7213 0.5689 0.3951
vn 0.8178 0.2546 0.5161
vn 0.8757 0.4643 0.1329
vn 0.8446 0.5185 0.1331
vn 0.8805 0.1074 0.4618
vn 0.8252 0.0830 0.5586
vn 0.8072 0.5355 -0.2482
vn 0.9927 0.1167 -0.0309
vn 0.7898 0.1553 -0.5934
vn -0.9610 0.1193 -0.2494
vn -0.9572 0.0827 0.2773
vn -0.9718 0.1150 -0.2060
vn -0.9934 0.0671 -0.0925
vn -0.9758 0.1442 -0.1644
vn -0.9918 0.0440 -0.1198
vn -0.9606 0.2289 -0.1575
vn -0.8643 0.5020 -0.0320
vn -0.8793 0.3946 0.2668
vn -0.7605 0.6254 0.1747
vn -0.7429 0.6002 0.2963
vn -0.8462 0.3751 0.3785
vn -0.6830 0.4255 0.5936
vn -0.6217 0.7231 0.3009
vn -0.5460 0.5382 0.6421
vn -0.1141 0.8558 0.5045
vn -0.9624 0.2284 -0.1470
vn -0.9961 0.0460 -0.0755
vn -0.9750 0.1471 0.1668
vn -0.9689 0.0979 0.2274
vn -0.9967 0.0416 -0.0691
vn -0.9523 0.0990 0.2886
vn -0.7941 0.0897 0.6011
vn 0.4140 0.5015 0.7597
vn 0.0204 0.2616 0.9650
vn 0.5865 0.1763 0.7905
vn 0.5577 0.0775 0.8264
vn 0.0287 0.4240 0.9052
vn 0.5857 0.0767 0.8069
vn 0.6543 0.0473 0.7548
vn -0.2993 0.1343 0.9446
vn -0.7796 0.3535 0.5169
vn -0.6105 0.7328 -0.3003
vn -0.6827 0.5791 -0.4456
vn -0.0840 0.2675 -0.9599
vn 0.7281 0.1738 -0.6631
vn 0.5922 0.7810 -0.1985
vn 0.2891 0.5767 -0.7641
vn 0.4713 0.6378 -0.6092
vn 0.5759 0.5431 -0.6110
vn 0.1873 0.5739 -0.7972
vn 0.2476 0.5855 -0.7720
vn 0.4265 0.2430 -0.8712
vn 0.1367 0.5460 -0.8265
vn -0.0133 0.5462 -0.8375
vn -0.3375 0.2544 -0.9063
vn 0.0385 0.5596 -0.8279
vn -0.4719 0.5663 -0.6757
vn -0.6670 0.4756 -0.5734
vn 0.1959 0.6378 -0.7449
vn -0.1391 0.8845 -0.4452
vn -0.0428 0.9906 -0.1302
vn 0.8235 0.4207 0.3806
vn 0.8009 0.0934 0.5914
vn 0.9401 0.1721 -0.2941
vn -0.9644 0.0756 0.2534
vn -0.9970 0.0655 -0.0413
vn -0.9494 0.1469 -0.2775
vn -0.8625 0.4827 0.1518
vn -0.7728 0.4851 0.4092
vn -0.5095 0.6795 0.5279
vn -0.9892 0.1462 -0.0087
vn -0.9880 0.0578 0.1429
vn -0.9424 0.0805 0.3246
vn 0.3954 0.3530 0.8480
vn 0.5895 0.0781 0.8040
vn -0.6275 -0.2515 -0.7369
vn -0.3079 -0.0861 -0.9475
vn 0.1909 0.3088 0.9318
vn -0.8272 0.3088 0.4695
vn -0.9054 0.2975 -0.3028
vn 0.3933 0.3088 -0.8660
vn 0.6090 0.5565 0.5652
vn 0.1874 0.6596 0.7279
vn 0.4242 0.6863 0.5908
vn 0.1909 0.3088 -0.9318
vn 0.2365 0.6437 0.7278
vn -0.1876 0.7947 -0.5773
vn -0.8272 0.3088 -0.4695
vn 0.2763 0.6596 0.6990
vn -0.7250 0.4727 0.5009
vn -0.7021 0.3088 0.6416
vn -0.1024 0.9435 0.3151
vn -0.1876 0.7947 0.5773
vn 0.3933 0.3088 0.8660
vn 0.2680 0.9435 0.1947
vn 0.4911 0.7947 0.3568
vn 0.7240 0.6617 0.1947
vn 0.9722 0.1519 -0.1782
vn 0.8071 0.0687 -0.5864
vn 0.4460 0.1560 -0.8813
vn 0.4466 0.3426 -0.8265
vn -0.3066 0.1240 -0.9437
vn -0.8471 0.3426 -0.4062
vn -0.9300 0.2274 -0.2889
vn -0.9923 0.1240 -0.0000
vn -0.6481 0.3426 0.6802
vn -0.8471 0.3426 0.4062
vn -0.3066 0.1240 0.9437
vn 0.4466 0.3426 0.8265
vn 0.1245 0.3426 0.9312
vn 0.8028 0.1240 0.5832
vn 0.9139 0.2175 0.3428
vn 0.4687 0.1677 -0.8673
vn -0.0000 -0.2799 -0.9600
vn 0.0745 -0.2515 -0.9650
vn -0.8890 0.1677 -0.4262
vn -0.5643 -0.2799 -0.7767
vn 0.9970 0.0779 -0.0000
vn 0.9633 -0.2515 0.0942
vn 0.8797 -0.0861 0.4677
vn -0.7846 0.3088 -0.5377
vn 0.2689 0.3088 -0.9123
vn 0.8616 0.2975 -0.4112
vn 0.3187 0.3088 0.8961
vn -0.8307 0.5565 0.0164
vn -0.6404 0.6596 -0.3934
vn -0.7155 0.6863 -0.1304
vn 0.5100 0.3089 0.8028
vn -0.6757 0.6437 -0.3593
vn 0.5360 0.7947 0.2850
vn 0.9211 0.3089 -0.2369
vn -0.6843 0.6596 -0.3109
vn 0.1736 0.4727 -0.8640
vn 0.0593 0.3089 -0.9493
vn -0.1452 0.9435 -0.2978
vn -0.2661 0.7947 -0.5456
vn -0.8845 0.3089 -0.3498
vn -0.3281 0.9435 0.0461
vn -0.6011 0.7947 0.0845
vn -0.6561 0.6617 0.3629
vn -0.5756 0.1519 0.8035
vn -0.1732 0.0687 0.9825
vn 0.2914 0.1560 0.9438
vn 0.2529 0.3426 0.9048
vn 0.8761 0.1240 0.4658
vn 0.8915 0.3426 -0.2963
vn 0.8697 0.2274 -0.4382
vn 0.7138 0.1240 -0.6893
vn -0.0063 0.3426 -0.9395
vn 0.3272 0.3426 -0.8806
vn -0.4350 0.1240 -0.8919
vn -0.8954 0.3426 -0.2843
vn -0.7364 0.3426 -0.5834
vn -0.9826 0.1240 0.1381
vn -0.8955 0.2175 0.3883
vn 0.2654 0.1677 0.9495
vn 0.6669 -0.2799 0.6906
vn 0.6167 -0.2515 0.7459
vn 0.9355 0.1677 -0.3109
vn 0.9454 -0.2799 0.1667
vn -0.7172 0.0779 0.6926
vn 0.4993 -0.2411 -0.8322
vn 0.3350 0.6346 -0.6964
vn 0.4433 -0.4738 -0.7609
vn 0.2719 -0.4967 -0.8242
vn 0.2149 -0.2918 -0.9320
vn 0.3278 0.6526 -0.6831
vn 0.9853 -0.1535 -0.0744
vn 0.3988 -0.9166 -0.0280
vn 0.0569 -0.8640 -0.5003
vn 0.0900 0.4180 -0.9040
vn 0.4995 0.7916 -0.3519
vn 0.9329 -0.2854 0.2197
vn 0.0462 -0.9665 0.2525
vn -0.7932 -0.5601 -0.2392
vn -0.0755 0.6144 -0.7854
vn 0.5174 0.6456 0.5617
vn 0.2996 -0.1958 0.9338
vn -0.4299 -0.2558 0.8659
vn -0.7527 0.2556 0.6067
vn -0.2161 0.9490 0.2297
vn -0.5167 -0.1219 0.8474
vn -0.6339 0.0362 0.7726
vn -0.7640 0.0042 0.6453
vn -0.3734 0.6579 0.6541
vn -0.7999 0.3112 0.5132
vn -0.8257 0.0716 0.5596
vn -0.3434 0.6419 0.6856
vn -0.3158 -0.1004 0.9435
vn 0.1466 -0.3627 0.9203
vn -0.5883 0.3864 0.7104
vn 0.2673 0.1085 0.9575
vn 0.5682 0.5225 0.6358
vn -0.4437 -0.1108 0.8893
vn 0.0696 0.8044 0.5900
vn -0.0395 0.9575 0.2857
vn -0.2636 0.9631 -0.0544
vn -0.5411 0.7617 -0.3563
vn -0.8115 0.5393 -0.2250
vn -0.9965 -0.0749 0.0374
vn -0.8862 -0.4631 0.0151
vn -0.8248 -0.5412 0.1637
vn -0.3350 -0.6530 0.6793
vn 0.0028 -0.8275 0.5615
vn 0.1722 -0.6008 0.7806
vn 0.3864 -0.2526 0.8871
vn 0.6964 -0.0795 0.7133
vn 0.2485 0.6804 0.6895
vn 0.2916 0.3204 0.9013
vn 0.2999 0.9469 0.1156
vn 0.0098 0.9795 0.2012
vn -0.9040 0.2822 -0.3213
vn -0.6588 0.1024 -0.7454
vn -0.5120 -0.3057 -0.8027
vn -0.5353 -0.8180 0.2105
vn -0.1257 -0.9920 -0.0147
vn -0.1140 -0.9934 -0.0154
vn 0.3854 -0.6186 0.6847
vn 0.5616 -0.8099 0.1692
vn 0.7628 -0.6396 -0.0954
vn -0.4761 0.1124 0.8722
vn 0.8813 0.4686 -0.0607
vn 0.6161 0.6660 -0.4205
vn -0.0878 0.9815 -0.1702
vn 0.1080 0.7743 -0.6235
vn -0.0054 0.5904 -0.8071
vn -0.1269 0.4733 -0.8717
vn 0.0403 -0.2351 -0.9711
vn -0.1436 -0.4193 -0.8964
vn 0.0426 -0.8702 -0.4909
vn -0.0427 -0.8620 -0.5050
vn 0.0438 -0.9551 -0.2929
vn 0.4128 -0.8934 -0.1774
vn 0.5781 -0.7558 -0.3075
vn 0.7568 -0.6245 -0.1928
vn 0.0014 0.5745 -0.8185
vn 0.1979 0.5203 -0.8307
vn 0.3432 -0.1206 -0.9315
vn 0.8637 -0.4183 -0.2811
vn 0.6301 -0.1367 -0.7644
vn 0.5103 0.5707 -0.6434
vn -0.5845 -0.2411 -0.7747
vn -0.5202 0.6346 -0.5715
vn -0.5394 -0.4739 -0.6960
vn -0.6624 -0.4967 -0.5609
vn -0.7837 -0.2918 -0.5484
vn -0.5106 0.6526 -0.5599
vn 0.3001 -0.1535 -0.9415
vn 0.1234 -0.9166 -0.3803
vn -0.4425 -0.8640 -0.2402
vn -0.8045 0.4180 -0.4220
vn -0.1392 0.7916 -0.5950
vn 0.5532 -0.2854 -0.7826
vn 0.2514 -0.9665 0.0517
vn -0.5189 -0.5601 0.6458
vn -0.7565 0.6144 -0.2242
vn 0.7146 0.6456 -0.2693
vn 0.9780 -0.1958 0.0721
vn 0.6417 -0.2558 0.7230
vn 0.2806 0.2556 0.9252
vn 0.1320 0.9490 0.2864
vn 0.5922 -0.1219 0.7965
vn 0.4788 0.0362 0.8772
vn 0.3121 0.0042 0.9500
vn 0.4666 0.6579 0.5912
vn 0.1762 0.3112 0.9339
vn 0.2095 0.0716 0.9752
vn 0.5070 0.6419 0.5752
vn 0.7565 -0.1004 0.6462
vn 0.9082 -0.3627 0.2089
vn 0.4383 0.3864 0.8116
vn 0.9879 0.1085 0.1108
vn 0.8023 0.5225 -0.2887
vn 0.6583 -0.1108 0.7445
vn 0.5731 0.8044 0.1564
vn 0.2501 0.9575 0.1436
vn -0.1492 0.9631 0.2241
vn -0.5331 0.7617 0.3682
vn -0.5126 0.5393 0.6681
vn -0.3386 -0.0749 0.9379
vn -0.3180 -0.4631 0.8273
vn -0.1572 -0.5412 0.8261
vn 0.5043 -0.6530 0.5651
vn 0.5216 -0.8275 0.2077
vn 0.7883 -0.6008 0.1327
vn 0.9672 -0.2526 -0.0260
vn 0.9222 -0.0795 -0.3785
vn 0.7323 0.6804 0.0279
vn 0.9449 0.3204 0.0673
vn 0.2195 0.9469 -0.2348
vn 0.1902 0.9795 0.0663
vn -0.6365 0.2822 0.7178
vn -0.9379 0.1024 0.3316
vn -0.9361 -0.3057 0.1740
vn -0.0054 -0.8180 0.5752
vn -0.0607 -0.9920 0.1110
vn -0.0569 -0.9934 0.0999
vn 0.7792 -0.6186 -0.1008
vn 0.3672 -0.8099 -0.4574
vn 0.1973 -0.6396 -0.7429
vn 0.6303 0.1124 0.7682
vn 0.2739 0.4686 -0.8399
vn -0.1591 0.6660 -0.7287
vn -0.1908 0.9815 0.0177
vn -0.5377 0.7743 -0.3337
vn -0.7503 0.5904 -0.2973
vn -0.8558 0.4733 -0.2089
vn -0.8853 -0.2351 -0.4012
vn -0.8849 -0.4194 -0.2027
vn -0.4392 -0.8702 -0.2234
vn -0.4843 -0.8620 -0.1496
vn -0.2552 -0.9551 -0.1503
vn -0.0098 -0.8934 -0.4492
vn -0.0686 -0.7558 -0.6512
vn 0.1048 -0.6245 -0.7739
vn -0.7584 0.5745 -0.3079
vn -0.6961 0.5203 -0.4947
vn -0.7351 -0.1206 -0.6671
vn 0.0629 -0.4183 -0.9061
vn -0.4726 -0.1367 -0.8706
vn -0.4054 0.5707 -0.7141
vn -0.7868 0.5119 0.3449
vn 0.7694 0.2810 -0.5737
vn 0.6067 0.7916 0.0727
vn 0.4694 0.6144 -0.6342
vn 0.0087 0.6456 0.7636
vn -0.7699 0.4197 -0.4806
vn -0.3142 0.9490 0.0261
vn -0.9880 0.0362 0.1500
vn -0.9994 0.0036 -0.0352
vn -0.9386 -0.1164 0.3247
vn -0.9562 0.2645 -0.1254
vn -0.9428 0.2680 0.1982
vn -0.4315 0.0702 0.8994
vn -0.0205 0.3176 0.9480
vn -0.3430 0.8044 0.4850
vn -0.2205 0.9575 0.1859
vn -0.1595 0.9631 -0.2168
vn -0.1637 0.7617 -0.6269
vn -0.6598 0.2727 -0.7002
vn 0.0070 0.3049 0.9524
vn -0.3864 0.3204 0.8649
vn 0.1455 0.9469 0.2866
vn -0.1274 0.9795 0.1561
vn -0.6825 0.3051 -0.6642
vn 0.0469 0.0739 -0.9962
vn 0.8349 0.4367 -0.3349
vn 0.6247 0.2814 0.7284
vn 0.7664 0.2449 0.5938
vn 0.9121 0.3855 0.1393
vn 0.0486 0.9815 -0.1853
vn 0.4975 0.7743 -0.3912
vn 0.6206 0.3285 -0.7120
vn 0.8301 0.3173 -0.4584
vn 0.9395 0.3112 -0.1434
vn 0.6453 0.4317 -0.6302
vn -0.6971 0.5119 0.5020
vn 0.6322 0.2810 -0.7220
vn 0.6085 0.7916 -0.0559
vn 0.3262 0.6144 -0.7184
vn 0.1684 0.6456 0.7449
vn -0.8535 0.4198 -0.3087
vn -0.3018 0.9490 0.0913
vn -0.9347 0.0362 0.3535
vn -0.9846 0.0036 0.1748
vn -0.8498 -0.1164 0.5140
vn -0.9613 0.2645 0.0776
vn -0.8804 0.2680 0.3913
vn -0.2336 0.0701 0.9698
vn 0.1784 0.3176 0.9313
vn -0.2338 0.8044 0.5461
vn -0.1767 0.9575 0.2279
vn -0.2014 0.9631 -0.1786
vn -0.2913 0.7617 -0.5787
vn -0.7918 0.2727 -0.5465
vn 0.2063 0.3049 0.9298
vn -0.1967 0.3204 0.9266
vn 0.2023 0.9469 0.2497
vn -0.0919 0.9795 0.1793
vn -0.8065 0.3051 -0.5065
vn -0.1627 0.0739 -0.9839
vn 0.7463 0.4367 -0.5024
vn 0.7635 0.2814 0.5813
vn 0.8738 0.2449 0.4201
vn 0.9211 0.3855 -0.0548
vn 0.0088 0.9815 -0.1914
vn 0.4045 0.7743 -0.4866
vn 0.4577 0.3285 -0.8262
vn 0.7157 0.3173 -0.6221
vn 0.8886 0.3112 -0.3369
vn 0.4990 0.4317 -0.7514
vn 0.3263 0.6144 -0.7184
vn -0.8535 0.4198 -0.3088
vn -0.9846 0.0036 0.1749
vn -0.8499 -0.1164 0.5140
vn 0.7638 0.2815 0.5808
vn 0.8738 0.2449 0.4202
vn 0.6322 0.2810 -0.7221
vn -0.3018 0.9490 0.0914
vn -0.2336 0.0702 0.9698
vn -0.2339 0.8044 0.5461
vn -0.1968 0.3204 0.9266
vn 0.2023 0.9470 0.2497
vn -0.8065 0.3050 -0.5065
vn -0.1627 0.0740 -0.9839
vn 0.7630 0.2812 0.5820
vn 0.4045 0.7743 -0.4867
vn 0.7638 0.2815 0.5809
vn -0.6971 0.5119 0.5019
vn -0.9613 0.2645 0.0777
vn -0.7918 0.2727 -0.5466
vn 0.7633 0.2813 0.5816
vn 0.4046 0.7743 -0.4867
vn 0.7546 0.5119 -0.4106
vn -0.7178 0.2809 0.6371
vn -0.6107 0.7916 -0.0208
vn -0.4138 0.6144 0.6718
vn -0.0736 0.6456 -0.7601
vn 0.8081 0.4198 0.4133
vn 0.3109 0.9490 -0.0528
vn 0.9717 0.0362 -0.2335
vn 0.9987 0.0036 -0.0500
vn 0.9076 -0.1164 -0.4034
vn 0.9634 0.2645 0.0435
vn 0.9225 0.2680 -0.2778
vn 0.3533 0.0701 -0.9329
vn -0.0602 0.3176 -0.9463
vn 0.3005 0.8044 -0.5125
vn 0.2039 0.9575 -0.2040
vn 0.1774 0.9631 0.2024
vn 0.2165 0.7617 0.6107
vn 0.7170 0.2727 0.6415
vn -0.0880 0.3049 -0.9483
vn 0.3114 0.3204 -0.8946
vn -0.1694 0.9469 -0.2731
vn 0.1136 0.9795 -0.1664
vn 0.7366 0.3051 0.6036
vn 0.0380 0.0739 0.9965
vn -0.8034 0.4367 0.4048
vn -0.6844 0.2813 -0.6726
vn -0.8142 0.2449 -0.5264
vn -0.9207 0.3855 -0.0612
vn -0.0327 0.9815 0.1888
vn -0.4624 0.7743 0.4321
vn -0.5577 0.3285 0.7623
vn -0.7881 0.3173 0.5275
vn -0.9238 0.3112 0.2228
vn -0.5893 0.4317 0.6829
vn -0.4137 0.6143 0.6719
vn 0.8080 0.4198 0.4134
vn 0.2164 0.7617 0.6107
vn -0.1694 0.9470 -0.2731
vn -0.6847 0.2812 -0.6724
vn -0.7178 0.2810 0.6371
vn 0.8081 0.4197 0.4133
vn -0.6845 0.2814 -0.6725
vn -0.7881 0.3173 0.5274
vn -0.7178 0.2810 0.6370
vn -0.6846 0.2814 -0.6724
vn -0.4137 0.6144 0.6718
vn 0.3533 0.0702 -0.9329
vn -0.6846 0.2813 -0.6724
vn 0.3005 0.8044 -0.5124
vn 0.7170 0.2728 0.6415
vn 0.7366 0.3051 0.6037
vn -0.6848 0.2814 -0.6722
vn -0.8142 0.2450 -0.5264
vn -0.6843 0.2813 -0.6727
vn -0.4623 0.7743 0.4321
vn -0.5848 0.6144 0.5296
vn 0.9730 0.0036 0.2309
vn -0.4698 0.2815 -0.8367
vn -0.9493 0.3112 -0.0439
vn 0.6605 0.4197 0.6225
vn 0.3132 0.9490 0.0361
vn 0.5997 0.0702 -0.7971
vn 0.2064 0.3176 -0.9255
vn 0.5488 0.3203 -0.7721
vn 0.1415 0.6456 -0.7504
vn 0.6606 0.4197 0.6225
vn 0.1556 0.9795 -0.1280
vn -0.8844 0.4367 0.1644
vn -0.4697 0.2815 -0.8368
vn -0.5849 0.6144 0.5295
vn -0.4695 0.2813 -0.8370
vn -0.9040 0.3173 0.2864
vn -0.0656 0.1155 -0.9911
vn -0.8192 0.5164 0.2494
vn 0.1823 0.9084 -0.3763
vn 0.6618 0.7493 -0.0234
vn 0.3003 0.1422 0.9432
vn -0.4342 0.7416 0.5114
vn -0.2070 0.6433 0.7371
vn -0.2542 0.6777 0.6899
vn -0.0375 0.5786 0.8147
vn 0.0978 0.7340 0.6721
vn 0.2988 0.5780 0.7594
vn 0.7083 0.2343 0.6659
vn 0.1969 0.9393 0.2809
vn 0.3904 0.9145 -0.1063
vn 0.3825 0.8531 -0.3549
vn 0.0105 0.9468 0.3218
vn 0.0868 0.9912 -0.0999
vn -0.2752 0.9550 -0.1105
vn -0.4040 0.7060 0.5817
vn -0.7498 0.5629 0.3477
vn -0.7585 0.5907 0.2752
vn -0.6719 0.3628 0.6457
vn -0.2132 0.3681 0.9050
vn 0.1039 0.2576 0.9607
vn 0.8319 0.1748 -0.5267
vn 0.7237 0.2006 -0.6603
vn 0.4866 0.5531 -0.6762
vn 0.1234 0.7221 -0.6806
vn 0.0429 0.6872 -0.7252
vn -0.2354 0.7694 -0.5939
vn -0.9537 0.0396 -0.2983
vn -0.9884 0.1373 -0.0658
vn 0.3381 0.5543 -0.7606
vn 0.6365 0.3375 -0.6936
vn -0.1746 0.1720 -0.9695
vn -0.9294 0.0146 -0.3687
vt 0.181819 0.000000
vt 0.227273 0.078731
vt 0.136365 0.078731
vt 0.681818 0.078731
vt 0.727273 0.157461
vt 0.681818 0.236191
vt 0.636364 0.157461
vt 0.909091 0.000000
vt 0.954545 0.078731
vt 0.863636 0.078731
vt 0.727273 0.000000
vt 0.772727 0.078731
vt 0.545455 0.000000
vt 0.590909 0.078731
vt 0.500000 0.078731
vt 0.090910 0.157461
vt 0.181819 0.157461
vt 0.136365 0.236191
vt 0.818182 0.157461
vt 0.909091 0.157461
vt 0.863636 0.236191
vt 0.772727 0.393651
vt 0.863636 0.393651
vt 0.636364 0.472382
vt 0.590909 0.393651
vt 0.454546 0.157461
vt 0.545455 0.157461
vt 0.500000 0.236191
vt 0.272728 0.157461
vt 0.318182 0.236191
vt 0.227273 0.236191
vt 0.045455 0.236191
vt 0.772727 0.236191
vt 0.590909 0.236191
vt 0.409092 0.236191
vt 0.181819 0.314921
vt 0.272728 0.314921
vt 0.227273 0.393651
vt 0.000000 0.314921
vt 0.090910 0.314921
vt 0.045455 0.393651
vt 0.727273 0.314921
vt 0.818182 0.314921
vt 0.545455 0.314921
vt 0.636364 0.314921
vt 0.363637 0.314921
vt 0.454546 0.314921
vt 0.409092 0.393651
vt 0.500000 0.393651
vt 0.272728 0.472382
vt 0.681818 0.393651
vt 0.909091 0.314921
vt 0.136365 0.393651
vt 0.090910 0.472382
vt 0.318182 0.393651
vt 0.363637 0.157461
vt 0.318182 0.078731
vt 0.954545 0.236191
vt 1.000000 0.157461
vt 0.409092 0.078731
vt 0.363637 0.000000
vt 0.363637 0.157461
vt 0.318182 0.157461
vt 0.340910 0.118096
vt 0.295455 0.118096
vt 0.886364 0.039365
vt 0.909091 0.078731
vt 0.909091 0.000000
vt 0.931818 0.039365
vt 0.704546 0.039365
vt 0.727273 0.078731
vt 0.727273 0.000000
vt 0.750000 0.039365
vt 0.522728 0.039365
vt 0.545455 0.078731
vt 0.545455 0.000000
vt 0.568182 0.039365
vt 0.318183 0.236191
vt 0.295455 0.196826
vt 0.340910 0.196826
vt 0.136364 0.236191
vt 0.113637 0.196826
vt 0.159092 0.196826
vt 0.136365 0.157461
vt 0.181819 0.157461
vt 0.863637 0.236191
vt 0.840909 0.196826
vt 0.886364 0.196826
vt 0.863636 0.157461
vt 0.909091 0.157461
vt 0.681819 0.236191
vt 0.659091 0.196826
vt 0.704546 0.196826
vt 0.681819 0.157461
vt 0.727273 0.157461
vt 0.500001 0.236191
vt 0.477273 0.196826
vt 0.522728 0.196826
vt 0.500001 0.157461
vt 0.545455 0.157461
vt 0.227274 0.236191
vt 0.250001 0.196826
vt 0.272728 0.236191
vt 0.068183 0.196826
vt 0.090910 0.236191
vt 0.772728 0.236191
vt 0.795455 0.196826
vt 0.818182 0.236191
vt 0.590910 0.236191
vt 0.613637 0.196826
vt 0.636364 0.236191
vt 0.409092 0.236191
vt 0.431819 0.196826
vt 0.454546 0.236191
vt 0.204546 0.354286
vt 0.250001 0.354286
vt 0.227274 0.314921
vt 0.272728 0.314921
vt 0.022728 0.354286
vt 0.068182 0.354286
vt 0.045455 0.314921
vt 0.090910 0.314921
vt 0.750000 0.354286
vt 0.795455 0.354286
vt 0.772728 0.314921
vt 0.818182 0.314921
vt 0.568182 0.354286
vt 0.613637 0.354286
vt 0.590910 0.314921
vt 0.636364 0.314921
vt 0.386364 0.354286
vt 0.431819 0.354286
vt 0.409092 0.314921
vt 0.454546 0.314921
vt 0.454546 0.472382
vt 0.431819 0.433017
vt 0.477273 0.433017
vt 0.454546 0.393652
vt 0.477273 0.354286
vt 0.522728 0.354286
vt 0.500001 0.314921
vt 0.636364 0.472382
vt 0.613637 0.433017
vt 0.659091 0.433017
vt 0.636364 0.393652
vt 0.659091 0.354286
vt 0.704546 0.354286
vt 0.681819 0.314921
vt 0.818182 0.472382
vt 0.795455 0.433017
vt 0.840909 0.433017
vt 0.818182 0.393652
vt 0.840909 0.354286
vt 0.886364 0.354286
vt 0.863637 0.314921
vt 0.090910 0.472382
vt 0.068183 0.433017
vt 0.113637 0.433017
vt 0.090910 0.393652
vt 0.113637 0.354286
vt 0.159092 0.354286
vt 0.136364 0.314921
vt 0.272728 0.472382
vt 0.250001 0.433017
vt 0.295455 0.433017
vt 0.272728 0.393652
vt 0.295455 0.354286
vt 0.340910 0.354286
vt 0.318182 0.314921
vt 0.386364 0.275556
vt 0.431819 0.275556
vt 0.477273 0.275556
vt 0.522728 0.275556
vt 0.568182 0.275556
vt 0.613637 0.275556
vt 0.659091 0.275556
vt 0.704546 0.275556
vt 0.750000 0.275556
vt 0.795455 0.275556
vt 0.840909 0.275556
vt 0.886364 0.275556
vt 0.022728 0.275556
vt 0.068182 0.275556
vt 0.113637 0.275556
vt 0.159092 0.275556
vt 0.204546 0.275556
vt 0.250001 0.275556
vt 0.295455 0.275556
vt 0.340910 0.275556
vt 0.545455 0.236191
vt 0.568182 0.196826
vt 0.590910 0.157461
vt 0.727273 0.236191
vt 0.750000 0.196826
vt 0.772728 0.157461
vt 0.931818 0.275556
vt 0.909091 0.236191
vt 0.931818 0.196826
vt 0.977273 0.196826
vt 0.954546 0.157461
vt 0.181819 0.236191
vt 0.204546 0.196826
vt 0.227274 0.157461
vt 0.363637 0.236191
vt 0.386364 0.196826
vt 0.409092 0.157461
vt 0.477273 0.118096
vt 0.522728 0.118096
vt 0.568182 0.118096
vt 0.613637 0.118096
vt 0.659091 0.118096
vt 0.704546 0.118096
vt 0.750000 0.118096
vt 0.795455 0.118096
vt 0.840909 0.118096
vt 0.886364 0.118096
vt 0.931818 0.118096
vt 0.977273 0.118096
vt 0.431819 0.118096
vt 0.386364 0.118096
vt 0.363637 0.078731
vt 0.386364 0.039365
vt 0.340910 0.039365
vt 0.363637 0.000000
vt 0.113637 0.118096
vt 0.159092 0.118096
vt 0.204546 0.118096
vt 0.181819 0.078731
vt 0.250001 0.118096
vt 0.204546 0.039365
vt 0.159092 0.039365
vt 0.181819 0.000000
vt 0.454546 0.472382
vt 0.818182 0.472382
s 0
usemtl Material.014
f 1/1/1 14/2/1 13/3/1
f 20/4/1 21/5/1 29/6/1 5/7/1
f 1/8/1 13/9/1 18/10/1
f 1/11/1 18/12/1 20/4/1
f 1/13/1 20/14/1 17/15/1
f 3/16/1 15/17/1 25/18/1
f 4/19/1 19/20/1 27/21/1
f 41/22/2 40/23/2 12/24/2 42/25/2
f 6/26/3 22/27/3 31/28/3
f 2/29/4 23/30/4 26/31/4
f 3/16/1 25/18/1 28/32/1
f 4/19/1 27/21/1 30/33/1
f 5/7/1 29/6/1 32/34/1
f 6/26/5 31/28/5 24/35/5
f 7/36/6 33/37/6 38/38/6
f 8/39/1 34/40/1 40/41/1
f 9/42/1 35/43/1 41/22/1
f 10/44/7 36/45/7 42/25/7
f 11/46/8 37/47/8 39/48/8
f 39/48/9 37/47/9 42/49/9
f 37/47/10 10/44/10 42/49/10
f 38/38/11 39/48/11 42/49/11 12/50/11
f 42/25/12 36/45/12 41/51/12
f 36/45/13 9/42/13 41/51/13
f 41/22/1 35/43/1 40/23/1
f 35/43/1 8/52/1 40/23/1
f 40/41/14 38/53/14 12/54/14
f 40/41/15 34/40/15 38/53/15
f 34/40/16 7/36/16 38/53/16
f 38/38/17 33/37/17 39/55/17
f 33/37/18 11/46/18 39/55/18
f 24/35/19 37/47/19 11/46/19
f 24/35/20 31/28/20 37/47/20
f 31/28/21 10/44/21 37/47/21
f 32/34/1 36/45/1 10/44/1
f 32/34/1 29/6/1 36/45/1
f 29/6/1 9/42/1 36/45/1
f 30/33/1 35/43/1 9/42/1
f 30/33/1 27/21/1 35/43/1
f 27/21/1 8/52/1 35/43/1
f 28/32/1 34/40/1 8/39/1
f 28/32/1 25/18/1 34/40/1
f 25/18/22 7/36/22 34/40/22
f 26/31/23 33/37/23 7/36/23
f 26/31/24 23/30/24 33/37/24
f 23/30/25 11/46/25 33/37/25
f 31/28/26 32/34/26 10/44/26
f 31/28/27 22/27/27 32/34/27
f 22/27/1 5/7/1 32/34/1
f 29/6/1 30/33/1 9/42/1
f 16/56/28 23/30/28 2/29/28 14/57/28
f 27/21/1 28/58/1 8/52/1
f 27/21/1 19/20/1 28/58/1
f 19/20/1 3/59/1 28/58/1
f 25/18/29 26/31/29 7/36/29
f 25/18/30 15/17/30 26/31/30
f 15/17/31 2/29/31 26/31/31
f 23/30/32 24/35/32 11/46/32
f 23/30/33 16/56/33 24/35/33
f 21/5/1 4/19/1 30/33/1 29/6/1
f 17/15/34 22/27/34 6/26/34
f 17/15/1 20/14/1 22/27/1
f 20/14/1 5/7/1 22/27/1
f 20/4/1 18/12/1 21/5/1
f 18/12/1 4/19/1 21/5/1
f 18/10/1 19/20/1 4/19/1
f 18/10/1 13/9/1 19/20/1
f 13/9/1 3/59/1 19/20/1
f 16/56/35 14/57/35 17/60/35
f 14/57/1 1/61/1 17/60/1
f 13/3/1 15/17/1 3/16/1
f 13/3/1 14/2/1 15/17/1
f 14/2/36 2/29/36 15/17/36
f 16/56/37 17/60/37 6/26/37 24/35/37
f 58/62/38 88/63/38 200/64/38
f 44/29/38 86/65/38 88/63/38
f 56/57/38 200/64/38 86/65/38
f 60/10/38 90/66/38 197/67/38
f 43/68/38 85/69/38 90/66/38
f 55/9/38 197/67/38 85/69/38
f 62/4/38 92/70/38 194/71/38
f 43/72/38 90/73/38 92/70/38
f 60/12/38 194/71/38 90/73/38
f 59/15/38 119/74/38 191/75/38
f 43/76/38 92/77/38 119/74/38
f 62/14/38 191/75/38 92/77/38
f 65/78/38 95/79/38 188/80/38
f 44/29/38 88/63/38 95/79/38
f 58/62/38 188/80/38 88/63/38
f 67/81/38 97/82/38 185/83/38
f 45/16/38 87/84/38 97/82/38
f 57/85/38 185/83/38 87/84/38
f 69/86/39 99/87/39 182/88/39
f 46/19/38 91/89/38 99/87/38
f 61/90/40 182/88/40 91/89/40
f 71/91/38 101/92/38 179/93/38
f 47/7/38 93/94/38 101/92/38
f 63/95/38 179/93/38 93/94/38
f 73/96/38 103/97/38 176/98/38
f 48/26/38 94/99/38 103/97/38
f 64/100/38 176/98/38 94/99/38
f 68/101/38 128/102/38 173/103/38
f 44/29/38 95/79/38 128/102/38
f 65/78/38 173/103/38 95/79/38
f 70/32/41 130/104/41 170/105/41
f 45/16/40 97/82/40 130/104/40
f 67/81/42 170/105/42 97/82/42
f 72/106/38 132/107/38 167/108/38
f 46/19/38 99/87/38 132/107/38
f 69/86/43 167/108/43 99/87/43
f 74/109/38 134/110/38 164/111/38
f 47/7/38 101/92/38 134/110/38
f 71/91/38 164/111/38 101/92/38
f 66/112/38 126/113/38 161/114/38
f 48/26/38 103/97/38 126/113/38
f 73/96/38 161/114/38 103/97/38
f 80/38/44 110/115/44 158/116/44
f 49/36/45 105/117/45 110/115/45
f 75/118/46 158/116/46 105/117/46
f 82/41/47 112/119/47 155/120/47
f 50/39/48 106/121/48 112/119/48
f 76/122/49 155/120/49 106/121/49
f 83/22/50 113/123/50 152/124/50
f 51/42/51 107/125/51 113/123/51
f 77/126/52 152/124/52 107/125/52
f 84/25/53 114/127/53 149/128/53
f 52/44/54 108/129/54 114/127/54
f 78/130/55 149/128/55 108/129/55
f 81/48/56 141/131/56 146/132/56
f 53/46/57 109/133/57 141/131/57
f 79/134/58 146/132/58 109/133/58
f 54/135/59 111/136/59 144/137/59
f 81/48/60 145/138/60 111/136/60
f 84/49/61 144/137/61 145/138/61
f 84/49/62 145/138/62 147/139/62
f 81/48/63 146/132/63 145/138/63
f 79/134/64 147/139/64 146/132/64
f 84/49/65 147/139/65 114/140/65
f 79/134/66 139/141/66 147/139/66
f 52/44/67 114/140/67 139/141/67
f 54/142/68 144/143/68 143/144/68
f 84/25/69 148/145/69 144/143/69
f 83/51/70 143/144/70 148/145/70
f 83/51/71 148/145/71 150/146/71
f 84/25/72 149/128/72 148/145/72
f 78/130/73 150/146/73 149/128/73
f 83/51/74 150/146/74 113/147/74
f 78/130/75 138/148/75 150/146/75
f 51/42/76 113/147/76 138/148/76
f 54/149/77 143/150/77 142/151/77
f 83/22/78 151/152/78 143/150/78
f 82/23/79 142/151/79 151/152/79
f 82/23/80 151/152/80 153/153/80
f 83/22/81 152/124/81 151/152/81
f 77/126/82 153/153/82 152/124/82
f 82/23/83 153/153/83 112/154/83
f 77/126/84 137/155/84 153/153/84
f 50/52/85 112/154/85 137/155/85
f 54/156/86 142/157/86 140/158/86
f 82/41/87 154/159/87 142/157/87
f 80/53/88 140/158/88 154/159/88
f 80/53/89 154/159/89 156/160/89
f 82/41/90 155/120/90 154/159/90
f 76/122/91 156/160/91 155/120/91
f 80/53/92 156/160/92 110/161/92
f 76/122/93 136/162/93 156/160/93
f 49/36/94 110/161/94 136/162/94
f 54/163/95 140/164/95 111/165/95
f 80/38/96 157/166/96 140/164/96
f 81/55/97 111/165/97 157/166/97
f 81/55/98 157/166/98 159/167/98
f 80/38/99 158/116/99 157/166/99
f 75/118/100 159/167/100 158/116/100
f 81/55/101 159/167/101 141/168/101
f 75/118/102 135/169/102 159/167/102
f 53/46/103 141/168/103 135/169/103
f 53/46/104 96/170/104 109/133/104
f 66/112/105 160/171/105 96/170/105
f 79/134/106 109/133/106 160/171/106
f 79/134/107 160/171/107 162/172/107
f 66/112/108 161/114/108 160/171/108
f 73/96/109 162/172/109 161/114/109
f 79/134/110 162/172/110 139/141/110
f 73/96/111 133/173/111 162/172/111
f 52/44/112 139/141/112 133/173/112
f 52/44/38 104/174/38 108/129/38
f 74/109/38 163/175/38 104/174/38
f 78/130/38 108/129/38 163/175/38
f 78/130/38 163/175/38 165/176/38
f 74/109/38 164/111/38 163/175/38
f 71/91/38 165/176/38 164/111/38
f 78/130/38 165/176/38 138/148/38
f 71/91/38 131/177/38 165/176/38
f 51/42/38 138/148/38 131/177/38
f 51/42/113 102/178/113 107/125/113
f 72/106/40 166/179/40 102/178/40
f 77/126/114 107/125/114 166/179/114
f 77/126/115 166/179/115 168/180/115
f 72/106/38 167/108/38 166/179/38
f 69/86/116 168/180/116 167/108/116
f 77/126/117 168/180/117 137/155/117
f 69/86/118 129/181/118 168/180/118
f 50/52/119 137/155/119 129/181/119
f 50/39/120 100/182/120 106/121/120
f 70/32/121 169/183/121 100/182/121
f 76/122/122 106/121/122 169/183/122
f 76/122/123 169/183/123 171/184/123
f 70/32/124 170/105/124 169/183/124
f 67/81/125 171/184/125 170/105/125
f 76/122/126 171/184/126 136/162/126
f 67/81/127 127/185/127 171/184/127
f 49/36/128 136/162/128 127/185/128
f 49/36/129 98/186/129 105/117/129
f 68/101/38 172/187/38 98/186/38
f 75/118/130 105/117/130 172/187/130
f 75/118/131 172/187/131 174/188/131
f 68/101/38 173/103/38 172/187/38
f 65/78/38 174/188/38 173/103/38
f 75/118/132 174/188/132 135/169/132
f 65/78/40 125/189/40 174/188/40
f 53/46/133 135/169/133 125/189/133
f 52/44/38 133/173/38 104/174/38
f 73/96/38 175/190/38 133/173/38
f 74/109/38 104/174/38 175/190/38
f 74/109/38 175/190/38 177/191/38
f 73/96/38 176/98/38 175/190/38
f 64/100/38 177/191/38 176/98/38
f 74/109/38 177/191/38 134/110/38
f 64/100/38 124/192/38 177/191/38
f 47/7/38 134/110/38 124/192/38
f 51/42/38 131/177/38 102/178/38
f 71/91/38 178/193/38 131/177/38
f 72/106/38 102/178/38 178/193/38
f 72/106/38 178/193/38 180/194/38
f 71/91/38 179/93/38 178/193/38
f 63/95/38 180/194/38 179/93/38
f 72/106/38 180/194/38 132/107/38
f 63/95/38 123/195/38 180/194/38
f 46/19/38 132/107/38 123/195/38
f 50/52/134 129/181/134 100/196/134
f 69/86/135 181/197/135 129/181/135
f 70/58/136 100/196/136 181/197/136
f 70/58/137 181/197/137 183/198/137
f 69/86/138 182/88/138 181/197/138
f 61/90/139 183/198/139 182/88/139
f 70/58/140 183/198/140 130/199/140
f 61/90/141 121/200/141 183/198/141
f 45/59/40 130/199/40 121/200/40
f 49/36/142 127/185/142 98/186/142
f 67/81/143 184/201/143 127/185/143
f 68/101/38 98/186/38 184/201/38
f 68/101/38 184/201/38 186/202/38
f 67/81/38 185/83/38 184/201/38
f 57/85/38 186/202/38 185/83/38
f 68/101/38 186/202/38 128/102/38
f 57/85/38 117/203/38 186/202/38
f 44/29/38 128/102/38 117/203/38
f 53/46/144 125/189/144 96/170/144
f 65/78/38 187/204/38 125/189/38
f 66/112/40 96/170/40 187/204/40
f 66/112/38 187/204/38 189/205/38
f 65/78/38 188/80/38 187/204/38
f 58/62/38 189/205/38 188/80/38
f 66/112/38 189/205/38 126/113/38
f 58/62/38 118/206/38 189/205/38
f 48/26/38 126/113/38 118/206/38
f 48/26/38 89/207/38 94/99/38
f 59/15/38 190/208/38 89/207/38
f 64/100/38 94/99/38 190/208/38
f 64/100/38 190/208/38 192/209/38
f 59/15/38 191/75/38 190/208/38
f 62/14/38 192/209/38 191/75/38
f 64/100/38 192/209/38 124/192/38
f 62/14/38 122/210/38 192/209/38
f 47/7/38 124/192/38 122/210/38
f 47/7/38 122/211/38 93/94/38
f 62/4/38 193/212/38 122/211/38
f 63/95/38 93/94/38 193/212/38
f 63/95/38 193/212/38 195/213/38
f 62/4/38 194/71/38 193/212/38
f 60/12/38 195/213/38 194/71/38
f 63/95/38 195/213/38 123/195/38
f 60/12/38 120/214/38 195/213/38
f 46/19/38 123/195/38 120/214/38
f 46/19/38 120/215/38 91/89/38
f 60/10/38 196/216/38 120/215/38
f 61/90/38 91/89/38 196/216/38
f 61/90/38 196/216/38 198/217/38
f 60/10/38 197/67/38 196/216/38
f 55/9/38 198/217/38 197/67/38
f 61/90/38 198/217/38 121/200/38
f 55/9/38 115/218/38 198/217/38
f 45/59/38 121/200/38 115/218/38
f 48/26/38 118/206/38 89/219/38
f 58/62/38 199/220/38 118/206/38
f 59/60/38 89/219/38 199/220/38
f 59/60/38 199/220/38 201/221/38
f 58/62/38 200/64/38 199/220/38
f 56/57/38 201/221/38 200/64/38
f 59/60/38 201/221/38 119/222/38
f 56/57/38 116/223/38 201/221/38
f 43/224/38 119/222/38 116/223/38
f 45/16/38 115/225/38 87/84/38
f 55/3/38 202/226/38 115/225/38
f 57/85/38 87/84/38 202/226/38
f 57/85/38 202/226/38 204/227/38
f 55/3/38 203/228/38 202/226/38
f 56/2/38 204/227/38 203/228/38
f 57/85/38 204/227/38 117/203/38
f 56/2/38 86/229/38 204/227/38
f 44/29/38 117/203/38 86/229/38
f 220/62/145 250/63/145 362/64/145
f 206/29/145 248/65/145 250/63/145
f 218/57/145 362/64/145 248/65/145
f 222/10/145 252/66/145 359/67/145
f 205/68/145 247/69/145 252/66/145
f 217/9/145 359/67/145 247/69/145
f 224/4/145 254/70/145 356/71/145
f 205/72/145 252/73/145 254/70/145
f 222/12/145 356/71/145 252/73/145
f 221/15/145 281/74/145 353/75/145
f 205/76/145 254/77/145 281/74/145
f 224/14/145 353/75/145 254/77/145
f 227/78/145 257/79/145 350/80/145
f 206/29/145 250/63/145 257/79/145
f 220/62/145 350/80/145 250/63/145
f 229/81/145 259/82/145 347/83/145
f 207/16/145 249/84/145 259/82/145
f 219/85/145 347/83/145 249/84/145
f 231/86/146 261/87/146 344/88/146
f 208/19/145 253/89/145 261/87/145
f 223/90/147 344/88/147 253/89/147
f 233/91/145 263/92/145 341/93/145
f 209/7/145 255/94/145 263/92/145
f 225/95/145 341/93/145 255/94/145
f 235/96/145 265/97/145 338/98/145
f 210/26/145 256/99/145 265/97/145
f 226/100/145 338/98/145 256/99/145
f 230/101/145 290/102/145 335/103/145
f 206/29/145 257/79/145 290/102/145
f 227/78/145 335/103/145 257/79/145
f 232/32/148 292/104/148 332/105/148
f 207/16/147 259/82/147 292/104/147
f 229/81/149 332/105/149 259/82/149
f 234/106/145 294/107/145 329/108/145
f 208/19/145 261/87/145 294/107/145
f 231/86/150 329/108/150 261/87/150
f 236/109/145 296/110/145 326/111/145
f 209/7/145 263/92/145 296/110/145
f 233/91/145 326/111/145 263/92/145
f 228/112/145 288/113/145 323/114/145
f 210/26/145 265/97/145 288/113/145
f 235/96/145 323/114/145 265/97/145
f 242/38/151 272/115/151 320/116/151
f 211/36/152 267/117/152 272/115/152
f 237/118/153 320/116/153 267/117/153
f 244/41/154 274/119/154 317/120/154
f 212/39/155 268/121/155 274/119/155
f 238/122/156 317/120/156 268/121/156
f 245/22/157 275/123/157 314/124/157
f 213/42/158 269/125/158 275/123/158
f 239/126/159 314/124/159 269/125/159
f 246/25/160 276/127/160 311/128/160
f 214/44/161 270/129/161 276/127/161
f 240/130/162 311/128/162 270/129/162
f 243/48/163 303/131/163 308/132/163
f 215/46/164 271/133/164 303/131/164
f 241/134/165 308/132/165 271/133/165
f 216/135/166 273/136/166 306/137/166
f 243/48/167 307/138/167 273/136/167
f 246/49/168 306/137/168 307/138/168
f 246/49/169 307/138/169 309/139/169
f 243/48/170 308/132/170 307/138/170
f 241/134/171 309/139/171 308/132/171
f 246/49/172 309/139/172 276/140/172
f 241/134/173 301/141/173 309/139/173
f 214/44/174 276/140/174 301/141/174
f 216/142/175 306/143/175 305/144/175
f 246/25/176 310/145/176 306/143/176
f 245/51/177 305/144/177 310/145/177
f 245/51/178 310/145/178 312/146/178
f 246/25/179 311/128/179 310/145/179
f 240/130/180 312/146/180 311/128/180
f 245/51/181 312/146/181 275/147/181
f 240/130/182 300/148/182 312/146/182
f 213/42/183 275/147/183 300/148/183
f 216/149/184 305/150/184 304/151/184
f 245/22/185 313/152/185 305/150/185
f 244/23/186 304/151/186 313/152/186
f 244/23/187 313/152/187 315/153/187
f 245/22/188 314/124/188 313/152/188
f 239/126/189 315/153/189 314/124/189
f 244/23/190 315/153/190 274/154/190
f 239/126/191 299/155/191 315/153/191
f 212/52/192 274/154/192 299/155/192
f 216/156/193 304/157/193 302/158/193
f 244/41/194 316/159/194 304/157/194
f 242/53/195 302/158/195 316/159/195
f 242/53/196 316/159/196 318/160/196
f 244/41/197 317/120/197 316/159/197
f 238/122/198 318/160/198 317/120/198
f 242/53/199 318/160/199 272/161/199
f 238/122/200 298/162/200 318/160/200
f 211/36/201 272/161/201 298/162/201
f 216/163/202 302/164/202 273/165/202
f 242/38/203 319/166/203 302/164/203
f 243/55/204 273/165/204 319/166/204
f 243/55/205 319/166/205 321/167/205
f 242/38/206 320/116/206 319/166/206
f 237/118/207 321/167/207 320/116/207
f 243/55/208 321/167/208 303/168/208
f 237/118/209 297/169/209 321/167/209
f 215/46/210 303/168/210 297/169/210
f 215/46/211 258/170/211 271/133/211
f 228/112/212 322/171/212 258/170/212
f 241/134/213 271/133/213 322/171/213
f 241/134/214 322/171/214 324/172/214
f 228/112/215 323/114/215 322/171/215
f 235/96/216 324/172/216 323/114/216
f 241/134/217 324/172/217 301/141/217
f 235/96/218 295/173/218 324/172/218
f 214/44/219 301/141/219 295/173/219
f 214/44/145 266/174/145 270/129/145
f 236/109/145 325/175/145 266/174/145
f 240/130/145 270/129/145 325/175/145
f 240/130/145 325/175/145 327/176/145
f 236/109/145 326/111/145 325/175/145
f 233/91/145 327/176/145 326/111/145
f 240/130/145 327/176/145 300/148/145
f 233/91/145 293/177/145 327/176/145
f 213/42/145 300/148/145 293/177/145
f 213/42/220 264/178/220 269/125/220
f 234/106/147 328/179/147 264/178/147
f 239/126/221 269/125/221 328/179/221
f 239/126/222 328/179/222 330/180/222
f 234/106/145 329/108/145 328/179/145
f 231/86/223 330/180/223 329/108/223
f 239/126/224 330/180/224 299/155/224
f 231/86/225 291/181/225 330/180/225
f 212/52/226 299/155/226 291/181/226
f 212/39/227 262/182/227 268/121/227
f 232/32/228 331/183/228 262/182/228
f 238/122/229 268/121/229 331/183/229
f 238/122/230 331/183/230 333/184/230
f 232/32/231 332/105/231 331/183/231
f 229/81/232 333/184/232 332/105/232
f 238/122/233 333/184/233 298/162/233
f 229/81/234 289/185/234 333/184/234
f 211/36/235 298/162/235 289/185/235
f 211/36/236 260/186/236 267/117/236
f 230/101/145 334/187/145 260/186/145
f 237/118/237 267/117/237 334/187/237
f 237/118/238 334/187/238 336/188/238
f 230/101/145 335/103/145 334/187/145
f 227/78/145 336/188/145 335/103/145
f 237/118/239 336/188/239 297/169/239
f 227/78/147 287/189/147 336/188/147
f 215/46/240 297/169/240 287/189/240
f 214/44/145 295/173/145 266/174/145
f 235/96/145 337/190/145 295/173/145
f 236/109/145 266/174/145 337/190/145
f 236/109/145 337/190/145 339/191/145
f 235/96/145 338/98/145 337/190/145
f 226/100/145 339/191/145 338/98/145
f 236/109/145 339/191/145 296/110/145
f 226/100/145 286/192/145 339/191/145
f 209/7/145 296/110/145 286/192/145
f 213/42/145 293/177/145 264/178/145
f 233/91/145 340/193/145 293/177/145
f 234/106/145 264/178/145 340/193/145
f 234/106/145 340/193/145 342/194/145
f 233/91/145 341/93/145 340/193/145
f 225/95/145 342/194/145 341/93/145
f 234/106/145 342/194/145 294/107/145
f 225/95/145 285/195/145 342/194/145
f 208/19/145 294/107/145 285/195/145
f 212/52/241 291/181/241 262/196/241
f 231/86/242 343/197/242 291/181/242
f 232/58/243 262/196/243 343/197/243
f 232/58/244 343/197/244 345/198/244
f 231/86/245 344/88/245 343/197/245
f 223/90/246 345/198/246 344/88/246
f 232/58/247 345/198/247 292/199/247
f 223/90/248 283/200/248 345/198/248
f 207/59/147 292/199/147 283/200/147
f 211/36/249 289/185/249 260/186/249
f 229/81/250 346/201/250 289/185/250
f 230/101/145 260/186/145 346/201/145
f 230/101/145 346/201/145 348/202/145
f 229/81/145 347/83/145 346/201/145
f 219/85/145 348/202/145 347/83/145
f 230/101/145 348/202/145 290/102/145
f 219/85/145 279/203/145 348/202/145
f 206/29/145 290/102/145 279/203/145
f 215/46/251 287/189/251 258/170/251
f 227/78/145 349/204/145 287/189/145
f 228/112/147 258/170/147 349/204/147
f 228/112/145 349/204/145 351/205/145
f 227/78/145 350/80/145 349/204/145
f 220/62/145 351/205/145 350/80/145
f 228/112/145 351/205/145 288/113/145
f 220/62/145 280/206/145 351/205/145
f 210/26/145 288/113/145 280/206/145
f 210/26/145 251/207/145 256/99/145
f 221/15/145 352/208/145 251/207/145
f 226/100/145 256/99/145 352/208/145
f 226/100/145 352/208/145 354/209/145
f 221/15/145 353/75/145 352/208/145
f 224/14/145 354/209/145 353/75/145
f 226/100/145 354/209/145 286/192/145
f 224/14/145 284/210/145 354/209/145
f 209/7/145 286/192/145 284/210/145
f 209/7/145 284/211/145 255/94/145
f 224/4/145 355/212/145 284/211/145
f 225/95/145 255/94/145 355/212/145
f 225/95/145 355/212/145 357/213/145
f 224/4/145 356/71/145 355/212/145
f 222/12/145 357/213/145 356/71/145
f 225/95/145 357/213/145 285/195/145
f 222/12/145 282/214/145 357/213/145
f 208/19/145 285/195/145 282/214/145
f 208/19/145 282/215/145 253/89/145
f 222/10/145 358/216/145 282/215/145
f 223/90/145 253/89/145 358/216/145
f 223/90/145 358/216/145 360/217/145
f 222/10/145 359/67/145 358/216/145
f 217/9/145 360/217/145 359/67/145
f 223/90/145 360/217/145 283/200/145
f 217/9/145 277/218/145 360/217/145
f 207/59/145 283/200/145 277/218/145
f 210/26/145 280/206/145 251/219/145
f 220/62/145 361/220/145 280/206/145
f 221/60/145 251/219/145 361/220/145
f 221/60/145 361/220/145 363/221/145
f 220/62/145 362/64/145 361/220/145
f 218/57/145 363/221/145 362/64/145
f 221/60/145 363/221/145 281/222/145
f 218/57/145 278/223/145 363/221/145
f 205/224/145 281/222/145 278/223/145
f 207/16/145 277/225/145 249/84/145
f 217/3/145 364/226/145 277/225/145
f 219/85/145 249/84/145 364/226/145
f 219/85/145 364/226/145 366/227/145
f 217/3/145 365/228/145 364/226/145
f 218/2/145 366/227/145 365/228/145
f 219/85/145 366/227/145 279/203/145
f 218/2/145 248/229/145 366/227/145
f 206/29/145 279/203/145 248/229/145
f 218/2/145 365/228/145 278/230/145
f 217/3/145 247/231/145 365/228/145
f 205/232/145 278/230/145 247/231/145
f 365/228/145 247/231/145 278/230/145
f 362/64/145 250/63/145 248/65/145
f 359/67/145 252/66/145 247/69/145
f 356/71/145 254/70/145 252/73/145
f 353/75/145 281/74/145 254/77/145
f 350/80/145 257/79/145 250/63/145
f 347/83/145 259/82/145 249/84/145
f 344/88/147 261/87/147 253/89/147
f 341/93/145 263/92/145 255/94/145
f 338/98/145 265/97/145 256/99/145
f 335/103/145 290/102/145 257/79/145
f 332/105/252 292/104/252 259/82/252
f 329/108/145 294/107/145 261/87/145
f 326/111/145 296/110/145 263/92/145
f 323/114/145 288/113/145 265/97/145
f 320/116/253 272/115/253 267/117/253
f 317/120/254 274/119/254 268/121/254
f 314/124/255 275/123/255 269/125/255
f 311/128/256 276/127/256 270/129/256
f 308/132/257 303/131/257 271/133/257
f 306/137/258 273/136/258 307/138/258
f 309/139/259 307/138/259 308/132/259
f 276/140/260 309/139/260 301/141/260
f 305/144/261 306/143/261 310/145/261
f 312/146/262 310/145/262 311/128/262
f 275/147/263 312/146/263 300/148/263
f 304/151/264 305/150/264 313/152/264
f 315/153/265 313/152/265 314/124/265
f 274/154/266 315/153/266 299/155/266
f 302/158/267 304/157/267 316/159/267
f 318/160/268 316/159/268 317/120/268
f 272/161/269 318/160/269 298/162/269
f 273/165/270 302/164/270 319/166/270
f 321/167/271 319/166/271 320/116/271
f 303/168/272 321/167/272 297/169/272
f 271/133/273 258/170/273 322/171/273
f 324/172/274 322/171/274 323/114/274
f 301/141/275 324/172/275 295/173/275
f 270/129/145 266/174/145 325/175/145
f 327/176/145 325/175/145 326/111/145
f 300/148/145 327/176/145 293/177/145
f 269/125/276 264/178/276 328/179/276
f 330/180/277 328/179/277 329/108/277
f 299/155/278 330/180/278 291/181/278
f 268/121/279 262/182/279 331/183/279
f 333/184/280 331/183/280 332/105/280
f 298/162/281 333/184/281 289/185/281
f 267/117/282 260/186/282 334/187/282
f 336/188/147 334/187/147 335/103/147
f 297/169/283 336/188/283 287/189/283
f 266/174/145 295/173/145 337/190/145
f 339/191/145 337/190/145 338/98/145
f 296/110/145 339/191/145 286/192/145
f 264/178/145 293/177/145 340/193/145
f 342/194/145 340/193/145 341/93/145
f 294/107/145 342/194/145 285/195/145
f 262/196/284 291/181/284 343/197/284
f 345/198/285 343/197/285 344/88/285
f 292/199/286 345/198/286 283/200/286
f 260/186/287 289/185/287 346/201/287
f 348/202/145 346/201/145 347/83/145
f 290/102/145 348/202/145 279/203/145
f 258/170/147 287/189/147 349/204/147
f 351/205/145 349/204/145 350/80/145
f 288/113/145 351/205/145 280/206/145
f 256/99/145 251/207/145 352/208/145
f 354/209/145 352/208/145 353/75/145
f 286/192/145 354/209/145 284/210/145
f 255/94/145 284/211/145 355/212/145
f 357/213/145 355/212/145 356/71/145
f 285/195/145 357/213/145 282/214/145
f 253/89/145 282/215/145 358/216/145
f 360/217/145 358/216/145 359/67/145
f 283/200/145 360/217/145 277/218/145
f 251/219/145 280/206/145 361/220/145
f 363/221/145 361/220/145 362/64/145
f 281/222/145 363/221/145 278/223/145
f 249/84/145 277/225/145 364/226/145
f 366/227/145 364/226/145 365/228/145
f 279/203/145 366/227/145 248/229/145
f 382/62/1 412/63/1 524/64/1
f 368/29/13 410/65/13 412/63/13
f 380/57/1 524/64/1 410/65/1
f 384/10/1 414/66/1 521/67/1
f 367/68/1 409/69/1 414/66/1
f 379/9/1 521/67/1 409/69/1
f 386/4/1 416/70/1 518/71/1
f 367/72/1 414/73/1 416/70/1
f 384/12/1 518/71/1 414/73/1
f 383/15/1 443/74/1 515/75/1
f 367/76/1 416/77/1 443/74/1
f 386/14/1 515/75/1 416/77/1
f 389/78/288 419/79/288 512/80/288
f 368/29/289 412/63/289 419/79/289
f 382/62/290 512/80/290 412/63/290
f 391/81/291 421/82/291 509/83/291
f 369/16/1 411/84/1 421/82/1
f 381/85/13 509/83/13 411/84/13
f 393/86/1 423/87/1 506/88/1
f 370/19/1 415/89/1 423/87/1
f 385/90/1 506/88/1 415/89/1
f 395/91/1 425/92/1 503/93/1
f 371/7/1 417/94/1 425/92/1
f 387/95/1 503/93/1 417/94/1
f 397/96/1 427/97/1 500/98/1
f 372/26/1 418/99/1 427/97/1
f 388/100/1 500/98/1 418/99/1
f 392/101/292 452/102/292 497/103/292
f 368/29/293 419/79/293 452/102/293
f 389/78/294 497/103/294 419/79/294
f 394/32/13 454/104/13 494/105/13
f 369/16/1 421/82/1 454/104/1
f 391/81/295 494/105/295 421/82/295
f 396/106/1 456/107/1 491/108/1
f 370/19/1 423/87/1 456/107/1
f 393/86/1 491/108/1 423/87/1
f 398/109/1 458/110/1 488/111/1
f 371/7/1 425/92/1 458/110/1
f 395/91/1 488/111/1 425/92/1
f 390/112/296 450/113/296 485/114/296
f 372/26/1 427/97/1 450/113/1
f 397/96/13 485/114/13 427/97/13
f 404/38/297 434/115/297 482/116/297
f 373/36/298 429/117/298 434/115/298
f 399/118/299 482/116/299 429/117/299
f 406/41/300 436/119/300 479/120/300
f 374/39/301 430/121/301 436/119/301
f 400/122/302 479/120/302 430/121/302
f 407/22/303 437/123/303 476/124/303
f 375/42/304 431/125/304 437/123/304
f 401/126/305 476/124/305 431/125/305
f 408/25/306 438/127/306 473/128/306
f 376/44/307 432/129/307 438/127/307
f 402/130/308 473/128/308 432/129/308
f 405/48/309 465/131/309 470/132/309
f 377/46/310 433/133/310 465/131/310
f 403/134/311 470/132/311 433/133/311
f 378/135/312 435/136/312 468/137/312
f 405/48/313 469/138/313 435/136/313
f 408/49/314 468/137/314 469/138/314
f 408/49/315 469/138/315 471/139/315
f 405/48/316 470/132/316 469/138/316
f 403/134/317 471/139/317 470/132/317
f 408/49/318 471/139/318 438/140/318
f 403/134/319 463/141/319 471/139/319
f 376/44/320 438/140/320 463/141/320
f 378/142/321 468/143/321 467/144/321
f 408/25/322 472/145/322 468/143/322
f 407/51/323 467/144/323 472/145/323
f 407/51/324 472/145/324 474/146/324
f 408/25/325 473/128/325 472/145/325
f 402/130/326 474/146/326 473/128/326
f 407/51/327 474/146/327 437/147/327
f 402/130/328 462/148/328 474/146/328
f 375/42/329 437/147/329 462/148/329
f 378/149/330 467/150/330 466/151/330
f 407/22/331 475/152/331 467/150/331
f 406/23/332 466/151/332 475/152/332
f 406/23/333 475/152/333 477/153/333
f 407/22/334 476/124/334 475/152/334
f 401/126/335 477/153/335 476/124/335
f 406/23/336 477/153/336 436/154/336
f 401/126/337 461/155/337 477/153/337
f 374/52/338 436/154/338 461/155/338
f 378/156/339 466/157/339 464/158/339
f 406/41/340 478/159/340 466/157/340
f 404/53/341 464/158/341 478/159/341
f 404/53/342 478/159/342 480/160/342
f 406/41/343 479/120/343 478/159/343
f 400/122/344 480/160/344 479/120/344
f 404/53/345 480/160/345 434/161/345
f 400/122/346 460/162/346 480/160/346
f 373/36/347 434/161/347 460/162/347
f 378/163/348 464/164/348 435/165/348
f 404/38/349 481/166/349 464/164/349
f 405/55/350 435/165/350 481/166/350
f 405/55/351 481/166/351 483/167/351
f 404/38/352 482/116/352 481/166/352
f 399/118/353 483/167/353 482/116/353
f 405/55/354 483/167/354 465/168/354
f 399/118/355 459/169/355 483/167/355
f 377/46/356 465/168/356 459/169/356
f 377/46/357 420/170/357 433/133/357
f 390/112/358 484/171/358 420/170/358
f 403/134/359 433/133/359 484/171/359
f 403/134/360 484/171/360 486/172/360
f 390/112/361 485/114/361 484/171/361
f 397/96/362 486/172/362 485/114/362
f 403/134/363 486/172/363 463/141/363
f 397/96/364 457/173/364 486/172/364
f 376/44/365 463/141/365 457/173/365
f 376/44/13 428/174/13 432/129/13
f 398/109/1 487/175/1 428/174/1
f 402/130/1 432/129/1 487/175/1
f 402/130/1 487/175/1 489/176/1
f 398/109/1 488/111/1 487/175/1
f 395/91/1 489/176/1 488/111/1
f 402/130/1 489/176/1 462/148/1
f 395/91/1 455/177/1 489/176/1
f 375/42/1 462/148/1 455/177/1
f 375/42/1 426/178/1 431/125/1
f 396/106/1 490/179/1 426/178/1
f 401/126/1 431/125/1 490/179/1
f 401/126/1 490/179/1 492/180/1
f 396/106/1 491/108/1 490/179/1
f 393/86/1 492/180/1 491/108/1
f 401/126/13 492/180/13 461/155/13
f 393/86/1 453/181/1 492/180/1
f 374/52/13 461/155/13 453/181/13
f 374/39/366 424/182/366 430/121/366
f 394/32/13 493/183/13 424/182/13
f 400/122/367 430/121/367 493/183/367
f 400/122/368 493/183/368 495/184/368
f 394/32/13 494/105/13 493/183/13
f 391/81/369 495/184/369 494/105/369
f 400/122/370 495/184/370 460/162/370
f 391/81/371 451/185/371 495/184/371
f 373/36/372 460/162/372 451/185/372
f 373/36/373 422/186/373 429/117/373
f 392/101/374 496/187/374 422/186/374
f 399/118/375 429/117/375 496/187/375
f 399/118/376 496/187/376 498/188/376
f 392/101/377 497/103/377 496/187/377
f 389/78/378 498/188/378 497/103/378
f 399/118/379 498/188/379 459/169/379
f 389/78/380 449/189/380 498/188/380
f 377/46/381 459/169/381 449/189/381
f 376/44/13 457/173/13 428/174/13
f 397/96/1 499/190/1 457/173/1
f 398/109/1 428/174/1 499/190/1
f 398/109/1 499/190/1 501/191/1
f 397/96/1 500/98/1 499/190/1
f 388/100/1 501/191/1 500/98/1
f 398/109/1 501/191/1 458/110/1
f 388/100/1 448/192/1 501/191/1
f 371/7/1 458/110/1 448/192/1
f 375/42/1 455/177/1 426/178/1
f 395/91/1 502/193/1 455/177/1
f 396/106/1 426/178/1 502/193/1
f 396/106/1 502/193/1 504/194/1
f 395/91/1 503/93/1 502/193/1
f 387/95/1 504/194/1 503/93/1
f 396/106/1 504/194/1 456/107/1
f 387/95/1 447/195/1 504/194/1
f 370/19/1 456/107/1 447/195/1
f 374/52/382 453/181/382 424/196/382
f 393/86/1 505/197/1 453/181/1
f 394/58/1 424/196/1 505/197/1
f 394/58/1 505/197/1 507/198/1
f 393/86/1 506/88/1 505/197/1
f 385/90/1 507/198/1 506/88/1
f 394/58/1 507/198/1 454/199/1
f 385/90/1 445/200/1 507/198/1
f 369/59/1 454/199/1 445/200/1
f 373/36/383 451/185/383 422/186/383
f 391/81/384 508/201/384 451/185/384
f 392/101/385 422/186/385 508/201/385
f 392/101/386 508/201/386 510/202/386
f 391/81/387 509/83/387 508/201/387
f 381/85/1 510/202/1 509/83/1
f 392/101/388 510/202/388 452/102/388
f 381/85/13 441/203/13 510/202/13
f 368/29/389 452/102/389 441/203/389
f 377/46/390 449/189/390 420/170/390
f 389/78/391 511/204/391 449/189/391
f 390/112/392 420/170/392 511/204/392
f 390/112/393 511/204/393 513/205/393
f 389/78/394 512/80/394 511/204/394
f 382/62/395 513/205/395 512/80/395
f 390/112/396 513/205/396 450/113/396
f 382/62/13 442/206/13 513/205/13
f 372/26/1 450/113/1 442/206/1
f 372/26/1 413/207/1 418/99/1
f 383/15/1 514/208/1 413/207/1
f 388/100/1 418/99/1 514/208/1
f 388/100/1 514/208/1 516/209/1
f 383/15/1 515/75/1 514/208/1
f 386/14/1 516/209/1 515/75/1
f 388/100/1 516/209/1 448/192/1
f 386/14/1 446/210/1 516/209/1
f 371/7/1 448/192/1 446/210/1
f 371/7/1 446/211/1 417/94/1
f 386/4/1 517/212/1 446/211/1
f 387/95/1 417/94/1 517/212/1
f 387/95/1 517/212/1 519/213/1
f 386/4/1 518/71/1 517/212/1
f 384/12/1 519/213/1 518/71/1
f 387/95/1 519/213/1 447/195/1
f 384/12/1 444/214/1 519/213/1
f 370/19/1 447/195/1 444/214/1
f 370/19/1 444/215/1 415/89/1
f 384/10/1 520/216/1 444/215/1
f 385/90/1 415/89/1 520/216/1
f 385/90/1 520/216/1 522/217/1
f 384/10/1 521/67/1 520/216/1
f 379/9/1 522/217/1 521/67/1
f 385/90/1 522/217/1 445/200/1
f 379/9/1 439/218/1 522/217/1
f 369/59/1 445/200/1 439/218/1
f 372/26/1 442/206/1 413/219/1
f 382/62/1 523/220/1 442/206/1
f 383/60/1 413/219/1 523/220/1
f 383/60/1 523/220/1 525/221/1
f 382/62/1 524/64/1 523/220/1
f 380/57/1 525/221/1 524/64/1
f 383/60/1 525/221/1 443/222/1
f 380/57/1 440/223/1 525/221/1
f 367/224/1 443/222/1 440/223/1
f 369/16/1 439/225/1 411/84/1
f 379/3/1 526/226/1 439/225/1
f 381/85/1 411/84/1 526/226/1
f 381/85/1 526/226/1 528/227/1
f 379/3/1 527/228/1 526/226/1
f 380/2/1 528/227/1 527/228/1
f 381/85/1 528/227/1 441/203/1
f 380/2/1 410/229/1 528/227/1
f 368/29/397 441/203/397 410/229/397
f 380/2/1 527/228/1 440/230/1
f 379/3/1 409/231/1 527/228/1
f 367/232/1 440/230/1 409/231/1
f 527/228/1 409/231/1 440/230/1
f 524/64/1 412/63/1 410/65/1
f 521/67/1 414/66/1 409/69/1
f 518/71/1 416/70/1 414/73/1
f 515/75/1 443/74/1 416/77/1
f 512/80/398 419/79/398 412/63/398
f 509/83/13 421/82/13 411/84/13
f 506/88/1 423/87/1 415/89/1
f 503/93/1 425/92/1 417/94/1
f 500/98/1 427/97/1 418/99/1
f 497/103/399 452/102/399 419/79/399
f 494/105/13 454/104/13 421/82/13
f 491/108/1 456/107/1 423/87/1
f 488/111/1 458/110/1 425/92/1
f 485/114/13 450/113/13 427/97/13
f 482/116/400 434/115/400 429/117/400
f 479/120/401 436/119/401 430/121/401
f 476/124/402 437/123/402 431/125/402
f 473/128/403 438/127/403 432/129/403
f 470/132/404 465/131/404 433/133/404
f 468/137/405 435/136/405 469/138/405
f 471/139/406 469/138/406 470/132/406
f 438/140/407 471/139/407 463/141/407
f 467/144/408 468/143/408 472/145/408
f 474/146/409 472/145/409 473/128/409
f 437/147/410 474/146/410 462/148/410
f 466/151/411 467/150/411 475/152/411
f 477/153/412 475/152/412 476/124/412
f 436/154/413 477/153/413 461/155/413
f 464/158/414 466/157/414 478/159/414
f 480/160/415 478/159/415 479/120/415
f 434/161/416 480/160/416 460/162/416
f 435/165/417 464/164/417 481/166/417
f 483/167/418 481/166/418 482/116/418
f 465/168/419 483/167/419 459/169/419
f 433/133/420 420/170/420 484/171/420
f 486/172/421 484/171/421 485/114/421
f 463/141/422 486/172/422 457/173/422
f 432/129/1 428/174/1 487/175/1
f 489/176/1 487/175/1 488/111/1
f 462/148/1 489/176/1 455/177/1
f 431/125/1 426/178/1 490/179/1
f 492/180/1 490/179/1 491/108/1
f 461/155/1 492/180/1 453/181/1
f 430/121/423 424/182/423 493/183/423
f 495/184/424 493/183/424 494/105/424
f 460/162/425 495/184/425 451/185/425
f 429/117/426 422/186/426 496/187/426
f 498/188/427 496/187/427 497/103/427
f 459/169/428 498/188/428 449/189/428
f 428/174/1 457/173/1 499/190/1
f 501/191/1 499/190/1 500/98/1
f 458/110/1 501/191/1 448/192/1
f 426/178/1 455/177/1 502/193/1
f 504/194/1 502/193/1 503/93/1
f 456/107/1 504/194/1 447/195/1
f 424/196/1 453/181/1 505/197/1
f 507/198/1 505/197/1 506/88/1
f 454/199/1 507/198/1 445/200/1
f 422/186/429 451/185/429 508/201/429
f 510/202/430 508/201/430 509/83/430
f 452/102/431 510/202/431 441/203/431
f 420/170/432 449/189/432 511/204/432
f 513/205/433 511/204/433 512/80/433
f 450/113/13 513/205/13 442/206/13
f 418/99/1 413/207/1 514/208/1
f 516/209/1 514/208/1 515/75/1
f 448/192/1 516/209/1 446/210/1
f 417/94/1 446/211/1 517/212/1
f 519/213/1 517/212/1 518/71/1
f 447/195/1 519/213/1 444/214/1
f 415/89/1 444/215/1 520/216/1
f 522/217/1 520/216/1 521/67/1
f 445/200/1 522/217/1 439/218/1
f 413/219/1 442/206/1 523/220/1
f 525/221/1 523/220/1 524/64/1
f 443/222/1 525/221/1 440/223/1
f 411/84/1 439/225/1 526/226/1
f 528/227/1 526/226/1 527/228/1
f 441/203/1 528/227/1 410/229/1
f 544/62/434 574/63/434 686/64/434
f 530/29/434 572/65/434 574/63/434
f 542/57/434 686/64/434 572/65/434
f 546/10/434 576/66/434 683/67/434
f 529/68/434 571/69/434 576/66/434
f 541/9/434 683/67/434 571/69/434
f 548/4/434 578/70/434 680/71/434
f 529/72/434 576/73/434 578/70/434
f 546/12/434 680/71/434 576/73/434
f 545/15/434 605/74/434 677/75/434
f 529/76/434 578/77/434 605/74/434
f 548/14/434 677/75/434 578/77/434
f 551/78/434 581/79/434 674/80/434
f 530/29/434 574/63/434 581/79/434
f 544/62/434 674/80/434 574/63/434
f 553/81/434 583/82/434 671/83/434
f 531/16/434 573/84/434 583/82/434
f 543/85/434 671/83/434 573/84/434
f 555/86/435 585/87/435 668/88/435
f 532/19/434 577/89/434 585/87/434
f 547/90/436 668/88/436 577/89/436
f 557/91/434 587/92/434 665/93/434
f 533/7/434 579/94/434 587/92/434
f 549/95/434 665/93/434 579/94/434
f 559/96/434 589/97/434 662/98/434
f 534/26/434 580/99/434 589/97/434
f 550/100/434 662/98/434 580/99/434
f 554/101/434 614/102/434 659/103/434
f 530/29/434 581/79/434 614/102/434
f 551/78/434 659/103/434 581/79/434
f 556/32/437 616/104/437 656/105/437
f 531/16/436 583/82/436 616/104/436
f 553/81/438 656/105/438 583/82/438
f 558/106/434 618/107/434 653/108/434
f 532/19/434 585/87/434 618/107/434
f 555/86/439 653/108/439 585/87/439
f 560/109/434 620/110/434 650/111/434
f 533/7/434 587/92/434 620/110/434
f 557/91/434 650/111/434 587/92/434
f 552/112/434 612/113/434 647/114/434
f 534/26/434 589/97/434 612/113/434
f 559/96/434 647/114/434 589/97/434
f 566/38/440 596/115/440 644/116/440
f 535/36/441 591/117/441 596/115/441
f 561/118/442 644/116/442 591/117/442
f 568/41/443 598/119/443 641/120/443
f 536/39/444 592/121/444 598/119/444
f 562/122/445 641/120/445 592/121/445
f 569/22/446 599/123/446 638/124/446
f 537/42/447 593/125/447 599/123/447
f 563/126/448 638/124/448 593/125/448
f 570/25/449 600/127/449 635/128/449
f 538/44/450 594/129/450 600/127/450
f 564/130/451 635/128/451 594/129/451
f 567/48/452 627/131/452 632/132/452
f 539/46/453 595/133/453 627/131/453
f 565/134/454 632/132/454 595/133/454
f 540/135/455 597/136/455 630/137/455
f 567/48/456 631/138/456 597/136/456
f 570/49/457 630/137/457 631/138/457
f 570/49/458 631/138/458 633/139/458
f 567/48/459 632/132/459 631/138/459
f 565/134/460 633/139/460 632/132/460
f 570/49/461 633/139/461 600/140/461
f 565/134/462 625/141/462 633/139/462
f 538/44/463 600/140/463 625/141/463
f 540/142/464 630/143/464 629/144/464
f 570/25/465 634/145/465 630/143/465
f 569/51/466 629/144/466 634/145/466
f 569/51/467 634/145/467 636/146/467
f 570/25/468 635/128/468 634/145/468
f 564/130/469 636/146/469 635/128/469
f 569/51/470 636/146/470 599/147/470
f 564/130/471 624/148/471 636/146/471
f 537/42/472 599/147/472 624/148/472
f 540/149/473 629/150/473 628/151/473
f 569/22/474 637/152/474 629/150/474
f 568/23/475 628/151/475 637/152/475
f 568/23/476 637/152/476 639/153/476
f 569/22/477 638/124/477 637/152/477
f 563/126/478 639/153/478 638/124/478
f 568/23/479 639/153/479 598/154/479
f 563/126/480 623/155/480 639/153/480
f 536/52/481 598/154/481 623/155/481
f 540/156/482 628/157/482 626/158/482
f 568/41/483 640/159/483 628/157/483
f 566/53/484 626/158/484 640/159/484
f 566/53/485 640/159/485 642/160/485
f 568/41/486 641/120/486 640/159/486
f 562/122/487 642/160/487 641/120/487
f 566/53/488 642/160/488 596/161/488
f 562/122/489 622/162/489 642/160/489
f 535/36/490 596/161/490 622/162/490
f 540/163/491 626/164/491 597/165/491
f 566/38/492 643/166/492 626/164/492
f 567/55/493 597/165/493 643/166/493
f 567/55/494 643/166/494 645/167/494
f 566/38/495 644/116/495 643/166/495
f 561/118/496 645/167/496 644/116/496
f 567/55/497 645/167/497 627/168/497
f 561/118/498 621/169/498 645/167/498
f 539/46/499 627/168/499 621/169/499
f 539/46/500 582/170/500 595/133/500
f 552/112/501 646/171/501 582/170/501
f 565/134/502 595/133/502 646/171/502
f 565/134/503 646/171/503 648/172/503
f 552/112/504 647/114/504 646/171/504
f 559/96/505 648/172/505 647/114/505
f 565/134/506 648/172/506 625/141/506
f 559/96/507 619/173/507 648/172/507
f 538/44/508 625/141/508 619/173/508
f 538/44/434 590/174/434 594/129/434
f 560/109/434 649/175/434 590/174/434
f 564/130/434 594/129/434 649/175/434
f 564/130/434 649/175/434 651/176/434
f 560/109/434 650/111/434 649/175/434
f 557/91/434 651/176/434 650/111/434
f 564/130/434 651/176/434 624/148/434
f 557/91/434 617/177/434 651/176/434
f 537/42/434 624/148/434 617/177/434
f 537/42/509 588/178/509 593/125/509
f 558/106/436 652/179/436 588/178/436
f 563/126/510 593/125/510 652/179/510
f 563/126/511 652/179/511 654/180/511
f 558/106/434 653/108/434 652/179/434
f 555/86/512 654/180/512 653/108/512
f 563/126/513 654/180/513 623/155/513
f 555/86/514 615/181/514 654/180/514
f 536/52/515 623/155/515 615/181/515
f 536/39/516 586/182/516 592/121/516
f 556/32/517 655/183/517 586/182/517
f 562/122/518 592/121/518 655/183/518
f 562/122/519 655/183/519 657/184/519
f 556/32/520 656/105/520 655/183/520
f 553/81/521 657/184/521 656/105/521
f 562/122/522 657/184/522 622/162/522
f 553/81/523 613/185/523 657/184/523
f 535/36/524 622/162/524 613/185/524
f 535/36/525 584/186/525 591/117/525
f 554/101/434 658/187/434 584/186/434
f 561/118/526 591/117/526 658/187/526
f 561/118/527 658/187/527 660/188/527
f 554/101/434 659/103/434 658/187/434
f 551/78/434 660/188/434 659/103/434
f 561/118/528 660/188/528 621/169/528
f 551/78/436 611/189/436 660/188/436
f 539/46/529 621/169/529 611/189/529
f 538/44/434 619/173/434 590/174/434
f 559/96/434 661/190/434 619/173/434
f 560/109/434 590/174/434 661/190/434
f 560/109/434 661/190/434 663/191/434
f 559/96/434 662/98/434 661/190/434
f 550/100/434 663/191/434 662/98/434
f 560/109/434 663/191/434 620/110/434
f 550/100/434 610/192/434 663/191/434
f 533/7/434 620/110/434 610/192/434
f 537/42/434 617/177/434 588/178/434
f 557/91/434 664/193/434 617/177/434
f 558/106/434 588/178/434 664/193/434
f 558/106/434 664/193/434 666/194/434
f 557/91/434 665/93/434 664/193/434
f 549/95/434 666/194/434 665/93/434
f 558/106/434 666/194/434 618/107/434
f 549/95/434 609/195/434 666/194/434
f 532/19/434 618/107/434 609/195/434
f 536/52/530 615/181/530 586/196/530
f 555/86/531 667/197/531 615/181/531
f 556/58/532 586/196/532 667/197/532
f 556/58/533 667/197/533 669/198/533
f 555/86/534 668/88/534 667/197/534
f 547/90/535 669/198/535 668/88/535
f 556/58/536 669/198/536 616/199/536
f 547/90/537 607/200/537 669/198/537
f 531/59/436 616/199/436 607/200/436
f 535/36/538 613/185/538 584/186/538
f 553/81/539 670/201/539 613/185/539
f 554/101/434 584/186/434 670/201/434
f 554/101/434 670/201/434 672/202/434
f 553/81/434 671/83/434 670/201/434
f 543/85/434 672/202/434 671/83/434
f 554/101/434 672/202/434 614/102/434
f 543/85/434 603/203/434 672/202/434
f 530/29/434 614/102/434 603/203/434
f 539/46/540 611/189/540 582/170/540
f 551/78/434 673/204/434 611/189/434
f 552/112/436 582/170/436 673/204/436
f 552/112/434 673/204/434 675/205/434
f 551/78/434 674/80/434 673/204/434
f 544/62/434 675/205/434 674/80/434
f 552/112/434 675/205/434 612/113/434
f 544/62/434 604/206/434 675/205/434
f 534/26/434 612/113/434 604/206/434
f 534/26/434 575/207/434 580/99/434
f 545/15/434 676/208/434 575/207/434
f 550/100/434 580/99/434 676/208/434
f 550/100/434 676/208/434 678/209/434
f 545/15/434 677/75/434 676/208/434
f 548/14/434 678/209/434 677/75/434
f 550/100/434 678/209/434 610/192/434
f 548/14/434 608/210/434 678/209/434
f 533/7/434 610/192/434 608/210/434
f 533/7/434 608/211/434 579/94/434
f 548/4/434 679/212/434 608/211/434
f 549/95/434 579/94/434 679/212/434
f 549/95/434 679/212/434 681/213/434
f 548/4/434 680/71/434 679/212/434
f 546/12/434 681/213/434 680/71/434
f 549/95/434 681/213/434 609/195/434
f 546/12/434 606/214/434 681/213/434
f 532/19/434 609/195/434 606/214/434
f 532/19/434 606/215/434 577/89/434
f 546/10/434 682/216/434 606/215/434
f 547/90/434 577/89/434 682/216/434
f 547/90/434 682/216/434 684/217/434
f 546/10/434 683/67/434 682/216/434
f 541/9/434 684/217/434 683/67/434
f 547/90/434 684/217/434 607/200/434
f 541/9/434 601/218/434 684/217/434
f 531/59/434 607/200/434 601/218/434
f 534/26/434 604/206/434 575/219/434
f 544/62/434 685/220/434 604/206/434
f 545/60/434 575/219/434 685/220/434
f 545/60/434 685/220/434 687/221/434
f 544/62/434 686/64/434 685/220/434
f 542/57/434 687/221/434 686/64/434
f 545/60/434 687/221/434 605/222/434
f 542/57/434 602/223/434 687/221/434
f 529/224/434 605/222/434 602/223/434
f 531/16/434 601/225/434 573/84/434
f 541/3/434 688/226/434 601/225/434
f 543/85/434 573/84/434 688/226/434
f 543/85/434 688/226/434 690/227/434
f 541/3/434 689/228/434 688/226/434
f 542/2/434 690/227/434 689/228/434
f 543/85/434 690/227/434 603/203/434
f 542/2/434 572/229/434 690/227/434
f 530/29/434 603/203/434 572/229/434
f 542/2/434 689/228/434 602/230/434
f 541/3/434 571/231/434 689/228/434
f 529/232/434 602/230/434 571/231/434
f 689/228/434 571/231/434 602/230/434
f 686/64/434 574/63/434 572/65/434
f 683/67/434 576/66/434 571/69/434
f 680/71/434 578/70/434 576/73/434
f 677/75/434 605/74/434 578/77/434
f 674/80/434 581/79/434 574/63/434
f 671/83/434 583/82/434 573/84/434
f 668/88/436 585/87/436 577/89/436
f 665/93/434 587/92/434 579/94/434
f 662/98/434 589/97/434 580/99/434
f 659/103/434 614/102/434 581/79/434
f 656/105/541 616/104/541 583/82/541
f 653/108/434 618/107/434 585/87/434
f 650/111/434 620/110/434 587/92/434
f 647/114/434 612/113/434 589/97/434
f 644/116/542 596/115/542 591/117/542
f 641/120/543 598/119/543 592/121/543
f 638/124/544 599/123/544 593/125/544
f 635/128/545 600/127/545 594/129/545
f 632/132/546 627/131/546 595/133/546
f 630/137/547 597/136/547 631/138/547
f 633/139/548 631/138/548 632/132/548
f 600/140/549 633/139/549 625/141/549
f 629/144/550 630/143/550 634/145/550
f 636/146/551 634/145/551 635/128/551
f 599/147/552 636/146/552 624/148/552
f 628/151/553 629/150/553 637/152/553
f 639/153/554 637/152/554 638/124/554
f 598/154/555 639/153/555 623/155/555
f 626/158/556 628/157/556 640/159/556
f 642/160/557 640/159/557 641/120/557
f 596/161/558 642/160/558 622/162/558
f 597/165/559 626/164/559 643/166/559
f 645/167/560 643/166/560 644/116/560
f 627/168/561 645/167/561 621/169/561
f 595/133/562 582/170/562 646/171/562
f 648/172/563 646/171/563 647/114/563
f 625/141/564 648/172/564 619/173/564
f 594/129/434 590/174/434 649/175/434
f 651/176/434 649/175/434 650/111/434
f 624/148/434 651/176/434 617/177/434
f 593/125/565 588/178/565 652/179/565
f 654/180/566 652/179/566 653/108/566
f 623/155/567 654/180/567 615/181/567
f 592/121/568 586/182/568 655/183/568
f 657/184/569 655/183/569 656/105/569
f 622/162/570 657/184/570 613/185/570
f 591/117/571 584/186/571 658/187/571
f 660/188/436 658/187/436 659/103/436
f 621/169/572 660/188/572 611/189/572
f 590/174/434 619/173/434 661/190/434
f 663/191/434 661/190/434 662/98/434
f 620/110/434 663/191/434 610/192/434
f 588/178/434 617/177/434 664/193/434
f 666/194/434 664/193/434 665/93/434
f 618/107/434 666/194/434 609/195/434
f 586/196/573 615/181/573 667/197/573
f 669/198/574 667/197/574 668/88/574
f 616/199/575 669/198/575 607/200/575
f 584/186/576 613/185/576 670/201/576
f 672/202/434 670/201/434 671/83/434
f 614/102/434 672/202/434 603/203/434
f 582/170/436 611/189/436 673/204/436
f 675/205/434 673/204/434 674/80/434
f 612/113/434 675/205/434 604/206/434
f 580/99/434 575/207/434 676/208/434
f 678/209/434 676/208/434 677/75/434
f 610/192/434 678/209/434 608/210/434
f 579/94/434 608/211/434 679/212/434
f 681/213/434 679/212/434 680/71/434
f 609/195/434 681/213/434 606/214/434
f 577/89/434 606/215/434 682/216/434
f 684/217/434 682/216/434 683/67/434
f 607/200/434 684/217/434 601/218/434
f 575/219/434 604/206/434 685/220/434
f 687/221/434 685/220/434 686/64/434
f 605/222/434 687/221/434 602/223/434
f 573/84/434 601/225/434 688/226/434
f 690/227/434 688/226/434 689/228/434
f 603/203/434 690/227/434 572/229/434
f 706/62/1 736/63/1 848/64/1
f 692/29/13 734/65/13 736/63/13
f 704/57/1 848/64/1 734/65/1
f 708/10/1 738/66/1 845/67/1
f 691/68/1 733/69/1 738/66/1
f 703/9/1 845/67/1 733/69/1
f 710/4/1 740/70/1 842/71/1
f 691/72/1 738/73/1 740/70/1
f 708/12/1 842/71/1 738/73/1
f 707/15/1 767/74/1 839/75/1
f 691/76/1 740/77/1 767/74/1
f 710/14/1 839/75/1 740/77/1
f 713/78/577 743/79/577 836/80/577
f 692/29/578 736/63/578 743/79/578
f 706/62/579 836/80/579 736/63/579
f 715/81/580 745/82/580 833/83/580
f 693/16/1 735/84/1 745/82/1
f 705/85/13 833/83/13 735/84/13
f 717/86/1 747/87/1 830/88/1
f 694/19/1 739/89/1 747/87/1
f 709/90/1 830/88/1 739/89/1
f 719/91/1 749/92/1 827/93/1
f 695/7/1 741/94/1 749/92/1
f 711/95/1 827/93/1 741/94/1
f 721/96/1 751/97/1 824/98/1
f 696/26/1 742/99/1 751/97/1
f 712/100/1 824/98/1 742/99/1
f 716/101/581 776/102/581 821/103/581
f 692/29/582 743/79/582 776/102/582
f 713/78/583 821/103/583 743/79/583
f 718/32/13 778/104/13 818/105/13
f 693/16/1 745/82/1 778/104/1
f 715/81/584 818/105/584 745/82/584
f 720/106/1 780/107/1 815/108/1
f 694/19/1 747/87/1 780/107/1
f 717/86/1 815/108/1 747/87/1
f 722/109/1 782/110/1 812/111/1
f 695/7/1 749/92/1 782/110/1
f 719/91/1 812/111/1 749/92/1
f 714/112/585 774/113/585 809/114/585
f 696/26/1 751/97/1 774/113/1
f 721/96/13 809/114/13 751/97/13
f 728/38/586 758/115/586 806/116/586
f 697/36/587 753/117/587 758/115/587
f 723/118/588 806/116/588 753/117/588
f 730/41/589 760/119/589 803/120/589
f 698/39/590 754/121/590 760/119/590
f 724/122/591 803/120/591 754/121/591
f 731/22/592 761/123/592 800/124/592
f 699/42/593 755/125/593 761/123/593
f 725/126/594 800/124/594 755/125/594
f 732/25/595 762/127/595 797/128/595
f 700/44/596 756/129/596 762/127/596
f 726/130/597 797/128/597 756/129/597
f 729/48/598 789/131/598 794/132/598
f 701/46/599 757/133/599 789/131/599
f 727/134/600 794/132/600 757/133/600
f 702/135/601 759/136/601 792/137/601
f 729/48/602 793/138/602 759/136/602
f 732/49/603 792/137/603 793/138/603
f 732/49/604 793/138/604 795/139/604
f 729/48/605 794/132/605 793/138/605
f 727/134/606 795/139/606 794/132/606
f 732/49/607 795/139/607 762/140/607
f 727/134/608 787/141/608 795/139/608
f 700/44/609 762/140/609 787/141/609
f 702/142/610 792/143/610 791/144/610
f 732/25/611 796/145/611 792/143/611
f 731/51/612 791/144/612 796/145/612
f 731/51/613 796/145/613 798/146/613
f 732/25/614 797/128/614 796/145/614
f 726/130/615 798/146/615 797/128/615
f 731/51/616 798/146/616 761/147/616
f 726/130/617 786/148/617 798/146/617
f 699/42/618 761/147/618 786/148/618
f 702/149/619 791/150/619 790/151/619
f 731/22/620 799/152/620 791/150/620
f 730/23/621 790/151/621 799/152/621
f 730/23/622 799/152/622 801/153/622
f 731/22/623 800/124/623 799/152/623
f 725/126/624 801/153/624 800/124/624
f 730/23/625 801/153/625 760/154/625
f 725/126/626 785/155/626 801/153/626
f 698/52/627 760/154/627 785/155/627
f 702/156/628 790/157/628 788/158/628
f 730/41/629 802/159/629 790/157/629
f 728/53/630 788/158/630 802/159/630
f 728/53/631 802/159/631 804/160/631
f 730/41/632 803/120/632 802/159/632
f 724/122/633 804/160/633 803/120/633
f 728/53/634 804/160/634 758/161/634
f 724/122/635 784/162/635 804/160/635
f 697/36/636 758/161/636 784/162/636
f 702/163/637 788/164/637 759/165/637
f 728/38/638 805/166/638 788/164/638
f 729/55/639 759/165/639 805/166/639
f 729/55/640 805/166/640 807/167/640
f 728/38/641 806/116/641 805/166/641
f 723/118/642 807/167/642 806/116/642
f 729/55/643 807/167/643 789/168/643
f 723/118/644 783/169/644 807/167/644
f 701/46/645 789/168/645 783/169/645
f 701/46/646 744/170/646 757/133/646
f 714/112/647 808/171/647 744/170/647
f 727/134/648 757/133/648 808/171/648
f 727/134/649 808/171/649 810/172/649
f 714/112/650 809/114/650 808/171/650
f 721/96/651 810/172/651 809/114/651
f 727/134/652 810/172/652 787/141/652
f 721/96/653 781/173/653 810/172/653
f 700/44/654 787/141/654 781/173/654
f 700/44/13 752/174/13 756/129/13
f 722/109/1 811/175/1 752/174/1
f 726/130/1 756/129/1 811/175/1
f 726/130/1 811/175/1 813/176/1
f 722/109/1 812/111/1 811/175/1
f 719/91/1 813/176/1 812/111/1
f 726/130/1 813/176/1 786/148/1
f 719/91/1 779/177/1 813/176/1
f 699/42/1 786/148/1 779/177/1
f 699/42/1 750/178/1 755/125/1
f 720/106/1 814/179/1 750/178/1
f 725/126/1 755/125/1 814/179/1
f 725/126/1 814/179/1 816/180/1
f 720/106/1 815/108/1 814/179/1
f 717/86/1 816/180/1 815/108/1
f 725/126/13 816/180/13 785/155/13
f 717/86/1 777/181/1 816/180/1
f 698/52/13 785/155/13 777/181/13
f 698/39/655 748/182/655 754/121/655
f 718/32/13 817/183/13 748/182/13
f 724/122/656 754/121/656 817/183/656
f 724/122/657 817/183/657 819/184/657
f 718/32/13 818/105/13 817/183/13
f 715/81/658 819/184/658 818/105/658
f 724/122/659 819/184/659 784/162/659
f 715/81/660 775/185/660 819/184/660
f 697/36/661 784/162/661 775/185/661
f 697/36/662 746/186/662 753/117/662
f 716/101/663 820/187/663 746/186/663
f 723/118/664 753/117/664 820/187/664
f 723/118/665 820/187/665 822/188/665
f 716/101/666 821/103/666 820/187/666
f 713/78/667 822/188/667 821/103/667
f 723/118/668 822/188/668 783/169/668
f 713/78/669 773/189/669 822/188/669
f 701/46/670 783/169/670 773/189/670
f 700/44/13 781/173/13 752/174/13
f 721/96/1 823/190/1 781/173/1
f 722/109/1 752/174/1 823/190/1
f 722/109/1 823/190/1 825/191/1
f 721/96/1 824/98/1 823/190/1
f 712/100/1 825/191/1 824/98/1
f 722/109/1 825/191/1 782/110/1
f 712/100/1 772/192/1 825/191/1
f 695/7/1 782/110/1 772/192/1
f 699/42/1 779/177/1 750/178/1
f 719/91/1 826/193/1 779/177/1
f 720/106/1 750/178/1 826/193/1
f 720/106/1 826/193/1 828/194/1
f 719/91/1 827/93/1 826/193/1
f 711/95/1 828/194/1 827/93/1
f 720/106/1 828/194/1 780/107/1
f 711/95/1 771/195/1 828/194/1
f 694/19/1 780/107/1 771/195/1
f 698/52/1 777/181/1 748/196/1
f 717/86/1 829/197/1 777/181/1
f 718/58/1 748/196/1 829/197/1
f 718/58/1 829/197/1 831/198/1
f 717/86/1 830/88/1 829/197/1
f 709/90/1 831/198/1 830/88/1
f 718/58/1 831/198/1 778/199/1
f 709/90/1 769/200/1 831/198/1
f 693/59/1 778/199/1 769/200/1
f 697/36/671 775/185/671 746/186/671
f 715/81/672 832/201/672 775/185/672
f 716/101/673 746/186/673 832/201/673
f 716/101/674 832/201/674 834/202/674
f 715/81/675 833/83/675 832/201/675
f 705/85/676 834/202/676 833/83/676
f 716/101/677 834/202/677 776/102/677
f 705/85/13 765/203/13 834/202/13
f 692/29/678 776/102/678 765/203/678
f 701/46/679 773/189/679 744/170/679
f 713/78/680 835/204/680 773/189/680
f 714/112/681 744/170/681 835/204/681
f 714/112/682 835/204/682 837/205/682
f 713/78/683 836/80/683 835/204/683
f 706/62/684 837/205/684 836/80/684
f 714/112/685 837/205/685 774/113/685
f 706/62/13 766/206/13 837/205/13
f 696/26/1 774/113/1 766/206/1
f 696/26/1 737/207/1 742/99/1
f 707/15/1 838/208/1 737/207/1
f 712/100/1 742/99/1 838/208/1
f 712/100/1 838/208/1 840/209/1
f 707/15/1 839/75/1 838/208/1
f 710/14/1 840/209/1 839/75/1
f 712/100/1 840/209/1 772/192/1
f 710/14/1 770/210/1 840/209/1
f 695/7/1 772/192/1 770/210/1
f 695/7/1 770/211/1 741/94/1
f 710/4/1 841/212/1 770/211/1
f 711/95/1 741/94/1 841/212/1
f 711/95/1 841/212/1 843/213/1
f 710/4/1 842/71/1 841/212/1
f 708/12/1 843/213/1 842/71/1
f 711/95/1 843/213/1 771/195/1
f 708/12/1 768/214/1 843/213/1
f 694/19/1 771/195/1 768/214/1
f 694/19/1 768/215/1 739/89/1
f 708/10/1 844/216/1 768/215/1
f 709/90/1 739/89/1 844/216/1
f 709/90/1 844/216/1 846/217/1
f 708/10/1 845/67/1 844/216/1
f 703/9/1 846/217/1 845/67/1
f 709/90/1 846/217/1 769/200/1
f 703/9/1 763/218/1 846/217/1
f 693/59/1 769/200/1 763/218/1
f 696/26/1 766/206/1 737/219/1
f 706/62/1 847/220/1 766/206/1
f 707/60/1 737/219/1 847/220/1
f 707/60/1 847/220/1 849/221/1
f 706/62/1 848/64/1 847/220/1
f 704/57/1 849/221/1 848/64/1
f 707/60/1 849/221/1 767/222/1
f 704/57/1 764/223/1 849/221/1
f 691/224/1 767/222/1 764/223/1
f 693/16/1 763/225/1 735/84/1
f 703/3/1 850/226/1 763/225/1
f 705/85/1 735/84/1 850/226/1
f 705/85/1 850/226/1 852/227/1
f 703/3/1 851/228/1 850/226/1
f 704/2/1 852/227/1 851/228/1
f 705/85/1 852/227/1 765/203/1
f 704/2/1 734/229/1 852/227/1
f 692/29/382 765/203/382 734/229/382
f 704/2/1 851/228/1 764/230/1
f 703/3/1 733/231/1 851/228/1
f 691/232/1 764/230/1 733/231/1
f 851/228/1 733/231/1 764/230/1
f 848/64/1 736/63/1 734/65/1
f 845/67/1 738/66/1 733/69/1
f 842/71/1 740/70/1 738/73/1
f 839/75/1 767/74/1 740/77/1
f 836/80/686 743/79/686 736/63/686
f 833/83/13 745/82/13 735/84/13
f 830/88/1 747/87/1 739/89/1
f 827/93/1 749/92/1 741/94/1
f 824/98/1 751/97/1 742/99/1
f 821/103/687 776/102/687 743/79/687
f 818/105/13 778/104/13 745/82/13
f 815/108/1 780/107/1 747/87/1
f 812/111/1 782/110/1 749/92/1
f 809/114/13 774/113/13 751/97/13
f 806/116/688 758/115/688 753/117/688
f 803/120/689 760/119/689 754/121/689
f 800/124/690 761/123/690 755/125/690
f 797/128/691 762/127/691 756/129/691
f 794/132/692 789/131/692 757/133/692
f 792/137/693 759/136/693 793/138/693
f 795/139/694 793/138/694 794/132/694
f 762/140/695 795/139/695 787/141/695
f 791/144/696 792/143/696 796/145/696
f 798/146/697 796/145/697 797/128/697
f 761/147/698 798/146/698 786/148/698
f 790/151/699 791/150/699 799/152/699
f 801/153/700 799/152/700 800/124/700
f 760/154/701 801/153/701 785/155/701
f 788/158/702 790/157/702 802/159/702
f 804/160/703 802/159/703 803/120/703
f 758/161/704 804/160/704 784/162/704
f 759/165/705 788/164/705 805/166/705
f 807/167/706 805/166/706 806/116/706
f 789/168/707 807/167/707 783/169/707
f 757/133/708 744/170/708 808/171/708
f 810/172/709 808/171/709 809/114/709
f 787/141/710 810/172/710 781/173/710
f 756/129/1 752/174/1 811/175/1
f 813/176/1 811/175/1 812/111/1
f 786/148/1 813/176/1 779/177/1
f 755/125/1 750/178/1 814/179/1
f 816/180/1 814/179/1 815/108/1
f 785/155/1 816/180/1 777/181/1
f 754/121/711 748/182/711 817/183/711
f 819/184/712 817/183/712 818/105/712
f 784/162/713 819/184/713 775/185/713
f 753/117/714 746/186/714 820/187/714
f 822/188/715 820/187/715 821/103/715
f 783/169/716 822/188/716 773/189/716
f 752/174/1 781/173/1 823/190/1
f 825/191/1 823/190/1 824/98/1
f 782/110/1 825/191/1 772/192/1
f 750/178/1 779/177/1 826/193/1
f 828/194/1 826/193/1 827/93/1
f 780/107/1 828/194/1 771/195/1
f 748/196/1 777/181/1 829/197/1
f 831/198/1 829/197/1 830/88/1
f 778/199/1 831/198/1 769/200/1
f 746/186/717 775/185/717 832/201/717
f 834/202/718 832/201/718 833/83/718
f 776/102/719 834/202/719 765/203/719
f 744/170/720 773/189/720 835/204/720
f 837/205/721 835/204/721 836/80/721
f 774/113/13 837/205/13 766/206/13
f 742/99/1 737/207/1 838/208/1
f 840/209/1 838/208/1 839/75/1
f 772/192/1 840/209/1 770/210/1
f 741/94/1 770/211/1 841/212/1
f 843/213/1 841/212/1 842/71/1
f 771/195/1 843/213/1 768/214/1
f 739/89/1 768/215/1 844/216/1
f 846/217/1 844/216/1 845/67/1
f 769/200/1 846/217/1 763/218/1
f 737/219/1 766/206/1 847/220/1
f 849/221/1 847/220/1 848/64/1
f 767/222/1 849/221/1 764/223/1
f 735/84/1 763/225/1 850/226/1
f 852/227/1 850/226/1 851/228/1
f 765/203/1 852/227/1 734/229/1
f 868/62/1 898/63/1 1010/64/1
f 854/29/13 896/65/13 898/63/13
f 866/57/1 1010/64/1 896/65/1
f 870/10/1 900/66/1 1007/67/1
f 853/68/1 895/69/1 900/66/1
f 865/9/1 1007/67/1 895/69/1
f 872/4/1 902/70/1 1004/71/1
f 853/72/1 900/73/1 902/70/1
f 870/12/1 1004/71/1 900/73/1
f 869/15/1 929/74/1 1001/75/1
f 853/76/1 902/77/1 929/74/1
f 872/14/1 1001/75/1 902/77/1
f 875/78/722 905/79/722 998/80/722
f 854/29/723 898/63/723 905/79/723
f 868/62/724 998/80/724 898/63/724
f 877/81/725 907/82/725 995/83/725
f 855/16/1 897/84/1 907/82/1
f 867/85/13 995/83/13 897/84/13
f 879/86/1 909/87/1 992/88/1
f 856/19/1 901/89/1 909/87/1
f 871/90/1 992/88/1 901/89/1
f 881/91/1 911/92/1 989/93/1
f 857/7/1 903/94/1 911/92/1
f 873/95/1 989/93/1 903/94/1
f 883/96/1 913/97/1 986/98/1
f 858/26/1 904/99/1 913/97/1
f 874/100/1 986/98/1 904/99/1
f 878/101/726 938/102/726 983/103/726
f 854/29/727 905/79/727 938/102/727
f 875/78/728 983/103/728 905/79/728
f 880/32/13 940/104/13 980/105/13
f 855/16/1 907/82/1 940/104/1
f 877/81/729 980/105/729 907/82/729
f 882/106/1 942/107/1 977/108/1
f 856/19/1 909/87/1 942/107/1
f 879/86/1 977/108/1 909/87/1
f 884/109/1 944/110/1 974/111/1
f 857/7/1 911/92/1 944/110/1
f 881/91/1 974/111/1 911/92/1
f 876/112/730 936/113/730 971/114/730
f 858/26/1 913/97/1 936/113/1
f 883/96/13 971/114/13 913/97/13
f 890/38/731 920/115/731 968/116/731
f 859/36/732 915/117/732 920/115/732
f 885/118/733 968/116/733 915/117/733
f 892/41/734 922/119/734 965/120/734
f 860/39/735 916/121/735 922/119/735
f 886/122/736 965/120/736 916/121/736
f 893/22/737 923/123/737 962/124/737
f 861/42/738 917/125/738 923/123/738
f 887/126/739 962/124/739 917/125/739
f 894/25/740 924/127/740 959/128/740
f 862/44/741 918/129/741 924/127/741
f 888/130/742 959/128/742 918/129/742
f 891/48/743 951/131/743 956/132/743
f 863/46/744 919/133/744 951/131/744
f 889/134/745 956/132/745 919/133/745
f 864/135/746 921/136/746 954/137/746
f 891/48/747 955/138/747 921/136/747
f 894/49/748 954/137/748 955/138/748
f 894/49/749 955/138/749 957/139/749
f 891/48/750 956/132/750 955/138/750
f 889/134/751 957/139/751 956/132/751
f 894/49/752 957/139/752 924/140/752
f 889/134/753 949/141/753 957/139/753
f 862/44/754 924/140/754 949/141/754
f 864/142/755 954/143/755 953/144/755
f 894/25/756 958/145/756 954/143/756
f 893/51/757 953/144/757 958/145/757
f 893/51/758 958/145/758 960/146/758
f 894/25/759 959/128/759 958/145/759
f 888/130/760 960/146/760 959/128/760
f 893/51/761 960/146/761 923/147/761
f 888/130/762 948/148/762 960/146/762
f 861/42/763 923/147/763 948/148/763
f 864/149/764 953/150/764 952/151/764
f 893/22/765 961/152/765 953/150/765
f 892/23/766 952/151/766 961/152/766
f 892/23/767 961/152/767 963/153/767
f 893/22/768 962/124/768 961/152/768
f 887/126/769 963/153/769 962/124/769
f 892/23/770 963/153/770 922/154/770
f 887/126/771 947/155/771 963/153/771
f 860/52/772 922/154/772 947/155/772
f 864/156/773 952/157/773 950/158/773
f 892/41/774 964/159/774 952/157/774
f 890/53/775 950/158/775 964/159/775
f 890/53/776 964/159/776 966/160/776
f 892/41/777 965/120/777 964/159/777
f 886/122/778 966/160/778 965/120/778
f 890/53/779 966/160/779 920/161/779
f 886/122/780 946/162/780 966/160/780
f 859/36/781 920/161/781 946/162/781
f 864/163/782 950/164/782 921/165/782
f 890/38/783 967/166/783 950/164/783
f 891/55/784 921/165/784 967/166/784
f 891/55/785 967/166/785 969/167/785
f 890/38/786 968/116/786 967/166/786
f 885/118/787 969/167/787 968/116/787
f 891/55/788 969/167/788 951/168/788
f 885/118/789 945/169/789 969/167/789
f 863/46/790 951/168/790 945/169/790
f 863/46/791 906/170/791 919/133/791
f 876/112/792 970/171/792 906/170/792
f 889/134/793 919/133/793 970/171/793
f 889/134/794 970/171/794 972/172/794
f 876/112/795 971/114/795 970/171/795
f 883/96/796 972/172/796 971/114/796
f 889/134/797 972/172/797 949/141/797
f 883/96/798 943/173/798 972/172/798
f 862/44/799 949/141/799 943/173/799
f 862/44/13 914/174/13 918/129/13
f 884/109/1 973/175/1 914/174/1
f 888/130/1 918/129/1 973/175/1
f 888/130/1 973/175/1 975/176/1
f 884/109/1 974/111/1 973/175/1
f 881/91/1 975/176/1 974/111/1
f 888/130/1 975/176/1 948/148/1
f 881/91/1 941/177/1 975/176/1
f 861/42/1 948/148/1 941/177/1
f 861/42/1 912/178/1 917/125/1
f 882/106/1 976/179/1 912/178/1
f 887/126/1 917/125/1 976/179/1
f 887/126/1 976/179/1 978/180/1
f 882/106/1 977/108/1 976/179/1
f 879/86/1 978/180/1 977/108/1
f 887/126/13 978/180/13 947/155/13
f 879/86/1 939/181/1 978/180/1
f 860/52/13 947/155/13 939/181/13
f 860/39/800 910/182/800 916/121/800
f 880/32/13 979/183/13 910/182/13
f 886/122/801 916/121/801 979/183/801
f 886/122/802 979/183/802 981/184/802
f 880/32/13 980/105/13 979/183/13
f 877/81/803 981/184/803 980/105/803
f 886/122/804 981/184/804 946/162/804
f 877/81/805 937/185/805 981/184/805
f 859/36/806 946/162/806 937/185/806
f 859/36/807 908/186/807 915/117/807
f 878/101/808 982/187/808 908/186/808
f 885/118/809 915/117/809 982/187/809
f 885/118/810 982/187/810 984/188/810
f 878/101/811 983/103/811 982/187/811
f 875/78/812 984/188/812 983/103/812
f 885/118/813 984/188/813 945/169/813
f 875/78/814 935/189/814 984/188/814
f 863/46/815 945/169/815 935/189/815
f 862/44/13 943/173/13 914/174/13
f 883/96/1 985/190/1 943/173/1
f 884/109/1 914/174/1 985/190/1
f 884/109/1 985/190/1 987/191/1
f 883/96/1 986/98/1 985/190/1
f 874/100/1 987/191/1 986/98/1
f 884/109/1 987/191/1 944/110/1
f 874/100/1 934/192/1 987/191/1
f 857/7/1 944/110/1 934/192/1
f 861/42/1 941/177/1 912/178/1
f 881/91/1 988/193/1 941/177/1
f 882/106/1 912/178/1 988/193/1
f 882/106/1 988/193/1 990/194/1
f 881/91/1 989/93/1 988/193/1
f 873/95/1 990/194/1 989/93/1
f 882/106/1 990/194/1 942/107/1
f 873/95/1 933/195/1 990/194/1
f 856/19/1 942/107/1 933/195/1
f 860/52/1 939/181/1 910/196/1
f 879/86/1 991/197/1 939/181/1
f 880/58/1 910/196/1 991/197/1
f 880/58/1 991/197/1 993/198/1
f 879/86/1 992/88/1 991/197/1
f 871/90/1 993/198/1 992/88/1
f 880/58/1 993/198/1 940/199/1
f 871/90/1 931/200/1 993/198/1
f 855/59/1 940/199/1 931/200/1
f 859/36/816 937/185/816 908/186/816
f 877/81/817 994/201/817 937/185/817
f 878/101/818 908/186/818 994/201/818
f 878/101/819 994/201/819 996/202/819
f 877/81/820 995/83/820 994/201/820
f 867/85/397 996/202/397 995/83/397
f 878/101/821 996/202/821 938/102/821
f 867/85/13 927/203/13 996/202/13
f 854/29/822 938/102/822 927/203/822
f 863/46/823 935/189/823 906/170/823
f 875/78/824 997/204/824 935/189/824
f 876/112/825 906/170/825 997/204/825
f 876/112/826 997/204/826 999/205/826
f 875/78/827 998/80/827 997/204/827
f 868/62/828 999/205/828 998/80/828
f 876/112/829 999/205/829 936/113/829
f 868/62/13 928/206/13 999/205/13
f 858/26/1 936/113/1 928/206/1
f 858/26/1 899/207/1 904/99/1
f 869/15/1 1000/208/1 899/207/1
f 874/100/1 904/99/1 1000/208/1
f 874/100/1 1000/208/1 1002/209/1
f 869/15/1 1001/75/1 1000/208/1
f 872/14/1 1002/209/1 1001/75/1
f 874/100/1 1002/209/1 934/192/1
f 872/14/1 932/210/1 1002/209/1
f 857/7/1 934/192/1 932/210/1
f 857/7/1 932/211/1 903/94/1
f 872/4/1 1003/212/1 932/211/1
f 873/95/1 903/94/1 1003/212/1
f 873/95/1 1003/212/1 1005/213/1
f 872/4/1 1004/71/1 1003/212/1
f 870/12/1 1005/213/1 1004/71/1
f 873/95/1 1005/213/1 933/195/1
f 870/12/1 930/214/1 1005/213/1
f 856/19/1 933/195/1 930/214/1
f 856/19/1 930/215/1 901/89/1
f 870/10/1 1006/216/1 930/215/1
f 871/90/1 901/89/1 1006/216/1
f 871/90/1 1006/216/1 1008/217/1
f 870/10/1 1007/67/1 1006/216/1
f 865/9/1 1008/217/1 1007/67/1
f 871/90/1 1008/217/1 931/200/1
f 865/9/1 925/218/1 1008/217/1
f 855/59/1 931/200/1 925/218/1
f 858/26/1 928/206/1 899/219/1
f 868/62/1 1009/220/1 928/206/1
f 869/60/1 899/219/1 1009/220/1
f 869/60/1 1009/220/1 1011/221/1
f 868/62/1 1010/64/1 1009/220/1
f 866/57/1 1011/221/1 1010/64/1
f 869/60/1 1011/221/1 929/222/1
f 866/57/1 926/223/1 1011/221/1
f 853/224/1 929/222/1 926/223/1
f 855/16/1 925/225/1 897/84/1
f 865/3/1 1012/226/1 925/225/1
f 867/85/1 897/84/1 1012/226/1
f 867/85/1 1012/226/1 1014/227/1
f 865/3/1 1013/228/1 1012/226/1
f 866/2/1 1014/227/1 1013/228/1
f 867/85/1 1014/227/1 927/203/1
f 866/2/1 896/229/1 1014/227/1
f 854/29/1 927/203/1 896/229/1
f 866/2/1 1013/228/1 926/230/1
f 865/3/1 895/231/1 1013/228/1
f 853/232/1 926/230/1 895/231/1
f 1013/228/1 895/231/1 926/230/1
f 1010/64/1 898/63/1 896/65/1
f 1007/67/1 900/66/1 895/69/1
f 1004/71/1 902/70/1 900/73/1
f 1001/75/1 929/74/1 902/77/1
f 998/80/830 905/79/830 898/63/830
f 995/83/13 907/82/13 897/84/13
f 992/88/1 909/87/1 901/89/1
f 989/93/1 911/92/1 903/94/1
f 986/98/1 913/97/1 904/99/1
f 983/103/831 938/102/831 905/79/831
f 980/105/13 940/104/13 907/82/13
f 977/108/1 942/107/1 909/87/1
f 974/111/1 944/110/1 911/92/1
f 971/114/13 936/113/13 913/97/13
f 968/116/832 920/115/832 915/117/832
f 965/120/833 922/119/833 916/121/833
f 962/124/834 923/123/834 917/125/834
f 959/128/835 924/127/835 918/129/835
f 956/132/836 951/131/836 919/133/836
f 954/137/837 921/136/837 955/138/837
f 957/139/838 955/138/838 956/132/838
f 924/140/839 957/139/839 949/141/839
f 953/144/840 954/143/840 958/145/840
f 960/146/841 958/145/841 959/128/841
f 923/147/842 960/146/842 948/148/842
f 952/151/843 953/150/843 961/152/843
f 963/153/844 961/152/844 962/124/844
f 922/154/845 963/153/845 947/155/845
f 950/158/846 952/157/846 964/159/846
f 966/160/847 964/159/847 965/120/847
f 920/161/848 966/160/848 946/162/848
f 921/165/849 950/164/849 967/166/849
f 969/167/850 967/166/850 968/116/850
f 951/168/851 969/167/851 945/169/851
f 919/133/852 906/170/852 970/171/852
f 972/172/853 970/171/853 971/114/853
f 949/141/854 972/172/854 943/173/854
f 918/129/1 914/174/1 973/175/1
f 975/176/1 973/175/1 974/111/1
f 948/148/1 975/176/1 941/177/1
f 917/125/1 912/178/1 976/179/1
f 978/180/1 976/179/1 977/108/1
f 947/155/1 978/180/1 939/181/1
f 916/121/855 910/182/855 979/183/855
f 981/184/856 979/183/856 980/105/856
f 946/162/857 981/184/857 937/185/857
f 915/117/858 908/186/858 982/187/858
f 984/188/859 982/187/859 983/103/859
f 945/169/860 984/188/860 935/189/860
f 914/174/1 943/173/1 985/190/1
f 987/191/1 985/190/1 986/98/1
f 944/110/1 987/191/1 934/192/1
f 912/178/1 941/177/1 988/193/1
f 990/194/1 988/193/1 989/93/1
f 942/107/1 990/194/1 933/195/1
f 910/196/1 939/181/1 991/197/1
f 993/198/1 991/197/1 992/88/1
f 940/199/1 993/198/1 931/200/1
f 908/186/861 937/185/861 994/201/861
f 996/202/862 994/201/862 995/83/862
f 938/102/863 996/202/863 927/203/863
f 906/170/864 935/189/864 997/204/864
f 999/205/865 997/204/865 998/80/865
f 936/113/13 999/205/13 928/206/13
f 904/99/1 899/207/1 1000/208/1
f 1002/209/1 1000/208/1 1001/75/1
f 934/192/1 1002/209/1 932/210/1
f 903/94/1 932/211/1 1003/212/1
f 1005/213/1 1003/212/1 1004/71/1
f 933/195/1 1005/213/1 930/214/1
f 901/89/1 930/215/1 1006/216/1
f 1008/217/1 1006/216/1 1007/67/1
f 931/200/1 1008/217/1 925/218/1
f 899/219/1 928/206/1 1009/220/1
f 1011/221/1 1009/220/1 1010/64/1
f 929/222/1 1011/221/1 926/223/1
f 897/84/1 925/225/1 1012/226/1
f 1014/227/1 1012/226/1 1013/228/1
f 927/203/1 1014/227/1 896/229/1
f 1030/62/1 1060/63/1 1172/64/1
f 1016/29/13 1058/65/13 1060/63/13
f 1028/57/1 1172/64/1 1058/65/1
f 1032/10/1 1062/66/1 1169/67/1
f 1015/68/1 1057/69/1 1062/66/1
f 1027/9/1 1169/67/1 1057/69/1
f 1034/4/1 1064/70/1 1166/71/1
f 1015/72/1 1062/73/1 1064/70/1
f 1032/12/1 1166/71/1 1062/73/1
f 1031/15/1 1091/74/1 1163/75/1
f 1015/76/1 1064/77/1 1091/74/1
f 1034/14/1 1163/75/1 1064/77/1
f 1037/78/866 1067/79/866 1160/80/866
f 1016/29/867 1060/63/867 1067/79/867
f 1030/62/868 1160/80/868 1060/63/868
f 1039/81/869 1069/82/869 1157/83/869
f 1017/16/1 1059/84/1 1069/82/1
f 1029/85/13 1157/83/13 1059/84/13
f 1041/86/1 1071/87/1 1154/88/1
f 1018/19/1 1063/89/1 1071/87/1
f 1033/90/1 1154/88/1 1063/89/1
f 1043/91/1 1073/92/1 1151/93/1
f 1019/7/1 1065/94/1 1073/92/1
f 1035/95/1 1151/93/1 1065/94/1
f 1045/96/1 1075/97/1 1148/98/1
f 1020/26/1 1066/99/1 1075/97/1
f 1036/100/1 1148/98/1 1066/99/1
f 1040/101/870 1100/102/870 1145/103/870
f 1016/29/871 1067/79/871 1100/102/871
f 1037/78/872 1145/103/872 1067/79/872
f 1042/32/13 1102/104/13 1142/105/13
f 1017/16/1 1069/82/1 1102/104/1
f 1039/81/873 1142/105/873 1069/82/873
f 1044/106/1 1104/107/1 1139/108/1
f 1018/19/1 1071/87/1 1104/107/1
f 1041/86/1 1139/108/1 1071/87/1
f 1046/109/1 1106/110/1 1136/111/1
f 1019/7/1 1073/92/1 1106/110/1
f 1043/91/1 1136/111/1 1073/92/1
f 1038/112/874 1098/113/874 1133/114/874
f 1020/26/1 1075/97/1 1098/113/1
f 1045/96/13 1133/114/13 1075/97/13
f 1052/38/875 1082/115/875 1130/116/875
f 1021/36/876 1077/117/876 1082/115/876
f 1047/118/877 1130/116/877 1077/117/877
f 1054/41/878 1084/119/878 1127/120/878
f 1022/39/879 1078/121/879 1084/119/879
f 1048/122/880 1127/120/880 1078/121/880
f 1055/22/881 1085/123/881 1124/124/881
f 1023/42/882 1079/125/882 1085/123/882
f 1049/126/883 1124/124/883 1079/125/883
f 1056/25/884 1086/127/884 1121/128/884
f 1024/44/885 1080/129/885 1086/127/885
f 1050/130/886 1121/128/886 1080/129/886
f 1053/48/887 1113/131/887 1118/132/887
f 1025/46/888 1081/133/888 1113/131/888
f 1051/134/889 1118/132/889 1081/133/889
f 1026/135/890 1083/136/890 1116/137/890
f 1053/48/891 1117/138/891 1083/136/891
f 1056/49/892 1116/137/892 1117/138/892
f 1056/49/893 1117/138/893 1119/139/893
f 1053/48/894 1118/132/894 1117/138/894
f 1051/134/895 1119/139/895 1118/132/895
f 1056/49/896 1119/139/896 1086/140/896
f 1051/134/897 1111/141/897 1119/139/897
f 1024/44/898 1086/140/898 1111/141/898
f 1026/142/899 1116/143/899 1115/144/899
f 1056/25/900 1120/145/900 1116/143/900
f 1055/51/901 1115/144/901 1120/145/901
f 1055/51/902 1120/145/902 1122/146/902
f 1056/25/903 1121/128/903 1120/145/903
f 1050/130/904 1122/146/904 1121/128/904
f 1055/51/905 1122/146/905 1085/147/905
f 1050/130/906 1110/148/906 1122/146/906
f 1023/42/907 1085/147/907 1110/148/907
f 1026/149/908 1115/150/908 1114/151/908
f 1055/22/909 1123/152/909 1115/150/909
f 1054/23/910 1114/151/910 1123/152/910
f 1054/23/911 1123/152/911 1125/153/911
f 1055/22/912 1124/124/912 1123/152/912
f 1049/126/913 1125/153/913 1124/124/913
f 1054/23/914 1125/153/914 1084/154/914
f 1049/126/915 1109/155/915 1125/153/915
f 1022/52/916 1084/154/916 1109/155/916
f 1026/156/917 1114/157/917 1112/158/917
f 1054/41/918 1126/159/918 1114/157/918
f 1052/53/919 1112/158/919 1126/159/919
f 1052/53/920 1126/159/920 1128/160/920
f 1054/41/921 1127/120/921 1126/159/921
f 1048/122/922 1128/160/922 1127/120/922
f 1052/53/923 1128/160/923 1082/161/923
f 1048/122/924 1108/162/924 1128/160/924
f 1021/36/925 1082/161/925 1108/162/925
f 1026/163/926 1112/164/926 1083/165/926
f 1052/38/927 1129/166/927 1112/164/927
f 1053/55/928 1083/165/928 1129/166/928
f 1053/55/929 1129/166/929 1131/167/929
f 1052/38/930 1130/116/930 1129/166/930
f 1047/118/931 1131/167/931 1130/116/931
f 1053/55/932 1131/167/932 1113/168/932
f 1047/118/933 1107/169/933 1131/167/933
f 1025/46/934 1113/168/934 1107/169/934
f 1025/46/935 1068/170/935 1081/133/935
f 1038/112/936 1132/171/936 1068/170/936
f 1051/134/937 1081/133/937 1132/171/937
f 1051/134/938 1132/171/938 1134/172/938
f 1038/112/939 1133/114/939 1132/171/939
f 1045/96/940 1134/172/940 1133/114/940
f 1051/134/941 1134/172/941 1111/141/941
f 1045/96/942 1105/173/942 1134/172/942
f 1024/44/943 1111/141/943 1105/173/943
f 1024/44/13 1076/174/13 1080/129/13
f 1046/109/1 1135/175/1 1076/174/1
f 1050/130/1 1080/129/1 1135/175/1
f 1050/130/1 1135/175/1 1137/176/1
f 1046/109/1 1136/111/1 1135/175/1
f 1043/91/1 1137/176/1 1136/111/1
f 1050/130/1 1137/176/1 1110/148/1
f 1043/91/1 1103/177/1 1137/176/1
f 1023/42/1 1110/148/1 1103/177/1
f 1023/42/1 1074/178/1 1079/125/1
f 1044/106/1 1138/179/1 1074/178/1
f 1049/126/1 1079/125/1 1138/179/1
f 1049/126/1 1138/179/1 1140/180/1
f 1044/106/1 1139/108/1 1138/179/1
f 1041/86/1 1140/180/1 1139/108/1
f 1049/126/13 1140/180/13 1109/155/13
f 1041/86/1 1101/181/1 1140/180/1
f 1022/52/13 1109/155/13 1101/181/13
f 1022/39/944 1072/182/944 1078/121/944
f 1042/32/13 1141/183/13 1072/182/13
f 1048/122/945 1078/121/945 1141/183/945
f 1048/122/946 1141/183/946 1143/184/946
f 1042/32/13 1142/105/13 1141/183/13
f 1039/81/947 1143/184/947 1142/105/947
f 1048/122/948 1143/184/948 1108/162/948
f 1039/81/949 1099/185/949 1143/184/949
f 1021/36/950 1108/162/950 1099/185/950
f 1021/36/951 1070/186/951 1077/117/951
f 1040/101/952 1144/187/952 1070/186/952
f 1047/118/953 1077/117/953 1144/187/953
f 1047/118/954 1144/187/954 1146/188/954
f 1040/101/955 1145/103/955 1144/187/955
f 1037/78/956 1146/188/956 1145/103/956
f 1047/118/957 1146/188/957 1107/169/957
f 1037/78/958 1097/189/958 1146/188/958
f 1025/46/959 1107/169/959 1097/189/959
f 1024/44/13 1105/173/13 1076/174/13
f 1045/96/1 1147/190/1 1105/173/1
f 1046/109/1 1076/174/1 1147/190/1
f 1046/109/1 1147/190/1 1149/191/1
f 1045/96/1 1148/98/1 1147/190/1
f 1036/100/1 1149/191/1 1148/98/1
f 1046/109/1 1149/191/1 1106/110/1
f 1036/100/1 1096/192/1 1149/191/1
f 1019/7/1 1106/110/1 1096/192/1
f 1023/42/1 1103/177/1 1074/178/1
f 1043/91/1 1150/193/1 1103/177/1
f 1044/106/1 1074/178/1 1150/193/1
f 1044/106/1 1150/193/1 1152/194/1
f 1043/91/1 1151/93/1 1150/193/1
f 1035/95/1 1152/194/1 1151/93/1
f 1044/106/1 1152/194/1 1104/107/1
f 1035/95/1 1095/195/1 1152/194/1
f 1018/19/1 1104/107/1 1095/195/1
f 1022/52/1 1101/181/1 1072/196/1
f 1041/86/1 1153/197/1 1101/181/1
f 1042/58/1 1072/196/1 1153/197/1
f 1042/58/1 1153/197/1 1155/198/1
f 1041/86/1 1154/88/1 1153/197/1
f 1033/90/1 1155/198/1 1154/88/1
f 1042/58/1 1155/198/1 1102/199/1
f 1033/90/1 1093/200/1 1155/198/1
f 1017/59/1 1102/199/1 1093/200/1
f 1021/36/960 1099/185/960 1070/186/960
f 1039/81/961 1156/201/961 1099/185/961
f 1040/101/962 1070/186/962 1156/201/962
f 1040/101/963 1156/201/963 1158/202/963
f 1039/81/964 1157/83/964 1156/201/964
f 1029/85/397 1158/202/397 1157/83/397
f 1040/101/965 1158/202/965 1100/102/965
f 1029/85/13 1089/203/13 1158/202/13
f 1016/29/966 1100/102/966 1089/203/966
f 1025/46/967 1097/189/967 1068/170/967
f 1037/78/968 1159/204/968 1097/189/968
f 1038/112/969 1068/170/969 1159/204/969
f 1038/112/970 1159/204/970 1161/205/970
f 1037/78/971 1160/80/971 1159/204/971
f 1030/62/972 1161/205/972 1160/80/972
f 1038/112/973 1161/205/973 1098/113/973
f 1030/62/13 1090/206/13 1161/205/13
f 1020/26/1 1098/113/1 1090/206/1
f 1020/26/1 1061/207/1 1066/99/1
f 1031/15/1 1162/208/1 1061/207/1
f 1036/100/1 1066/99/1 1162/208/1
f 1036/100/1 1162/208/1 1164/209/1
f 1031/15/1 1163/75/1 1162/208/1
f 1034/14/1 1164/209/1 1163/75/1
f 1036/100/1 1164/209/1 1096/192/1
f 1034/14/1 1094/210/1 1164/209/1
f 1019/7/1 1096/192/1 1094/210/1
f 1019/7/1 1094/211/1 1065/94/1
f 1034/4/1 1165/212/1 1094/211/1
f 1035/95/1 1065/94/1 1165/212/1
f 1035/95/1 1165/212/1 1167/213/1
f 1034/4/1 1166/71/1 1165/212/1
f 1032/12/1 1167/213/1 1166/71/1
f 1035/95/1 1167/213/1 1095/195/1
f 1032/12/1 1092/214/1 1167/213/1
f 1018/19/1 1095/195/1 1092/214/1
f 1018/19/1 1092/215/1 1063/89/1
f 1032/10/1 1168/216/1 1092/215/1
f 1033/90/1 1063/89/1 1168/216/1
f 1033/90/1 1168/216/1 1170/217/1
f 1032/10/1 1169/67/1 1168/216/1
f 1027/9/1 1170/217/1 1169/67/1
f 1033/90/1 1170/217/1 1093/200/1
f 1027/9/1 1087/218/1 1170/217/1
f 1017/59/1 1093/200/1 1087/218/1
f 1020/26/1 1090/206/1 1061/219/1
f 1030/62/1 1171/220/1 1090/206/1
f 1031/60/1 1061/219/1 1171/220/1
f 1031/60/1 1171/220/1 1173/221/1
f 1030/62/1 1172/64/1 1171/220/1
f 1028/57/1 1173/221/1 1172/64/1
f 1031/60/1 1173/221/1 1091/222/1
f 1028/57/1 1088/223/1 1173/221/1
f 1015/224/1 1091/222/1 1088/223/1
f 1017/16/1 1087/225/1 1059/84/1
f 1027/3/1 1174/226/1 1087/225/1
f 1029/85/1 1059/84/1 1174/226/1
f 1029/85/1 1174/226/1 1176/227/1
f 1027/3/1 1175/228/1 1174/226/1
f 1028/2/1 1176/227/1 1175/228/1
f 1029/85/1 1176/227/1 1089/203/1
f 1028/2/1 1058/229/1 1176/227/1
f 1016/29/1 1089/203/1 1058/229/1
f 1028/2/1 1175/228/1 1088/230/1
f 1027/3/1 1057/231/1 1175/228/1
f 1015/232/1 1088/230/1 1057/231/1
f 1175/228/1 1057/231/1 1088/230/1
f 1172/64/1 1060/63/1 1058/65/1
f 1169/67/1 1062/66/1 1057/69/1
f 1166/71/1 1064/70/1 1062/73/1
f 1163/75/1 1091/74/1 1064/77/1
f 1160/80/974 1067/79/974 1060/63/974
f 1157/83/13 1069/82/13 1059/84/13
f 1154/88/1 1071/87/1 1063/89/1
f 1151/93/1 1073/92/1 1065/94/1
f 1148/98/1 1075/97/1 1066/99/1
f 1145/103/975 1100/102/975 1067/79/975
f 1142/105/13 1102/104/13 1069/82/13
f 1139/108/1 1104/107/1 1071/87/1
f 1136/111/1 1106/110/1 1073/92/1
f 1133/114/13 1098/113/13 1075/97/13
f 1130/116/976 1082/115/976 1077/117/976
f 1127/120/977 1084/119/977 1078/121/977
f 1124/124/978 1085/123/978 1079/125/978
f 1121/128/979 1086/127/979 1080/129/979
f 1118/132/980 1113/131/980 1081/133/980
f 1116/137/981 1083/136/981 1117/138/981
f 1119/139/982 1117/138/982 1118/132/982
f 1086/140/983 1119/139/983 1111/141/983
f 1115/144/984 1116/143/984 1120/145/984
f 1122/146/985 1120/145/985 1121/128/985
f 1085/147/986 1122/146/986 1110/148/986
f 1114/151/987 1115/150/987 1123/152/987
f 1125/153/988 1123/152/988 1124/124/988
f 1084/154/989 1125/153/989 1109/155/989
f 1112/158/990 1114/157/990 1126/159/990
f 1128/160/991 1126/159/991 1127/120/991
f 1082/161/992 1128/160/992 1108/162/992
f 1083/165/993 1112/164/993 1129/166/993
f 1131/167/994 1129/166/994 1130/116/994
f 1113/168/995 1131/167/995 1107/169/995
f 1081/133/996 1068/170/996 1132/171/996
f 1134/172/997 1132/171/997 1133/114/997
f 1111/141/998 1134/172/998 1105/173/998
f 1080/129/1 1076/174/1 1135/175/1
f 1137/176/1 1135/175/1 1136/111/1
f 1110/148/1 1137/176/1 1103/177/1
f 1079/125/1 1074/178/1 1138/179/1
f 1140/180/1 1138/179/1 1139/108/1
f 1109/155/1 1140/180/1 1101/181/1
f 1078/121/999 1072/182/999 1141/183/999
f 1143/184/1000 1141/183/1000 1142/105/1000
f 1108/162/1001 1143/184/1001 1099/185/1001
f 1077/117/1002 1070/186/1002 1144/187/1002
f 1146/188/1003 1144/187/1003 1145/103/1003
f 1107/169/1004 1146/188/1004 1097/189/1004
f 1076/174/1 1105/173/1 1147/190/1
f 1149/191/1 1147/190/1 1148/98/1
f 1106/110/1 1149/191/1 1096/192/1
f 1074/178/1 1103/177/1 1150/193/1
f 1152/194/1 1150/193/1 1151/93/1
f 1104/107/1 1152/194/1 1095/195/1
f 1072/196/1 1101/181/1 1153/197/1
f 1155/198/1 1153/197/1 1154/88/1
f 1102/199/1 1155/198/1 1093/200/1
f 1070/186/1005 1099/185/1005 1156/201/1005
f 1158/202/1006 1156/201/1006 1157/83/1006
f 1100/102/1007 1158/202/1007 1089/203/1007
f 1068/170/1008 1097/189/1008 1159/204/1008
f 1161/205/1009 1159/204/1009 1160/80/1009
f 1098/113/13 1161/205/13 1090/206/13
f 1066/99/1 1061/207/1 1162/208/1
f 1164/209/1 1162/208/1 1163/75/1
f 1096/192/1 1164/209/1 1094/210/1
f 1065/94/1 1094/211/1 1165/212/1
f 1167/213/1 1165/212/1 1166/71/1
f 1095/195/1 1167/213/1 1092/214/1
f 1063/89/1 1092/215/1 1168/216/1
f 1170/217/1 1168/216/1 1169/67/1
f 1093/200/1 1170/217/1 1087/218/1
f 1061/219/1 1090/206/1 1171/220/1
f 1173/221/1 1171/220/1 1172/64/1
f 1091/222/1 1173/221/1 1088/223/1
f 1059/84/1 1087/225/1 1174/226/1
f 1176/227/1 1174/226/1 1175/228/1
f 1089/203/1 1176/227/1 1058/229/1
f 1177/1/1 1190/2/1 1189/3/1
f 1178/29/1 1190/57/1 1192/56/1
f 1177/8/1 1189/9/1 1194/10/1
f 1177/11/1 1194/12/1 1196/4/1
f 1177/13/1 1196/14/1 1193/15/1
f 1178/29/1 1192/56/1 1199/30/1
f 1179/16/1 1191/17/1 1201/18/1
f 1180/19/1 1195/20/1 1203/21/1
f 1181/7/1010 1197/5/1010 1205/6/1010
f 1182/26/1 1198/27/1 1207/28/1
f 1178/29/1 1199/30/1 1202/31/1
f 1179/16/1 1201/18/1 1204/32/1
f 1180/19/1 1203/21/1 1206/33/1
f 1181/7/1011 1205/6/1011 1208/34/1011
f 1182/26/1 1207/28/1 1200/35/1
f 1183/36/1012 1209/37/1012 1214/38/1012
f 1184/39/1013 1210/40/1013 1216/41/1013
f 1185/42/1014 1211/43/1014 1217/22/1014
f 1186/44/1015 1212/45/1015 1218/25/1015
f 1187/46/1016 1213/47/1016 1215/48/1016
f 1215/48/1017 1218/49/1017 1188/233/1017
f 1215/48/1018 1213/47/1018 1218/49/1018
f 1213/47/1019 1186/44/1019 1218/49/1019
f 1218/25/1020 1217/51/1020 1188/24/1020
f 1218/25/1021 1212/45/1021 1217/51/1021
f 1212/45/1022 1185/42/1022 1217/51/1022
f 1217/22/1023 1216/23/1023 1188/234/1023
f 1217/22/1024 1211/43/1024 1216/23/1024
f 1211/43/1025 1184/52/1025 1216/23/1025
f 1216/41/1026 1214/53/1026 1188/54/1026
f 1216/41/1027 1210/40/1027 1214/53/1027
f 1210/40/1028 1183/36/1028 1214/53/1028
f 1214/38/1029 1215/55/1029 1188/50/1029
f 1214/38/1030 1209/37/1030 1215/55/1030
f 1209/37/1031 1187/46/1031 1215/55/1031
f 1200/35/1032 1213/47/1032 1187/46/1032
f 1200/35/1033 1207/28/1033 1213/47/1033
f 1207/28/1034 1186/44/1034 1213/47/1034
f 1208/34/1035 1212/45/1035 1186/44/1035
f 1208/34/1036 1205/6/1036 1212/45/1036
f 1205/6/1037 1185/42/1037 1212/45/1037
f 1206/33/1038 1211/43/1038 1185/42/1038
f 1206/33/1039 1203/21/1039 1211/43/1039
f 1203/21/1040 1184/52/1040 1211/43/1040
f 1204/32/1041 1210/40/1041 1184/39/1041
f 1204/32/1042 1201/18/1042 1210/40/1042
f 1201/18/1043 1183/36/1043 1210/40/1043
f 1202/31/1044 1209/37/1044 1183/36/1044
f 1202/31/1045 1199/30/1045 1209/37/1045
f 1199/30/1046 1187/46/1046 1209/37/1046
f 1207/28/1047 1208/34/1047 1186/44/1047
f 1207/28/1048 1198/27/1048 1208/34/1048
f 1198/27/1049 1181/7/1049 1208/34/1049
f 1205/6/1050 1206/33/1050 1185/42/1050
f 1205/6/1051 1197/5/1051 1206/33/1051
f 1197/5/1 1180/19/1 1206/33/1
f 1203/21/13 1204/58/13 1184/52/13
f 1203/21/1 1195/20/1 1204/58/1
f 1195/20/1 1179/59/1 1204/58/1
f 1201/18/13 1202/31/13 1183/36/13
f 1201/18/1 1191/17/1 1202/31/1
f 1191/17/1 1178/29/1 1202/31/1
f 1199/30/1052 1200/35/1052 1187/46/1052
f 1199/30/1 1192/56/1 1200/35/1
f 1192/56/1 1182/26/1 1200/35/1
f 1193/15/1 1198/27/1 1182/26/1
f 1193/15/1 1196/14/1 1198/27/1
f 1196/14/1 1181/7/1 1198/27/1
f 1196/4/1 1197/5/1 1181/7/1
f 1196/4/1 1194/12/1 1197/5/1
f 1194/12/1 1180/19/1 1197/5/1
f 1194/10/1 1195/20/1 1180/19/1
f 1194/10/1 1189/9/1 1195/20/1
f 1189/9/1 1179/59/1 1195/20/1
f 1192/56/1 1193/60/1 1182/26/1
f 1192/56/1 1190/57/1 1193/60/1
f 1190/57/1 1177/61/1 1193/60/1
f 1189/3/1 1191/17/1 1179/16/1
f 1189/3/1 1190/2/1 1191/17/1
f 1190/2/1 1178/29/1 1191/17/1
f 1219/1/1 1232/2/1 1231/3/1
f 1220/29/1 1232/57/1 1234/56/1
f 1219/8/1 1231/9/1 1236/10/1
f 1219/11/1 1236/12/1 1238/4/1
f 1219/13/1 1238/14/1 1235/15/1
f 1220/29/1 1234/56/1 1241/30/1
f 1221/16/1 1233/17/1 1243/18/1
f 1222/19/1 1237/20/1 1245/21/1
f 1223/7/1053 1239/5/1053 1247/6/1053
f 1224/26/1 1240/27/1 1249/28/1
f 1220/29/1 1241/30/1 1244/31/1
f 1221/16/1 1243/18/1 1246/32/1
f 1222/19/1 1245/21/1 1248/33/1
f 1223/7/1054 1247/6/1054 1250/34/1054
f 1224/26/1 1249/28/1 1242/35/1
f 1225/36/1055 1251/37/1055 1256/38/1055
f 1226/39/1056 1252/40/1056 1258/41/1056
f 1227/42/1057 1253/43/1057 1259/22/1057
f 1228/44/1058 1254/45/1058 1260/25/1058
f 1229/46/1059 1255/47/1059 1257/48/1059
f 1257/48/1060 1260/49/1060 1230/233/1060
f 1257/48/1061 1255/47/1061 1260/49/1061
f 1255/47/1062 1228/44/1062 1260/49/1062
f 1260/25/1063 1259/51/1063 1230/24/1063
f 1260/25/1064 1254/45/1064 1259/51/1064
f 1254/45/1065 1227/42/1065 1259/51/1065
f 1259/22/1066 1258/23/1066 1230/234/1066
f 1259/22/1067 1253/43/1067 1258/23/1067
f 1253/43/1068 1226/52/1068 1258/23/1068
f 1258/41/1069 1256/53/1069 1230/54/1069
f 1258/41/1070 1252/40/1070 1256/53/1070
f 1252/40/1071 1225/36/1071 1256/53/1071
f 1256/38/1072 1257/55/1072 1230/50/1072
f 1256/38/1073 1251/37/1073 1257/55/1073
f 1251/37/1074 1229/46/1074 1257/55/1074
f 1242/35/1075 1255/47/1075 1229/46/1075
f 1242/35/1076 1249/28/1076 1255/47/1076
f 1249/28/1077 1228/44/1077 1255/47/1077
f 1250/34/1078 1254/45/1078 1228/44/1078
f 1250/34/1079 1247/6/1079 1254/45/1079
f 1247/6/1080 1227/42/1080 1254/45/1080
f 1248/33/1081 1253/43/1081 1227/42/1081
f 1248/33/1082 1245/21/1082 1253/43/1082
f 1245/21/1083 1226/52/1083 1253/43/1083
f 1246/32/1084 1252/40/1084 1226/39/1084
f 1246/32/1085 1243/18/1085 1252/40/1085
f 1243/18/1086 1225/36/1086 1252/40/1086
f 1244/31/1087 1251/37/1087 1225/36/1087
f 1244/31/1088 1241/30/1088 1251/37/1088
f 1241/30/1089 1229/46/1089 1251/37/1089
f 1249/28/1090 1250/34/1090 1228/44/1090
f 1249/28/1091 1240/27/1091 1250/34/1091
f 1240/27/1092 1223/7/1092 1250/34/1092
f 1247/6/1093 1248/33/1093 1227/42/1093
f 1247/6/1094 1239/5/1094 1248/33/1094
f 1239/5/1 1222/19/1 1248/33/1
f 1245/21/13 1246/58/13 1226/52/13
f 1245/21/1 1237/20/1 1246/58/1
f 1237/20/1 1221/59/1 1246/58/1
f 1243/18/13 1244/31/13 1225/36/13
f 1243/18/1 1233/17/1 1244/31/1
f 1233/17/1 1220/29/1 1244/31/1
f 1241/30/1095 1242/35/1095 1229/46/1095
f 1241/30/1 1234/56/1 1242/35/1
f 1234/56/1 1224/26/1 1242/35/1
f 1235/15/1 1240/27/1 1224/26/1
f 1235/15/1 1238/14/1 1240/27/1
f 1238/14/1 1223/7/1 1240/27/1
f 1238/4/1 1239/5/1 1223/7/1
f 1238/4/1 1236/12/1 1239/5/1
f 1236/12/1 1222/19/1 1239/5/1
f 1236/10/1 1237/20/1 1222/19/1
f 1236/10/1 1231/9/1 1237/20/1
f 1231/9/1 1221/59/1 1237/20/1
f 1234/56/1 1235/60/1 1224/26/1
f 1234/56/1 1232/57/1 1235/60/1
f 1232/57/1 1219/61/1 1235/60/1
f 1231/3/1 1233/17/1 1221/16/1
f 1231/3/1 1232/2/1 1233/17/1
f 1232/2/1 1220/29/1 1233/17/1
f 1261/1/1096 1274/2/1096 1273/3/1096
f 1262/29/1097 1274/57/1097 1276/56/1097
f 1261/8/1098 1273/9/1098 1278/10/1098
f 1261/11/1099 1278/12/1099 1280/4/1099
f 1261/13/1100 1280/14/1100 1277/15/1100
f 1262/29/1101 1276/56/1101 1283/30/1101
f 1263/16/1102 1275/17/1102 1285/18/1102
f 1264/19/1103 1279/20/1103 1287/21/1103
f 1265/7/1104 1281/5/1104 1289/6/1104
f 1266/26/1105 1282/27/1105 1291/28/1105
f 1262/29/1106 1283/30/1106 1286/31/1106
f 1263/16/1107 1285/18/1107 1288/32/1107
f 1264/19/1108 1287/21/1108 1290/33/1108
f 1265/7/1109 1289/6/1109 1292/34/1109
f 1266/26/1110 1291/28/1110 1284/35/1110
f 1267/36/1111 1293/37/1111 1298/38/1111
f 1268/39/1112 1294/40/1112 1300/41/1112
f 1269/42/1113 1295/43/1113 1301/22/1113
f 1270/44/1114 1296/45/1114 1302/25/1114
f 1271/46/1115 1297/47/1115 1299/48/1115
f 1299/48/1116 1302/49/1116 1272/233/1116
f 1299/48/1117 1297/47/1117 1302/49/1117
f 1297/47/1118 1270/44/1118 1302/49/1118
f 1302/25/1119 1301/51/1119 1272/24/1119
f 1302/25/1120 1296/45/1120 1301/51/1120
f 1296/45/1121 1269/42/1121 1301/51/1121
f 1301/22/1122 1300/23/1122 1272/234/1122
f 1301/22/1123 1295/43/1123 1300/23/1123
f 1295/43/1124 1268/52/1124 1300/23/1124
f 1300/41/1125 1298/53/1125 1272/54/1125
f 1300/41/1126 1294/40/1126 1298/53/1126
f 1294/40/1127 1267/36/1127 1298/53/1127
f 1298/38/1128 1299/55/1128 1272/50/1128
f 1298/38/1129 1293/37/1129 1299/55/1129
f 1293/37/1130 1271/46/1130 1299/55/1130
f 1284/35/1131 1297/47/1131 1271/46/1131
f 1284/35/1132 1291/28/1132 1297/47/1132
f 1291/28/1133 1270/44/1133 1297/47/1133
f 1292/34/1134 1296/45/1134 1270/44/1134
f 1292/34/1135 1289/6/1135 1296/45/1135
f 1289/6/1136 1269/42/1136 1296/45/1136
f 1290/33/1137 1295/43/1137 1269/42/1137
f 1290/33/1138 1287/21/1138 1295/43/1138
f 1287/21/1139 1268/52/1139 1295/43/1139
f 1288/32/1140 1294/40/1140 1268/39/1140
f 1288/32/1141 1285/18/1141 1294/40/1141
f 1285/18/1142 1267/36/1142 1294/40/1142
f 1286/31/1143 1293/37/1143 1267/36/1143
f 1286/31/1144 1283/30/1144 1293/37/1144
f 1283/30/1145 1271/46/1145 1293/37/1145
f 1291/28/1146 1292/34/1146 1270/44/1146
f 1291/28/1147 1282/27/1147 1292/34/1147
f 1282/27/1148 1265/7/1148 1292/34/1148
f 1289/6/1149 1290/33/1149 1269/42/1149
f 1289/6/1150 1281/5/1150 1290/33/1150
f 1281/5/1151 1264/19/1151 1290/33/1151
f 1287/21/1152 1288/58/1152 1268/52/1152
f 1287/21/1153 1279/20/1153 1288/58/1153
f 1279/20/1154 1263/59/1154 1288/58/1154
f 1285/18/1155 1286/31/1155 1267/36/1155
f 1285/18/1156 1275/17/1156 1286/31/1156
f 1275/17/1157 1262/29/1157 1286/31/1157
f 1283/30/1158 1284/35/1158 1271/46/1158
f 1283/30/1159 1276/56/1159 1284/35/1159
f 1276/56/1160 1266/26/1160 1284/35/1160
f 1277/15/1161 1282/27/1161 1266/26/1161
f 1277/15/1162 1280/14/1162 1282/27/1162
f 1280/14/1163 1265/7/1163 1282/27/1163
f 1280/4/1164 1281/5/1164 1265/7/1164
f 1280/4/1165 1278/12/1165 1281/5/1165
f 1278/12/1166 1264/19/1166 1281/5/1166
f 1278/10/1167 1279/20/1167 1264/19/1167
f 1278/10/1168 1273/9/1168 1279/20/1168
f 1273/9/1169 1263/59/1169 1279/20/1169
f 1276/56/1170 1277/60/1170 1266/26/1170
f 1276/56/1171 1274/57/1171 1277/60/1171
f 1274/57/1172 1261/61/1172 1277/60/1172
f 1273/3/1173 1275/17/1173 1263/16/1173
f 1273/3/1174 1274/2/1174 1275/17/1174
f 1274/2/1175 1262/29/1175 1275/17/1175
f 1303/1/1176 1316/2/1176 1315/3/1176
f 1304/29/1177 1316/57/1177 1318/56/1177
f 1303/8/1178 1315/9/1178 1320/10/1178
f 1303/11/1179 1320/12/1179 1322/4/1179
f 1303/13/1180 1322/14/1180 1319/15/1180
f 1304/29/1181 1318/56/1181 1325/30/1181
f 1305/16/1182 1317/17/1182 1327/18/1182
f 1306/19/1183 1321/20/1183 1329/21/1183
f 1307/7/1184 1323/5/1184 1331/6/1184
f 1308/26/1185 1324/27/1185 1333/28/1185
f 1304/29/1186 1325/30/1186 1328/31/1186
f 1305/16/1187 1327/18/1187 1330/32/1187
f 1306/19/1188 1329/21/1188 1332/33/1188
f 1307/7/1189 1331/6/1189 1334/34/1189
f 1308/26/1190 1333/28/1190 1326/35/1190
f 1309/36/1191 1335/37/1191 1340/38/1191
f 1310/39/1192 1336/40/1192 1342/41/1192
f 1311/42/1193 1337/43/1193 1343/22/1193
f 1312/44/1194 1338/45/1194 1344/25/1194
f 1313/46/1195 1339/47/1195 1341/48/1195
f 1341/48/1196 1344/49/1196 1314/233/1196
f 1341/48/1197 1339/47/1197 1344/49/1197
f 1339/47/1198 1312/44/1198 1344/49/1198
f 1344/25/1199 1343/51/1199 1314/24/1199
f 1344/25/1200 1338/45/1200 1343/51/1200
f 1338/45/1201 1311/42/1201 1343/51/1201
f 1343/22/1202 1342/23/1202 1314/234/1202
f 1343/22/1203 1337/43/1203 1342/23/1203
f 1337/43/1204 1310/52/1204 1342/23/1204
f 1342/41/1205 1340/53/1205 1314/54/1205
f 1342/41/1206 1336/40/1206 1340/53/1206
f 1336/40/1207 1309/36/1207 1340/53/1207
f 1340/38/1208 1341/55/1208 1314/50/1208
f 1340/38/1209 1335/37/1209 1341/55/1209
f 1335/37/1210 1313/46/1210 1341/55/1210
f 1326/35/1211 1339/47/1211 1313/46/1211
f 1326/35/1212 1333/28/1212 1339/47/1212
f 1333/28/1213 1312/44/1213 1339/47/1213
f 1334/34/1214 1338/45/1214 1312/44/1214
f 1334/34/1215 1331/6/1215 1338/45/1215
f 1331/6/1216 1311/42/1216 1338/45/1216
f 1332/33/1217 1337/43/1217 1311/42/1217
f 1332/33/1218 1329/21/1218 1337/43/1218
f 1329/21/1219 1310/52/1219 1337/43/1219
f 1330/32/1220 1336/40/1220 1310/39/1220
f 1330/32/1221 1327/18/1221 1336/40/1221
f 1327/18/1222 1309/36/1222 1336/40/1222
f 1328/31/1223 1335/37/1223 1309/36/1223
f 1328/31/1224 1325/30/1224 1335/37/1224
f 1325/30/1225 1313/46/1225 1335/37/1225
f 1333/28/1226 1334/34/1226 1312/44/1226
f 1333/28/1227 1324/27/1227 1334/34/1227
f 1324/27/1228 1307/7/1228 1334/34/1228
f 1331/6/1229 1332/33/1229 1311/42/1229
f 1331/6/1230 1323/5/1230 1332/33/1230
f 1323/5/1231 1306/19/1231 1332/33/1231
f 1329/21/1232 1330/58/1232 1310/52/1232
f 1329/21/1233 1321/20/1233 1330/58/1233
f 1321/20/1234 1305/59/1234 1330/58/1234
f 1327/18/1235 1328/31/1235 1309/36/1235
f 1327/18/1236 1317/17/1236 1328/31/1236
f 1317/17/1237 1304/29/1237 1328/31/1237
f 1325/30/1238 1326/35/1238 1313/46/1238
f 1325/30/1239 1318/56/1239 1326/35/1239
f 1318/56/1240 1308/26/1240 1326/35/1240
f 1319/15/1241 1324/27/1241 1308/26/1241
f 1319/15/1242 1322/14/1242 1324/27/1242
f 1322/14/1243 1307/7/1243 1324/27/1243
f 1322/4/1244 1323/5/1244 1307/7/1244
f 1322/4/1245 1320/12/1245 1323/5/1245
f 1320/12/1246 1306/19/1246 1323/5/1246
f 1320/10/1247 1321/20/1247 1306/19/1247
f 1320/10/1248 1315/9/1248 1321/20/1248
f 1315/9/1249 1305/59/1249 1321/20/1249
f 1318/56/1250 1319/60/1250 1308/26/1250
f 1318/56/1251 1316/57/1251 1319/60/1251
f 1316/57/1252 1303/61/1252 1319/60/1252
f 1315/3/1253 1317/17/1253 1305/16/1253
f 1315/3/1254 1316/2/1254 1317/17/1254
f 1316/2/1255 1304/29/1255 1317/17/1255
f 1345/1/1 1358/2/1 1357/3/1
f 1364/4/1 1365/5/1 1373/6/1 1349/7/1
f 1345/8/1 1357/9/1 1362/10/1
f 1345/11/1 1362/12/1 1364/4/1
f 1345/13/1 1364/14/1 1361/15/1
f 1347/16/1 1359/17/1 1369/18/1
f 1348/19/1 1363/20/1 1371/21/1
f 1385/22/1256 1384/23/1256 1356/24/1256 1386/25/1256
f 1350/26/1257 1366/27/1257 1375/28/1257
f 1346/29/1258 1367/30/1258 1370/31/1258
f 1347/16/1 1369/18/1 1372/32/1
f 1348/19/1 1371/21/1 1374/33/1
f 1349/7/1 1373/6/1 1376/34/1
f 1350/26/1259 1375/28/1259 1368/35/1259
f 1351/36/1260 1377/37/1260 1382/38/1260
f 1352/39/1 1378/40/1 1384/41/1
f 1353/42/1 1379/43/1 1385/22/1
f 1354/44/1261 1380/45/1261 1386/25/1261
f 1355/46/1262 1381/47/1262 1383/48/1262
f 1383/48/1263 1381/47/1263 1386/49/1263
f 1381/47/1264 1354/44/1264 1386/49/1264
f 1382/38/1265 1383/48/1265 1386/49/1265 1356/50/1265
f 1386/25/1266 1380/45/1266 1385/51/1266
f 1380/45/13 1353/42/13 1385/51/13
f 1385/22/1 1379/43/1 1384/23/1
f 1379/43/1 1352/52/1 1384/23/1
f 1384/41/1267 1382/53/1267 1356/54/1267
f 1384/41/1268 1378/40/1268 1382/53/1268
f 1378/40/1269 1351/36/1269 1382/53/1269
f 1382/38/1270 1377/37/1270 1383/55/1270
f 1377/37/1271 1355/46/1271 1383/55/1271
f 1368/35/1272 1381/47/1272 1355/46/1272
f 1368/35/1273 1375/28/1273 1381/47/1273
f 1375/28/1274 1354/44/1274 1381/47/1274
f 1376/34/1 1380/45/1 1354/44/1
f 1376/34/1 1373/6/1 1380/45/1
f 1373/6/1 1353/42/1 1380/45/1
f 1374/33/1 1379/43/1 1353/42/1
f 1374/33/1 1371/21/1 1379/43/1
f 1371/21/1 1352/52/1 1379/43/1
f 1372/32/1 1378/40/1 1352/39/1
f 1372/32/1 1369/18/1 1378/40/1
f 1369/18/1275 1351/36/1275 1378/40/1275
f 1370/31/1276 1377/37/1276 1351/36/1276
f 1370/31/1277 1367/30/1277 1377/37/1277
f 1367/30/1278 1355/46/1278 1377/37/1278
f 1375/28/1279 1376/34/1279 1354/44/1279
f 1375/28/1280 1366/27/1280 1376/34/1280
f 1366/27/1 1349/7/1 1376/34/1
f 1373/6/1 1374/33/1 1353/42/1
f 1360/56/1281 1367/30/1281 1346/29/1281 1358/57/1281
f 1371/21/1 1372/58/1 1352/52/1
f 1371/21/1 1363/20/1 1372/58/1
f 1363/20/1 1347/59/1 1372/58/1
f 1369/18/1282 1370/31/1282 1351/36/1282
f 1369/18/1283 1359/17/1283 1370/31/1283
f 1359/17/1284 1346/29/1284 1370/31/1284
f 1367/30/1285 1368/35/1285 1355/46/1285
f 1367/30/1286 1360/56/1286 1368/35/1286
f 1365/5/1 1348/19/1 1374/33/1 1373/6/1
f 1361/15/1287 1366/27/1287 1350/26/1287
f 1361/15/1 1364/14/1 1366/27/1
f 1364/14/1 1349/7/1 1366/27/1
f 1364/4/1 1362/12/1 1365/5/1
f 1362/12/1 1348/19/1 1365/5/1
f 1362/10/1 1363/20/1 1348/19/1
f 1362/10/1 1357/9/1 1363/20/1
f 1357/9/1 1347/59/1 1363/20/1
f 1360/56/1288 1358/57/1288 1361/60/1288
f 1358/57/1 1345/61/1 1361/60/1
f 1357/3/1 1359/17/1 1347/16/1
f 1357/3/1 1358/2/1 1359/17/1
f 1358/2/1289 1346/29/1289 1359/17/1289
f 1360/56/1290 1361/60/1290 1350/26/1290 1368/35/1290
f 1387/1/1 1400/2/1 1399/3/1
f 1406/4/1 1407/5/1 1415/6/1 1391/7/1
f 1387/8/1 1399/9/1 1404/10/1
f 1387/11/1 1404/12/1 1406/4/1
f 1387/13/1 1406/14/1 1403/15/1
f 1389/16/1 1401/17/1 1411/18/1
f 1390/19/1 1405/20/1 1413/21/1
f 1427/22/1291 1426/23/1291 1398/24/1291 1428/25/1291
f 1392/26/1292 1408/27/1292 1417/28/1292
f 1388/29/1293 1409/30/1293 1412/31/1293
f 1389/16/1 1411/18/1 1414/32/1
f 1390/19/1 1413/21/1 1416/33/1
f 1391/7/1 1415/6/1 1418/34/1
f 1392/26/1294 1417/28/1294 1410/35/1294
f 1393/36/1295 1419/37/1295 1424/38/1295
f 1394/39/1 1420/40/1 1426/41/1
f 1395/42/1 1421/43/1 1427/22/1
f 1396/44/1296 1422/45/1296 1428/25/1296
f 1397/46/1297 1423/47/1297 1425/48/1297
f 1425/48/1298 1423/47/1298 1428/49/1298
f 1423/47/1299 1396/44/1299 1428/49/1299
f 1424/38/1300 1425/48/1300 1428/49/1300 1398/50/1300
f 1428/25/1301 1422/45/1301 1427/51/1301
f 1422/45/13 1395/42/13 1427/51/13
f 1427/22/1 1421/43/1 1426/23/1
f 1421/43/1 1394/52/1 1426/23/1
f 1426/41/1302 1424/53/1302 1398/54/1302
f 1426/41/1303 1420/40/1303 1424/53/1303
f 1420/40/1304 1393/36/1304 1424/53/1304
f 1424/38/1305 1419/37/1305 1425/55/1305
f 1419/37/1306 1397/46/1306 1425/55/1306
f 1410/35/1307 1423/47/1307 1397/46/1307
f 1410/35/1308 1417/28/1308 1423/47/1308
f 1417/28/1309 1396/44/1309 1423/47/1309
f 1418/34/1 1422/45/1 1396/44/1
f 1418/34/1 1415/6/1 1422/45/1
f 1415/6/1 1395/42/1 1422/45/1
f 1416/33/1 1421/43/1 1395/42/1
f 1416/33/1 1413/21/1 1421/43/1
f 1413/21/1 1394/52/1 1421/43/1
f 1414/32/1 1420/40/1 1394/39/1
f 1414/32/1 1411/18/1 1420/40/1
f 1411/18/1310 1393/36/1310 1420/40/1310
f 1412/31/1311 1419/37/1311 1393/36/1311
f 1412/31/1312 1409/30/1312 1419/37/1312
f 1409/30/1313 1397/46/1313 1419/37/1313
f 1417/28/1314 1418/34/1314 1396/44/1314
f 1417/28/1315 1408/27/1315 1418/34/1315
f 1408/27/1 1391/7/1 1418/34/1
f 1415/6/1 1416/33/1 1395/42/1
f 1402/56/1316 1409/30/1316 1388/29/1316 1400/57/1316
f 1413/21/1 1414/58/1 1394/52/1
f 1413/21/1 1405/20/1 1414/58/1
f 1405/20/1 1389/59/1 1414/58/1
f 1411/18/1317 1412/31/1317 1393/36/1317
f 1411/18/1318 1401/17/1318 1412/31/1318
f 1401/17/1319 1388/29/1319 1412/31/1319
f 1409/30/1320 1410/35/1320 1397/46/1320
f 1409/30/1321 1402/56/1321 1410/35/1321
f 1407/5/1 1390/19/1 1416/33/1 1415/6/1
f 1403/15/1322 1408/27/1322 1392/26/1322
f 1403/15/1 1406/14/1 1408/27/1
f 1406/14/1 1391/7/1 1408/27/1
f 1406/4/1 1404/12/1 1407/5/1
f 1404/12/1 1390/19/1 1407/5/1
f 1404/10/1 1405/20/1 1390/19/1
f 1404/10/1 1399/9/1 1405/20/1
f 1399/9/1 1389/59/1 1405/20/1
f 1402/56/1323 1400/57/1323 1403/60/1323
f 1400/57/1 1387/61/1 1403/60/1
f 1399/3/1 1401/17/1 1389/16/1
f 1399/3/1 1400/2/1 1401/17/1
f 1400/2/1324 1388/29/1324 1401/17/1324
f 1402/56/1325 1403/60/1325 1392/26/1325 1410/35/1325
f 1429/1/1 1442/2/1 1441/3/1
f 1448/4/1 1449/5/1 1457/6/1 1433/7/1
f 1429/8/1 1441/9/1 1446/10/1
f 1429/11/1 1446/12/1 1448/4/1
f 1429/13/1 1448/14/1 1445/15/1
f 1431/16/1 1443/17/1 1453/18/1
f 1432/19/1 1447/20/1 1455/21/1
f 1469/22/1291 1468/23/1291 1440/24/1291 1470/25/1291
f 1434/26/1292 1450/27/1292 1459/28/1292
f 1430/29/1293 1451/30/1293 1454/31/1293
f 1431/16/1 1453/18/1 1456/32/1
f 1432/19/1 1455/21/1 1458/33/1
f 1433/7/1 1457/6/1 1460/34/1
f 1434/26/1326 1459/28/1326 1452/35/1326
f 1435/36/1295 1461/37/1295 1466/38/1295
f 1436/39/1 1462/40/1 1468/41/1
f 1437/42/1 1463/43/1 1469/22/1
f 1438/44/1327 1464/45/1327 1470/25/1327
f 1439/46/1297 1465/47/1297 1467/48/1297
f 1467/48/1298 1465/47/1298 1470/49/1298
f 1465/47/1328 1438/44/1328 1470/49/1328
f 1466/38/1329 1467/48/1329 1470/49/1329 1440/50/1329
f 1470/25/1301 1464/45/1301 1469/51/1301
f 1464/45/13 1437/42/13 1469/51/13
f 1469/22/1 1463/43/1 1468/23/1
f 1463/43/1 1436/52/1 1468/23/1
f 1468/41/1302 1466/53/1302 1440/54/1302
f 1468/41/1303 1462/40/1303 1466/53/1303
f 1462/40/1304 1435/36/1304 1466/53/1304
f 1466/38/1305 1461/37/1305 1467/55/1305
f 1461/37/1306 1439/46/1306 1467/55/1306
f 1452/35/1307 1465/47/1307 1439/46/1307
f 1452/35/1308 1459/28/1308 1465/47/1308
f 1459/28/1309 1438/44/1309 1465/47/1309
f 1460/34/1 1464/45/1 1438/44/1
f 1460/34/1 1457/6/1 1464/45/1
f 1457/6/1 1437/42/1 1464/45/1
f 1458/33/1 1463/43/1 1437/42/1
f 1458/33/1 1455/21/1 1463/43/1
f 1455/21/1 1436/52/1 1463/43/1
f 1456/32/1 1462/40/1 1436/39/1
f 1456/32/1 1453/18/1 1462/40/1
f 1453/18/1310 1435/36/1310 1462/40/1310
f 1454/31/1311 1461/37/1311 1435/36/1311
f 1454/31/1312 1451/30/1312 1461/37/1312
f 1451/30/1313 1439/46/1313 1461/37/1313
f 1459/28/1314 1460/34/1314 1438/44/1314
f 1459/28/1315 1450/27/1315 1460/34/1315
f 1450/27/1 1433/7/1 1460/34/1
f 1457/6/1 1458/33/1 1437/42/1
f 1444/56/1316 1451/30/1316 1430/29/1316 1442/57/1316
f 1455/21/1 1456/58/1 1436/52/1
f 1455/21/1 1447/20/1 1456/58/1
f 1447/20/1 1431/59/1 1456/58/1
f 1453/18/1330 1454/31/1330 1435/36/1330
f 1453/18/1331 1443/17/1331 1454/31/1331
f 1443/17/1319 1430/29/1319 1454/31/1319
f 1451/30/1320 1452/35/1320 1439/46/1320
f 1451/30/1321 1444/56/1321 1452/35/1321
f 1449/5/1 1432/19/1 1458/33/1 1457/6/1
f 1445/15/1322 1450/27/1322 1434/26/1322
f 1445/15/1 1448/14/1 1450/27/1
f 1448/14/1 1433/7/1 1450/27/1
f 1448/4/1 1446/12/1 1449/5/1
f 1446/12/1 1432/19/1 1449/5/1
f 1446/10/1 1447/20/1 1432/19/1
f 1446/10/1 1441/9/1 1447/20/1
f 1441/9/1 1431/59/1 1447/20/1
f 1444/56/1323 1442/57/1323 1445/60/1323
f 1442/57/1 1429/61/1 1445/60/1
f 1441/3/1 1443/17/1 1431/16/1
f 1441/3/1 1442/2/1 1443/17/1
f 1442/2/1324 1430/29/1324 1443/17/1324
f 1444/56/1325 1445/60/1325 1434/26/1325 1452/35/1325
f 1471/1/1 1484/2/1 1483/3/1
f 1490/4/1 1491/5/1 1499/6/1 1475/7/1
f 1471/8/1 1483/9/1 1488/10/1
f 1471/11/1 1488/12/1 1490/4/1
f 1471/13/1 1490/14/1 1487/15/1
f 1473/16/1 1485/17/1 1495/18/1
f 1474/19/1 1489/20/1 1497/21/1
f 1511/22/1291 1510/23/1291 1482/24/1291 1512/25/1291
f 1476/26/1332 1492/27/1332 1501/28/1332
f 1472/29/1293 1493/30/1293 1496/31/1293
f 1473/16/1 1495/18/1 1498/32/1
f 1474/19/1 1497/21/1 1500/33/1
f 1475/7/1 1499/6/1 1502/34/1
f 1476/26/1294 1501/28/1294 1494/35/1294
f 1477/36/1295 1503/37/1295 1508/38/1295
f 1478/39/1 1504/40/1 1510/41/1
f 1479/42/1 1505/43/1 1511/22/1
f 1480/44/1296 1506/45/1296 1512/25/1296
f 1481/46/1333 1507/47/1333 1509/48/1333
f 1509/48/1298 1507/47/1298 1512/49/1298
f 1507/47/1299 1480/44/1299 1512/49/1299
f 1508/38/1329 1509/48/1329 1512/49/1329 1482/50/1329
f 1512/25/1301 1506/45/1301 1511/51/1301
f 1506/45/13 1479/42/13 1511/51/13
f 1511/22/1 1505/43/1 1510/23/1
f 1505/43/1 1478/52/1 1510/23/1
f 1510/41/1302 1508/53/1302 1482/54/1302
f 1510/41/1334 1504/40/1334 1508/53/1334
f 1504/40/1304 1477/36/1304 1508/53/1304
f 1508/38/1335 1503/37/1335 1509/55/1335
f 1503/37/1306 1481/46/1306 1509/55/1306
f 1494/35/1307 1507/47/1307 1481/46/1307
f 1494/35/1308 1501/28/1308 1507/47/1308
f 1501/28/1309 1480/44/1309 1507/47/1309
f 1502/34/1 1506/45/1 1480/44/1
f 1502/34/1 1499/6/1 1506/45/1
f 1499/6/1 1479/42/1 1506/45/1
f 1500/33/1 1505/43/1 1479/42/1
f 1500/33/1 1497/21/1 1505/43/1
f 1497/21/1 1478/52/1 1505/43/1
f 1498/32/1 1504/40/1 1478/39/1
f 1498/32/1 1495/18/1 1504/40/1
f 1495/18/1310 1477/36/1310 1504/40/1310
f 1496/31/1336 1503/37/1336 1477/36/1336
f 1496/31/1337 1493/30/1337 1503/37/1337
f 1493/30/1313 1481/46/1313 1503/37/1313
f 1501/28/1338 1502/34/1338 1480/44/1338
f 1501/28/1339 1492/27/1339 1502/34/1339
f 1492/27/1 1475/7/1 1502/34/1
f 1499/6/1 1500/33/1 1479/42/1
f 1486/56/1316 1493/30/1316 1472/29/1316 1484/57/1316
f 1497/21/1 1498/58/1 1478/52/1
f 1497/21/1 1489/20/1 1498/58/1
f 1489/20/1 1473/59/1 1498/58/1
f 1495/18/1340 1496/31/1340 1477/36/1340
f 1495/18/1318 1485/17/1318 1496/31/1318
f 1485/17/1319 1472/29/1319 1496/31/1319
f 1493/30/1320 1494/35/1320 1481/46/1320
f 1493/30/1341 1486/56/1341 1494/35/1341
f 1491/5/1 1474/19/1 1500/33/1 1499/6/1
f 1487/15/1322 1492/27/1322 1476/26/1322
f 1487/15/1 1490/14/1 1492/27/1
f 1490/14/1 1475/7/1 1492/27/1
f 1490/4/1 1488/12/1 1491/5/1
f 1488/12/1 1474/19/1 1491/5/1
f 1488/10/1 1489/20/1 1474/19/1
f 1488/10/1 1483/9/1 1489/20/1
f 1483/9/1 1473/59/1 1489/20/1
f 1486/56/1323 1484/57/1323 1487/60/1323
f 1484/57/1 1471/61/1 1487/60/1
f 1483/3/1 1485/17/1 1473/16/1
f 1483/3/1 1484/2/1 1485/17/1
f 1484/2/1324 1472/29/1324 1485/17/1324
f 1486/56/1325 1487/60/1325 1476/26/1325 1494/35/1325
f 1513/1/1 1526/2/1 1525/3/1
f 1532/4/1 1533/5/1 1541/6/1 1517/7/1
f 1513/8/1 1525/9/1 1530/10/1
f 1513/11/1 1530/12/1 1532/4/1
f 1513/13/1 1532/14/1 1529/15/1
f 1515/16/1 1527/17/1 1537/18/1
f 1516/19/1 1531/20/1 1539/21/1
f 1553/22/1291 1552/23/1291 1524/24/1291 1554/25/1291
f 1518/26/1332 1534/27/1332 1543/28/1332
f 1514/29/1293 1535/30/1293 1538/31/1293
f 1515/16/1 1537/18/1 1540/32/1
f 1516/19/1 1539/21/1 1542/33/1
f 1517/7/1 1541/6/1 1544/34/1
f 1518/26/1294 1543/28/1294 1536/35/1294
f 1519/36/1295 1545/37/1295 1550/38/1295
f 1520/39/1 1546/40/1 1552/41/1
f 1521/42/1 1547/43/1 1553/22/1
f 1522/44/1327 1548/45/1327 1554/25/1327
f 1523/46/1297 1549/47/1297 1551/48/1297
f 1551/48/1298 1549/47/1298 1554/49/1298
f 1549/47/1328 1522/44/1328 1554/49/1328
f 1550/38/1300 1551/48/1300 1554/49/1300 1524/50/1300
f 1554/25/1301 1548/45/1301 1553/51/1301
f 1548/45/13 1521/42/13 1553/51/13
f 1553/22/1 1547/43/1 1552/23/1
f 1547/43/1 1520/52/1 1552/23/1
f 1552/41/1302 1550/53/1302 1524/54/1302
f 1552/41/1303 1546/40/1303 1550/53/1303
f 1546/40/1304 1519/36/1304 1550/53/1304
f 1550/38/1305 1545/37/1305 1551/55/1305
f 1545/37/1306 1523/46/1306 1551/55/1306
f 1536/35/1307 1549/47/1307 1523/46/1307
f 1536/35/1308 1543/28/1308 1549/47/1308
f 1543/28/1309 1522/44/1309 1549/47/1309
f 1544/34/1 1548/45/1 1522/44/1
f 1544/34/1 1541/6/1 1548/45/1
f 1541/6/1 1521/42/1 1548/45/1
f 1542/33/1 1547/43/1 1521/42/1
f 1542/33/1 1539/21/1 1547/43/1
f 1539/21/1 1520/52/1 1547/43/1
f 1540/32/1 1546/40/1 1520/39/1
f 1540/32/1 1537/18/1 1546/40/1
f 1537/18/1310 1519/36/1310 1546/40/1310
f 1538/31/1311 1545/37/1311 1519/36/1311
f 1538/31/1337 1535/30/1337 1545/37/1337
f 1535/30/1313 1523/46/1313 1545/37/1313
f 1543/28/1314 1544/34/1314 1522/44/1314
f 1543/28/1315 1534/27/1315 1544/34/1315
f 1534/27/1 1517/7/1 1544/34/1
f 1541/6/1 1542/33/1 1521/42/1
f 1528/56/1316 1535/30/1316 1514/29/1316 1526/57/1316
f 1539/21/1 1540/58/1 1520/52/1
f 1539/21/1 1531/20/1 1540/58/1
f 1531/20/1 1515/59/1 1540/58/1
f 1537/18/1342 1538/31/1342 1519/36/1342
f 1537/18/1331 1527/17/1331 1538/31/1331
f 1527/17/1319 1514/29/1319 1538/31/1319
f 1535/30/1320 1536/35/1320 1523/46/1320
f 1535/30/1321 1528/56/1321 1536/35/1321
f 1533/5/1 1516/19/1 1542/33/1 1541/6/1
f 1529/15/1322 1534/27/1322 1518/26/1322
f 1529/15/1 1532/14/1 1534/27/1
f 1532/14/1 1517/7/1 1534/27/1
f 1532/4/1 1530/12/1 1533/5/1
f 1530/12/1 1516/19/1 1533/5/1
f 1530/10/1 1531/20/1 1516/19/1
f 1530/10/1 1525/9/1 1531/20/1
f 1525/9/1 1515/59/1 1531/20/1
f 1528/56/1323 1526/57/1323 1529/60/1323
f 1526/57/1 1513/61/1 1529/60/1
f 1525/3/1 1527/17/1 1515/16/1
f 1525/3/1 1526/2/1 1527/17/1
f 1526/2/1324 1514/29/1324 1527/17/1324
f 1528/56/1325 1529/60/1325 1518/26/1325 1536/35/1325
f 1555/1/1 1568/2/1 1567/3/1
f 1574/4/1 1575/5/1 1583/6/1 1559/7/1
f 1555/8/1 1567/9/1 1572/10/1
f 1555/11/1 1572/12/1 1574/4/1
f 1555/13/1 1574/14/1 1571/15/1
f 1557/16/1 1569/17/1 1579/18/1
f 1558/19/1 1573/20/1 1581/21/1
f 1595/22/1343 1594/23/1343 1566/24/1343 1596/25/1343
f 1560/26/1332 1576/27/1332 1585/28/1332
f 1556/29/1293 1577/30/1293 1580/31/1293
f 1557/16/1 1579/18/1 1582/32/1
f 1558/19/1 1581/21/1 1584/33/1
f 1559/7/1 1583/6/1 1586/34/1
f 1560/26/1294 1585/28/1294 1578/35/1294
f 1561/36/1295 1587/37/1295 1592/38/1295
f 1562/39/1 1588/40/1 1594/41/1
f 1563/42/1 1589/43/1 1595/22/1
f 1564/44/1327 1590/45/1327 1596/25/1327
f 1565/46/1297 1591/47/1297 1593/48/1297
f 1593/48/1298 1591/47/1298 1596/49/1298
f 1591/47/1328 1564/44/1328 1596/49/1328
f 1592/38/1300 1593/48/1300 1596/49/1300 1566/50/1300
f 1596/25/1344 1590/45/1344 1595/51/1344
f 1590/45/13 1563/42/13 1595/51/13
f 1595/22/1 1589/43/1 1594/23/1
f 1589/43/1 1562/52/1 1594/23/1
f 1594/41/1302 1592/53/1302 1566/54/1302
f 1594/41/1334 1588/40/1334 1592/53/1334
f 1588/40/1304 1561/36/1304 1592/53/1304
f 1592/38/1335 1587/37/1335 1593/55/1335
f 1587/37/1306 1565/46/1306 1593/55/1306
f 1578/35/1307 1591/47/1307 1565/46/1307
f 1578/35/1308 1585/28/1308 1591/47/1308
f 1585/28/1345 1564/44/1345 1591/47/1345
f 1586/34/1 1590/45/1 1564/44/1
f 1586/34/1 1583/6/1 1590/45/1
f 1583/6/1 1563/42/1 1590/45/1
f 1584/33/1 1589/43/1 1563/42/1
f 1584/33/1 1581/21/1 1589/43/1
f 1581/21/1 1562/52/1 1589/43/1
f 1582/32/1 1588/40/1 1562/39/1
f 1582/32/1 1579/18/1 1588/40/1
f 1579/18/1310 1561/36/1310 1588/40/1310
f 1580/31/1336 1587/37/1336 1561/36/1336
f 1580/31/1337 1577/30/1337 1587/37/1337
f 1577/30/1313 1565/46/1313 1587/37/1313
f 1585/28/1314 1586/34/1314 1564/44/1314
f 1585/28/1339 1576/27/1339 1586/34/1339
f 1576/27/1 1559/7/1 1586/34/1
f 1583/6/1 1584/33/1 1563/42/1
f 1570/56/1316 1577/30/1316 1556/29/1316 1568/57/1316
f 1581/21/1 1582/58/1 1562/52/1
f 1581/21/1 1573/20/1 1582/58/1
f 1573/20/1 1557/59/1 1582/58/1
f 1579/18/1346 1580/31/1346 1561/36/1346
f 1579/18/1318 1569/17/1318 1580/31/1318
f 1569/17/1319 1556/29/1319 1580/31/1319
f 1577/30/1320 1578/35/1320 1565/46/1320
f 1577/30/1347 1570/56/1347 1578/35/1347
f 1575/5/1 1558/19/1 1584/33/1 1583/6/1
f 1571/15/1322 1576/27/1322 1560/26/1322
f 1571/15/1 1574/14/1 1576/27/1
f 1574/14/1 1559/7/1 1576/27/1
f 1574/4/1 1572/12/1 1575/5/1
f 1572/12/1 1558/19/1 1575/5/1
f 1572/10/1 1573/20/1 1558/19/1
f 1572/10/1 1567/9/1 1573/20/1
f 1567/9/1 1557/59/1 1573/20/1
f 1570/56/1323 1568/57/1323 1571/60/1323
f 1568/57/1 1555/61/1 1571/60/1
f 1567/3/1 1569/17/1 1557/16/1
f 1567/3/1 1568/2/1 1569/17/1
f 1568/2/1324 1556/29/1324 1569/17/1324
f 1570/56/1325 1571/60/1325 1560/26/1325 1578/35/1325
f 1597/1/1 1610/2/1 1609/3/1
f 1616/4/1 1617/5/1 1625/6/1 1601/7/1
f 1597/8/1 1609/9/1 1614/10/1
f 1597/11/1 1614/12/1 1616/4/1
f 1597/13/1 1616/14/1 1613/15/1
f 1599/16/1 1611/17/1 1621/18/1
f 1600/19/1 1615/20/1 1623/21/1
f 1637/22/1348 1636/23/1348 1608/24/1348 1638/25/1348
f 1602/26/1349 1618/27/1349 1627/28/1349
f 1598/29/1350 1619/30/1350 1622/31/1350
f 1599/16/1 1621/18/1 1624/32/1
f 1600/19/1 1623/21/1 1626/33/1
f 1601/7/1 1625/6/1 1628/34/1
f 1602/26/1351 1627/28/1351 1620/35/1351
f 1603/36/1352 1629/37/1352 1634/38/1352
f 1604/39/1 1630/40/1 1636/41/1
f 1605/42/1 1631/43/1 1637/22/1
f 1606/44/1353 1632/45/1353 1638/25/1353
f 1607/46/1354 1633/47/1354 1635/48/1354
f 1635/48/1355 1633/47/1355 1638/49/1355
f 1633/47/1356 1606/44/1356 1638/49/1356
f 1634/38/1357 1635/48/1357 1638/49/1357 1608/50/1357
f 1638/25/1358 1632/45/1358 1637/51/1358
f 1632/45/13 1605/42/13 1637/51/13
f 1637/22/1 1631/43/1 1636/23/1
f 1631/43/1 1604/52/1 1636/23/1
f 1636/41/1359 1634/53/1359 1608/54/1359
f 1636/41/1360 1630/40/1360 1634/53/1360
f 1630/40/1361 1603/36/1361 1634/53/1361
f 1634/38/1362 1629/37/1362 1635/55/1362
f 1629/37/1363 1607/46/1363 1635/55/1363
f 1620/35/1364 1633/47/1364 1607/46/1364
f 1620/35/1365 1627/28/1365 1633/47/1365
f 1627/28/1366 1606/44/1366 1633/47/1366
f 1628/34/1 1632/45/1 1606/44/1
f 1628/34/1 1625/6/1 1632/45/1
f 1625/6/1 1605/42/1 1632/45/1
f 1626/33/1 1631/43/1 1605/42/1
f 1626/33/1 1623/21/1 1631/43/1
f 1623/21/1 1604/52/1 1631/43/1
f 1624/32/1 1630/40/1 1604/39/1
f 1624/32/1 1621/18/1 1630/40/1
f 1621/18/1367 1603/36/1367 1630/40/1367
f 1622/31/1368 1629/37/1368 1603/36/1368
f 1622/31/1369 1619/30/1369 1629/37/1369
f 1619/30/1370 1607/46/1370 1629/37/1370
f 1627/28/1371 1628/34/1371 1606/44/1371
f 1627/28/1372 1618/27/1372 1628/34/1372
f 1618/27/1 1601/7/1 1628/34/1
f 1625/6/1 1626/33/1 1605/42/1
f 1612/56/1373 1619/30/1373 1598/29/1373 1610/57/1373
f 1623/21/1 1624/58/1 1604/52/1
f 1623/21/1 1615/20/1 1624/58/1
f 1615/20/1 1599/59/1 1624/58/1
f 1621/18/1374 1622/31/1374 1603/36/1374
f 1621/18/1375 1611/17/1375 1622/31/1375
f 1611/17/1376 1598/29/1376 1622/31/1376
f 1619/30/1377 1620/35/1377 1607/46/1377
f 1619/30/1378 1612/56/1378 1620/35/1378
f 1617/5/1 1600/19/1 1626/33/1 1625/6/1
f 1613/15/1379 1618/27/1379 1602/26/1379
f 1613/15/1 1616/14/1 1618/27/1
f 1616/14/1 1601/7/1 1618/27/1
f 1616/4/1 1614/12/1 1617/5/1
f 1614/12/1 1600/19/1 1617/5/1
f 1614/10/1 1615/20/1 1600/19/1
f 1614/10/1 1609/9/1 1615/20/1
f 1609/9/1 1599/59/1 1615/20/1
f 1612/56/1380 1610/57/1380 1613/60/1380
f 1610/57/1 1597/61/1 1613/60/1
f 1609/3/1 1611/17/1 1599/16/1
f 1609/3/1 1610/2/1 1611/17/1
f 1610/2/1381 1598/29/1381 1611/17/1381
f 1612/56/1382 1613/60/1382 1602/26/1382 1620/35/1382
f 1639/1/1 1652/2/1 1651/3/1
f 1658/4/1 1659/5/1 1667/6/1 1643/7/1
f 1639/8/1 1651/9/1 1656/10/1
f 1639/11/1 1656/12/1 1658/4/1
f 1639/13/1 1658/14/1 1655/15/1
f 1641/16/1 1653/17/1 1663/18/1
f 1642/19/1 1657/20/1 1665/21/1
f 1679/22/1348 1678/23/1348 1650/24/1348 1680/25/1348
f 1644/26/1349 1660/27/1349 1669/28/1349
f 1640/29/1350 1661/30/1350 1664/31/1350
f 1641/16/1 1663/18/1 1666/32/1
f 1642/19/1 1665/21/1 1668/33/1
f 1643/7/1 1667/6/1 1670/34/1
f 1644/26/1383 1669/28/1383 1662/35/1383
f 1645/36/1352 1671/37/1352 1676/38/1352
f 1646/39/1 1672/40/1 1678/41/1
f 1647/42/1 1673/43/1 1679/22/1
f 1648/44/1384 1674/45/1384 1680/25/1384
f 1649/46/1354 1675/47/1354 1677/48/1354
f 1677/48/1355 1675/47/1355 1680/49/1355
f 1675/47/1356 1648/44/1356 1680/49/1356
f 1676/38/1357 1677/48/1357 1680/49/1357 1650/50/1357
f 1680/25/1358 1674/45/1358 1679/51/1358
f 1674/45/13 1647/42/13 1679/51/13
f 1679/22/1 1673/43/1 1678/23/1
f 1673/43/1 1646/52/1 1678/23/1
f 1678/41/1359 1676/53/1359 1650/54/1359
f 1678/41/1360 1672/40/1360 1676/53/1360
f 1672/40/1361 1645/36/1361 1676/53/1361
f 1676/38/1362 1671/37/1362 1677/55/1362
f 1671/37/1363 1649/46/1363 1677/55/1363
f 1662/35/1364 1675/47/1364 1649/46/1364
f 1662/35/1385 1669/28/1385 1675/47/1385
f 1669/28/1366 1648/44/1366 1675/47/1366
f 1670/34/1 1674/45/1 1648/44/1
f 1670/34/1 1667/6/1 1674/45/1
f 1667/6/1 1647/42/1 1674/45/1
f 1668/33/1 1673/43/1 1647/42/1
f 1668/33/1 1665/21/1 1673/43/1
f 1665/21/1 1646/52/1 1673/43/1
f 1666/32/1 1672/40/1 1646/39/1
f 1666/32/1 1663/18/1 1672/40/1
f 1663/18/1367 1645/36/1367 1672/40/1367
f 1664/31/1368 1671/37/1368 1645/36/1368
f 1664/31/1386 1661/30/1386 1671/37/1386
f 1661/30/1370 1649/46/1370 1671/37/1370
f 1669/28/1371 1670/34/1371 1648/44/1371
f 1669/28/1372 1660/27/1372 1670/34/1372
f 1660/27/1 1643/7/1 1670/34/1
f 1667/6/1 1668/33/1 1647/42/1
f 1654/56/1373 1661/30/1373 1640/29/1373 1652/57/1373
f 1665/21/1 1666/58/1 1646/52/1
f 1665/21/1 1657/20/1 1666/58/1
f 1657/20/1 1641/59/1 1666/58/1
f 1663/18/1387 1664/31/1387 1645/36/1387
f 1663/18/1375 1653/17/1375 1664/31/1375
f 1653/17/1376 1640/29/1376 1664/31/1376
f 1661/30/1377 1662/35/1377 1649/46/1377
f 1661/30/1378 1654/56/1378 1662/35/1378
f 1659/5/1 1642/19/1 1668/33/1 1667/6/1
f 1655/15/1379 1660/27/1379 1644/26/1379
f 1655/15/1 1658/14/1 1660/27/1
f 1658/14/1 1643/7/1 1660/27/1
f 1658/4/1 1656/12/1 1659/5/1
f 1656/12/1 1642/19/1 1659/5/1
f 1656/10/1 1657/20/1 1642/19/1
f 1656/10/1 1651/9/1 1657/20/1
f 1651/9/1 1641/59/1 1657/20/1
f 1654/56/1380 1652/57/1380 1655/60/1380
f 1652/57/1 1639/61/1 1655/60/1
f 1651/3/1 1653/17/1 1641/16/1
f 1651/3/1 1652/2/1 1653/17/1
f 1652/2/1381 1640/29/1381 1653/17/1381
f 1654/56/1382 1655/60/1382 1644/26/1382 1662/35/1382
f 1681/1/1 1694/2/1 1693/3/1
f 1700/4/1 1701/5/1 1709/6/1 1685/7/1
f 1681/8/1 1693/9/1 1698/10/1
f 1681/11/1 1698/12/1 1700/4/1
f 1681/13/1 1700/14/1 1697/15/1
f 1683/16/1 1695/17/1 1705/18/1
f 1684/19/1 1699/20/1 1707/21/1
f 1721/22/1348 1720/23/1348 1692/24/1348 1722/25/1348
f 1686/26/1388 1702/27/1388 1711/28/1388
f 1682/29/1350 1703/30/1350 1706/31/1350
f 1683/16/1 1705/18/1 1708/32/1
f 1684/19/1 1707/21/1 1710/33/1
f 1685/7/1 1709/6/1 1712/34/1
f 1686/26/1351 1711/28/1351 1704/35/1351
f 1687/36/1352 1713/37/1352 1718/38/1352
f 1688/39/1 1714/40/1 1720/41/1
f 1689/42/1 1715/43/1 1721/22/1
f 1690/44/1389 1716/45/1389 1722/25/1389
f 1691/46/1354 1717/47/1354 1719/48/1354
f 1719/48/1355 1717/47/1355 1722/49/1355
f 1717/47/1356 1690/44/1356 1722/49/1356
f 1718/38/1357 1719/48/1357 1722/49/1357 1692/50/1357
f 1722/25/1358 1716/45/1358 1721/51/1358
f 1716/45/13 1689/42/13 1721/51/13
f 1721/22/1 1715/43/1 1720/23/1
f 1715/43/1 1688/52/1 1720/23/1
f 1720/41/1359 1718/53/1359 1692/54/1359
f 1720/41/1360 1714/40/1360 1718/53/1360
f 1714/40/1361 1687/36/1361 1718/53/1361
f 1718/38/1362 1713/37/1362 1719/55/1362
f 1713/37/1363 1691/46/1363 1719/55/1363
f 1704/35/1364 1717/47/1364 1691/46/1364
f 1704/35/1365 1711/28/1365 1717/47/1365
f 1711/28/1366 1690/44/1366 1717/47/1366
f 1712/34/1 1716/45/1 1690/44/1
f 1712/34/1 1709/6/1 1716/45/1
f 1709/6/1 1689/42/1 1716/45/1
f 1710/33/1 1715/43/1 1689/42/1
f 1710/33/1 1707/21/1 1715/43/1
f 1707/21/1 1688/52/1 1715/43/1
f 1708/32/1 1714/40/1 1688/39/1
f 1708/32/1 1705/18/1 1714/40/1
f 1705/18/1367 1687/36/1367 1714/40/1367
f 1706/31/1368 1713/37/1368 1687/36/1368
f 1706/31/1386 1703/30/1386 1713/37/1386
f 1703/30/1370 1691/46/1370 1713/37/1370
f 1711/28/1371 1712/34/1371 1690/44/1371
f 1711/28/1372 1702/27/1372 1712/34/1372
f 1702/27/1 1685/7/1 1712/34/1
f 1709/6/1 1710/33/1 1689/42/1
f 1696/56/1373 1703/30/1373 1682/29/1373 1694/57/1373
f 1707/21/1 1708/58/1 1688/52/1
f 1707/21/1 1699/20/1 1708/58/1
f 1699/20/1 1683/59/1 1708/58/1
f 1705/18/1390 1706/31/1390 1687/36/1390
f 1705/18/1375 1695/17/1375 1706/31/1375
f 1695/17/1376 1682/29/1376 1706/31/1376
f 1703/30/1377 1704/35/1377 1691/46/1377
f 1703/30/1378 1696/56/1378 1704/35/1378
f 1701/5/1 1684/19/1 1710/33/1 1709/6/1
f 1697/15/1379 1702/27/1379 1686/26/1379
f 1697/15/1 1700/14/1 1702/27/1
f 1700/14/1 1685/7/1 1702/27/1
f 1700/4/1 1698/12/1 1701/5/1
f 1698/12/1 1684/19/1 1701/5/1
f 1698/10/1 1699/20/1 1684/19/1
f 1698/10/1 1693/9/1 1699/20/1
f 1693/9/1 1683/59/1 1699/20/1
f 1696/56/1391 1694/57/1391 1697/60/1391
f 1694/57/1 1681/61/1 1697/60/1
f 1693/3/1 1695/17/1 1683/16/1
f 1693/3/1 1694/2/1 1695/17/1
f 1694/2/1381 1682/29/1381 1695/17/1381
f 1696/56/1382 1697/60/1382 1686/26/1382 1704/35/1382
f 1723/1/1 1736/2/1 1735/3/1
f 1742/4/1 1743/5/1 1751/6/1 1727/7/1
f 1723/8/1 1735/9/1 1740/10/1
f 1723/11/1 1740/12/1 1742/4/1
f 1723/13/1 1742/14/1 1739/15/1
f 1725/16/1 1737/17/1 1747/18/1
f 1726/19/1 1741/20/1 1749/21/1
f 1763/22/1348 1762/23/1348 1734/24/1348 1764/25/1348
f 1728/26/1349 1744/27/1349 1753/28/1349
f 1724/29/1350 1745/30/1350 1748/31/1350
f 1725/16/1 1747/18/1 1750/32/1
f 1726/19/1 1749/21/1 1752/33/1
f 1727/7/1 1751/6/1 1754/34/1
f 1728/26/1351 1753/28/1351 1746/35/1351
f 1729/36/1352 1755/37/1352 1760/38/1352
f 1730/39/1 1756/40/1 1762/41/1
f 1731/42/1 1757/43/1 1763/22/1
f 1732/44/1353 1758/45/1353 1764/25/1353
f 1733/46/1354 1759/47/1354 1761/48/1354
f 1761/48/1355 1759/47/1355 1764/49/1355
f 1759/47/1356 1732/44/1356 1764/49/1356
f 1760/38/1357 1761/48/1357 1764/49/1357 1734/50/1357
f 1764/25/1358 1758/45/1358 1763/51/1358
f 1758/45/13 1731/42/13 1763/51/13
f 1763/22/1 1757/43/1 1762/23/1
f 1757/43/1 1730/52/1 1762/23/1
f 1762/41/1359 1760/53/1359 1734/54/1359
f 1762/41/1360 1756/40/1360 1760/53/1360
f 1756/40/1361 1729/36/1361 1760/53/1361
f 1760/38/1362 1755/37/1362 1761/55/1362
f 1755/37/1363 1733/46/1363 1761/55/1363
f 1746/35/1364 1759/47/1364 1733/46/1364
f 1746/35/1365 1753/28/1365 1759/47/1365
f 1753/28/1366 1732/44/1366 1759/47/1366
f 1754/34/1 1758/45/1 1732/44/1
f 1754/34/1 1751/6/1 1758/45/1
f 1751/6/1 1731/42/1 1758/45/1
f 1752/33/1 1757/43/1 1731/42/1
f 1752/33/1 1749/21/1 1757/43/1
f 1749/21/1 1730/52/1 1757/43/1
f 1750/32/1 1756/40/1 1730/39/1
f 1750/32/1 1747/18/1 1756/40/1
f 1747/18/1367 1729/36/1367 1756/40/1367
f 1748/31/1368 1755/37/1368 1729/36/1368
f 1748/31/1369 1745/30/1369 1755/37/1369
f 1745/30/1370 1733/46/1370 1755/37/1370
f 1753/28/1371 1754/34/1371 1732/44/1371
f 1753/28/1372 1744/27/1372 1754/34/1372
f 1744/27/1 1727/7/1 1754/34/1
f 1751/6/1 1752/33/1 1731/42/1
f 1738/56/1373 1745/30/1373 1724/29/1373 1736/57/1373
f 1749/21/1 1750/58/1 1730/52/1
f 1749/21/1 1741/20/1 1750/58/1
f 1741/20/1 1725/59/1 1750/58/1
f 1747/18/1374 1748/31/1374 1729/36/1374
f 1747/18/1375 1737/17/1375 1748/31/1375
f 1737/17/1376 1724/29/1376 1748/31/1376
f 1745/30/1377 1746/35/1377 1733/46/1377
f 1745/30/1378 1738/56/1378 1746/35/1378
f 1743/5/1 1726/19/1 1752/33/1 1751/6/1
f 1739/15/1379 1744/27/1379 1728/26/1379
f 1739/15/1 1742/14/1 1744/27/1
f 1742/14/1 1727/7/1 1744/27/1
f 1742/4/1 1740/12/1 1743/5/1
f 1740/12/1 1726/19/1 1743/5/1
f 1740/10/1 1741/20/1 1726/19/1
f 1740/10/1 1735/9/1 1741/20/1
f 1735/9/1 1725/59/1 1741/20/1
f 1738/56/1380 1736/57/1380 1739/60/1380
f 1736/57/1 1723/61/1 1739/60/1
f 1735/3/1 1737/17/1 1725/16/1
f 1735/3/1 1736/2/1 1737/17/1
f 1736/2/1381 1724/29/1381 1737/17/1381
f 1738/56/1382 1739/60/1382 1728/26/1382 1746/35/1382
f 1765/1/1 1778/2/1 1777/3/1
f 1784/4/1 1785/5/1 1793/6/1 1769/7/1
f 1765/8/1 1777/9/1 1782/10/1
f 1765/11/1 1782/12/1 1784/4/1
f 1765/13/1 1784/14/1 1781/15/1
f 1767/16/1 1779/17/1 1789/18/1
f 1768/19/1 1783/20/1 1791/21/1
f 1805/22/1348 1804/23/1348 1776/24/1348 1806/25/1348
f 1770/26/1392 1786/27/1392 1795/28/1392
f 1766/29/1350 1787/30/1350 1790/31/1350
f 1767/16/1 1789/18/1 1792/32/1
f 1768/19/1 1791/21/1 1794/33/1
f 1769/7/1 1793/6/1 1796/34/1
f 1770/26/1351 1795/28/1351 1788/35/1351
f 1771/36/1352 1797/37/1352 1802/38/1352
f 1772/39/1 1798/40/1 1804/41/1
f 1773/42/1 1799/43/1 1805/22/1
f 1774/44/1353 1800/45/1353 1806/25/1353
f 1775/46/1354 1801/47/1354 1803/48/1354
f 1803/48/1355 1801/47/1355 1806/49/1355
f 1801/47/1356 1774/44/1356 1806/49/1356
f 1802/38/1357 1803/48/1357 1806/49/1357 1776/50/1357
f 1806/25/1358 1800/45/1358 1805/51/1358
f 1800/45/13 1773/42/13 1805/51/13
f 1805/22/1 1799/43/1 1804/23/1
f 1799/43/1 1772/52/1 1804/23/1
f 1804/41/1359 1802/53/1359 1776/54/1359
f 1804/41/1360 1798/40/1360 1802/53/1360
f 1798/40/1361 1771/36/1361 1802/53/1361
f 1802/38/1362 1797/37/1362 1803/55/1362
f 1797/37/1363 1775/46/1363 1803/55/1363
f 1788/35/1364 1801/47/1364 1775/46/1364
f 1788/35/1365 1795/28/1365 1801/47/1365
f 1795/28/1366 1774/44/1366 1801/47/1366
f 1796/34/1 1800/45/1 1774/44/1
f 1796/34/1 1793/6/1 1800/45/1
f 1793/6/1 1773/42/1 1800/45/1
f 1794/33/1 1799/43/1 1773/42/1
f 1794/33/1 1791/21/1 1799/43/1
f 1791/21/1 1772/52/1 1799/43/1
f 1792/32/1 1798/40/1 1772/39/1
f 1792/32/1 1789/18/1 1798/40/1
f 1789/18/1367 1771/36/1367 1798/40/1367
f 1790/31/1368 1797/37/1368 1771/36/1368
f 1790/31/1369 1787/30/1369 1797/37/1369
f 1787/30/1370 1775/46/1370 1797/37/1370
f 1795/28/1371 1796/34/1371 1774/44/1371
f 1795/28/1372 1786/27/1372 1796/34/1372
f 1786/27/1 1769/7/1 1796/34/1
f 1793/6/1 1794/33/1 1773/42/1
f 1780/56/1373 1787/30/1373 1766/29/1373 1778/57/1373
f 1791/21/1 1792/58/1 1772/52/1
f 1791/21/1 1783/20/1 1792/58/1
f 1783/20/1 1767/59/1 1792/58/1
f 1789/18/1390 1790/31/1390 1771/36/1390
f 1789/18/1375 1779/17/1375 1790/31/1375
f 1779/17/1376 1766/29/1376 1790/31/1376
f 1787/30/1377 1788/35/1377 1775/46/1377
f 1787/30/1378 1780/56/1378 1788/35/1378
f 1785/5/1 1768/19/1 1794/33/1 1793/6/1
f 1781/15/1379 1786/27/1379 1770/26/1379
f 1781/15/1 1784/14/1 1786/27/1
f 1784/14/1 1769/7/1 1786/27/1
f 1784/4/1 1782/12/1 1785/5/1
f 1782/12/1 1768/19/1 1785/5/1
f 1782/10/1 1783/20/1 1768/19/1
f 1782/10/1 1777/9/1 1783/20/1
f 1777/9/1 1767/59/1 1783/20/1
f 1780/56/1391 1778/57/1391 1781/60/1391
f 1778/57/1 1765/61/1 1781/60/1
f 1777/3/1 1779/17/1 1767/16/1
f 1777/3/1 1778/2/1 1779/17/1
f 1778/2/1381 1766/29/1381 1779/17/1381
f 1780/56/1382 1781/60/1382 1770/26/1382 1788/35/1382
f 1807/1/1 1820/2/1 1819/3/1
f 1826/4/1 1827/5/1 1835/6/1 1811/7/1
f 1807/8/1 1819/9/1 1824/10/1
f 1807/11/1 1824/12/1 1826/4/1
f 1807/13/1 1826/14/1 1823/15/1
f 1809/16/1 1821/17/1 1831/18/1
f 1810/19/1 1825/20/1 1833/21/1
f 1847/22/1348 1846/23/1348 1818/24/1348 1848/25/1348
f 1812/26/1388 1828/27/1388 1837/28/1388
f 1808/29/1350 1829/30/1350 1832/31/1350
f 1809/16/1 1831/18/1 1834/32/1
f 1810/19/1 1833/21/1 1836/33/1
f 1811/7/1 1835/6/1 1838/34/1
f 1812/26/1351 1837/28/1351 1830/35/1351
f 1813/36/1352 1839/37/1352 1844/38/1352
f 1814/39/1 1840/40/1 1846/41/1
f 1815/42/1 1841/43/1 1847/22/1
f 1816/44/1353 1842/45/1353 1848/25/1353
f 1817/46/1354 1843/47/1354 1845/48/1354
f 1845/48/1355 1843/47/1355 1848/49/1355
f 1843/47/1356 1816/44/1356 1848/49/1356
f 1844/38/1357 1845/48/1357 1848/49/1357 1818/50/1357
f 1848/25/1358 1842/45/1358 1847/51/1358
f 1842/45/13 1815/42/13 1847/51/13
f 1847/22/1 1841/43/1 1846/23/1
f 1841/43/1 1814/52/1 1846/23/1
f 1846/41/1359 1844/53/1359 1818/54/1359
f 1846/41/1360 1840/40/1360 1844/53/1360
f 1840/40/1361 1813/36/1361 1844/53/1361
f 1844/38/1362 1839/37/1362 1845/55/1362
f 1839/37/1363 1817/46/1363 1845/55/1363
f 1830/35/1364 1843/47/1364 1817/46/1364
f 1830/35/1365 1837/28/1365 1843/47/1365
f 1837/28/1366 1816/44/1366 1843/47/1366
f 1838/34/1 1842/45/1 1816/44/1
f 1838/34/1 1835/6/1 1842/45/1
f 1835/6/1 1815/42/1 1842/45/1
f 1836/33/1 1841/43/1 1815/42/1
f 1836/33/1 1833/21/1 1841/43/1
f 1833/21/1 1814/52/1 1841/43/1
f 1834/32/1 1840/40/1 1814/39/1
f 1834/32/1 1831/18/1 1840/40/1
f 1831/18/1367 1813/36/1367 1840/40/1367
f 1832/31/1368 1839/37/1368 1813/36/1368
f 1832/31/1369 1829/30/1369 1839/37/1369
f 1829/30/1370 1817/46/1370 1839/37/1370
f 1837/28/1371 1838/34/1371 1816/44/1371
f 1837/28/1372 1828/27/1372 1838/34/1372
f 1828/27/1 1811/7/1 1838/34/1
f 1835/6/1 1836/33/1 1815/42/1
f 1822/56/1373 1829/30/1373 1808/29/1373 1820/57/1373
f 1833/21/1 1834/58/1 1814/52/1
f 1833/21/1 1825/20/1 1834/58/1
f 1825/20/1 1809/59/1 1834/58/1
f 1831/18/1393 1832/31/1393 1813/36/1393
f 1831/18/1375 1821/17/1375 1832/31/1375
f 1821/17/1376 1808/29/1376 1832/31/1376
f 1829/30/1377 1830/35/1377 1817/46/1377
f 1829/30/1378 1822/56/1378 1830/35/1378
f 1827/5/1 1810/19/1 1836/33/1 1835/6/1
f 1823/15/1379 1828/27/1379 1812/26/1379
f 1823/15/1 1826/14/1 1828/27/1
f 1826/14/1 1811/7/1 1828/27/1
f 1826/4/1 1824/12/1 1827/5/1
f 1824/12/1 1810/19/1 1827/5/1
f 1824/10/1 1825/20/1 1810/19/1
f 1824/10/1 1819/9/1 1825/20/1
f 1819/9/1 1809/59/1 1825/20/1
f 1822/56/1391 1820/57/1391 1823/60/1391
f 1820/57/1 1807/61/1 1823/60/1
f 1819/3/1 1821/17/1 1809/16/1
f 1819/3/1 1820/2/1 1821/17/1
f 1820/2/1381 1808/29/1381 1821/17/1381
f 1822/56/1382 1823/60/1382 1812/26/1382 1830/35/1382
f 1849/1/1 1862/2/1 1861/3/1
f 1868/4/1 1869/5/1 1877/6/1 1853/7/1
f 1849/8/1 1861/9/1 1866/10/1
f 1849/11/1 1866/12/1 1868/4/1
f 1849/13/1 1868/14/1 1865/15/1
f 1851/16/1 1863/17/1 1873/18/1
f 1852/19/1 1867/20/1 1875/21/1
f 1889/22/1348 1888/23/1348 1860/24/1348 1890/25/1348
f 1854/26/1349 1870/27/1349 1879/28/1349
f 1850/29/1350 1871/30/1350 1874/31/1350
f 1851/16/1 1873/18/1 1876/32/1
f 1852/19/1 1875/21/1 1878/33/1
f 1853/7/1 1877/6/1 1880/34/1
f 1854/26/1394 1879/28/1394 1872/35/1394
f 1855/36/1352 1881/37/1352 1886/38/1352
f 1856/39/1 1882/40/1 1888/41/1
f 1857/42/1 1883/43/1 1889/22/1
f 1858/44/1389 1884/45/1389 1890/25/1389
f 1859/46/1354 1885/47/1354 1887/48/1354
f 1887/48/1355 1885/47/1355 1890/49/1355
f 1885/47/1356 1858/44/1356 1890/49/1356
f 1886/38/1357 1887/48/1357 1890/49/1357 1860/50/1357
f 1890/25/1358 1884/45/1358 1889/51/1358
f 1884/45/13 1857/42/13 1889/51/13
f 1889/22/1 1883/43/1 1888/23/1
f 1883/43/1 1856/52/1 1888/23/1
f 1888/41/1359 1886/53/1359 1860/54/1359
f 1888/41/1395 1882/40/1395 1886/53/1395
f 1882/40/1361 1855/36/1361 1886/53/1361
f 1886/38/1362 1881/37/1362 1887/55/1362
f 1881/37/1363 1859/46/1363 1887/55/1363
f 1872/35/1364 1885/47/1364 1859/46/1364
f 1872/35/1385 1879/28/1385 1885/47/1385
f 1879/28/1366 1858/44/1366 1885/47/1366
f 1880/34/1 1884/45/1 1858/44/1
f 1880/34/1 1877/6/1 1884/45/1
f 1877/6/1 1857/42/1 1884/45/1
f 1878/33/1 1883/43/1 1857/42/1
f 1878/33/1 1875/21/1 1883/43/1
f 1875/21/1 1856/52/1 1883/43/1
f 1876/32/1 1882/40/1 1856/39/1
f 1876/32/1 1873/18/1 1882/40/1
f 1873/18/1367 1855/36/1367 1882/40/1367
f 1874/31/1368 1881/37/1368 1855/36/1368
f 1874/31/1386 1871/30/1386 1881/37/1386
f 1871/30/1370 1859/46/1370 1881/37/1370
f 1879/28/1371 1880/34/1371 1858/44/1371
f 1879/28/1372 1870/27/1372 1880/34/1372
f 1870/27/1 1853/7/1 1880/34/1
f 1877/6/1 1878/33/1 1857/42/1
f 1864/56/1373 1871/30/1373 1850/29/1373 1862/57/1373
f 1875/21/1 1876/58/1 1856/52/1
f 1875/21/1 1867/20/1 1876/58/1
f 1867/20/1 1851/59/1 1876/58/1
f 1873/18/1396 1874/31/1396 1855/36/1396
f 1873/18/1375 1863/17/1375 1874/31/1375
f 1863/17/1376 1850/29/1376 1874/31/1376
f 1871/30/1377 1872/35/1377 1859/46/1377
f 1871/30/1378 1864/56/1378 1872/35/1378
f 1869/5/1 1852/19/1 1878/33/1 1877/6/1
f 1865/15/1379 1870/27/1379 1854/26/1379
f 1865/15/1 1868/14/1 1870/27/1
f 1868/14/1 1853/7/1 1870/27/1
f 1868/4/1 1866/12/1 1869/5/1
f 1866/12/1 1852/19/1 1869/5/1
f 1866/10/1 1867/20/1 1852/19/1
f 1866/10/1 1861/9/1 1867/20/1
f 1861/9/1 1851/59/1 1867/20/1
f 1864/56/1391 1862/57/1391 1865/60/1391
f 1862/57/1 1849/61/1 1865/60/1
f 1861/3/1 1863/17/1 1851/16/1
f 1861/3/1 1862/2/1 1863/17/1
f 1862/2/1381 1850/29/1381 1863/17/1381
f 1864/56/1382 1865/60/1382 1854/26/1382 1872/35/1382
f 1891/1/1 1904/2/1 1903/3/1
f 1910/4/1 1911/5/1 1919/6/1 1895/7/1
f 1891/8/1 1903/9/1 1908/10/1
f 1891/11/1 1908/12/1 1910/4/1
f 1891/13/1 1910/14/1 1907/15/1
f 1893/16/1 1905/17/1 1915/18/1
f 1894/19/1 1909/20/1 1917/21/1
f 1931/22/1348 1930/23/1348 1902/24/1348 1932/25/1348
f 1896/26/1388 1912/27/1388 1921/28/1388
f 1892/29/1350 1913/30/1350 1916/31/1350
f 1893/16/1 1915/18/1 1918/32/1
f 1894/19/1 1917/21/1 1920/33/1
f 1895/7/1 1919/6/1 1922/34/1
f 1896/26/1351 1921/28/1351 1914/35/1351
f 1897/36/1352 1923/37/1352 1928/38/1352
f 1898/39/1 1924/40/1 1930/41/1
f 1899/42/1 1925/43/1 1931/22/1
f 1900/44/1353 1926/45/1353 1932/25/1353
f 1901/46/1354 1927/47/1354 1929/48/1354
f 1929/48/1355 1927/47/1355 1932/49/1355
f 1927/47/1356 1900/44/1356 1932/49/1356
f 1928/38/1357 1929/48/1357 1932/49/1357 1902/50/1357
f 1932/25/1358 1926/45/1358 1931/51/1358
f 1926/45/13 1899/42/13 1931/51/13
f 1931/22/1 1925/43/1 1930/23/1
f 1925/43/1 1898/52/1 1930/23/1
f 1930/41/1359 1928/53/1359 1902/54/1359
f 1930/41/1395 1924/40/1395 1928/53/1395
f 1924/40/1361 1897/36/1361 1928/53/1361
f 1928/38/1397 1923/37/1397 1929/55/1397
f 1923/37/1363 1901/46/1363 1929/55/1363
f 1914/35/1364 1927/47/1364 1901/46/1364
f 1914/35/1365 1921/28/1365 1927/47/1365
f 1921/28/1398 1900/44/1398 1927/47/1398
f 1922/34/1 1926/45/1 1900/44/1
f 1922/34/1 1919/6/1 1926/45/1
f 1919/6/1 1899/42/1 1926/45/1
f 1920/33/1 1925/43/1 1899/42/1
f 1920/33/1 1917/21/1 1925/43/1
f 1917/21/1 1898/52/1 1925/43/1
f 1918/32/1 1924/40/1 1898/39/1
f 1918/32/1 1915/18/1 1924/40/1
f 1915/18/1367 1897/36/1367 1924/40/1367
f 1916/31/1368 1923/37/1368 1897/36/1368
f 1916/31/1369 1913/30/1369 1923/37/1369
f 1913/30/1370 1901/46/1370 1923/37/1370
f 1921/28/1399 1922/34/1399 1900/44/1399
f 1921/28/1372 1912/27/1372 1922/34/1372
f 1912/27/1 1895/7/1 1922/34/1
f 1919/6/1 1920/33/1 1899/42/1
f 1906/56/1373 1913/30/1373 1892/29/1373 1904/57/1373
f 1917/21/1 1918/58/1 1898/52/1
f 1917/21/1 1909/20/1 1918/58/1
f 1909/20/1 1893/59/1 1918/58/1
f 1915/18/1400 1916/31/1400 1897/36/1400
f 1915/18/1401 1905/17/1401 1916/31/1401
f 1905/17/1376 1892/29/1376 1916/31/1376
f 1913/30/1377 1914/35/1377 1901/46/1377
f 1913/30/1378 1906/56/1378 1914/35/1378
f 1911/5/1 1894/19/1 1920/33/1 1919/6/1
f 1907/15/1379 1912/27/1379 1896/26/1379
f 1907/15/1 1910/14/1 1912/27/1
f 1910/14/1 1895/7/1 1912/27/1
f 1910/4/1 1908/12/1 1911/5/1
f 1908/12/1 1894/19/1 1911/5/1
f 1908/10/1 1909/20/1 1894/19/1
f 1908/10/1 1903/9/1 1909/20/1
f 1903/9/1 1893/59/1 1909/20/1
f 1906/56/1391 1904/57/1391 1907/60/1391
f 1904/57/1 1891/61/1 1907/60/1
f 1903/3/1 1905/17/1 1893/16/1
f 1903/3/1 1904/2/1 1905/17/1
f 1904/2/1381 1892/29/1381 1905/17/1381
f 1906/56/1382 1907/60/1382 1896/26/1382 1914/35/1382
f 1933/1/1 1946/2/1 1945/3/1
f 1952/4/1 1953/5/1 1961/6/1 1937/7/1
f 1933/8/1 1945/9/1 1950/10/1
f 1933/11/1 1950/12/1 1952/4/1
f 1933/13/1 1952/14/1 1949/15/1
f 1935/16/1 1947/17/1 1957/18/1
f 1936/19/1 1951/20/1 1959/21/1
f 1973/22/1348 1972/23/1348 1944/24/1348 1974/25/1348
f 1938/26/1392 1954/27/1392 1963/28/1392
f 1934/29/1350 1955/30/1350 1958/31/1350
f 1935/16/1 1957/18/1 1960/32/1
f 1936/19/1 1959/21/1 1962/33/1
f 1937/7/1 1961/6/1 1964/34/1
f 1938/26/1351 1963/28/1351 1956/35/1351
f 1939/36/1352 1965/37/1352 1970/38/1352
f 1940/39/1 1966/40/1 1972/41/1
f 1941/42/1 1967/43/1 1973/22/1
f 1942/44/1389 1968/45/1389 1974/25/1389
f 1943/46/1354 1969/47/1354 1971/48/1354
f 1971/48/1355 1969/47/1355 1974/49/1355
f 1969/47/1356 1942/44/1356 1974/49/1356
f 1970/38/1357 1971/48/1357 1974/49/1357 1944/50/1357
f 1974/25/1358 1968/45/1358 1973/51/1358
f 1968/45/13 1941/42/13 1973/51/13
f 1973/22/1 1967/43/1 1972/23/1
f 1967/43/1 1940/52/1 1972/23/1
f 1972/41/1359 1970/53/1359 1944/54/1359
f 1972/41/1360 1966/40/1360 1970/53/1360
f 1966/40/1361 1939/36/1361 1970/53/1361
f 1970/38/1362 1965/37/1362 1971/55/1362
f 1965/37/1363 1943/46/1363 1971/55/1363
f 1956/35/1364 1969/47/1364 1943/46/1364
f 1956/35/1365 1963/28/1365 1969/47/1365
f 1963/28/1366 1942/44/1366 1969/47/1366
f 1964/34/1 1968/45/1 1942/44/1
f 1964/34/1 1961/6/1 1968/45/1
f 1961/6/1 1941/42/1 1968/45/1
f 1962/33/1 1967/43/1 1941/42/1
f 1962/33/1 1959/21/1 1967/43/1
f 1959/21/1 1940/52/1 1967/43/1
f 1960/32/1 1966/40/1 1940/39/1
f 1960/32/1 1957/18/1 1966/40/1
f 1957/18/1367 1939/36/1367 1966/40/1367
f 1958/31/1368 1965/37/1368 1939/36/1368
f 1958/31/1369 1955/30/1369 1965/37/1369
f 1955/30/1370 1943/46/1370 1965/37/1370
f 1963/28/1371 1964/34/1371 1942/44/1371
f 1963/28/1372 1954/27/1372 1964/34/1372
f 1954/27/1 1937/7/1 1964/34/1
f 1961/6/1 1962/33/1 1941/42/1
f 1948/56/1373 1955/30/1373 1934/29/1373 1946/57/1373
f 1959/21/1 1960/58/1 1940/52/1
f 1959/21/1 1951/20/1 1960/58/1
f 1951/20/1 1935/59/1 1960/58/1
f 1957/18/1402 1958/31/1402 1939/36/1402
f 1957/18/1375 1947/17/1375 1958/31/1375
f 1947/17/1376 1934/29/1376 1958/31/1376
f 1955/30/1377 1956/35/1377 1943/46/1377
f 1955/30/1378 1948/56/1378 1956/35/1378
f 1953/5/1 1936/19/1 1962/33/1 1961/6/1
f 1949/15/1379 1954/27/1379 1938/26/1379
f 1949/15/1 1952/14/1 1954/27/1
f 1952/14/1 1937/7/1 1954/27/1
f 1952/4/1 1950/12/1 1953/5/1
f 1950/12/1 1936/19/1 1953/5/1
f 1950/10/1 1951/20/1 1936/19/1
f 1950/10/1 1945/9/1 1951/20/1
f 1945/9/1 1935/59/1 1951/20/1
f 1948/56/1391 1946/57/1391 1949/60/1391
f 1946/57/1 1933/61/1 1949/60/1
f 1945/3/1 1947/17/1 1935/16/1
f 1945/3/1 1946/2/1 1947/17/1
f 1946/2/1381 1934/29/1381 1947/17/1381
f 1948/56/1382 1949/60/1382 1938/26/1382 1956/35/1382
f 1975/1/1 1988/2/1 1987/3/1
f 1994/4/1 1995/5/1 2003/6/1 1979/7/1
f 1975/8/1 1987/9/1 1992/10/1
f 1975/11/1 1992/12/1 1994/4/1
f 1975/13/1 1994/14/1 1991/15/1
f 1977/16/1 1989/17/1 1999/18/1
f 1978/19/1 1993/20/1 2001/21/1
f 2015/22/1348 2014/23/1348 1986/24/1348 2016/25/1348
f 1980/26/1388 1996/27/1388 2005/28/1388
f 1976/29/1350 1997/30/1350 2000/31/1350
f 1977/16/1 1999/18/1 2002/32/1
f 1978/19/1 2001/21/1 2004/33/1
f 1979/7/1 2003/6/1 2006/34/1
f 1980/26/1351 2005/28/1351 1998/35/1351
f 1981/36/1352 2007/37/1352 2012/38/1352
f 1982/39/1 2008/40/1 2014/41/1
f 1983/42/1 2009/43/1 2015/22/1
f 1984/44/1353 2010/45/1353 2016/25/1353
f 1985/46/1354 2011/47/1354 2013/48/1354
f 2013/48/1355 2011/47/1355 2016/49/1355
f 2011/47/1356 1984/44/1356 2016/49/1356
f 2012/38/1357 2013/48/1357 2016/49/1357 1986/50/1357
f 2016/25/1358 2010/45/1358 2015/51/1358
f 2010/45/13 1983/42/13 2015/51/13
f 2015/22/1 2009/43/1 2014/23/1
f 2009/43/1 1982/52/1 2014/23/1
f 2014/41/1359 2012/53/1359 1986/54/1359
f 2014/41/1360 2008/40/1360 2012/53/1360
f 2008/40/1361 1981/36/1361 2012/53/1361
f 2012/38/1362 2007/37/1362 2013/55/1362
f 2007/37/1363 1985/46/1363 2013/55/1363
f 1998/35/1364 2011/47/1364 1985/46/1364
f 1998/35/1365 2005/28/1365 2011/47/1365
f 2005/28/1366 1984/44/1366 2011/47/1366
f 2006/34/1 2010/45/1 1984/44/1
f 2006/34/1 2003/6/1 2010/45/1
f 2003/6/1 1983/42/1 2010/45/1
f 2004/33/1 2009/43/1 1983/42/1
f 2004/33/1 2001/21/1 2009/43/1
f 2001/21/1 1982/52/1 2009/43/1
f 2002/32/1 2008/40/1 1982/39/1
f 2002/32/1 1999/18/1 2008/40/1
f 1999/18/1367 1981/36/1367 2008/40/1367
f 2000/31/1368 2007/37/1368 1981/36/1368
f 2000/31/1369 1997/30/1369 2007/37/1369
f 1997/30/1370 1985/46/1370 2007/37/1370
f 2005/28/1371 2006/34/1371 1984/44/1371
f 2005/28/1372 1996/27/1372 2006/34/1372
f 1996/27/1 1979/7/1 2006/34/1
f 2003/6/1 2004/33/1 1983/42/1
f 1990/56/1373 1997/30/1373 1976/29/1373 1988/57/1373
f 2001/21/1 2002/58/1 1982/52/1
f 2001/21/1 1993/20/1 2002/58/1
f 1993/20/1 1977/59/1 2002/58/1
f 1999/18/1393 2000/31/1393 1981/36/1393
f 1999/18/1375 1989/17/1375 2000/31/1375
f 1989/17/1376 1976/29/1376 2000/31/1376
f 1997/30/1377 1998/35/1377 1985/46/1377
f 1997/30/1378 1990/56/1378 1998/35/1378
f 1995/5/1 1978/19/1 2004/33/1 2003/6/1
f 1991/15/1379 1996/27/1379 1980/26/1379
f 1991/15/1 1994/14/1 1996/27/1
f 1994/14/1 1979/7/1 1996/27/1
f 1994/4/1 1992/12/1 1995/5/1
f 1992/12/1 1978/19/1 1995/5/1
f 1992/10/1 1993/20/1 1978/19/1
f 1992/10/1 1987/9/1 1993/20/1
f 1987/9/1 1977/59/1 1993/20/1
f 1990/56/1391 1988/57/1391 1991/60/1391
f 1988/57/1 1975/61/1 1991/60/1
f 1987/3/1 1989/17/1 1977/16/1
f 1987/3/1 1988/2/1 1989/17/1
f 1988/2/1381 1976/29/1381 1989/17/1381
f 1990/56/1382 1991/60/1382 1980/26/1382 1998/35/1382
f 2017/1/1 2030/2/1 2029/3/1
f 2036/4/1 2037/5/1 2045/6/1 2021/7/1
f 2017/8/1 2029/9/1 2034/10/1
f 2017/11/1 2034/12/1 2036/4/1
f 2017/13/1 2036/14/1 2033/15/1
f 2019/16/1 2031/17/1 2041/18/1
f 2020/19/1 2035/20/1 2043/21/1
f 2057/22/1348 2056/23/1348 2028/24/1348 2058/25/1348
f 2022/26/1388 2038/27/1388 2047/28/1388
f 2018/29/1350 2039/30/1350 2042/31/1350
f 2019/16/1 2041/18/1 2044/32/1
f 2020/19/1 2043/21/1 2046/33/1
f 2021/7/1 2045/6/1 2048/34/1
f 2022/26/1351 2047/28/1351 2040/35/1351
f 2023/36/1352 2049/37/1352 2054/38/1352
f 2024/39/1 2050/40/1 2056/41/1
f 2025/42/1 2051/43/1 2057/22/1
f 2026/44/1353 2052/45/1353 2058/25/1353
f 2027/46/1354 2053/47/1354 2055/48/1354
f 2055/48/1355 2053/47/1355 2058/49/1355
f 2053/47/1356 2026/44/1356 2058/49/1356
f 2054/38/1357 2055/48/1357 2058/49/1357 2028/50/1357
f 2058/25/1358 2052/45/1358 2057/51/1358
f 2052/45/13 2025/42/13 2057/51/13
f 2057/22/1 2051/43/1 2056/23/1
f 2051/43/1 2024/52/1 2056/23/1
f 2056/41/1359 2054/53/1359 2028/54/1359
f 2056/41/1395 2050/40/1395 2054/53/1395
f 2050/40/1361 2023/36/1361 2054/53/1361
f 2054/38/1362 2049/37/1362 2055/55/1362
f 2049/37/1363 2027/46/1363 2055/55/1363
f 2040/35/1364 2053/47/1364 2027/46/1364
f 2040/35/1365 2047/28/1365 2053/47/1365
f 2047/28/1366 2026/44/1366 2053/47/1366
f 2048/34/1 2052/45/1 2026/44/1
f 2048/34/1 2045/6/1 2052/45/1
f 2045/6/1 2025/42/1 2052/45/1
f 2046/33/1 2051/43/1 2025/42/1
f 2046/33/1 2043/21/1 2051/43/1
f 2043/21/1 2024/52/1 2051/43/1
f 2044/32/1 2050/40/1 2024/39/1
f 2044/32/1 2041/18/1 2050/40/1
f 2041/18/1367 2023/36/1367 2050/40/1367
f 2042/31/1368 2049/37/1368 2023/36/1368
f 2042/31/1369 2039/30/1369 2049/37/1369
f 2039/30/1370 2027/46/1370 2049/37/1370
f 2047/28/1399 2048/34/1399 2026/44/1399
f 2047/28/1372 2038/27/1372 2048/34/1372
f 2038/27/1 2021/7/1 2048/34/1
f 2045/6/1 2046/33/1 2025/42/1
f 2032/56/1373 2039/30/1373 2018/29/1373 2030/57/1373
f 2043/21/1 2044/58/1 2024/52/1
f 2043/21/1 2035/20/1 2044/58/1
f 2035/20/1 2019/59/1 2044/58/1
f 2041/18/1400 2042/31/1400 2023/36/1400
f 2041/18/1375 2031/17/1375 2042/31/1375
f 2031/17/1376 2018/29/1376 2042/31/1376
f 2039/30/1377 2040/35/1377 2027/46/1377
f 2039/30/1403 2032/56/1403 2040/35/1403
f 2037/5/1 2020/19/1 2046/33/1 2045/6/1
f 2033/15/1379 2038/27/1379 2022/26/1379
f 2033/15/1 2036/14/1 2038/27/1
f 2036/14/1 2021/7/1 2038/27/1
f 2036/4/1 2034/12/1 2037/5/1
f 2034/12/1 2020/19/1 2037/5/1
f 2034/10/1 2035/20/1 2020/19/1
f 2034/10/1 2029/9/1 2035/20/1
f 2029/9/1 2019/59/1 2035/20/1
f 2032/56/1391 2030/57/1391 2033/60/1391
f 2030/57/1 2017/61/1 2033/60/1
f 2029/3/1 2031/17/1 2019/16/1
f 2029/3/1 2030/2/1 2031/17/1
f 2030/2/1381 2018/29/1381 2031/17/1381
f 2032/56/1382 2033/60/1382 2022/26/1382 2040/35/1382
f 2059/1/1 2072/2/1 2071/3/1
f 2078/4/1 2079/5/1 2087/6/1 2063/7/1
f 2059/8/1 2071/9/1 2076/10/1
f 2059/11/1 2076/12/1 2078/4/1
f 2059/13/1 2078/14/1 2075/15/1
f 2061/16/1 2073/17/1 2083/18/1
f 2062/19/1 2077/20/1 2085/21/1
f 2099/22/2 2098/23/2 2070/24/2 2100/25/2
f 2064/26/3 2080/27/3 2089/28/3
f 2060/29/4 2081/30/4 2084/31/4
f 2061/16/1 2083/18/1 2086/32/1
f 2062/19/1 2085/21/1 2088/33/1
f 2063/7/1 2087/6/1 2090/34/1
f 2064/26/1404 2089/28/1404 2082/35/1404
f 2065/36/6 2091/37/6 2096/38/6
f 2066/39/1 2092/40/1 2098/41/1
f 2067/42/1 2093/43/1 2099/22/1
f 2068/44/7 2094/45/7 2100/25/7
f 2069/46/8 2095/47/8 2097/48/8
f 2097/48/9 2095/47/9 2100/49/9
f 2095/47/1405 2068/44/1405 2100/49/1405
f 2096/38/11 2097/48/11 2100/49/11 2070/50/11
f 2100/25/12 2094/45/12 2099/51/12
f 2094/45/13 2067/42/13 2099/51/13
f 2099/22/1 2093/43/1 2098/23/1
f 2093/43/1 2066/52/1 2098/23/1
f 2098/41/14 2096/53/14 2070/54/14
f 2098/41/15 2092/40/15 2096/53/15
f 2092/40/16 2065/36/16 2096/53/16
f 2096/38/17 2091/37/17 2097/55/17
f 2091/37/18 2069/46/18 2097/55/18
f 2082/35/19 2095/47/19 2069/46/19
f 2082/35/20 2089/28/20 2095/47/20
f 2089/28/21 2068/44/21 2095/47/21
f 2090/34/1 2094/45/1 2068/44/1
f 2090/34/1 2087/6/1 2094/45/1
f 2087/6/1 2067/42/1 2094/45/1
f 2088/33/1 2093/43/1 2067/42/1
f 2088/33/1 2085/21/1 2093/43/1
f 2085/21/1 2066/52/1 2093/43/1
f 2086/32/1 2092/40/1 2066/39/1
f 2086/32/1 2083/18/1 2092/40/1
f 2083/18/22 2065/36/22 2092/40/22
f 2084/31/23 2091/37/23 2065/36/23
f 2084/31/24 2081/30/24 2091/37/24
f 2081/30/25 2069/46/25 2091/37/25
f 2089/28/26 2090/34/26 2068/44/26
f 2089/28/27 2080/27/27 2090/34/27
f 2080/27/1 2063/7/1 2090/34/1
f 2087/6/1 2088/33/1 2067/42/1
f 2074/56/28 2081/30/28 2060/29/28 2072/57/28
f 2085/21/1 2086/58/1 2066/52/1
f 2085/21/1 2077/20/1 2086/58/1
f 2077/20/1 2061/59/1 2086/58/1
f 2083/18/1406 2084/31/1406 2065/36/1406
f 2083/18/30 2073/17/30 2084/31/30
f 2073/17/31 2060/29/31 2084/31/31
f 2081/30/32 2082/35/32 2069/46/32
f 2081/30/33 2074/56/33 2082/35/33
f 2079/5/1 2062/19/1 2088/33/1 2087/6/1
f 2075/15/34 2080/27/34 2064/26/34
f 2075/15/1 2078/14/1 2080/27/1
f 2078/14/1 2063/7/1 2080/27/1
f 2078/4/1 2076/12/1 2079/5/1
f 2076/12/1 2062/19/1 2079/5/1
f 2076/10/1 2077/20/1 2062/19/1
f 2076/10/1 2071/9/1 2077/20/1
f 2071/9/1 2061/59/1 2077/20/1
f 2074/56/35 2072/57/35 2075/60/35
f 2072/57/1 2059/61/1 2075/60/1
f 2071/3/1 2073/17/1 2061/16/1
f 2071/3/1 2072/2/1 2073/17/1
f 2072/2/1407 2060/29/1407 2073/17/1407
f 2074/56/37 2075/60/37 2064/26/37 2082/35/37
f 2101/1/1 2114/2/1 2113/3/1
f 2120/4/1 2121/5/1 2129/6/1 2105/7/1
f 2101/8/1 2113/9/1 2118/10/1
f 2101/11/1 2118/12/1 2120/4/1
f 2101/13/1 2120/14/1 2117/15/1
f 2103/16/1 2115/17/1 2125/18/1
f 2104/19/1 2119/20/1 2127/21/1
f 2141/22/2 2140/23/2 2112/24/2 2142/25/2
f 2106/26/3 2122/27/3 2131/28/3
f 2102/29/4 2123/30/4 2126/31/4
f 2103/16/1 2125/18/1 2128/32/1
f 2104/19/1 2127/21/1 2130/33/1
f 2105/7/1 2129/6/1 2132/34/1
f 2106/26/1404 2131/28/1404 2124/35/1404
f 2107/36/6 2133/37/6 2138/38/6
f 2108/39/1 2134/40/1 2140/41/1
f 2109/42/1 2135/43/1 2141/22/1
f 2110/44/1408 2136/45/1408 2142/25/1408
f 2111/46/1409 2137/47/1409 2139/48/1409
f 2139/48/9 2137/47/9 2142/49/9
f 2137/47/10 2110/44/10 2142/49/10
f 2138/38/11 2139/48/11 2142/49/11 2112/50/11
f 2142/25/12 2136/45/12 2141/51/12
f 2136/45/13 2109/42/13 2141/51/13
f 2141/22/1 2135/43/1 2140/23/1
f 2135/43/1 2108/52/1 2140/23/1
f 2140/41/14 2138/53/14 2112/54/14
f 2140/41/1410 2134/40/1410 2138/53/1410
f 2134/40/1411 2107/36/1411 2138/53/1411
f 2138/38/17 2133/37/17 2139/55/17
f 2133/37/18 2111/46/18 2139/55/18
f 2124/35/19 2137/47/19 2111/46/19
f 2124/35/20 2131/28/20 2137/47/20
f 2131/28/21 2110/44/21 2137/47/21
f 2132/34/1 2136/45/1 2110/44/1
f 2132/34/1 2129/6/1 2136/45/1
f 2129/6/1 2109/42/1 2136/45/1
f 2130/33/1 2135/43/1 2109/42/1
f 2130/33/1 2127/21/1 2135/43/1
f 2127/21/1 2108/52/1 2135/43/1
f 2128/32/1 2134/40/1 2108/39/1
f 2128/32/1 2125/18/1 2134/40/1
f 2125/18/22 2107/36/22 2134/40/22
f 2126/31/1412 2133/37/1412 2107/36/1412
f 2126/31/24 2123/30/24 2133/37/24
f 2123/30/25 2111/46/25 2133/37/25
f 2131/28/26 2132/34/26 2110/44/26
f 2131/28/27 2122/27/27 2132/34/27
f 2122/27/1 2105/7/1 2132/34/1
f 2129/6/1 2130/33/1 2109/42/1
f 2116/56/28 2123/30/28 2102/29/28 2114/57/28
f 2127/21/1 2128/58/1 2108/52/1
f 2127/21/1 2119/20/1 2128/58/1
f 2119/20/1 2103/59/1 2128/58/1
f 2125/18/29 2126/31/29 2107/36/29
f 2125/18/30 2115/17/30 2126/31/30
f 2115/17/31 2102/29/31 2126/31/31
f 2123/30/32 2124/35/32 2111/46/32
f 2123/30/33 2116/56/33 2124/35/33
f 2121/5/1 2104/19/1 2130/33/1 2129/6/1
f 2117/15/34 2122/27/34 2106/26/34
f 2117/15/1 2120/14/1 2122/27/1
f 2120/14/1 2105/7/1 2122/27/1
f 2120/4/1 2118/12/1 2121/5/1
f 2118/12/1 2104/19/1 2121/5/1
f 2118/10/1 2119/20/1 2104/19/1
f 2118/10/1 2113/9/1 2119/20/1
f 2113/9/1 2103/59/1 2119/20/1
f 2116/56/35 2114/57/35 2117/60/35
f 2114/57/1 2101/61/1 2117/60/1
f 2113/3/1 2115/17/1 2103/16/1
f 2113/3/1 2114/2/1 2115/17/1
f 2114/2/36 2102/29/36 2115/17/36
f 2116/56/37 2117/60/37 2106/26/37 2124/35/37
f 2143/1/1 2156/2/1 2155/3/1
f 2162/4/1 2163/5/1 2171/6/1 2147/7/1
f 2143/8/1 2155/9/1 2160/10/1
f 2143/11/1 2160/12/1 2162/4/1
f 2143/13/1 2162/14/1 2159/15/1
f 2145/16/1 2157/17/1 2167/18/1
f 2146/19/1 2161/20/1 2169/21/1
f 2183/22/2 2182/23/2 2154/24/2 2184/25/2
f 2148/26/3 2164/27/3 2173/28/3
f 2144/29/4 2165/30/4 2168/31/4
f 2145/16/1 2167/18/1 2170/32/1
f 2146/19/1 2169/21/1 2172/33/1
f 2147/7/1 2171/6/1 2174/34/1
f 2148/26/1404 2173/28/1404 2166/35/1404
f 2149/36/1413 2175/37/1413 2180/38/1413
f 2150/39/1 2176/40/1 2182/41/1
f 2151/42/1 2177/43/1 2183/22/1
f 2152/44/1414 2178/45/1414 2184/25/1414
f 2153/46/8 2179/47/8 2181/48/8
f 2181/48/9 2179/47/9 2184/49/9
f 2179/47/1405 2152/44/1405 2184/49/1405
f 2180/38/11 2181/48/11 2184/49/11 2154/50/11
f 2184/25/12 2178/45/12 2183/51/12
f 2178/45/13 2151/42/13 2183/51/13
f 2183/22/1 2177/43/1 2182/23/1
f 2177/43/1 2150/52/1 2182/23/1
f 2182/41/14 2180/53/14 2154/54/14
f 2182/41/15 2176/40/15 2180/53/15
f 2176/40/1411 2149/36/1411 2180/53/1411
f 2180/38/17 2175/37/17 2181/55/17
f 2175/37/18 2153/46/18 2181/55/18
f 2166/35/19 2179/47/19 2153/46/19
f 2166/35/20 2173/28/20 2179/47/20
f 2173/28/21 2152/44/21 2179/47/21
f 2174/34/1 2178/45/1 2152/44/1
f 2174/34/1 2171/6/1 2178/45/1
f 2171/6/1 2151/42/1 2178/45/1
f 2172/33/1 2177/43/1 2151/42/1
f 2172/33/1 2169/21/1 2177/43/1
f 2169/21/1 2150/52/1 2177/43/1
f 2170/32/1 2176/40/1 2150/39/1
f 2170/32/1 2167/18/1 2176/40/1
f 2167/18/22 2149/36/22 2176/40/22
f 2168/31/23 2175/37/23 2149/36/23
f 2168/31/24 2165/30/24 2175/37/24
f 2165/30/1415 2153/46/1415 2175/37/1415
f 2173/28/26 2174/34/26 2152/44/26
f 2173/28/27 2164/27/27 2174/34/27
f 2164/27/1 2147/7/1 2174/34/1
f 2171/6/1 2172/33/1 2151/42/1
f 2158/56/1416 2165/30/1416 2144/29/1416 2156/57/1416
f 2169/21/1 2170/58/1 2150/52/1
f 2169/21/1 2161/20/1 2170/58/1
f 2161/20/1 2145/59/1 2170/58/1
f 2167/18/1417 2168/31/1417 2149/36/1417
f 2167/18/30 2157/17/30 2168/31/30
f 2157/17/31 2144/29/31 2168/31/31
f 2165/30/32 2166/35/32 2153/46/32
f 2165/30/33 2158/56/33 2166/35/33
f 2163/5/1 2146/19/1 2172/33/1 2171/6/1
f 2159/15/34 2164/27/34 2148/26/34
f 2159/15/1 2162/14/1 2164/27/1
f 2162/14/1 2147/7/1 2164/27/1
f 2162/4/1 2160/12/1 2163/5/1
f 2160/12/1 2146/19/1 2163/5/1
f 2160/10/1 2161/20/1 2146/19/1
f 2160/10/1 2155/9/1 2161/20/1
f 2155/9/1 2145/59/1 2161/20/1
f 2158/56/35 2156/57/35 2159/60/35
f 2156/57/1 2143/61/1 2159/60/1
f 2155/3/1 2157/17/1 2145/16/1
f 2155/3/1 2156/2/1 2157/17/1
f 2156/2/36 2144/29/36 2157/17/36
f 2158/56/37 2159/60/37 2148/26/37 2166/35/37
f 2185/1/1 2198/2/1 2197/3/1
f 2204/4/1 2205/5/1 2213/6/1 2189/7/1
f 2185/8/1 2197/9/1 2202/10/1
f 2185/11/1 2202/12/1 2204/4/1
f 2185/13/1 2204/14/1 2201/15/1
f 2187/16/1 2199/17/1 2209/18/1
f 2188/19/1 2203/20/1 2211/21/1
f 2225/22/2 2224/23/2 2196/24/2 2226/25/2
f 2190/26/3 2206/27/3 2215/28/3
f 2186/29/4 2207/30/4 2210/31/4
f 2187/16/1 2209/18/1 2212/32/1
f 2188/19/1 2211/21/1 2214/33/1
f 2189/7/1 2213/6/1 2216/34/1
f 2190/26/1418 2215/28/1418 2208/35/1418
f 2191/36/6 2217/37/6 2222/38/6
f 2192/39/1 2218/40/1 2224/41/1
f 2193/42/1 2219/43/1 2225/22/1
f 2194/44/7 2220/45/7 2226/25/7
f 2195/46/8 2221/47/8 2223/48/8
f 2223/48/9 2221/47/9 2226/49/9
f 2221/47/10 2194/44/10 2226/49/10
f 2222/38/11 2223/48/11 2226/49/11 2196/50/11
f 2226/25/12 2220/45/12 2225/51/12
f 2220/45/13 2193/42/13 2225/51/13
f 2225/22/1 2219/43/1 2224/23/1
f 2219/43/1 2192/52/1 2224/23/1
f 2224/41/14 2222/53/14 2196/54/14
f 2224/41/15 2218/40/15 2222/53/15
f 2218/40/16 2191/36/16 2222/53/16
f 2222/38/17 2217/37/17 2223/55/17
f 2217/37/18 2195/46/18 2223/55/18
f 2208/35/19 2221/47/19 2195/46/19
f 2208/35/20 2215/28/20 2221/47/20
f 2215/28/21 2194/44/21 2221/47/21
f 2216/34/1 2220/45/1 2194/44/1
f 2216/34/1 2213/6/1 2220/45/1
f 2213/6/1 2193/42/1 2220/45/1
f 2214/33/1 2219/43/1 2193/42/1
f 2214/33/1 2211/21/1 2219/43/1
f 2211/21/1 2192/52/1 2219/43/1
f 2212/32/1 2218/40/1 2192/39/1
f 2212/32/1 2209/18/1 2218/40/1
f 2209/18/22 2191/36/22 2218/40/22
f 2210/31/23 2217/37/23 2191/36/23
f 2210/31/24 2207/30/24 2217/37/24
f 2207/30/25 2195/46/25 2217/37/25
f 2215/28/26 2216/34/26 2194/44/26
f 2215/28/27 2206/27/27 2216/34/27
f 2206/27/1 2189/7/1 2216/34/1
f 2213/6/1 2214/33/1 2193/42/1
f 2200/56/28 2207/30/28 2186/29/28 2198/57/28
f 2211/21/1 2212/58/1 2192/52/1
f 2211/21/1 2203/20/1 2212/58/1
f 2203/20/1 2187/59/1 2212/58/1
f 2209/18/1419 2210/31/1419 2191/36/1419
f 2209/18/30 2199/17/30 2210/31/30
f 2199/17/31 2186/29/31 2210/31/31
f 2207/30/32 2208/35/32 2195/46/32
f 2207/30/33 2200/56/33 2208/35/33
f 2205/5/1 2188/19/1 2214/33/1 2213/6/1
f 2201/15/34 2206/27/34 2190/26/34
f 2201/15/1 2204/14/1 2206/27/1
f 2204/14/1 2189/7/1 2206/27/1
f 2204/4/1 2202/12/1 2205/5/1
f 2202/12/1 2188/19/1 2205/5/1
f 2202/10/1 2203/20/1 2188/19/1
f 2202/10/1 2197/9/1 2203/20/1
f 2197/9/1 2187/59/1 2203/20/1
f 2200/56/1420 2198/57/1420 2201/60/1420
f 2198/57/1 2185/61/1 2201/60/1
f 2197/3/1 2199/17/1 2187/16/1
f 2197/3/1 2198/2/1 2199/17/1
f 2198/2/36 2186/29/36 2199/17/36
f 2200/56/37 2201/60/37 2190/26/37 2208/35/37
f 2227/1/1 2240/2/1 2239/3/1
f 2246/4/1 2247/5/1 2255/6/1 2231/7/1
f 2227/8/1 2239/9/1 2244/10/1
f 2227/11/1 2244/12/1 2246/4/1
f 2227/13/1 2246/14/1 2243/15/1
f 2229/16/1 2241/17/1 2251/18/1
f 2230/19/1 2245/20/1 2253/21/1
f 2267/22/2 2266/23/2 2238/24/2 2268/25/2
f 2232/26/3 2248/27/3 2257/28/3
f 2228/29/4 2249/30/4 2252/31/4
f 2229/16/1 2251/18/1 2254/32/1
f 2230/19/1 2253/21/1 2256/33/1
f 2231/7/1 2255/6/1 2258/34/1
f 2232/26/5 2257/28/5 2250/35/5
f 2233/36/6 2259/37/6 2264/38/6
f 2234/39/1 2260/40/1 2266/41/1
f 2235/42/1 2261/43/1 2267/22/1
f 2236/44/7 2262/45/7 2268/25/7
f 2237/46/8 2263/47/8 2265/48/8
f 2265/48/9 2263/47/9 2268/49/9
f 2263/47/10 2236/44/10 2268/49/10
f 2264/38/11 2265/48/11 2268/49/11 2238/50/11
f 2268/25/12 2262/45/12 2267/51/12
f 2262/45/13 2235/42/13 2267/51/13
f 2267/22/1 2261/43/1 2266/23/1
f 2261/43/1 2234/52/1 2266/23/1
f 2266/41/14 2264/53/14 2238/54/14
f 2266/41/15 2260/40/15 2264/53/15
f 2260/40/16 2233/36/16 2264/53/16
f 2264/38/17 2259/37/17 2265/55/17
f 2259/37/18 2237/46/18 2265/55/18
f 2250/35/19 2263/47/19 2237/46/19
f 2250/35/20 2257/28/20 2263/47/20
f 2257/28/21 2236/44/21 2263/47/21
f 2258/34/1 2262/45/1 2236/44/1
f 2258/34/1 2255/6/1 2262/45/1
f 2255/6/1 2235/42/1 2262/45/1
f 2256/33/1 2261/43/1 2235/42/1
f 2256/33/1 2253/21/1 2261/43/1
f 2253/21/1 2234/52/1 2261/43/1
f 2254/32/1 2260/40/1 2234/39/1
f 2254/32/1 2251/18/1 2260/40/1
f 2251/18/22 2233/36/22 2260/40/22
f 2252/31/23 2259/37/23 2233/36/23
f 2252/31/24 2249/30/24 2259/37/24
f 2249/30/25 2237/46/25 2259/37/25
f 2257/28/26 2258/34/26 2236/44/26
f 2257/28/27 2248/27/27 2258/34/27
f 2248/27/1 2231/7/1 2258/34/1
f 2255/6/1 2256/33/1 2235/42/1
f 2242/56/28 2249/30/28 2228/29/28 2240/57/28
f 2253/21/1 2254/58/1 2234/52/1
f 2253/21/1 2245/20/1 2254/58/1
f 2245/20/1 2229/59/1 2254/58/1
f 2251/18/29 2252/31/29 2233/36/29
f 2251/18/30 2241/17/30 2252/31/30
f 2241/17/31 2228/29/31 2252/31/31
f 2249/30/32 2250/35/32 2237/46/32
f 2249/30/33 2242/56/33 2250/35/33
f 2247/5/1 2230/19/1 2256/33/1 2255/6/1
f 2243/15/34 2248/27/34 2232/26/34
f 2243/15/1 2246/14/1 2248/27/1
f 2246/14/1 2231/7/1 2248/27/1
f 2246/4/1 2244/12/1 2247/5/1
f 2244/12/1 2230/19/1 2247/5/1
f 2244/10/1 2245/20/1 2230/19/1
f 2244/10/1 2239/9/1 2245/20/1
f 2239/9/1 2229/59/1 2245/20/1
f 2242/56/35 2240/57/35 2243/60/35
f 2240/57/1 2227/61/1 2243/60/1
f 2239/3/1 2241/17/1 2229/16/1
f 2239/3/1 2240/2/1 2241/17/1
f 2240/2/36 2228/29/36 2241/17/36
f 2242/56/37 2243/60/37 2232/26/37 2250/35/37
f 56/2/38 203/228/38 116/230/38
f 55/3/38 85/231/38 203/228/38
f 43/232/38 116/230/38 85/231/38
f 203/228/38 85/231/38 116/230/38
f 200/64/38 88/63/38 86/65/38
f 197/67/38 90/66/38 85/69/38
f 194/71/38 92/70/38 90/73/38
f 191/75/38 119/74/38 92/77/38
f 188/80/38 95/79/38 88/63/38
f 185/83/38 97/82/38 87/84/38
f 182/88/40 99/87/40 91/89/40
f 179/93/38 101/92/38 93/94/38
f 176/98/38 103/97/38 94/99/38
f 173/103/38 128/102/38 95/79/38
f 170/105/1421 130/104/1421 97/82/1421
f 167/108/38 132/107/38 99/87/38
f 164/111/38 134/110/38 101/92/38
f 161/114/38 126/113/38 103/97/38
f 158/116/1422 110/115/1422 105/117/1422
f 155/120/1423 112/119/1423 106/121/1423
f 152/124/1424 113/123/1424 107/125/1424
f 149/128/1425 114/127/1425 108/129/1425
f 146/132/1426 141/131/1426 109/133/1426
f 144/137/1427 111/136/1427 145/138/1427
f 147/139/1428 145/138/1428 146/132/1428
f 114/140/1429 147/139/1429 139/141/1429
f 143/144/1430 144/143/1430 148/145/1430
f 150/146/1431 148/145/1431 149/128/1431
f 113/147/1432 150/146/1432 138/148/1432
f 142/151/1433 143/150/1433 151/152/1433
f 153/153/1434 151/152/1434 152/124/1434
f 112/154/1435 153/153/1435 137/155/1435
f 140/158/1436 142/157/1436 154/159/1436
f 156/160/1437 154/159/1437 155/120/1437
f 110/161/1438 156/160/1438 136/162/1438
f 111/165/1439 140/164/1439 157/166/1439
f 159/167/1440 157/166/1440 158/116/1440
f 141/168/1441 159/167/1441 135/169/1441
f 109/133/1442 96/170/1442 160/171/1442
f 162/172/1443 160/171/1443 161/114/1443
f 139/141/1444 162/172/1444 133/173/1444
f 108/129/38 104/174/38 163/175/38
f 165/176/38 163/175/38 164/111/38
f 138/148/38 165/176/38 131/177/38
f 107/125/1445 102/178/1445 166/179/1445
f 168/180/1446 166/179/1446 167/108/1446
f 137/155/1447 168/180/1447 129/181/1447
f 106/121/1448 100/182/1448 169/183/1448
f 171/184/1449 169/183/1449 170/105/1449
f 136/162/1450 171/184/1450 127/185/1450
f 105/117/1451 98/186/1451 172/187/1451
f 174/188/40 172/187/40 173/103/40
f 135/169/1452 174/188/1452 125/189/1452
f 104/174/38 133/173/38 175/190/38
f 177/191/38 175/190/38 176/98/38
f 134/110/38 177/191/38 124/192/38
f 102/178/38 131/177/38 178/193/38
f 180/194/38 178/193/38 179/93/38
f 132/107/38 180/194/38 123/195/38
f 100/196/1453 129/181/1453 181/197/1453
f 183/198/1454 181/197/1454 182/88/1454
f 130/199/1455 183/198/1455 121/200/1455
f 98/186/1456 127/185/1456 184/201/1456
f 186/202/38 184/201/38 185/83/38
f 128/102/38 186/202/38 117/203/38
f 96/170/40 125/189/40 187/204/40
f 189/205/38 187/204/38 188/80/38
f 126/113/38 189/205/38 118/206/38
f 94/99/38 89/207/38 190/208/38
f 192/209/38 190/208/38 191/75/38
f 124/192/38 192/209/38 122/210/38
f 93/94/38 122/211/38 193/212/38
f 195/213/38 193/212/38 194/71/38
f 123/195/38 195/213/38 120/214/38
f 91/89/38 120/215/38 196/216/38
f 198/217/38 196/216/38 197/67/38
f 121/200/38 198/217/38 115/218/38
f 89/219/38 118/206/38 199/220/38
f 201/221/38 199/220/38 200/64/38
f 119/222/38 201/221/38 116/223/38
f 87/84/38 115/225/38 202/226/38
f 204/227/38 202/226/38 203/228/38
f 117/203/38 204/227/38 86/229/38
